commit	score	memory_gb	status	problem	description
6c7eb19	1.8035	2.0	keep	5_3_in_4	baseline: 5 triangles in square, 30 attempts, time_limit=280, CIRCLE_SIDES=32
6748b08	1.80349	2.0	keep	5_3_in_4	tune basinhopping (niter=30, T=0.2, stepsize=0.12)
d8e38da	2.770	2.0	keep	5_4_in_4	baseline: 5 squares in square, 30 attempts
49bfe39	2.707	2.0	keep	5_4_in_4	increase attempts to 300
1538805	2.7071	2.0	keep	5_4_in_4	increase attempts to 2000 (marginal)
3c7832e	1.2527	2.0	keep	5_3_in_6	baseline: 5 triangles in hexagon, 300 attempts
035f452	1.373	0.0	discard	6_3_in_6	trivial problem (best_value=1); switch problem
0fbdcf9	1.7320269	0.0	keep	5_4_in_6	baseline 5 squares in hexagon (Rust, 3000 attempts, 280s)
15a6c6b	1.7319968	0.0	keep	5_4_in_6	increase RUST_ATTEMPTS to 5000; beat previous 1.7320269
84e4225	1.7319937	0.0	keep	5_4_in_6	increase RUST_ATTEMPTS to 10000; slight improvement over 1.7319968
78cc406	1.8031153	0.0	keep	5_3_in_4	Rust baseline 10000 attempts; beat 1.80349 + image render integrated
0057990	1.8031153	0.0	discard	5_3_in_4	double attempts (20000) no improvement; switch problem
4f60726	1.2558855	0.0	keep	5_3_in_6	Rust baseline 20000 attempts; image OK
04b97f1	1.2531508	0.0	keep	5_3_in_6	RUST_ATTEMPTS=40000; beat 1.2558855
12beec1	1.2523728	0.0	keep	5_3_in_6	RUST_ATTEMPTS=60000; beat 1.2531508
41e05b9	0.9591986	0.0	keep	5_3_in_8	Rust 60000 baseline
a5c8b91	1.1344415	0.0	keep	7_3_in_8	Rust 60000 baseline
6883a97	1.1342611	0.0	keep	7_3_in_8	Rust 80000; beat 1.1344415
17cd434	1.1208521	0.0	keep	4_3_in_6	Rust 80000 baseline
a028f0a	1.6869273	0.0	keep	9_3_in_6	Rust 80000 baseline
653d6fe	1.6835087	0.0	keep	9_3_in_6	Rust 100000; beat 1.6869273
d43252b	1.6802344	0.0	keep	9_3_in_6	Rust 150000; beat 1.6835087
59aa866	1.1444471	0.0	keep	3_3_in_5	Rust 80000 baseline
	0.8570982	2.0	keep	4_3_in_8	baseline 4 triangles in octagon (Rust, 80000)
dca1853	0.8583033	2.0	discard	4_3_in_8	increase RUST_ATTEMPTS to 100000; no improvement
860ac5c	4.3856	0.0	keep	8_5_in_4	baseline (Rust, 150k attempts)
ebcedb0	4.3851	0.0	keep	8_5_in_4	increase attempts to 250k; slight improvement
081d785	4.3884	0.0	discard	8_5_in_4	400k attempts worse than 4.3851; discard
6395a56	2.3983	0.0	keep	12_5_in_8	baseline (Rust, 150k attempts)
52f5379	2.4064	0.0	discard	12_5_in_8	250k worse than 2.3983; discard
4039eb9	1.9870	0.0	keep	5_6_in_8	baseline (Rust, 150k attempts)
b865092	1.9870	0.0	discard	5_6_in_8	250k no improvement; discard
9aef728	1.9405	0.0	keep	6_3_in_4	baseline (Rust, 150k attempts)
603bee0	1.9408	0.0	discard	6_3_in_4	250k worse than 1.9405; discard
704f9f3	1.3432	0.0	keep	6_4_in_8	baseline (Rust, 150k attempts)
0e3e58b	1.3433	0.0	discard	6_4_in_8	250k worse than 1.3432; discard
1f8109c	1.5749	0.0	keep	8_4_in_8	baseline (Rust, 150k attempts)
15aab5d	1.5719	0.0	keep	8_4_in_8	250k improved vs 150k (1.5719 < 1.5749)
0c8f28e	1.5740	0.0	discard	8_4_in_8	400k worse than 1.5719; switch problem
c94b24e	2.4092	0.0	keep	8_6_in_8	baseline (Rust, 150k attempts)
ebab9ed	2.4092	0.0	discard	8_6_in_8	250k no improvement; discard
4775c0a	1.2857	0.0	keep	9_3_in_8	baseline (Rust, 150k attempts)
b78e35b	2.1572	0.0	keep	8_4_in_6	baseline (Rust, 150k attempts)
0c3aa2d	2.155278	0.0	keep	8_4_in_6	250k attempts improved vs 150k
5a15b27	2.1569	0.0	discard	8_4_in_6	400k worse than 2.155278; switch problem
f8e9942	1.7707	0.0	keep	10_3_in_6	baseline (Rust, 150k)
7b47a50	1.7746	0.0	discard	10_3_in_6	250k worse than 1.7707; discard
f0c90ed	1.7719	0.0	discard	10_3_in_6	400k worse than 1.7707; discard
ba0968b	1.7729	0.0	discard	10_3_in_6	700k worse than 1.7707; discard
767fb25	1.7718	0.0	discard	10_3_in_6	1M worse than 1.7707; 5x no improve; switch problem
51d58a9	1.9513	0.0	keep	5_4_in_5	baseline (Rust, 150k)
9bc6681	1.9513	0.0	discard	5_4_in_5	250k no improve; discard
3b6f49f	1.9517	0.0	discard	5_4_in_5	400k worse than 1.9513; switch problem
c061654	2.4218	0.0	keep	7_4_in_5	baseline (Rust, 150k)
508656a	2.42163	0.0	keep	7_4_in_5	250k improved vs baseline
b8cba9b	2.42195	0.0	discard	7_4_in_5	400k worse than 2.42163; discard
	2.42163	0.0	keep	7_4_in_5	700k match but no improve; done
ddf4712	2.1855	0.0	keep	6_4_in_5	baseline (Rust, Adam optimizer)
469d4be	2.18552	0.0	keep	6_4_in_5	increase RUST_ATTEMPTS to 250k
c1ac877	2.185518	0.0	keep	6_4_in_5	increase RUST_ATTEMPTS to 400k
88187a5	2.18554	0.0	discard	6_4_in_5	baseline test with Adam optimizer
a1ba205	1.613517	0.0	keep	6_3_in_5	baseline test with Adam optimizer
43e2453	1.613517	0.0	discard	6_3_in_5	increase RUST_ATTEMPTS to 600k
9470194	1.7563012	0.0	keep	4_6_in_8	baseline with analytical gradient optimizer
bf16567	1.7563008	0.0	keep	4_6_in_8	increase RUST_ATTEMPTS to 250k
91432e7	1.7563006	0.0	keep	4_6_in_8	increase RUST_ATTEMPTS to 400k
9f90583	1.9870768	0.0	keep	5_6_in_8	baseline with analytical gradient optimizer
7e86a01	1.9870794	0.0	discard	5_6_in_8	increase RUST_ATTEMPTS to 300k
56f1608	1.9870788	0.0	discard	5_6_in_8	increase RUST_ATTEMPTS to 500k
c0f75cf	2.3229407	0.0	keep	6_5_in_6	baseline with analytical gradient optimizer
f51f585	2.3229451	0.0	discard	6_5_in_6	increase RUST_ATTEMPTS to 300k
4d570ea	2.1539174	0.0	keep	8_4_in_6	baseline with analytical gradient optimizer
e84778f	2.1539806	0.0	discard	8_4_in_6	increase RUST_ATTEMPTS to 500k
63ce592	3.8830248	0.0	keep	6_5_in_4	baseline with analytical gradient optimizer
53aa473	3.8830304	0.0	discard	6_5_in_4	increase RUST_ATTEMPTS to 300k
f9e407a	1.6129894	0.0	keep	6_3_in_5	baseline with analytical gradient optimizer
bd12299	1.6127718	0.0	keep	6_3_in_5	increase RUST_ATTEMPTS to 300k
8bbdbe8	1.6127718	0.0	discard	6_3_in_5	increase RUST_ATTEMPTS to 400k
1ed90dd	2.2802589	0.0	keep	12_3_in_5	baseline with analytical gradient optimizer
c67b1b3	2.2807284	0.0	discard	12_3_in_5	increase RUST_ATTEMPTS to 300k
f8fb4e4	1.8629983	0.0	keep	8_3_in_5	baseline with analytical gradient optimizer
auto	0.9999184350601231	0.0	keep	1_3_in_3	Auto run attempts=1000
auto	3.0151615489897288	0.0	keep	4_6_in_5	Auto run attempts=2000
auto	3.0151615489897288	0.0	discard	4_6_in_5	Auto run attempts=2000
auto	3.0152269370217324	0.0	discard	4_6_in_5	Auto run attempts=2000
auto	2.465911549324087	0.0	keep	2_6_in_5	Auto run attempts=2000
auto	3.3560717428343176	0.0	keep	2_8_in_5	Auto run attempts=2000
auto	3.744133006793236	0.0	keep	3_8_in_5	Auto run attempts=2000
auto	2.742837139438206	0.0	keep	3_6_in_5	Auto run attempts=2000
auto	1.6064519097368366	0.0	keep	3_6_in_8	Auto run attempts=2000
auto	3.744131632294112	0.0	keep	3_8_in_5	Auto run attempts=5000
auto	2.742826175682922	0.0	keep	3_6_in_5	Auto run attempts=5000
auto	4.101263596036302	0.0	keep	4_8_in_5	Auto run attempts=2000
auto	1.6064518065238693	0.0	keep	3_6_in_8	Auto run attempts=5000
auto	1.9870877690502582	0.0	discard	5_6_in_8	Auto run attempts=2000
auto	3.015219978066057	0.0	discard	4_6_in_5	Auto run attempts=5000
auto	3.6289381872426887	0.0	keep	9_6_in_6	Auto run attempts=10000
auto	2.164378317225257	0.0	keep	6_6_in_8	Auto run attempts=5000
auto	3.744131632294112	0.0	discard	3_8_in_5	Auto run attempts=5000
auto	2.742826175682922	0.0	discard	3_6_in_5	Auto run attempts=5000
auto	1.6064518065238693	0.0	discard	3_6_in_8	Auto run attempts=5000
auto	3.744131632294112	0.0	discard	3_8_in_5	Auto run attempts=5000
auto	2.742826175682922	0.0	discard	3_6_in_5	Auto run attempts=5000
auto	4.1012610892265275	0.0	keep	4_8_in_5	Auto run attempts=5000
auto	1.6064518065238693	0.0	discard	3_6_in_8	Auto run attempts=5000
auto	1.9870877690502582	0.0	discard	5_6_in_8	Auto run attempts=5000
auto	3.015219978066057	0.0	discard	4_6_in_5	Auto run attempts=5000
auto	3.628935545351786	0.0	keep	9_6_in_6	Auto run attempts=10000
auto	2.1643635287453797	0.0	keep	6_6_in_8	Auto run attempts=5000
auto	3.744131632294112	0.0	discard	3_8_in_5	Auto run attempts=5000
auto	2.742826175682922	0.0	discard	3_6_in_5	Auto run attempts=5000
auto	1.6064518065238693	0.0	discard	3_6_in_8	Auto run attempts=5000
auto	3.744131632294112	0.0	discard	3_8_in_5	Auto run attempts=5000
auto	2.742826175682922	0.0	discard	3_6_in_5	Auto run attempts=5000
auto	4.1012610892265275	0.0	discard	4_8_in_5	Auto run attempts=5000
auto	1.6064518065238693	0.0	discard	3_6_in_8	Auto run attempts=5000
auto	1.9870877690502582	0.0	discard	5_6_in_8	Auto run attempts=5000
auto	3.015219978066057	0.0	discard	4_6_in_5	Auto run attempts=5000
auto	3.6289387190497373	0.0	discard	9_6_in_6	Auto run attempts=10000
auto	2.1643635287453797	0.0	discard	6_6_in_8	Auto run attempts=5000
auto	3.744131632294112	0.0	discard	3_8_in_5	Auto run attempts=5000
auto	2.742826175682922	0.0	discard	3_6_in_5	Auto run attempts=5000
auto	1.6064518065238693	0.0	discard	3_6_in_8	Auto run attempts=5000
auto	3.744131632294112	0.0	discard	3_8_in_5	Auto run attempts=5000
auto	2.742826175682922	0.0	discard	3_6_in_5	Auto run attempts=5000
auto	4.1012610892265275	0.0	discard	4_8_in_5	Auto run attempts=5000
auto	4.1492118237956745	0.0	keep	8_6_in_5	Auto run attempts=10000
auto	0.0	0.0	crash	9_6_in_8	Auto run attempts=10000
auto	0.0	0.0	crash	5_6_in_6	Auto run attempts=500
auto	6.05047071874171	0.0	keep	9_8_in_5	Auto run attempts=100
auto	0.0	0.0	crash	10_8_in_5	Auto run attempts=200
auto	0.0	0.0	crash	7_8_in_5	Auto run attempts=50
auto	0.0	0.0	crash	8_8_in_5	Auto run attempts=50
auto	0.0	0.0	crash	9_6_in_6	Auto run attempts=50
auto	3.9430750834645236	0.0	keep	11_6_in_6	Auto run attempts=10000
auto	2.767933702382454	0.0	keep	10_6_in_8	Auto run attempts=10000
auto	4.101597380040266	0.0	discard	4_8_in_5	Auto run attempts=5000
auto	4.157344301738447	0.0	discard	8_6_in_5	Auto run attempts=10000
auto	2.6435172336221453	0.0	keep	9_6_in_8	Auto run attempts=10000
auto	2.666628487560574	0.0	keep	5_6_in_6	Auto run attempts=5000
auto	3.7370363216596365	0.0	keep	10_6_in_6	Auto run attempts=10000
auto	2.869746533171968	0.0	keep	11_6_in_8	Auto run attempts=10000
auto	3.551443871957106	0.0	keep	6_6_in_5	Auto run attempts=5000
auto	2.1659813145507174	0.0	discard	6_6_in_8	Auto run attempts=5000
auto	5.981470840585326	0.0	keep	9_8_in_5	Auto run attempts=10000
auto	4.34440516599146	0.0	keep	9_6_in_5	Auto run attempts=10000
auto	6.295140264885341	0.0	keep	10_8_in_5	Auto run attempts=10000
auto	5.256554068205588	0.0	keep	7_8_in_5	Auto run attempts=5000
auto	5.620301379188071	0.0	keep	8_8_in_5	Auto run attempts=10000
auto	4.157344301738447	0.0	discard	8_6_in_5	Auto run attempts=10000
auto	2.6435172336221453	0.0	discard	9_6_in_8	Auto run attempts=10000
auto	2.666628487560574	0.0	discard	5_6_in_6	Auto run attempts=5000
auto	3.657455572403886	0.0	discard	9_6_in_6	Auto run attempts=10000
auto	3.9418345010262885	0.0	keep	11_6_in_6	Auto run attempts=10000
auto	2.767933702382454	0.0	discard	10_6_in_8	Auto run attempts=10000
auto	4.586738396690827	0.0	keep	10_6_in_5	Auto run attempts=10000
auto	1.7562837004469616	0.0	keep	4_6_in_8	Auto run attempts=5000
auto	3.7370363216596365	0.0	discard	10_6_in_6	Auto run attempts=10000
auto	3.2204833916000335	0.0	keep	5_6_in_5	Auto run attempts=5000
auto	3.3147499620614598	0.0	keep	8_6_in_6	Auto run attempts=10000
auto	2.869746533171968	0.0	discard	11_6_in_8	Auto run attempts=10000
auto	3.551443871957106	0.0	discard	6_6_in_5	Auto run attempts=5000
auto	2.1659813145507174	0.0	discard	6_6_in_8	Auto run attempts=5000
auto	5.981470840585326	0.0	discard	9_8_in_5	Auto run attempts=10000
auto	4.34440516599146	0.0	discard	9_6_in_5	Auto run attempts=10000
auto	6.318188217306871	0.0	discard	10_8_in_5	Auto run attempts=10000
auto	5.256554068205588	0.0	discard	7_8_in_5	Auto run attempts=5000
auto	5.620301379188071	0.0	discard	8_8_in_5	Auto run attempts=10000
auto	4.157344301738447	0.0	discard	8_6_in_5	Auto run attempts=10000
auto	2.6435172336221453	0.0	discard	9_6_in_8	Auto run attempts=10000
auto	3.80240236321914	0.0	keep	7_6_in_5	Auto run attempts=5000
auto	2.666628487560574	0.0	discard	5_6_in_6	Auto run attempts=5000
auto	3.657455572403886	0.0	discard	9_6_in_6	Auto run attempts=10000
auto	3.9430750834645236	0.0	discard	11_6_in_6	Auto run attempts=10000
auto	2.767933702382454	0.0	discard	10_6_in_8	Auto run attempts=10000
auto	4.586738396690827	0.0	discard	10_6_in_5	Auto run attempts=10000
auto	1.7562837004469616	0.0	discard	4_6_in_8	Auto run attempts=5000
auto	3.7370363216596365	0.0	discard	10_6_in_6	Auto run attempts=10000
auto	3.2204833916000335	0.0	discard	5_6_in_5	Auto run attempts=5000
auto	3.3147499620614598	0.0	discard	8_6_in_6	Auto run attempts=10000
auto	6.482921070776286	0.0	keep	11_8_in_5	Auto run attempts=10000
auto	2.869746533171968	0.0	discard	11_6_in_8	Auto run attempts=10000
auto	3.551443871957106	0.0	discard	6_6_in_5	Auto run attempts=5000
auto	5.981470840585326	0.0	discard	9_8_in_5	Auto run attempts=10000
auto	4.770572805257783	0.0	keep	6_8_in_5	Auto run attempts=5000
auto	4.34440516599146	0.0	discard	9_6_in_5	Auto run attempts=10000
auto	3.09741608386456	0.0	keep	13_6_in_8	Auto run attempts=10000
auto	6.295140264885341	0.0	discard	10_8_in_5	Auto run attempts=10000
auto	5.256554068205588	0.0	discard	7_8_in_5	Auto run attempts=5000
auto	2.666678387864216	0.0	discard	5_6_in_6	Auto run attempts=1000
auto	5.63126721247686	0.0	discard	8_8_in_5	Auto run attempts=50
auto	4.1868621539967386	0.0	discard	8_6_in_5	Auto run attempts=200
auto	2.6792630612662935	0.0	discard	9_6_in_8	Auto run attempts=120
auto	3.8193272322910725	0.0	discard	7_6_in_5	Auto run attempts=50
auto	3.6492750595215986	0.0	discard	9_6_in_6	Auto run attempts=500
auto	3.9362699149929097	0.0	keep	11_6_in_6	Auto run attempts=500
auto	2.7446080738430743	0.0	keep	10_6_in_8	Auto run attempts=500
auto	7.8073003743021765	0.0	keep	11_6_in_5	Auto run attempts=500
auto	6.71938110679768	0.0	keep	12_8_in_5	Auto run attempts=500
auto	4.678135881223721	0.0	discard	10_6_in_5	Auto run attempts=500
auto	4.33817209229885	0.0	keep	5_8_in_5	Auto run attempts=500
auto	1.7563013757597399	0.0	discard	4_6_in_8	Auto run attempts=500
auto	6.332218102502023	0.0	discard	10_6_in_6	Auto run attempts=800
auto	3.5396202975495186	0.0	discard	5_6_in_5	Auto run attempts=500
auto	3.314477169278608	0.0	keep	8_6_in_6	Auto run attempts=500
auto	10.200729524728695	0.0	discard	11_8_in_5	Auto run attempts=500
auto	3.284144430190815	0.0	keep	15_6_in_8	Auto run attempts=500
604218f	3.2841715532928952	0.0	discard	15_6_in_8	Auto 15_6_in_8 attempts=2000 no improve
d42c557	3.0724251058134984	0.0	keep	13_6_in_8	Auto 13_6_in_8 improve over 3.0974
auto	1.8630702536974426	0.0	discard	8_3_in_5	Auto run attempts=50
auto	1.864683142075156	0.0	discard	8_3_in_5	Auto run attempts=50
auto	1.8647878955649861	0.0	discard	8_3_in_5	Auto run attempts=50
auto	1.8661277294537264	0.0	discard	8_3_in_5	Auto run attempts=5
auto	4.154707933020684	0.0	keep	4_4_in_3	Parallel run loop
auto	5.154752352831597	0.0	keep	7_4_in_3	Parallel run loop
auto	1.6123349279510846	0.0	keep	6_3_in_5	Parallel run loop
auto	1.4783979251891741	0.0	keep	3_3_in_4	Parallel run loop
auto	2.2843323027186626	0.0	discard	12_3_in_5	Parallel run loop
auto	4.30942692978523	0.0	keep	5_4_in_3	Parallel run loop
auto	3.491959014509597	0.0	keep	3_6_in_4	Parallel run loop
auto	5.309651875366746	0.0	keep	8_4_in_3	Parallel run loop
auto	4.438938361146937	0.0	keep	5_6_in_4	Parallel run loop
auto	3.2320649913102013	0.0	keep	3_4_in_3	Parallel run loop
auto	4.815183322352559	0.0	keep	6_6_in_4	Parallel run loop
auto	6.154783759677939	0.0	keep	11_4_in_3	Parallel run loop
auto	2.9772326063708436	0.0	keep	6_3_in_3	Parallel run loop
auto	1.5925243467289931	0.0	keep	4_3_in_4	Parallel run loop
auto	6.105017969064268	0.0	keep	10_6_in_4	Parallel run loop
auto	6.310019702504776	0.0	keep	12_4_in_3	Parallel run loop
auto	1.6200680717530058	0.0	discard	6_3_in_5	Parallel run loop
auto	1.3242755807730342	0.0	keep	4_3_in_5	Parallel run loop
auto	6.333631309387911	0.0	keep	11_6_in_4	Parallel run loop
auto	2.2831198708975147	0.0	discard	12_3_in_5	Parallel run loop
auto	7.15750196563385	0.0	keep	16_4_in_3	Parallel run loop
auto	1.7498735144668087	0.0	keep	7_3_in_5	Parallel run loop
auto	1.986413371159551	0.0	keep	9_3_in_5	Parallel run loop
auto	7.310131457947138	0.0	keep	17_4_in_3	Parallel run loop
auto	5.392015471377237	0.0	keep	9_4_in_3	Parallel run loop
auto	1.948944984673332	0.0	discard	6_3_in_4	Parallel run loop
auto	1.5837110595166848	0.0	keep	4_3_in_4	Parallel run loop
auto	2.389659079584457	0.0	keep	9_3_in_4	Parallel run loop
auto	6.764428342593895	0.0	keep	13_6_in_4	Parallel run loop
auto	4.3094996669154355	0.0	keep	6_4_in_3	Parallel run loop
auto	6.464378013276984	0.0	keep	13_4_in_3	Parallel run loop
auto	1.3242755807730342	0.0	discard	4_3_in_5	Parallel run loop
auto	3.7250037826503797	0.0	keep	4_6_in_4	Parallel run loop
auto	2.293712589121678	0.0	discard	12_3_in_5	Parallel run loop
auto	2.105101180188391	0.0	keep	7_3_in_4	Parallel run loop
auto	1.986413371159551	0.0	discard	9_3_in_5	Parallel run loop
auto	1.7498735144668087	0.0	discard	7_3_in_5	Parallel run loop
auto	7.682872437703093	0.0	keep	17_6_in_4	Parallel run loop
auto	1.5854776416978478	0.0	discard	4_3_in_4	Parallel run loop
auto	5.313726164808948	0.0	keep	9_4_in_3	Parallel run loop
auto	2.389659079584457	0.0	discard	9_3_in_4	Parallel run loop
auto	1.948944984673332	0.0	discard	6_3_in_4	Parallel run loop
auto	6.388384628405314	0.0	keep	12_6_in_4	Parallel run loop
auto	2.0841937579647527	0.0	keep	10_3_in_5	Parallel run loop
auto	1.3242755807730342	0.0	discard	4_3_in_5	Parallel run loop
auto	6.464378013276984	0.0	discard	13_4_in_3	Parallel run loop
auto	2.105101180188391	0.0	discard	7_3_in_4	Parallel run loop
auto	2.5189218409294862	0.0	keep	10_3_in_4	Parallel run loop
auto	8.155007596594247	0.0	keep	22_4_in_3	Parallel run loop
auto	1.986413371159551	0.0	discard	9_3_in_5	Parallel run loop
auto	8.43048885754377	0.0	keep	21_6_in_4	Parallel run loop
auto	2.7446635859551374	0.0	keep	12_3_in_4	Parallel run loop
auto	7.7379955374790645	0.0	keep	18_6_in_4	Parallel run loop
auto	1.583711059565369	0.0	discard	4_3_in_4	Parallel run loop
auto	8.583374246046413	0.0	keep	22_6_in_4	Parallel run loop
auto	7.471317325000314	0.0	keep	19_4_in_3	Parallel run loop
auto	7.929378074021842	0.0	keep	19_6_in_4	Parallel run loop
auto	8.472237346101952	0.0	keep	23_4_in_3	Parallel run loop
auto	2.2397815410677104	0.0	keep	8_3_in_4	Parallel run loop
auto	5.518597387761732	0.0	keep	9_6_in_4	Parallel run loop
auto	6.964000014504972	0.0	keep	15_6_in_4	Parallel run loop
auto	9.310827711934628	0.0	keep	29_4_in_3	Parallel run loop
auto	7.626450925723101	0.0	keep	20_4_in_3	Parallel run loop
auto	7.465594074136727	0.0	keep	18_4_in_3	Parallel run loop
auto	3.729640593560089	0.0	keep	11_3_in_3	Parallel run loop
auto	9.541643379937524	0.0	keep	30_4_in_3	Parallel run loop
auto	7.321045141554854	0.0	keep	16_6_in_4	Parallel run loop
auto	8.661852189412814	0.0	keep	23_6_in_4	Parallel run loop
auto	2.6298733853627354	0.0	keep	11_3_in_4	Parallel run loop
auto	9.083749787439356	0.0	keep	25_6_in_4	Parallel run loop
auto	8.620168250920733	0.0	keep	25_4_in_3	Parallel run loop
auto	5.46460145615038	0.0	keep	10_4_in_3	Parallel run loop
auto	3.881099749755177	0.0	keep	12_3_in_3	Parallel run loop
auto	8.591953675831972	0.0	keep	24_4_in_3	Parallel run loop
auto	6.467078494287158	0.0	keep	14_4_in_3	Parallel run loop
auto	9.255840516534487	0.0	keep	26_6_in_4	Parallel run loop
auto	7.606741618201064	0.0	keep	17_6_in_4	Parallel run loop
auto	2.184012389940221	0.0	keep	11_3_in_5	Parallel run loop
auto	1.7415210527927882	0.0	keep	7_3_in_5	Parallel run loop
auto	8.812109068402295	0.0	keep	24_6_in_4	Parallel run loop
auto	2.464510295907062	0.0	keep	14_3_in_5	Parallel run loop
auto	2.374406362007358	0.0	keep	13_3_in_5	Parallel run loop
auto	6.464800161899369	0.0	discard	13_4_in_3	Parallel run loop
auto	2.095052900818078	0.0	keep	7_3_in_4	Parallel run loop
auto	1.3168226749548522	0.0	keep	4_3_in_5	Parallel run loop
auto	2.082961462235238	0.0	keep	10_3_in_5	Parallel run loop
auto	2.377142364865082	0.0	keep	9_3_in_4	Parallel run loop
auto	3.0756382885430744	0.0	keep	15_3_in_4	Parallel run loop
auto	2.5058708098095974	0.0	keep	10_3_in_4	Parallel run loop
auto	1.5837110595400408	0.0	discard	4_3_in_4	Parallel run loop
auto	2.627063518387486	0.0	keep	11_3_in_4	Parallel run loop
auto	1.9746278835054172	0.0	keep	9_3_in_5	Parallel run loop
auto	1.9403160823204826	0.0	keep	6_3_in_4	Parallel run loop
auto	8.469703524678517	0.0	keep	23_4_in_3	Parallel run loop
auto	8.43048885754377	0.0	discard	21_6_in_4	Parallel run loop
auto	8.774947412252958	0.0	keep	26_4_in_3	Parallel run loop
auto	7.387955541169579	0.0	keep	18_4_in_3	Parallel run loop
auto	2.240492604517753	0.0	discard	8_3_in_4	Parallel run loop
auto	3.731855633710615	0.0	discard	11_3_in_3	Parallel run loop
auto	2.7441016751651715	0.0	keep	12_3_in_4	Parallel run loop
auto	7.730063257741899	0.0	keep	18_6_in_4	Parallel run loop
auto	9.492725968698753	0.0	keep	27_6_in_4	Parallel run loop
auto	9.31330480896625	0.0	discard	29_4_in_3	Parallel run loop
auto	4.000031403723894	0.0	keep	13_3_in_3	Parallel run loop
auto	3.1825511289968693	0.0	keep	16_3_in_4	Parallel run loop
auto	9.778001675551085	0.0	keep	33_4_in_3	Parallel run loop
auto	3.5000315615295814	0.0	keep	10_3_in_3	Parallel run loop
auto	9.399512651983235	0.0	keep	30_4_in_3	Parallel run loop
auto	1.4722107410112513	0.0	keep	5_3_in_5	Parallel run loop
auto	2.9700707477962434	0.0	keep	14_3_in_4	Parallel run loop
auto	9.118021638826727	0.0	discard	25_6_in_4	Parallel run loop
auto	8.007004166810876	0.0	keep	20_6_in_4	Parallel run loop
auto	9.749653181334807	0.0	keep	32_4_in_3	Parallel run loop
auto	8.620168250920733	0.0	discard	25_4_in_3	Parallel run loop
auto	1.7415210279474596	0.0	keep	7_3_in_5	Parallel run loop
auto	3.2946279876108426	0.0	keep	17_3_in_4	Parallel run loop
auto	2.1840418155567236	0.0	discard	11_3_in_5	Parallel run loop
auto	2.3758528333735964	0.0	discard	13_3_in_5	Parallel run loop
auto	10.260221039654585	0.0	keep	37_4_in_3	Parallel run loop
auto	8.591953675831972	0.0	discard	24_4_in_3	Parallel run loop
auto	9.617379286828163	0.0	keep	31_4_in_3	Parallel run loop
auto	9.255840516534487	0.0	discard	26_6_in_4	Parallel run loop
auto	2.0820842883643	0.0	keep	10_3_in_5	Parallel run loop
auto	10.549071817935308	0.0	keep	38_4_in_3	Parallel run loop
auto	6.4650137242969805	0.0	discard	13_4_in_3	Parallel run loop
auto	2.4692645311271075	0.0	discard	14_3_in_5	Parallel run loop
auto	2.3762137055500516	0.0	keep	9_3_in_4	Parallel run loop
auto	2.0950533698910805	0.0	discard	7_3_in_4	Parallel run loop
auto	1.316465955982415	0.0	keep	4_3_in_5	Parallel run loop
auto	2.6300157532099484	0.0	discard	11_3_in_4	Parallel run loop
auto	2.5043480808823873	0.0	keep	10_3_in_4	Parallel run loop
auto	1.974804180727665	0.0	discard	9_3_in_5	Parallel run loop
auto	1.9410712661561413	0.0	discard	6_3_in_4	Parallel run loop
auto	8.419120872869083	0.0	keep	23_4_in_3	Parallel run loop
auto	3.0748670530215465	0.0	keep	15_3_in_4	Parallel run loop
auto	1.5837110595697916	0.0	discard	4_3_in_4	Parallel run loop
auto	8.774947412252958	0.0	discard	26_4_in_3	Parallel run loop
auto	2.240316421306101	0.0	discard	8_3_in_4	Parallel run loop
auto	8.43048885754377	0.0	discard	21_6_in_4	Parallel run loop
auto	7.763371982027166	0.0	discard	18_6_in_4	Parallel run loop
auto	2.744823742705364	0.0	discard	12_3_in_4	Parallel run loop
auto	3.731855633710615	0.0	discard	11_3_in_3	Parallel run loop
auto	7.4645934216366685	0.0	discard	18_4_in_3	Parallel run loop
auto	9.163796204927412	0.0	keep	29_4_in_3	Parallel run loop
auto	9.474361225301514	0.0	keep	27_6_in_4	Parallel run loop
auto	4.00002044007012	0.0	keep	13_3_in_3	Parallel run loop
auto	9.471820892670447	0.0	discard	30_4_in_3	Parallel run loop
auto	1.4733516403747606	0.0	discard	5_3_in_5	Parallel run loop
auto	3.6853889412996548	0.0	keep	21_3_in_4	Parallel run loop
auto	2.9663431825413	0.0	keep	14_3_in_4	Parallel run loop
auto	6.589001389609748	0.0	keep	15_4_in_3	Parallel run loop
auto	9.100998092955923	0.0	discard	25_6_in_4	Parallel run loop
auto	3.5931194064645244	0.0	keep	20_3_in_4	Parallel run loop
auto	1.7415207651656734	0.0	keep	7_3_in_5	Parallel run loop
auto	3.183971187774579	0.0	discard	16_3_in_4	Parallel run loop
auto	8.089384994607542	0.0	discard	20_6_in_4	Parallel run loop
auto	3.275549959754686	0.0	keep	17_3_in_4	Parallel run loop
auto	2.1839987480474385	0.0	keep	11_3_in_5	Parallel run loop
auto	8.627146868055858	0.0	discard	25_4_in_3	Parallel run loop
auto	2.0822363628735716	0.0	discard	10_3_in_5	Parallel run loop
auto	8.568395832409651	0.0	keep	24_4_in_3	Parallel run loop
auto	9.784109077071728	0.0	discard	33_4_in_3	Parallel run loop
auto	2.3768802840970196	0.0	discard	13_3_in_5	Parallel run loop
auto	6.3985247233180775	0.0	keep	13_4_in_3	Parallel run loop
auto	9.255840516534487	0.0	discard	26_6_in_4	Parallel run loop
auto	9.748219324694178	0.0	keep	32_4_in_3	Parallel run loop
auto	2.37693198531253	0.0	discard	9_3_in_4	Parallel run loop
auto	1.3164659559825578	0.0	discard	4_3_in_5	Parallel run loop
auto	2.4666251792462393	0.0	discard	14_3_in_5	Parallel run loop
auto	7.732760568035256	0.0	keep	21_4_in_3	Parallel run loop
auto	2.859157705360689	0.0	keep	13_3_in_4	Parallel run loop
auto	1.975237266888269	0.0	discard	9_3_in_5	Parallel run loop
auto	2.095052988805135	0.0	discard	7_3_in_4	Parallel run loop
auto	2.627080350493728	0.0	discard	11_3_in_4	Parallel run loop
auto	3.0757690700491134	0.0	discard	15_3_in_4	Parallel run loop
auto	8.469111224383393	0.0	discard	23_4_in_3	Parallel run loop
auto	2.5058205144032932	0.0	discard	10_3_in_4	Parallel run loop
auto	3.7522305579070014	0.0	keep	22_3_in_4	Parallel run loop
auto	0.31050220350559343	0.0	keep	8_3_in_circle	Parallel run loop
auto	0.3476417646808438	0.0	keep	10_3_in_circle	Parallel run loop
auto	0.3643955367096809	0.0	keep	11_3_in_circle	Parallel run loop
auto	0.3810694851309887	0.0	keep	12_3_in_circle	Parallel run loop
auto	0.4131618835881327	0.0	keep	14_3_in_circle	Parallel run loop
auto	0.47249514789325564	0.0	keep	18_3_in_circle	Parallel run loop
auto	0.21952954677596132	0.0	keep	4_3_in_circle	Parallel run loop
auto	0.3978073607019733	0.0	keep	13_3_in_circle	Parallel run loop
auto	0.3293291268523082	0.0	keep	9_3_in_circle	Parallel run loop
auto	0.1903302330049981	0.0	keep	3_3_in_circle	Parallel run loop
auto	0.29041941918017683	0.0	keep	7_3_in_circle	Parallel run loop
auto	1.473592975911772	0.0	discard	5_3_in_5	Parallel run loop
auto	3.589510263046053	0.0	keep	20_3_in_4	Parallel run loop
auto	0.44321897439766766	0.0	keep	16_3_in_circle	Parallel run loop
auto	0.49922748019539787	0.0	keep	20_3_in_circle	Parallel run loop
auto	0.4278344183483034	0.0	keep	15_3_in_circle	Parallel run loop
auto	3.6668482405360003	0.0	keep	21_3_in_4	Parallel run loop
auto	2.375994947713352	0.0	discard	13_3_in_5	Parallel run loop
auto	0.4848529750398008	0.0	keep	19_3_in_circle	Parallel run loop
auto	0.5370746736105937	0.0	keep	23_3_in_circle	Parallel run loop
auto	1.741521302792327	0.0	discard	7_3_in_5	Parallel run loop
auto	0.45866541406900113	0.0	keep	17_3_in_circle	Parallel run loop
auto	0.5239704197459295	0.0	keep	22_3_in_circle	Parallel run loop
auto	6.388553067875531	0.0	keep	13_4_in_3	Parallel run loop
auto	2.1848278502100573	0.0	discard	11_3_in_5	Parallel run loop
auto	2.081708646644342	0.0	keep	10_3_in_5	Parallel run loop
auto	0.5948266991248219	0.0	keep	28_3_in_circle	Parallel run loop
auto	0.5717907708754034	0.0	keep	26_3_in_circle	Parallel run loop
auto	0.5124752022192672	0.0	keep	21_3_in_circle	Parallel run loop
auto	8.43048885754377	0.0	discard	21_6_in_4	Parallel run loop
auto	1.3163009374245223	0.0	keep	4_3_in_5	Parallel run loop
auto	2.3762121445582016	0.0	keep	9_3_in_4	Parallel run loop
auto	1.977244102417355	0.0	discard	9_3_in_5	Parallel run loop
auto	3.7739207300867563	0.0	discard	22_3_in_4	Parallel run loop
auto	7.465594074136727	0.0	discard	18_4_in_3	Parallel run loop
auto	2.8581630049691142	0.0	keep	13_3_in_4	Parallel run loop
auto	8.472237346101952	0.0	discard	23_4_in_3	Parallel run loop
auto	2.628647036484799	0.0	discard	11_3_in_4	Parallel run loop
auto	0.6082924936957295	0.0	keep	29_3_in_circle	Parallel run loop
auto	2.505916542574742	0.0	discard	10_3_in_4	Parallel run loop
auto	0.58483023021607	0.0	keep	27_3_in_circle	Parallel run loop
auto	2.0950530207193268	0.0	discard	7_3_in_4	Parallel run loop
auto	2.239781676209322	0.0	discard	8_3_in_4	Parallel run loop
auto	0.617346801860307	0.0	keep	30_3_in_circle	Parallel run loop
auto	7.9061745767615585	0.0	discard	18_6_in_4	Parallel run loop
auto	0.5608354617631697	0.0	keep	25_3_in_circle	Parallel run loop
auto	9.100998092955923	0.0	discard	25_6_in_4	Parallel run loop
auto	9.255840516534487	0.0	discard	26_6_in_4	Parallel run loop
auto	1.4731234620871911	0.0	discard	5_3_in_5	Parallel run loop
auto	2.471727720442517	0.0	discard	14_3_in_5	Parallel run loop
auto	3.730146341100796	0.0	discard	11_3_in_3	Parallel run loop
auto	2.744649852678113	0.0	discard	12_3_in_4	Parallel run loop
auto	3.592660200598145	0.0	discard	20_3_in_4	Parallel run loop
auto	8.465628025883607	0.0	keep	24_4_in_3	Parallel run loop
auto	9.513940573292547	0.0	discard	27_6_in_4	Parallel run loop
auto	0.6268951496455697	0.0	keep	31_3_in_circle	Parallel run loop
auto	3.672451258428368	0.0	discard	21_3_in_4	Parallel run loop
auto	2.3758779215655306	0.0	discard	13_3_in_5	Parallel run loop
auto	4.000031403723894	0.0	discard	13_3_in_3	Parallel run loop
auto	8.778916948097294	0.0	discard	26_4_in_3	Parallel run loop
auto	9.316077895406815	0.0	keep	30_4_in_3	Parallel run loop
auto	1.7415210612661973	0.0	discard	7_3_in_5	Parallel run loop
auto	2.9662761811943366	0.0	keep	14_3_in_4	Parallel run loop
auto	8.563014759510843	0.0	keep	25_4_in_3	Parallel run loop
auto	9.619043541412415	0.0	discard	31_4_in_3	Parallel run loop
auto	6.3985247233180775	0.0	discard	13_4_in_3	Parallel run loop
auto	2.0816293331876676	0.0	keep	10_3_in_5	Parallel run loop
auto	2.18403099783649	0.0	discard	11_3_in_5	Parallel run loop
auto	1.3164659559827	0.0	discard	4_3_in_5	Parallel run loop
auto	2.858567347498458	0.0	discard	13_3_in_4	Parallel run loop
auto	1.9752545368556242	0.0	discard	9_3_in_5	Parallel run loop
auto	10.70322273284837	0.0	discard	38_4_in_3	Parallel run loop
auto	2.3762630872461368	0.0	discard	9_3_in_4	Parallel run loop
auto	2.0950533717089193	0.0	discard	7_3_in_4	Parallel run loop
auto	3.3933718132892237	0.0	keep	18_3_in_4	Parallel run loop
auto	2.627193459861542	0.0	discard	11_3_in_4	Parallel run loop
auto	3.7709617491864336	0.0	discard	22_3_in_4	Parallel run loop
auto	7.464363161550334	0.0	discard	18_4_in_3	Parallel run loop
auto	2.5572902848576224	0.0	keep	15_3_in_5	Parallel run loop
auto	2.5049661685659124	0.0	discard	10_3_in_4	Parallel run loop
auto	10.260221039654585	0.0	discard	37_4_in_3	Parallel run loop
auto	8.443124506159597	0.0	discard	21_6_in_4	Parallel run loop
auto	8.785229111502591	0.0	keep	27_4_in_3	Parallel run loop
auto	2.2397800342331244	0.0	keep	8_3_in_4	Parallel run loop
auto	6.589001389609748	0.0	discard	15_4_in_3	Parallel run loop
auto	3.730080275826743	0.0	discard	11_3_in_3	Parallel run loop
auto	2.4688235443491786	0.0	discard	14_3_in_5	Parallel run loop
auto	2.744121490332418	0.0	discard	12_3_in_4	Parallel run loop
auto	1.473059274172085	0.0	discard	5_3_in_5	Parallel run loop
auto	9.149636321582882	0.0	discard	25_6_in_4	Parallel run loop
auto	7.9061745767615585	0.0	discard	18_6_in_4	Parallel run loop
auto	11.033543634549448	0.0	keep	41_4_in_3	Parallel run loop
auto	9.255840516534487	0.0	discard	26_6_in_4	Parallel run loop
auto	3.580302403216132	0.0	keep	20_3_in_4	Parallel run loop
auto	3.135899625277397	0.0	keep	22_3_in_5	Parallel run loop
auto	8.778031375178879	0.0	keep	28_4_in_3	Parallel run loop
auto	3.070724217306238	0.0	keep	15_3_in_4	Parallel run loop
auto	8.012270166332785	0.0	discard	20_6_in_4	Parallel run loop
auto	3.4861063940478103	0.0	keep	19_3_in_4	Parallel run loop
auto	3.6745234925352133	0.0	discard	21_3_in_4	Parallel run loop
auto	1.3164659559824767	0.0	discard	4_3_in_5	Parallel run loop
auto	8.774947412252958	0.0	discard	26_4_in_3	Parallel run loop
auto	6.4650362367038205	0.0	discard	13_4_in_3	Parallel run loop
auto	9.788162657043223	0.0	discard	33_4_in_3	Parallel run loop
auto	9.492725968698753	0.0	discard	27_6_in_4	Parallel run loop
auto	8.618943737512904	0.0	discard	24_4_in_3	Parallel run loop
auto	3.215084977865601	0.0	keep	23_3_in_5	Parallel run loop
auto	3.1765175671254675	0.0	keep	16_3_in_4	Parallel run loop
auto	10.795436940955522	0.0	keep	40_4_in_3	Parallel run loop
auto	2.8584160818883	0.0	discard	13_3_in_4	Parallel run loop
auto	2.0817926375004427	0.0	discard	10_3_in_5	Parallel run loop
auto	3.3890754838253665	0.0	keep	18_3_in_4	Parallel run loop
auto	7.387785192386595	0.0	keep	18_4_in_3	Parallel run loop
auto	9.659578206958082	0.0	keep	32_4_in_3	Parallel run loop
auto	3.7762304920308356	0.0	discard	22_3_in_4	Parallel run loop
auto	2.3762529300189654	0.0	discard	9_3_in_4	Parallel run loop
auto	8.620168250920733	0.0	discard	25_4_in_3	Parallel run loop
auto	7.706933495854605	0.0	keep	21_4_in_3	Parallel run loop
auto	4.000011360297772	0.0	keep	13_3_in_3	Parallel run loop
auto	2.968138061229646	0.0	discard	14_3_in_4	Parallel run loop
auto	2.559404901744228	0.0	discard	15_3_in_5	Parallel run loop
auto	2.507246198946638	0.0	discard	10_3_in_4	Parallel run loop
auto	2.240314051908625	0.0	discard	8_3_in_4	Parallel run loop
auto	3.8615365960474497	0.0	keep	23_3_in_4	Parallel run loop
auto	4.913575152790237	0.0	keep	20_3_in_3	Parallel run loop
auto	10.043200894965349	0.0	keep	35_4_in_3	Parallel run loop
auto	10.545614046363493	0.0	keep	38_4_in_3	Parallel run loop
auto	9.472120229746906	0.0	keep	31_4_in_3	Parallel run loop
auto	10.609884416621348	0.0	keep	39_4_in_3	Parallel run loop
auto	3.288423328579587	0.0	discard	17_3_in_4	Parallel run loop
auto	9.933537883294077	0.0	keep	34_4_in_3	Parallel run loop
auto	6.57626910209534	0.0	keep	15_4_in_3	Parallel run loop
auto	10.249022276689933	0.0	keep	37_4_in_3	Parallel run loop
auto	2.745391482993965	0.0	discard	12_3_in_4	Parallel run loop
auto	3.5929239082440483	0.0	discard	20_3_in_4	Parallel run loop
auto	3.1433477186960257	0.0	discard	22_3_in_5	Parallel run loop
auto	11.005520545002303	0.0	keep	41_4_in_3	Parallel run loop
auto	8.781400163141782	0.0	keep	27_4_in_3	Parallel run loop
auto	2.9872198645170185	0.0	keep	20_3_in_5	Parallel run loop
auto	3.215101875913171	0.0	discard	23_3_in_5	Parallel run loop
auto	3.495637537673543	0.0	discard	19_3_in_4	Parallel run loop
auto	8.774947412252958	0.0	discard	26_4_in_3	Parallel run loop
auto	3.2721583439251436	0.0	keep	24_3_in_5	Parallel run loop
auto	3.684109301245453	0.0	discard	21_3_in_4	Parallel run loop
auto	2.6477540572719365	0.0	keep	16_3_in_5	Parallel run loop
auto	3.348637402642853	0.0	keep	25_3_in_5	Parallel run loop
auto	2.8587145932973734	0.0	discard	13_3_in_4	Parallel run loop
auto	3.0745141068942066	0.0	discard	15_3_in_4	Parallel run loop
auto	7.9698125572835865	0.0	keep	20_6_in_4	Parallel run loop
auto	3.383287078666632	0.0	keep	18_3_in_4	Parallel run loop
auto	2.082126178893064	0.0	discard	10_3_in_5	Parallel run loop
auto	4.500691298235091	0.0	keep	17_3_in_3	Parallel run loop
auto	10.776309862715156	0.0	keep	40_4_in_3	Parallel run loop
auto	3.764887590744982	0.0	discard	22_3_in_4	Parallel run loop
auto	3.427464737180243	0.0	keep	26_3_in_5	Parallel run loop
auto	3.1777204253213767	0.0	discard	16_3_in_4	Parallel run loop
auto	9.462072503617636	0.0	keep	27_6_in_4	Parallel run loop
auto	9.785660742262635	0.0	discard	33_4_in_3	Parallel run loop
auto	7.387955541169579	0.0	discard	18_4_in_3	Parallel run loop
auto	9.780062142228132	0.0	discard	32_4_in_3	Parallel run loop
auto	11.01851023958955	0.0	keep	43_4_in_3	Parallel run loop
auto	2.7359169879299365	0.0	keep	17_3_in_5	Parallel run loop
auto	2.560739397033766	0.0	discard	15_3_in_5	Parallel run loop
auto	2.2397824862218148	0.0	discard	8_3_in_4	Parallel run loop
auto	7.704694660844394	0.0	keep	21_4_in_3	Parallel run loop
auto	3.867150847651688	0.0	discard	23_3_in_4	Parallel run loop
auto	4.000031403723894	0.0	discard	13_3_in_3	Parallel run loop
auto	10.599771163337323	0.0	keep	39_4_in_3	Parallel run loop
auto	2.970316346751517	0.0	discard	14_3_in_4	Parallel run loop
auto	3.5635552116099527	0.0	keep	28_3_in_5	Parallel run loop
auto	3.494803020119442	0.0	keep	27_3_in_5	Parallel run loop
auto	10.014746702891259	0.0	keep	35_4_in_3	Parallel run loop
auto	3.5780130544820827	0.0	keep	20_3_in_4	Parallel run loop
auto	3.1344149107576995	0.0	keep	22_3_in_5	Parallel run loop
auto	9.635390066119172	0.0	discard	31_4_in_3	Parallel run loop
auto	2.977875443176492	0.0	keep	20_3_in_5	Parallel run loop
auto	4.909613446492071	0.0	keep	20_3_in_3	Parallel run loop
auto	10.317800236008802	0.0	keep	38_4_in_3	Parallel run loop
auto	3.291387071328398	0.0	discard	17_3_in_4	Parallel run loop
auto	9.862019677171345	0.0	keep	34_4_in_3	Parallel run loop
auto	3.204777955353995	0.0	keep	23_3_in_5	Parallel run loop
auto	3.489877742172458	0.0	discard	19_3_in_4	Parallel run loop
auto	10.260221039654585	0.0	discard	37_4_in_3	Parallel run loop
auto	3.2822001192630457	0.0	discard	24_3_in_5	Parallel run loop
auto	3.673529704658293	0.0	discard	21_3_in_4	Parallel run loop
auto	2.6454047614376877	0.0	keep	16_3_in_5	Parallel run loop
auto	4.281863024407737	0.0	keep	28_3_in_4	Parallel run loop
auto	3.356327817708595	0.0	discard	25_3_in_5	Parallel run loop
auto	6.538606514812582	0.0	keep	15_4_in_3	Parallel run loop
auto	2.8576862092518813	0.0	keep	13_3_in_4	Parallel run loop
auto	8.78608841182452	0.0	discard	27_4_in_3	Parallel run loop
auto	3.3764695871292685	0.0	keep	18_3_in_4	Parallel run loop
auto	3.066190354950462	0.0	keep	21_3_in_5	Parallel run loop
auto	10.941341261088779	0.0	keep	42_4_in_3	Parallel run loop
auto	2.0821780685225413	0.0	discard	10_3_in_5	Parallel run loop
auto	10.897851805187772	0.0	keep	41_4_in_3	Parallel run loop
auto	2.8145251367282262	0.0	keep	18_3_in_5	Parallel run loop
auto	3.427400887778493	0.0	keep	26_3_in_5	Parallel run loop
auto	3.075763053661215	0.0	discard	15_3_in_4	Parallel run loop
auto	2.239447822224145	0.0	keep	8_3_in_4	Parallel run loop
auto	4.500213775121804	0.0	keep	17_3_in_3	Parallel run loop
auto	4.358912977072496	0.0	keep	29_3_in_4	Parallel run loop
auto	7.4645934216366685	0.0	discard	18_4_in_3	Parallel run loop
auto	8.012270166332785	0.0	discard	20_6_in_4	Parallel run loop
auto	2.7385426487239286	0.0	discard	17_3_in_5	Parallel run loop
auto	2.551699501567469	0.0	keep	15_3_in_5	Parallel run loop
auto	3.953518641092228	0.0	keep	24_3_in_4	Parallel run loop
auto	9.784109077071728	0.0	discard	33_4_in_3	Parallel run loop
auto	3.560923725872107	0.0	keep	28_3_in_5	Parallel run loop
auto	3.486779826180359	0.0	keep	27_3_in_5	Parallel run loop
auto	3.176693052289615	0.0	discard	16_3_in_4	Parallel run loop
auto	3.859412319098082	0.0	keep	23_3_in_4	Parallel run loop
auto	10.776309862715156	0.0	discard	40_4_in_3	Parallel run loop
auto	3.141553881464725	0.0	discard	22_3_in_5	Parallel run loop
auto	2.9865242173792614	0.0	discard	20_3_in_5	Parallel run loop
auto	9.780062142228132	0.0	discard	32_4_in_3	Parallel run loop
auto	4.039138799094713	0.0	keep	25_3_in_4	Parallel run loop
auto	11.01851023958955	0.0	discard	43_4_in_3	Parallel run loop
auto	7.742742602208797	0.0	discard	21_4_in_3	Parallel run loop
auto	9.492725968698753	0.0	discard	27_6_in_4	Parallel run loop
auto	3.588043319319475	0.0	discard	20_3_in_4	Parallel run loop
auto	3.4855617213602152	0.0	keep	19_3_in_4	Parallel run loop
auto	9.472120229746906	0.0	discard	31_4_in_3	Parallel run loop
auto	3.2120923328890165	0.0	discard	23_3_in_5	Parallel run loop
auto	10.024237774570201	0.0	discard	35_4_in_3	Parallel run loop
auto	2.6404232434766386	0.0	keep	16_3_in_5	Parallel run loop
auto	3.253076672859039	0.0	keep	24_3_in_5	Parallel run loop
auto	2.859704061290361	0.0	discard	13_3_in_4	Parallel run loop
auto	3.3583907562473723	0.0	discard	25_3_in_5	Parallel run loop
auto	4.285996811656955	0.0	discard	28_3_in_4	Parallel run loop
auto	4.994112245033103	0.0	keep	21_3_in_3	Parallel run loop
auto	3.393871389743138	0.0	discard	18_3_in_4	Parallel run loop
auto	3.426142132009958	0.0	keep	26_3_in_5	Parallel run loop
auto	4.5234279284318575	0.0	keep	31_3_in_4	Parallel run loop
auto	3.6925972599640935	0.0	keep	30_3_in_5	Parallel run loop
auto	4.901987310202369	0.0	keep	20_3_in_3	Parallel run loop
auto	3.6176853219953258	0.0	keep	29_3_in_5	Parallel run loop
auto	4.3563096628278375	0.0	keep	29_3_in_4	Parallel run loop
auto	7.387955541169579	0.0	discard	18_4_in_3	Parallel run loop
auto	4.202529969998419	0.0	keep	27_3_in_4	Parallel run loop
auto	2.733216840800537	0.0	keep	17_3_in_5	Parallel run loop
auto	10.599771163337323	0.0	discard	39_4_in_3	Parallel run loop
auto	10.208937371323803	0.0	keep	37_4_in_3	Parallel run loop
auto	3.290082532091716	0.0	discard	17_3_in_4	Parallel run loop
auto	3.9472950607379396	0.0	keep	24_3_in_4	Parallel run loop
auto	9.859456383527776	0.0	keep	34_4_in_3	Parallel run loop
auto	3.054117979218463	0.0	keep	21_3_in_5	Parallel run loop
auto	2.5579009428654467	0.0	discard	15_3_in_5	Parallel run loop
auto	2.8157138379676256	0.0	discard	18_3_in_5	Parallel run loop
auto	2.2397813845420638	0.0	discard	8_3_in_4	Parallel run loop
auto	3.4929529517084403	0.0	discard	27_3_in_5	Parallel run loop
auto	6.538606514812582	0.0	discard	15_4_in_3	Parallel run loop
auto	3.8554386921364943	0.0	keep	23_3_in_4	Parallel run loop
auto	3.5619500222107043	0.0	discard	28_3_in_5	Parallel run loop
auto	4.432149864955195	0.0	keep	30_3_in_4	Parallel run loop
auto	3.124687845302655	0.0	keep	22_3_in_5	Parallel run loop
auto	8.787266326248679	0.0	discard	27_4_in_3	Parallel run loop
auto	4.039451142516504	0.0	discard	25_3_in_4	Parallel run loop
auto	2.9723417706350803	0.0	keep	20_3_in_5	Parallel run loop
auto	11.031769768280068	0.0	discard	41_4_in_3	Parallel run loop
auto	10.947326139296766	0.0	discard	42_4_in_3	Parallel run loop
auto	3.4736502211894735	0.0	keep	19_3_in_4	Parallel run loop
auto	3.2125926575068484	0.0	discard	23_3_in_5	Parallel run loop
auto	2.647159439369757	0.0	discard	16_3_in_5	Parallel run loop
auto	2.8953799477674367	0.0	keep	19_3_in_5	Parallel run loop
auto	3.5792800432779974	0.0	discard	20_3_in_4	Parallel run loop
auto	9.941338147908723	0.0	keep	36_4_in_3	Parallel run loop
auto	3.3565439062894566	0.0	discard	25_3_in_5	Parallel run loop
auto	4.285350451397866	0.0	discard	28_3_in_4	Parallel run loop
auto	4.6800343283729156	0.0	keep	33_3_in_4	Parallel run loop
auto	4.851070197588573	0.0	keep	19_3_in_3	Parallel run loop
auto	3.2752675651763807	0.0	discard	24_3_in_5	Parallel run loop
auto	4.500274073756931	0.0	discard	17_3_in_3	Parallel run loop
auto	4.2003145968833575	0.0	keep	27_3_in_4	Parallel run loop
auto	3.4237230312979197	0.0	keep	26_3_in_5	Parallel run loop
auto	3.623220752369404	0.0	discard	29_3_in_5	Parallel run loop
auto	3.9521811744497106	0.0	discard	24_3_in_4	Parallel run loop
auto	2.72343232721494	0.0	keep	17_3_in_5	Parallel run loop
auto	7.387955541169579	0.0	discard	18_4_in_3	Parallel run loop
auto	4.510776693180004	0.0	keep	31_3_in_4	Parallel run loop
auto	4.355119335273237	0.0	keep	29_3_in_4	Parallel run loop
auto	3.686943926967855	0.0	keep	30_3_in_5	Parallel run loop
auto	3.178647615939577	0.0	discard	16_3_in_4	Parallel run loop
auto	7.6282607946591146	0.0	keep	21_4_in_3	Parallel run loop
auto	4.585247088179105	0.0	keep	32_3_in_4	Parallel run loop
auto	10.776309862715156	0.0	discard	40_4_in_3	Parallel run loop
auto	11.01851023958955	0.0	discard	43_4_in_3	Parallel run loop
auto	9.696853348498614	0.0	discard	31_4_in_3	Parallel run loop
auto	2.8191145817416716	0.0	discard	18_3_in_5	Parallel run loop
auto	3.495182139443675	0.0	discard	27_3_in_5	Parallel run loop
auto	4.91094292387987	0.0	discard	20_3_in_3	Parallel run loop
auto	3.538085155847098	0.0	keep	28_3_in_5	Parallel run loop
auto	3.760712414605338	0.0	keep	31_3_in_5	Parallel run loop
auto	10.024237774570201	0.0	discard	35_4_in_3	Parallel run loop
auto	3.0645978089441765	0.0	discard	21_3_in_5	Parallel run loop
auto	3.824426873892656	0.0	keep	23_3_in_4	Parallel run loop
auto	4.448741751465956	0.0	discard	30_3_in_4	Parallel run loop
auto	3.4943667855086376	0.0	discard	19_3_in_4	Parallel run loop
auto	3.1427098167937793	0.0	discard	22_3_in_5	Parallel run loop
auto	2.9889679472057247	0.0	discard	20_3_in_5	Parallel run loop
auto	3.2879847172315935	0.0	discard	17_3_in_4	Parallel run loop
auto	10.610015009081597	0.0	discard	39_4_in_3	Parallel run loop
auto	4.039807980712986	0.0	discard	25_3_in_4	Parallel run loop
auto	2.6472261339767904	0.0	discard	16_3_in_5	Parallel run loop
auto	3.588327345971987	0.0	discard	20_3_in_4	Parallel run loop
auto	4.967430038190869	0.0	keep	21_3_in_3	Parallel run loop
auto	2.899664964144068	0.0	discard	19_3_in_5	Parallel run loop
auto	3.2141311408852036	0.0	discard	23_3_in_5	Parallel run loop
auto	4.278836147818602	0.0	keep	28_3_in_4	Parallel run loop
auto	4.663050805632971	0.0	keep	33_3_in_4	Parallel run loop
auto	3.8092324326471676	0.0	keep	32_3_in_5	Parallel run loop
auto	9.860409477809945	0.0	discard	34_4_in_3	Parallel run loop
auto	10.355925179280892	0.0	discard	37_4_in_3	Parallel run loop
auto	3.273175226205218	0.0	discard	24_3_in_5	Parallel run loop
auto	4.198694551769393	0.0	keep	27_3_in_4	Parallel run loop
auto	3.6272839523642926	0.0	discard	29_3_in_5	Parallel run loop
auto	3.354667101747856	0.0	discard	25_3_in_5	Parallel run loop
auto	3.4245115534496327	0.0	discard	26_3_in_5	Parallel run loop
auto	3.944545879728181	0.0	keep	24_3_in_4	Parallel run loop
auto	2.720355498523032	0.0	keep	17_3_in_5	Parallel run loop
auto	4.9515839740905125	0.0	keep	37_3_in_4	Parallel run loop
auto	3.6916157795895437	0.0	discard	30_3_in_5	Parallel run loop
auto	4.514552048833226	0.0	discard	31_3_in_4	Parallel run loop
auto	4.362634638218359	0.0	discard	29_3_in_4	Parallel run loop
auto	4.595805827841091	0.0	discard	32_3_in_4	Parallel run loop
auto	8.861794685311292	0.0	discard	27_4_in_3	Parallel run loop
auto	6.5433052983084155	0.0	discard	15_4_in_3	Parallel run loop
auto	2.819573485960064	0.0	discard	18_3_in_5	Parallel run loop
auto	11.057079850967028	0.0	discard	42_4_in_3	Parallel run loop
auto	11.005520545002303	0.0	discard	41_4_in_3	Parallel run loop
auto	4.922528763793943	0.0	keep	36_3_in_4	Parallel run loop
auto	3.494777088744195	0.0	discard	27_3_in_5	Parallel run loop
auto	3.8619322108575296	0.0	discard	23_3_in_4	Parallel run loop
auto	4.752336420341546	0.0	keep	34_3_in_4	Parallel run loop
auto	3.5631255856638395	0.0	discard	28_3_in_5	Parallel run loop
auto	3.749761073010563	0.0	keep	31_3_in_5	Parallel run loop
auto	3.0620970529338964	0.0	discard	21_3_in_5	Parallel run loop
auto	10.143929657656013	0.0	discard	36_4_in_3	Parallel run loop
auto	4.434470511563462	0.0	discard	30_3_in_4	Parallel run loop
auto	4.121874131279828	0.0	keep	26_3_in_4	Parallel run loop
auto	3.588226719959324	0.0	discard	20_3_in_4	Parallel run loop
auto	3.488553940974676	0.0	discard	19_3_in_4	Parallel run loop
auto	3.138493228763072	0.0	discard	22_3_in_5	Parallel run loop
auto	4.851070197588573	0.0	discard	19_3_in_3	Parallel run loop
auto	2.644500707751834	0.0	discard	16_3_in_5	Parallel run loop
auto	5.000067707885885	0.0	keep	22_3_in_3	Parallel run loop
auto	2.899382405290155	0.0	discard	19_3_in_5	Parallel run loop
auto	4.037177079703856	0.0	keep	25_3_in_4	Parallel run loop
auto	5.047679713048365	0.0	keep	38_3_in_4	Parallel run loop
auto	4.273067536499561	0.0	keep	28_3_in_4	Parallel run loop
auto	4.6585337754401674	0.0	keep	33_3_in_4	Parallel run loop
auto	3.2066828123661084	0.0	discard	23_3_in_5	Parallel run loop
auto	4.204249645321053	0.0	discard	27_3_in_4	Parallel run loop
auto	3.870080139998309	0.0	keep	33_3_in_5	Parallel run loop
auto	3.8101921298769303	0.0	discard	32_3_in_5	Parallel run loop
auto	4.500213775121804	0.0	discard	17_3_in_3	Parallel run loop
auto	3.9536453097614173	0.0	discard	24_3_in_4	Parallel run loop
auto	2.7375659104618713	0.0	discard	17_3_in_5	Parallel run loop
auto	3.6274352621521446	0.0	discard	29_3_in_5	Parallel run loop
auto	4.598583090345484	0.0	discard	32_3_in_4	Parallel run loop
auto	3.428133251425639	0.0	discard	26_3_in_5	Parallel run loop
auto	10.776309862715156	0.0	discard	40_4_in_3	Parallel run loop
auto	4.741163990775763	0.0	keep	47_3_in_5	Parallel run loop
auto	5.000630620844256	0.0	discard	37_3_in_4	Parallel run loop
auto	4.834594736876403	0.0	keep	35_3_in_4	Parallel run loop
auto	3.174557769380668	0.0	keep	16_3_in_4	Parallel run loop
auto	4.365119956412466	0.0	discard	29_3_in_4	Parallel run loop
auto	2.8222093921227107	0.0	discard	18_3_in_5	Parallel run loop
auto	3.6912366111536032	0.0	discard	30_3_in_5	Parallel run loop
auto	4.520348479104177	0.0	discard	31_3_in_4	Parallel run loop
auto	3.4918101609751977	0.0	discard	27_3_in_5	Parallel run loop
auto	5.100754308258733	0.0	keep	39_3_in_4	Parallel run loop
auto	3.864595446011329	0.0	discard	23_3_in_4	Parallel run loop
auto	3.559874648772938	0.0	discard	28_3_in_5	Parallel run loop
auto	4.759159245609078	0.0	discard	34_3_in_4	Parallel run loop
auto	4.433006981208872	0.0	discard	30_3_in_4	Parallel run loop
auto	11.01851023958955	0.0	discard	43_4_in_3	Parallel run loop
auto	3.956454504327308	0.0	keep	34_3_in_5	Parallel run loop
auto	3.0582616746703937	0.0	discard	21_3_in_5	Parallel run loop
auto	4.912633739106287	0.0	keep	36_3_in_4	Parallel run loop
auto	4.114248940780505	0.0	keep	26_3_in_4	Parallel run loop
auto	3.754738896730835	0.0	discard	31_3_in_5	Parallel run loop
auto	3.459691251320536	0.0	keep	19_3_in_4	Parallel run loop
auto	4.68018003596336	0.0	keep	46_3_in_5	Parallel run loop
auto	5.081476676876344	0.0	discard	38_3_in_4	Parallel run loop
auto	9.993868339689268	0.0	keep	35_4_in_3	Parallel run loop
auto	4.680405588390705	0.0	discard	33_3_in_4	Parallel run loop
auto	4.910363382997087	0.0	discard	20_3_in_3	Parallel run loop
auto	4.037718132575301	0.0	discard	25_3_in_4	Parallel run loop
auto	4.996424173479028	0.0	discard	21_3_in_3	Parallel run loop
auto	4.596535121809708	0.0	discard	32_3_in_4	Parallel run loop
auto	2.9092032907256167	0.0	discard	19_3_in_5	Parallel run loop
auto	2.651226105457336	0.0	discard	16_3_in_5	Parallel run loop
auto	3.892521826822933	0.0	discard	33_3_in_5	Parallel run loop
auto	4.203755638119018	0.0	discard	27_3_in_4	Parallel run loop
auto	2.7362673378981377	0.0	discard	17_3_in_5	Parallel run loop
auto	10.599771163337323	0.0	discard	39_4_in_3	Parallel run loop
auto	4.283492659312374	0.0	discard	28_3_in_4	Parallel run loop
auto	4.8086431463564985	0.0	keep	35_3_in_4	Parallel run loop
auto	4.015817229434117	0.0	keep	35_3_in_5	Parallel run loop
auto	9.945952382877353	0.0	discard	34_4_in_3	Parallel run loop
auto	4.9556894964809315	0.0	discard	37_3_in_4	Parallel run loop
auto	4.501187039771029	0.0	keep	18_3_in_3	Parallel run loop
auto	3.6900136585431866	0.0	discard	30_3_in_5	Parallel run loop
auto	4.888755149763693	0.0	discard	47_3_in_5	Parallel run loop
auto	3.618891276191829	0.0	discard	29_3_in_5	Parallel run loop
auto	3.8165085053580854	0.0	discard	32_3_in_5	Parallel run loop
auto	6.002373102450412	0.0	keep	31_3_in_3	Parallel run loop
auto	6.57626910209534	0.0	discard	15_4_in_3	Parallel run loop
auto	4.5152804301340534	0.0	discard	31_3_in_4	Parallel run loop
auto	10.940553511555468	0.0	discard	41_4_in_3	Parallel run loop
auto	4.985820981236973	0.0	keep	49_3_in_5	Parallel run loop
auto	5.593885567852298	0.0	keep	26_3_in_3	Parallel run loop
auto	3.5557707001598797	0.0	discard	28_3_in_5	Parallel run loop
auto	5.143037194483781	0.0	discard	39_3_in_4	Parallel run loop
auto	5.7822746045219455	0.0	keep	47_3_in_4	Parallel run loop
auto	3.0554812955125414	0.0	discard	21_3_in_5	Parallel run loop
auto	4.751172129860694	0.0	keep	34_3_in_4	Parallel run loop
auto	4.918991752152422	0.0	discard	36_3_in_4	Parallel run loop
auto	5.070686620602649	0.0	keep	50_3_in_5	Parallel run loop
auto	3.758977101186074	0.0	discard	31_3_in_5	Parallel run loop
auto	4.649519475293014	0.0	keep	33_3_in_4	Parallel run loop
auto	4.122288579039919	0.0	discard	26_3_in_4	Parallel run loop
auto	4.441139805924314	0.0	discard	30_3_in_4	Parallel run loop
auto	5.076672643865842	0.0	discard	38_3_in_4	Parallel run loop
auto	3.9475778796850087	0.0	keep	34_3_in_5	Parallel run loop
auto	5.255899565314644	0.0	keep	40_3_in_4	Parallel run loop
auto	4.7894560122898095	0.0	discard	46_3_in_5	Parallel run loop
auto	3.883971622498746	0.0	discard	33_3_in_5	Parallel run loop
auto	2.9049441872346113	0.0	discard	19_3_in_5	Parallel run loop
auto	3.49527399018512	0.0	discard	19_3_in_4	Parallel run loop
auto	4.5970322416396225	0.0	discard	32_3_in_4	Parallel run loop
auto	11.057079850967028	0.0	discard	42_4_in_3	Parallel run loop
auto	4.037625009281933	0.0	discard	25_3_in_4	Parallel run loop
auto	5.771006275969161	0.0	keep	46_3_in_4	Parallel run loop
auto	4.818005562436538	0.0	discard	35_3_in_4	Parallel run loop
auto	4.989160464713446	0.0	discard	37_3_in_4	Parallel run loop
auto	4.283605932510743	0.0	discard	28_3_in_4	Parallel run loop
auto	5.662086560854177	0.0	keep	45_3_in_4	Parallel run loop
auto	5.503381837061723	0.0	keep	27_3_in_3	Parallel run loop
auto	5.327142246105477	0.0	keep	41_3_in_4	Parallel run loop
auto	3.689300635613459	0.0	discard	30_3_in_5	Parallel run loop
auto	10.03779641185119	0.0	discard	36_4_in_3	Parallel run loop
auto	4.851070197588573	0.0	discard	19_3_in_3	Parallel run loop
auto	4.0095172278997975	0.0	keep	35_3_in_5	Parallel run loop
auto	5.965306840487772	0.0	keep	48_3_in_4	Parallel run loop
auto	4.833341558311521	0.0	discard	47_3_in_5	Parallel run loop
auto	4.500468044315581	0.0	discard	17_3_in_3	Parallel run loop
auto	3.815717913559669	0.0	discard	32_3_in_5	Parallel run loop
auto	10.776309862715156	0.0	discard	40_4_in_3	Parallel run loop
auto	4.660130479685161	0.0	keep	44_3_in_5	Parallel run loop
auto	4.5113016974024776	0.0	discard	31_3_in_4	Parallel run loop
auto	5.404523436614526	0.0	keep	42_3_in_4	Parallel run loop
auto	3.181902442562164	0.0	discard	16_3_in_4	Parallel run loop
auto	5.159510730794079	0.0	discard	39_3_in_4	Parallel run loop
auto	5.874269763163611	0.0	discard	47_3_in_4	Parallel run loop
auto	4.123177965431933	0.0	discard	26_3_in_4	Parallel run loop
auto	5.098313459946513	0.0	discard	50_3_in_5	Parallel run loop
auto	5.033097251641922	0.0	discard	49_3_in_5	Parallel run loop
auto	4.758246630762927	0.0	discard	34_3_in_4	Parallel run loop
auto	3.7573873485979656	0.0	discard	31_3_in_5	Parallel run loop
auto	4.927011729011038	0.0	discard	36_3_in_4	Parallel run loop
auto	4.938134349472098	0.0	keep	48_3_in_5	Parallel run loop
auto	5.020910742756499	0.0	keep	38_3_in_4	Parallel run loop
auto	10.102256807489026	0.0	discard	35_4_in_3	Parallel run loop
auto	4.702449902773762	0.0	discard	46_3_in_5	Parallel run loop
auto	5.243520531777947	0.0	keep	40_3_in_4	Parallel run loop
auto	3.5602715267535716	0.0	discard	28_3_in_5	Parallel run loop
auto	3.8836979305714485	0.0	discard	33_3_in_5	Parallel run loop
auto	4.6696142827646545	0.0	discard	33_3_in_4	Parallel run loop
auto	11.01851023958955	0.0	discard	43_4_in_3	Parallel run loop
auto	4.93394718759379	0.0	keep	21_3_in_3	Parallel run loop
auto	4.03643008255956	0.0	keep	25_3_in_4	Parallel run loop
auto	4.989697451147667	0.0	discard	37_3_in_4	Parallel run loop
auto	4.828941079038734	0.0	discard	35_3_in_4	Parallel run loop
auto	4.91094292387987	0.0	discard	20_3_in_3	Parallel run loop
auto	5.756086645071661	0.0	keep	46_3_in_4	Parallel run loop
auto	3.954937200354723	0.0	discard	34_3_in_5	Parallel run loop
auto	4.276125082485528	0.0	discard	28_3_in_4	Parallel run loop
auto	10.629098076349557	0.0	discard	39_4_in_3	Parallel run loop
auto	5.710268529417662	0.0	discard	45_3_in_4	Parallel run loop
auto	5.5470295389031685	0.0	keep	43_3_in_4	Parallel run loop
auto	5.30473040049928	0.0	keep	41_3_in_4	Parallel run loop
auto	6.0003972994324615	0.0	keep	31_3_in_3	Parallel run loop
auto	4.016641778510792	0.0	discard	35_3_in_5	Parallel run loop
auto	4.6116291880582985	0.0	keep	44_3_in_5	Parallel run loop
auto	5.909951852064155	0.0	keep	48_3_in_4	Parallel run loop
auto	3.804975325372318	0.0	keep	32_3_in_5	Parallel run loop
auto	4.834166854058425	0.0	discard	47_3_in_5	Parallel run loop
auto	4.053228531295271	0.0	keep	36_3_in_5	Parallel run loop
auto	11.044659619702836	0.0	discard	42_4_in_3	Parallel run loop
auto	5.446783302208864	0.0	keep	26_3_in_3	Parallel run loop
auto	4.756474332876029	0.0	discard	34_3_in_4	Parallel run loop
auto	5.414842593548908	0.0	discard	42_3_in_4	Parallel run loop
auto	5.895463759604653	0.0	discard	47_3_in_4	Parallel run loop
auto	5.141157659715252	0.0	discard	39_3_in_4	Parallel run loop
auto	5.591723393651105	0.0	keep	44_3_in_4	Parallel run loop
auto	11.051418833011057	0.0	discard	41_4_in_3	Parallel run loop
auto	4.929000756417977	0.0	keep	48_3_in_5	Parallel run loop
auto	5.026337041779723	0.0	discard	49_3_in_5	Parallel run loop
auto	5.074008573784659	0.0	discard	50_3_in_5	Parallel run loop
auto	4.742964878568384	0.0	discard	46_3_in_5	Parallel run loop
auto	3.7573873485979656	0.0	discard	31_3_in_5	Parallel run loop
auto	10.097240077527125	0.0	discard	36_4_in_3	Parallel run loop
auto	3.8716498857127517	0.0	discard	33_3_in_5	Parallel run loop
auto	4.851070197588573	0.0	discard	19_3_in_3	Parallel run loop
auto	5.075740362879084	0.0	discard	38_3_in_4	Parallel run loop
auto	4.478111646292735	0.0	keep	42_3_in_5	Parallel run loop
auto	4.121697458012153	0.0	discard	26_3_in_4	Parallel run loop
auto	4.5471086147615	0.0	keep	43_3_in_5	Parallel run loop
auto	5.235874043839695	0.0	keep	40_3_in_4	Parallel run loop
auto	4.907615771584827	0.0	keep	36_3_in_4	Parallel run loop
auto	4.500213775121804	0.0	discard	17_3_in_3	Parallel run loop
auto	4.036568334232731	0.0	discard	25_3_in_4	Parallel run loop
auto	5.725585130039607	0.0	keep	46_3_in_4	Parallel run loop
auto	4.842493763894582	0.0	discard	35_3_in_4	Parallel run loop
auto	4.139272693085462	0.0	keep	37_3_in_5	Parallel run loop
auto	5.686509075821817	0.0	discard	45_3_in_4	Parallel run loop
auto	3.9349807323211348	0.0	keep	34_3_in_5	Parallel run loop
auto	5.800973214871754	0.0	keep	29_3_in_3	Parallel run loop
auto	5.521016455349248	0.0	keep	43_3_in_4	Parallel run loop
auto	6.000045144398807	0.0	keep	32_3_in_3	Parallel run loop
auto	4.2996418438427035	0.0	keep	39_3_in_5	Parallel run loop
auto	4.271796340335114	0.0	keep	28_3_in_4	Parallel run loop
auto	4.6391100925870585	0.0	discard	44_3_in_5	Parallel run loop
auto	5.86732332502171	0.0	keep	48_3_in_4	Parallel run loop
auto	5.341452191045051	0.0	discard	41_3_in_4	Parallel run loop
auto	5.375729125944675	0.0	keep	42_3_in_4	Parallel run loop
auto	4.021478964672763	0.0	discard	35_3_in_5	Parallel run loop
auto	4.222375790947403	0.0	keep	38_3_in_5	Parallel run loop
auto	3.820084936704594	0.0	discard	32_3_in_5	Parallel run loop
auto	4.094960973179626	0.0	discard	36_3_in_5	Parallel run loop
auto	5.535154661536032	0.0	keep	44_3_in_4	Parallel run loop
auto	6.0003972994324615	0.0	discard	31_3_in_3	Parallel run loop
auto	4.93394718759379	0.0	discard	21_3_in_3	Parallel run loop
auto	4.831860226806961	0.0	discard	47_3_in_5	Parallel run loop
auto	5.851219388596868	0.0	discard	47_3_in_4	Parallel run loop
auto	4.946423095332698	0.0	discard	48_3_in_5	Parallel run loop
auto	5.916515309268356	0.0	keep	30_3_in_3	Parallel run loop
auto	4.890860599666036	0.0	keep	49_3_in_5	Parallel run loop
auto	4.741096075247791	0.0	discard	46_3_in_5	Parallel run loop
auto	5.593885567852298	0.0	discard	26_3_in_3	Parallel run loop
auto	5.15197701696613	0.0	discard	39_3_in_4	Parallel run loop
auto	5.051499597962342	0.0	keep	50_3_in_5	Parallel run loop
auto	4.338925229654497	0.0	keep	40_3_in_5	Parallel run loop
auto	4.3810279136638925	0.0	keep	41_3_in_5	Parallel run loop
auto	4.808414913454218	0.0	keep	19_3_in_3	Parallel run loop
auto	4.031076481739401	0.0	keep	25_3_in_4	Parallel run loop
auto	6.001644417168656	0.0	keep	33_3_in_3	Parallel run loop
auto	4.898092181690515	0.0	keep	36_3_in_4	Parallel run loop
auto	7.003877512508083	0.0	keep	44_3_in_3	Parallel run loop
auto	5.197685570039026	0.0	keep	40_3_in_4	Parallel run loop
auto	4.119965747439988	0.0	discard	26_3_in_4	Parallel run loop
auto	10.12146122489197	0.0	discard	36_4_in_3	Parallel run loop
auto	3.963591523330593	0.0	discard	34_3_in_5	Parallel run loop
auto	5.772068148337326	0.0	discard	46_3_in_4	Parallel run loop
auto	4.585695578292129	0.0	discard	43_3_in_5	Parallel run loop
auto	4.519941807971385	0.0	discard	42_3_in_5	Parallel run loop
auto	4.155591264670261	0.0	discard	37_3_in_5	Parallel run loop
auto	6.000259536170223	0.0	discard	32_3_in_3	Parallel run loop
auto	5.518796968382214	0.0	keep	43_3_in_4	Parallel run loop
auto	4.759237666624055	0.0	keep	45_3_in_5	Parallel run loop
auto	5.672015783127879	0.0	discard	45_3_in_4	Parallel run loop
auto	4.255803643074515	0.0	keep	39_3_in_5	Parallel run loop
auto	5.800973214871754	0.0	discard	29_3_in_3	Parallel run loop
auto	4.608548516006385	0.0	keep	44_3_in_5	Parallel run loop
auto	4.2065248685225916	0.0	keep	38_3_in_5	Parallel run loop
auto	4.055671170721144	0.0	discard	36_3_in_5	Parallel run loop
auto	5.9622688805178194	0.0	discard	48_3_in_4	Parallel run loop
auto	5.33718192836322	0.0	keep	42_3_in_4	Parallel run loop
auto	6.670108867679205	0.0	keep	38_3_in_3	Parallel run loop
auto	4.277908157795	0.0	discard	28_3_in_4	Parallel run loop
auto	4.0096686183707115	0.0	discard	35_3_in_5	Parallel run loop
auto	5.311346813901449	0.0	discard	41_3_in_4	Parallel run loop
auto	5.99192953919103	0.0	keep	31_3_in_3	Parallel run loop
auto	5.5696101560901825	0.0	discard	44_3_in_4	Parallel run loop
auto	6.652766487536131	0.0	keep	37_3_in_3	Parallel run loop
auto	4.943440181171258	0.0	discard	48_3_in_5	Parallel run loop
auto	5.794113313948808	0.0	discard	47_3_in_4	Parallel run loop
auto	5.013253540482748	0.0	discard	49_3_in_5	Parallel run loop
auto	6.9415985252871755	0.0	keep	42_3_in_3	Parallel run loop
auto	5.967739220261456	0.0	discard	30_3_in_3	Parallel run loop
auto	4.995604541746432	0.0	discard	21_3_in_3	Parallel run loop
auto	6.839421871225972	0.0	keep	39_3_in_3	Parallel run loop
auto	5.593885567852298	0.0	discard	26_3_in_3	Parallel run loop
auto	4.38026523750066	0.0	discard	40_3_in_5	Parallel run loop
auto	7.002154846474123	0.0	keep	41_3_in_3	Parallel run loop
auto	4.024752926798032	0.0	keep	25_3_in_4	Parallel run loop
auto	4.4414935273977605	0.0	discard	41_3_in_5	Parallel run loop
auto	4.851070197588573	0.0	discard	19_3_in_3	Parallel run loop
auto	5.126519174670583	0.0	keep	40_3_in_4	Parallel run loop
auto	5.148779870586544	0.0	discard	50_3_in_5	Parallel run loop
auto	4.918305164102589	0.0	discard	36_3_in_4	Parallel run loop
auto	7.424912596829384	0.0	keep	45_3_in_3	Parallel run loop
auto	5.442721123160443	0.0	keep	43_3_in_4	Parallel run loop
auto	7.003906059108661	0.0	keep	43_3_in_3	Parallel run loop
auto	7.003877512508083	0.0	discard	44_3_in_3	Parallel run loop
auto	4.56964455101872	0.0	discard	43_3_in_5	Parallel run loop
auto	4.153165592233845	0.0	discard	37_3_in_5	Parallel run loop
auto	7.740357666666721	0.0	keep	50_3_in_3	Parallel run loop
auto	4.488747876529763	0.0	discard	42_3_in_5	Parallel run loop
auto	6.000259536170223	0.0	discard	32_3_in_3	Parallel run loop
auto	4.659505373576158	0.0	keep	45_3_in_5	Parallel run loop
auto	5.650247326835063	0.0	keep	45_3_in_4	Parallel run loop
auto	4.282600862122904	0.0	discard	39_3_in_5	Parallel run loop
auto	5.754385120585343	0.0	discard	46_3_in_4	Parallel run loop
auto	5.881623376272442	0.0	discard	29_3_in_3	Parallel run loop
auto	4.626307932661024	0.0	discard	44_3_in_5	Parallel run loop
auto	5.578179629494518	0.0	discard	44_3_in_4	Parallel run loop
auto	5.984674057448995	0.0	discard	48_3_in_4	Parallel run loop
auto	4.22399718119533	0.0	discard	38_3_in_5	Parallel run loop
auto	4.103035427035319	0.0	discard	36_3_in_5	Parallel run loop
auto	4.285895758903256	0.0	discard	28_3_in_4	Parallel run loop
auto	5.346523212492716	0.0	discard	41_3_in_4	Parallel run loop
auto	5.378447259137774	0.0	discard	42_3_in_4	Parallel run loop
auto	5.95228234154563	0.0	keep	31_3_in_3	Parallel run loop
auto	4.988314173583206	0.0	discard	48_3_in_5	Parallel run loop
auto	6.752897812688078	0.0	discard	37_3_in_3	Parallel run loop
auto	4.001018100762643	0.0	keep	35_3_in_5	Parallel run loop
auto	6.670108867679205	0.0	discard	38_3_in_3	Parallel run loop
auto	7.389215428068609	0.0	keep	46_3_in_3	Parallel run loop
auto	4.45163931626776	0.0	discard	41_3_in_5	Parallel run loop
auto	6.812285038961553	0.0	keep	39_3_in_3	Parallel run loop
auto	6.9415985252871755	0.0	discard	42_3_in_3	Parallel run loop
auto	5.916515309268356	0.0	discard	30_3_in_3	Parallel run loop
auto	4.356534980497981	0.0	discard	40_3_in_5	Parallel run loop
auto	6.961575033158833	0.0	keep	41_3_in_3	Parallel run loop
auto	4.034814764364426	0.0	discard	25_3_in_4	Parallel run loop
auto	4.90173350960666	0.0	discard	36_3_in_4	Parallel run loop
auto	4.140325991712922	0.0	discard	37_3_in_5	Parallel run loop
auto	4.551425509209976	0.0	discard	43_3_in_5	Parallel run loop
auto	5.634454687140022	0.0	discard	26_3_in_3	Parallel run loop
auto	5.480729527139683	0.0	discard	43_3_in_4	Parallel run loop
auto	5.248882792288608	0.0	discard	40_3_in_4	Parallel run loop
auto	4.508673142459209	0.0	discard	42_3_in_5	Parallel run loop
auto	4.266531123212985	0.0	discard	39_3_in_5	Parallel run loop
auto	7.399183534902634	0.0	keep	45_3_in_3	Parallel run loop
auto	7.004219438633266	0.0	discard	43_3_in_3	Parallel run loop
auto	7.003877512508083	0.0	discard	44_3_in_3	Parallel run loop
auto	4.621558953698124	0.0	keep	45_3_in_5	Parallel run loop
auto	6.000259536170223	0.0	discard	32_3_in_3	Parallel run loop
auto	4.0839924009099215	0.0	discard	36_3_in_5	Parallel run loop
auto	4.644310240700544	0.0	discard	44_3_in_5	Parallel run loop
auto	5.616279363943449	0.0	discard	44_3_in_4	Parallel run loop
auto	5.784131122714162	0.0	keep	29_3_in_3	Parallel run loop
auto	7.740357666666721	0.0	discard	50_3_in_3	Parallel run loop
auto	5.704449507094224	0.0	discard	45_3_in_4	Parallel run loop
auto	4.232610837986472	0.0	discard	38_3_in_5	Parallel run loop
auto	5.749813712062366	0.0	discard	46_3_in_4	Parallel run loop
auto	5.435501309788684	0.0	discard	42_3_in_4	Parallel run loop
auto	6.670108867679205	0.0	discard	38_3_in_3	Parallel run loop
auto	4.445752378766835	0.0	discard	41_3_in_5	Parallel run loop
auto	6.9415985252871755	0.0	discard	42_3_in_3	Parallel run loop
auto	6.000671067281086	0.0	discard	31_3_in_3	Parallel run loop
auto	4.025933366306584	0.0	discard	25_3_in_4	Parallel run loop
auto	4.031177549293715	0.0	discard	35_3_in_5	Parallel run loop
auto	5.916515309268356	0.0	discard	30_3_in_3	Parallel run loop
auto	6.827949896182372	0.0	discard	39_3_in_3	Parallel run loop
auto	4.306725294837952	0.0	keep	40_3_in_5	Parallel run loop
auto	6.866435278289275	0.0	keep	41_3_in_3	Parallel run loop
auto	7.436644633348435	0.0	discard	46_3_in_3	Parallel run loop
auto	4.557392542300272	0.0	discard	43_3_in_5	Parallel run loop
auto	4.1324546215091384	0.0	keep	37_3_in_5	Parallel run loop
auto	6.650952241363264	0.0	keep	37_3_in_3	Parallel run loop
auto	5.510147045733704	0.0	discard	43_3_in_4	Parallel run loop
auto	4.918305164102589	0.0	discard	36_3_in_4	Parallel run loop
auto	7.003877512508083	0.0	discard	44_3_in_3	Parallel run loop
auto	4.421881937187199	0.0	keep	42_3_in_5	Parallel run loop
auto	7.374499210937253	0.0	keep	45_3_in_3	Parallel run loop
auto	4.275745822302719	0.0	discard	39_3_in_5	Parallel run loop
auto	7.0056348520542135	0.0	discard	43_3_in_3	Parallel run loop
auto	4.727338942991058	0.0	discard	45_3_in_5	Parallel run loop
auto	0.2195295457502529	0.0	keep	4_3_in_circle	Parallel run loop
auto	7.869601854051851	0.0	discard	50_3_in_3	Parallel run loop
auto	6.000259536170223	0.0	discard	32_3_in_3	Parallel run loop
auto	4.154707933020685	0.0	discard	4_4_in_3	Parallel run loop
auto	0.19011816190626613	0.0	keep	3_3_in_circle	Parallel run loop
auto	6.670108867679205	0.0	discard	38_3_in_3	Parallel run loop
auto	1.1435295943053447	0.0	keep	3_3_in_5	Parallel run loop
auto	5.784131122714162	0.0	discard	29_3_in_3	Parallel run loop
auto	5.707343503622244	0.0	discard	45_3_in_4	Parallel run loop
auto	1.4783993300089884	0.0	discard	3_3_in_4	Parallel run loop
auto	4.167243762522457	0.0	discard	37_3_in_5	Parallel run loop
auto	4.231709989925213	0.0	discard	38_3_in_5	Parallel run loop
auto	5.155344374810373	0.0	discard	7_4_in_3	Parallel run loop
auto	4.0398655873715015	0.0	discard	25_3_in_4	Parallel run loop
auto	6.9415985252871755	0.0	discard	42_3_in_3	Parallel run loop
auto	4.450144753771026	0.0	discard	41_3_in_5	Parallel run loop
auto	5.773367334754875	0.0	discard	46_3_in_4	Parallel run loop
auto	6.866435278289275	0.0	discard	41_3_in_3	Parallel run loop
auto	5.432573568682812	0.0	keep	43_3_in_4	Parallel run loop
auto	5.909524672483831	0.0	keep	30_3_in_3	Parallel run loop
auto	6.4818090142671645	0.0	keep	37_3_in_3	Parallel run loop
auto	7.3421123153878725	0.0	keep	46_3_in_3	Parallel run loop
auto	4.352340590859089	0.0	discard	40_3_in_5	Parallel run loop
auto	6.850157581093349	0.0	discard	39_3_in_3	Parallel run loop
auto	4.309409782028365	0.0	keep	5_4_in_3	Parallel run loop
auto	3.491959731325357	0.0	discard	3_6_in_4	Parallel run loop
auto	7.349793206731684	0.0	keep	45_3_in_3	Parallel run loop
auto	6.993287957642054	0.0	keep	43_3_in_3	Parallel run loop
auto	7.003877512508083	0.0	discard	44_3_in_3	Parallel run loop
auto	4.502916278981712	0.0	discard	42_3_in_5	Parallel run loop
auto	4.251302834683806	0.0	keep	39_3_in_5	Parallel run loop
auto	4.6314979312199895	0.0	discard	45_3_in_5	Parallel run loop
auto	6.155976403489312	0.0	discard	11_4_in_3	Parallel run loop
auto	5.309456355946519	0.0	keep	8_4_in_3	Parallel run loop
auto	4.440722088808257	0.0	discard	5_6_in_4	Parallel run loop
auto	6.659767022824357	0.0	keep	38_3_in_3	Parallel run loop
auto	3.232052318453766	0.0	keep	3_4_in_3	Parallel run loop
auto	7.869601854051851	0.0	discard	50_3_in_3	Parallel run loop
auto	4.81448320628354	0.0	keep	6_6_in_4	Parallel run loop
auto	5.764495888647738	0.0	keep	29_3_in_3	Parallel run loop
auto	6.9415985252871755	0.0	discard	42_3_in_3	Parallel run loop
auto	1.143532401649942	0.0	discard	3_3_in_5	Parallel run loop
auto	4.154750717508222	0.0	discard	4_4_in_3	Parallel run loop
auto	2.9771947200223887	0.0	keep	6_3_in_3	Parallel run loop
auto	6.105434418841609	0.0	discard	10_6_in_4	Parallel run loop
auto	0.1901181619080221	0.0	discard	3_3_in_circle	Parallel run loop
auto	0.21950593666702656	0.0	keep	4_3_in_circle	Parallel run loop
auto	1.8033637040984114	0.0	discard	5_3_in_4	Parallel run loop
auto	5.916515309268356	0.0	discard	30_3_in_3	Parallel run loop
auto	5.532468990143864	0.0	discard	43_3_in_4	Parallel run loop
auto	0.3106819119336018	0.0	discard	8_3_in_circle	Parallel run loop
auto	6.746108813914012	0.0	discard	37_3_in_3	Parallel run loop
auto	7.424187273053399	0.0	discard	46_3_in_3	Parallel run loop
auto	1.4783984091177982	0.0	discard	3_3_in_4	Parallel run loop
auto	6.866435278289275	0.0	discard	41_3_in_3	Parallel run loop
auto	6.849508062244828	0.0	discard	39_3_in_3	Parallel run loop
auto	4.459821975122056	0.0	discard	42_3_in_5	Parallel run loop
auto	5.155053785931084	0.0	discard	7_4_in_3	Parallel run loop
auto	7.143501075123361	0.0	keep	45_3_in_3	Parallel run loop
auto	6.309719735191199	0.0	keep	12_4_in_3	Parallel run loop
auto	7.004219438633266	0.0	discard	43_3_in_3	Parallel run loop
auto	4.302795502670536	0.0	discard	39_3_in_5	Parallel run loop
auto	0.36421678892569476	0.0	keep	11_3_in_circle	Parallel run loop
auto	4.725300635757203	0.0	discard	45_3_in_5	Parallel run loop
auto	3.491959014509597	0.0	discard	3_6_in_4	Parallel run loop
auto	4.309409782028365	0.0	discard	5_4_in_3	Parallel run loop
auto	6.670108867679205	0.0	discard	38_3_in_3	Parallel run loop
auto	6.339849586688972	0.0	discard	11_6_in_4	Parallel run loop
auto	7.869601854051851	0.0	discard	50_3_in_3	Parallel run loop
auto	7.15750196563385	0.0	discard	16_4_in_3	Parallel run loop
auto	5.800973214871754	0.0	discard	29_3_in_3	Parallel run loop
auto	0.29041567456428374	0.0	keep	7_3_in_circle	Parallel run loop
auto	5.309456355946519	0.0	discard	8_4_in_3	Parallel run loop
auto	6.156421400406855	0.0	discard	11_4_in_3	Parallel run loop
auto	4.814436351262699	0.0	keep	6_6_in_4	Parallel run loop
auto	0.3814961709101651	0.0	discard	12_3_in_circle	Parallel run loop
auto	0.34729031670662436	0.0	keep	10_3_in_circle	Parallel run loop
auto	5.916515309268356	0.0	discard	30_3_in_3	Parallel run loop
auto	0.32957234113311945	0.0	discard	9_3_in_circle	Parallel run loop
auto	3.2320607503195915	0.0	discard	3_4_in_3	Parallel run loop
auto	4.438943384678697	0.0	discard	5_6_in_4	Parallel run loop
auto	0.19011816189849567	0.0	keep	3_3_in_circle	Parallel run loop
auto	7.309824033492363	0.0	keep	17_4_in_3	Parallel run loop
auto	1.1435295943053447	0.0	discard	3_3_in_5	Parallel run loop
auto	6.892224974608594	0.0	discard	41_3_in_3	Parallel run loop
auto	6.764428342593895	0.0	discard	13_6_in_4	Parallel run loop
auto	7.436644633348435	0.0	discard	46_3_in_3	Parallel run loop
auto	0.21952954476815	0.0	discard	4_3_in_circle	Parallel run loop
auto	4.154750717508222	0.0	discard	4_4_in_3	Parallel run loop
auto	2.977160322439396	0.0	keep	6_3_in_3	Parallel run loop
auto	7.463885837164645	0.0	discard	45_3_in_3	Parallel run loop
auto	0.31058209539252196	0.0	discard	8_3_in_circle	Parallel run loop
auto	4.476009527793577	0.0	discard	42_3_in_5	Parallel run loop
auto	6.104982492730227	0.0	keep	10_6_in_4	Parallel run loop
auto	1.8033170663164695	0.0	discard	5_3_in_4	Parallel run loop
auto	1.4783984091177982	0.0	discard	3_3_in_4	Parallel run loop
auto	6.309719735191199	0.0	discard	12_4_in_3	Parallel run loop
auto	4.3094996669154355	0.0	discard	6_4_in_3	Parallel run loop
auto	3.7250031912651163	0.0	keep	4_6_in_4	Parallel run loop
auto	5.309910838673369	0.0	keep	9_4_in_3	Parallel run loop
auto	5.155344374810373	0.0	discard	7_4_in_3	Parallel run loop
auto	0.4138519432547351	0.0	discard	14_3_in_circle	Parallel run loop
auto	5.750775043117149	0.0	keep	29_3_in_3	Parallel run loop
auto	0.3645069271944714	0.0	discard	11_3_in_circle	Parallel run loop
auto	6.339849586688972	0.0	discard	11_6_in_4	Parallel run loop
auto	4.309409782028365	0.0	discard	5_4_in_3	Parallel run loop
auto	0.47225801493703645	0.0	keep	18_3_in_circle	Parallel run loop
auto	7.15750196563385	0.0	discard	16_4_in_3	Parallel run loop
auto	3.491959014509597	0.0	discard	3_6_in_4	Parallel run loop
auto	6.388840407653808	0.0	discard	12_6_in_4	Parallel run loop
auto	0.2904144923871441	0.0	keep	7_3_in_circle	Parallel run loop
auto	0.39729302281814954	0.0	keep	13_3_in_circle	Parallel run loop
auto	8.159343201959462	0.0	discard	22_4_in_3	Parallel run loop
auto	3.232066114699316	0.0	discard	3_4_in_3	Parallel run loop
auto	6.864963969939269	0.0	keep	41_3_in_3	Parallel run loop
auto	5.518367766774567	0.0	keep	9_6_in_4	Parallel run loop
auto	6.155507768102454	0.0	discard	11_4_in_3	Parallel run loop
auto	0.3473968351785427	0.0	discard	10_3_in_circle	Parallel run loop
auto	0.32943784419706607	0.0	discard	9_3_in_circle	Parallel run loop
auto	5.309456355946519	0.0	discard	8_4_in_3	Parallel run loop
auto	4.8151242401285455	0.0	discard	6_6_in_4	Parallel run loop
auto	1.143532401649942	0.0	discard	3_3_in_5	Parallel run loop
auto	0.3807589849239849	0.0	keep	12_3_in_circle	Parallel run loop
auto	4.501108891407314	0.0	discard	42_3_in_5	Parallel run loop
auto	0.1901181618981853	0.0	keep	3_3_in_circle	Parallel run loop
auto	4.438938361146937	0.0	discard	5_6_in_4	Parallel run loop
auto	7.309824033492363	0.0	discard	17_4_in_3	Parallel run loop
auto	6.761533342910078	0.0	keep	13_6_in_4	Parallel run loop
auto	2.9772326063708436	0.0	discard	6_3_in_3	Parallel run loop
auto	0.428533994469483	0.0	discard	15_3_in_circle	Parallel run loop
auto	4.154750717508222	0.0	discard	4_4_in_3	Parallel run loop
auto	0.3105604903021367	0.0	discard	8_3_in_circle	Parallel run loop
auto	1.8033170663164695	0.0	discard	5_3_in_4	Parallel run loop
auto	5.464261083124018	0.0	keep	10_4_in_3	Parallel run loop
auto	1.4783997932735071	0.0	discard	3_3_in_4	Parallel run loop
auto	0.21960583829797517	0.0	discard	4_3_in_circle	Parallel run loop
auto	5.802560013254032	0.0	discard	29_3_in_3	Parallel run loop
auto	6.309719735191199	0.0	discard	12_4_in_3	Parallel run loop
auto	4.3094996669154355	0.0	discard	6_4_in_3	Parallel run loop
auto	6.105491953617294	0.0	discard	10_6_in_4	Parallel run loop
auto	5.155403441090606	0.0	discard	7_4_in_3	Parallel run loop
auto	0.41389686698096495	0.0	discard	14_3_in_circle	Parallel run loop
auto	6.465828989260902	0.0	keep	14_4_in_3	Parallel run loop
auto	5.309910838673369	0.0	discard	9_4_in_3	Parallel run loop
auto	3.7250031912651163	0.0	discard	4_6_in_4	Parallel run loop
auto	4.309409782028365	0.0	discard	5_4_in_3	Parallel run loop
auto	6.962636027238767	0.0	discard	41_3_in_3	Parallel run loop
auto	3.491959731325357	0.0	discard	3_6_in_4	Parallel run loop
auto	3.232052318453766	0.0	discard	3_4_in_3	Parallel run loop
auto	0.3648188899061274	0.0	discard	11_3_in_circle	Parallel run loop
auto	7.15750196563385	0.0	discard	16_4_in_3	Parallel run loop
auto	0.441746733316688	0.0	keep	16_3_in_circle	Parallel run loop
auto	0.47092736075795416	0.0	keep	18_3_in_circle	Parallel run loop
auto	6.339849586688972	0.0	discard	11_6_in_4	Parallel run loop
auto	7.6651078665839885	0.0	discard	17_6_in_4	Parallel run loop
auto	8.169777396534393	0.0	discard	22_4_in_3	Parallel run loop
auto	0.2904129418828604	0.0	keep	7_3_in_circle	Parallel run loop
auto	6.387462699883303	0.0	keep	12_6_in_4	Parallel run loop
auto	6.154772890366584	0.0	keep	11_4_in_3	Parallel run loop
auto	0.3470965518126944	0.0	keep	10_3_in_circle	Parallel run loop
auto	1.143532401649942	0.0	discard	3_3_in_5	Parallel run loop
auto	0.38125550978677386	0.0	discard	12_3_in_circle	Parallel run loop
auto	5.309456355946519	0.0	discard	8_4_in_3	Parallel run loop
auto	0.19011816189883776	0.0	discard	3_3_in_circle	Parallel run loop
auto	4.813853256562242	0.0	keep	6_6_in_4	Parallel run loop
auto	7.320812168678768	0.0	keep	16_6_in_4	Parallel run loop
auto	4.440722088808257	0.0	discard	5_6_in_4	Parallel run loop
auto	0.32941615166854915	0.0	discard	9_3_in_circle	Parallel run loop
auto	7.316129893063833	0.0	discard	17_4_in_3	Parallel run loop
auto	2.977253773162986	0.0	discard	6_3_in_3	Parallel run loop
auto	6.757236568870126	0.0	keep	13_6_in_4	Parallel run loop
auto	5.5183701774437885	0.0	discard	9_6_in_4	Parallel run loop
auto	0.42911002333565973	0.0	discard	15_3_in_circle	Parallel run loop
auto	0.3976960157316843	0.0	discard	13_3_in_circle	Parallel run loop
auto	8.583374246046413	0.0	discard	22_6_in_4	Parallel run loop
auto	0.31049563410539205	0.0	keep	8_3_in_circle	Parallel run loop
auto	6.1061179029979	0.0	discard	10_6_in_4	Parallel run loop
auto	6.309719735191199	0.0	discard	12_4_in_3	Parallel run loop
auto	7.929378074021842	0.0	discard	19_6_in_4	Parallel run loop
auto	4.3094996669154355	0.0	discard	6_4_in_3	Parallel run loop
auto	0.49789114151171004	0.0	keep	20_3_in_circle	Parallel run loop
auto	5.464131942977358	0.0	keep	10_4_in_3	Parallel run loop
auto	4.30942692978523	0.0	discard	5_4_in_3	Parallel run loop
auto	5.313726164808948	0.0	discard	9_4_in_3	Parallel run loop
auto	6.468945429935523	0.0	discard	14_4_in_3	Parallel run loop
auto	0.4578593496128037	0.0	keep	17_3_in_circle	Parallel run loop
auto	0.4130855439146945	0.0	keep	14_3_in_circle	Parallel run loop
auto	3.7250031912651163	0.0	discard	4_6_in_4	Parallel run loop
auto	0.4843919816680677	0.0	keep	19_3_in_circle	Parallel run loop
auto	7.471317325000314	0.0	discard	19_4_in_3	Parallel run loop
auto	3.2320607503195915	0.0	discard	3_4_in_3	Parallel run loop
auto	0.3641979108499014	0.0	keep	11_3_in_circle	Parallel run loop
auto	7.606741618201064	0.0	discard	17_6_in_4	Parallel run loop
auto	8.159343201959462	0.0	discard	22_4_in_3	Parallel run loop
auto	0.4449065866087289	0.0	discard	16_3_in_circle	Parallel run loop
auto	0.47325505493660536	0.0	discard	18_3_in_circle	Parallel run loop
auto	6.339849586688972	0.0	discard	11_6_in_4	Parallel run loop
auto	7.15750196563385	0.0	discard	16_4_in_3	Parallel run loop
auto	6.388840407653808	0.0	discard	12_6_in_4	Parallel run loop
auto	0.2904163752383475	0.0	discard	7_3_in_circle	Parallel run loop
auto	6.154772890366584	0.0	discard	11_4_in_3	Parallel run loop
auto	0.3814319356458244	0.0	discard	12_3_in_circle	Parallel run loop
auto	0.1901181618983582	0.0	discard	3_3_in_circle	Parallel run loop
auto	4.814977901128664	0.0	discard	6_6_in_4	Parallel run loop
auto	0.34755936715745717	0.0	discard	10_3_in_circle	Parallel run loop
auto	7.322558833359151	0.0	discard	16_6_in_4	Parallel run loop
auto	0.3293803698043226	0.0	discard	9_3_in_circle	Parallel run loop
auto	0.5103798415347125	0.0	keep	21_3_in_circle	Parallel run loop
auto	5.309540531425024	0.0	discard	8_4_in_3	Parallel run loop
auto	6.75909917167984	0.0	discard	13_6_in_4	Parallel run loop
auto	7.309824033492363	0.0	discard	17_4_in_3	Parallel run loop
auto	7.623564478432015	0.0	keep	20_4_in_3	Parallel run loop
auto	0.4268653761064236	0.0	keep	15_3_in_circle	Parallel run loop
auto	8.668469913995917	0.0	discard	23_6_in_4	Parallel run loop
auto	5.518154519484776	0.0	keep	9_6_in_4	Parallel run loop
auto	0.3972886426521831	0.0	keep	13_3_in_circle	Parallel run loop
auto	3.881099749755177	0.0	discard	12_3_in_3	Parallel run loop
auto	0.3104965814947631	0.0	discard	8_3_in_circle	Parallel run loop
auto	7.929846239536432	0.0	discard	19_6_in_4	Parallel run loop
auto	6.309719735191199	0.0	discard	12_4_in_3	Parallel run loop
auto	8.583374246046413	0.0	discard	22_6_in_4	Parallel run loop
auto	4.3094996669154355	0.0	discard	6_4_in_3	Parallel run loop
auto	0.49820457582160527	0.0	discard	20_3_in_circle	Parallel run loop
auto	5.464261083124018	0.0	discard	10_4_in_3	Parallel run loop
auto	3.7250031912651163	0.0	discard	4_6_in_4	Parallel run loop
auto	0.4134369486085986	0.0	discard	14_3_in_circle	Parallel run loop
auto	0.5248421589824123	0.0	discard	22_3_in_circle	Parallel run loop
auto	5.313726164808948	0.0	discard	9_4_in_3	Parallel run loop
auto	6.465828989260902	0.0	discard	14_4_in_3	Parallel run loop
auto	0.4866155565184506	0.0	discard	19_3_in_circle	Parallel run loop
auto	0.36479527407637374	0.0	discard	11_3_in_circle	Parallel run loop
auto	0.4440250817068451	0.0	discard	16_3_in_circle	Parallel run loop
auto	0.45823745661232496	0.0	discard	17_3_in_circle	Parallel run loop
auto	6.964000014504972	0.0	discard	15_6_in_4	Parallel run loop
auto	7.6280889942498495	0.0	discard	17_6_in_4	Parallel run loop
auto	7.47650969637775	0.0	discard	19_4_in_3	Parallel run loop
auto	0.4723532961965509	0.0	discard	18_3_in_circle	Parallel run loop
auto	8.312724148597217	0.0	discard	22_4_in_3	Parallel run loop
auto	6.388840407653808	0.0	discard	12_6_in_4	Parallel run loop
auto	6.156893685363397	0.0	discard	11_4_in_3	Parallel run loop
auto	0.19011816190053127	0.0	discard	3_3_in_circle	Parallel run loop
auto	0.5366258517503956	0.0	keep	23_3_in_circle	Parallel run loop
auto	0.5958213672864301	0.0	discard	28_3_in_circle	Parallel run loop
auto	7.321412559109307	0.0	discard	16_6_in_4	Parallel run loop
auto	0.29049263693076	0.0	discard	7_3_in_circle	Parallel run loop
auto	0.5714168860295784	0.0	keep	26_3_in_circle	Parallel run loop
auto	8.81891309855994	0.0	discard	24_6_in_4	Parallel run loop
auto	6.764428342593895	0.0	discard	13_6_in_4	Parallel run loop
auto	0.34736053248711674	0.0	discard	10_3_in_circle	Parallel run loop
auto	0.5826690378835864	0.0	keep	27_3_in_circle	Parallel run loop
auto	0.6152997730881806	0.0	keep	30_3_in_circle	Parallel run loop
auto	0.5116257896590216	0.0	discard	21_3_in_circle	Parallel run loop
auto	7.620768472631966	0.0	keep	20_4_in_3	Parallel run loop
auto	7.309824033492363	0.0	discard	17_4_in_3	Parallel run loop
auto	0.4268539767078174	0.0	keep	15_3_in_circle	Parallel run loop
auto	8.666274702120212	0.0	discard	23_6_in_4	Parallel run loop
auto	5.518421711656798	0.0	discard	9_6_in_4	Parallel run loop
auto	0.3980912135145494	0.0	discard	13_3_in_circle	Parallel run loop
auto	7.929378074021842	0.0	discard	19_6_in_4	Parallel run loop
auto	0.3105678560001082	0.0	discard	8_3_in_circle	Parallel run loop
auto	3.7250031912651163	0.0	discard	4_6_in_4	Parallel run loop
auto	3.879900024835896	0.0	keep	12_3_in_3	Parallel run loop
auto	0.5609435407708593	0.0	discard	25_3_in_circle	Parallel run loop
auto	5.464261083124018	0.0	discard	10_4_in_3	Parallel run loop
auto	8.626434343123188	0.0	discard	22_6_in_4	Parallel run loop
auto	0.5245494980726302	0.0	discard	22_3_in_circle	Parallel run loop
auto	0.6076890100785973	0.0	keep	29_3_in_circle	Parallel run loop
auto	0.49708436341307244	0.0	keep	20_3_in_circle	Parallel run loop
auto	0.4591324767447783	0.0	discard	17_3_in_circle	Parallel run loop
auto	3.5000773592566494	0.0	discard	10_3_in_3	Parallel run loop
auto	6.465828989260902	0.0	discard	14_4_in_3	Parallel run loop
auto	9.327464627044307	0.0	discard	29_4_in_3	Parallel run loop
auto	0.4862619416228796	0.0	discard	19_3_in_circle	Parallel run loop
auto	6.965068880086202	0.0	discard	15_6_in_4	Parallel run loop
auto	0.6262443206360611	0.0	keep	31_3_in_circle	Parallel run loop
auto	9.472281673695477	0.0	discard	30_4_in_3	Parallel run loop
auto	0.4437008380326324	0.0	discard	16_3_in_circle	Parallel run loop
auto	7.606741618201064	0.0	discard	17_6_in_4	Parallel run loop
auto	8.778031375178879	0.0	discard	28_4_in_3	Parallel run loop
auto	0.4725782755271509	0.0	discard	18_3_in_circle	Parallel run loop
auto	7.696721432270371	0.0	discard	21_4_in_3	Parallel run loop
auto	7.47650969637775	0.0	discard	19_4_in_3	Parallel run loop
auto	7.321045141554854	0.0	discard	16_6_in_4	Parallel run loop
auto	0.5365330016384564	0.0	keep	23_3_in_circle	Parallel run loop
auto	5.000402359648589	0.0	discard	22_3_in_3	Parallel run loop
auto	10.62477196829007	0.0	discard	38_4_in_3	Parallel run loop
auto	0.5951344395075626	0.0	discard	28_3_in_circle	Parallel run loop
auto	0.5702987187377224	0.0	keep	26_3_in_circle	Parallel run loop
auto	4.640551753053798	0.0	discard	18_3_in_3	Parallel run loop
auto	0.5834007245381425	0.0	discard	27_3_in_circle	Parallel run loop
auto	8.796684966115714	0.0	keep	24_6_in_4	Parallel run loop
auto	7.621828621334028	0.0	discard	20_4_in_3	Parallel run loop
auto	0.6167650210504655	0.0	discard	30_3_in_circle	Parallel run loop
auto	6.002311620185098	0.0	discard	33_3_in_3	Parallel run loop
auto	0.3105014247572694	0.0	discard	8_3_in_circle	Parallel run loop
auto	8.660258484063416	0.0	keep	23_6_in_4	Parallel run loop
auto	0.5121846371661122	0.0	discard	21_3_in_circle	Parallel run loop
auto	0.42963494937189267	0.0	discard	15_3_in_circle	Parallel run loop
auto	5.6698204737217255	0.0	discard	27_3_in_3	Parallel run loop
auto	5.518421711656798	0.0	discard	9_6_in_4	Parallel run loop
auto	8.578042711805615	0.0	keep	22_6_in_4	Parallel run loop
auto	0.5608576888849655	0.0	discard	25_3_in_circle	Parallel run loop
auto	0.5249165763280925	0.0	discard	22_3_in_circle	Parallel run loop
auto	0.6061603787859158	0.0	keep	29_3_in_circle	Parallel run loop
auto	7.929378074021842	0.0	discard	19_6_in_4	Parallel run loop
auto	3.9424957590204364	0.0	discard	12_3_in_3	Parallel run loop
auto	0.49979027247619173	0.0	discard	20_3_in_circle	Parallel run loop
auto	0.4553588730311857	0.0	keep	17_3_in_circle	Parallel run loop
auto	3.5000773592566494	0.0	discard	10_3_in_3	Parallel run loop
auto	5.464234522413433	0.0	discard	10_4_in_3	Parallel run loop
auto	6.964000014504972	0.0	discard	15_6_in_4	Parallel run loop
auto	0.5364400145627692	0.0	keep	23_3_in_circle	Parallel run loop
auto	7.47650969637775	0.0	discard	19_4_in_3	Parallel run loop
auto	6.464503639360893	0.0	keep	14_4_in_3	Parallel run loop
auto	9.170480985456972	0.0	discard	29_4_in_3	Parallel run loop
auto	0.4847212393927309	0.0	discard	19_3_in_circle	Parallel run loop
auto	9.471674556783666	0.0	discard	30_4_in_3	Parallel run loop
auto	0.5949654657251569	0.0	discard	28_3_in_circle	Parallel run loop
auto	0.6283396882912002	0.0	discard	31_3_in_circle	Parallel run loop
auto	0.5672033172258854	0.0	keep	26_3_in_circle	Parallel run loop
auto	7.742742602208797	0.0	discard	21_4_in_3	Parallel run loop
auto	7.619752690266041	0.0	keep	20_4_in_3	Parallel run loop
auto	8.778031375178879	0.0	discard	28_4_in_3	Parallel run loop
auto	0.3105582856765105	0.0	discard	8_3_in_circle	Parallel run loop
auto	5.000691188682902	0.0	discard	22_3_in_3	Parallel run loop
auto	8.803741262374254	0.0	discard	24_6_in_4	Parallel run loop
auto	4.501187039771029	0.0	discard	18_3_in_3	Parallel run loop
auto	0.6198025472921456	0.0	discard	30_3_in_circle	Parallel run loop
auto	8.668469913995917	0.0	discard	23_6_in_4	Parallel run loop
auto	5.634164846779354	0.0	discard	27_3_in_3	Parallel run loop
auto	0.5130963831844724	0.0	discard	21_3_in_circle	Parallel run loop
auto	0.5837604495823071	0.0	discard	27_3_in_circle	Parallel run loop
auto	3.880727549790199	0.0	discard	12_3_in_3	Parallel run loop
auto	6.000570829625356	0.0	keep	33_3_in_3	Parallel run loop
auto	0.5247069463635499	0.0	discard	22_3_in_circle	Parallel run loop
auto	8.583374246046413	0.0	discard	22_6_in_4	Parallel run loop
auto	0.6038615275051217	0.0	keep	29_3_in_circle	Parallel run loop
auto	0.4579188957071275	0.0	discard	17_3_in_circle	Parallel run loop
auto	3.5000773592566494	0.0	discard	10_3_in_3	Parallel run loop
auto	0.5595731488819007	0.0	keep	25_3_in_circle	Parallel run loop
auto	6.465828989260902	0.0	discard	14_4_in_3	Parallel run loop
auto	6.964581745490916	0.0	discard	15_6_in_4	Parallel run loop
auto	1.7415210945225097	0.0	discard	7_3_in_5	Parallel run loop
auto	0.5362483146928144	0.0	keep	23_3_in_circle	Parallel run loop
auto	9.162858936716923	0.0	keep	29_4_in_3	Parallel run loop
auto	5.46434405747307	0.0	discard	10_4_in_3	Parallel run loop
auto	1.975530977484322	0.0	discard	9_3_in_5	Parallel run loop
auto	1.8622731817089389	0.0	keep	8_3_in_5	Parallel run loop
auto	0.48519898671536615	0.0	discard	19_3_in_circle	Parallel run loop
auto	0.5935356639526216	0.0	keep	28_3_in_circle	Parallel run loop
auto	0.6284139045817948	0.0	discard	31_3_in_circle	Parallel run loop
auto	0.5708141614417565	0.0	discard	26_3_in_circle	Parallel run loop
auto	7.6299695868013675	0.0	discard	20_4_in_3	Parallel run loop
auto	4.501187039771029	0.0	discard	18_3_in_3	Parallel run loop
auto	2.18388358945977	0.0	keep	11_3_in_5	Parallel run loop
auto	8.778031375178879	0.0	discard	28_4_in_3	Parallel run loop
auto	5.501566405682054	0.0	keep	27_3_in_3	Parallel run loop
auto	2.282652012438684	0.0	discard	12_3_in_5	Parallel run loop
auto	3.886252477818505	0.0	discard	12_3_in_3	Parallel run loop
auto	8.796580909835013	0.0	keep	24_6_in_4	Parallel run loop
auto	0.6179487984265035	0.0	discard	30_3_in_circle	Parallel run loop
auto	1.6123349350458647	0.0	discard	6_3_in_5	Parallel run loop
auto	0.583990805136246	0.0	discard	27_3_in_circle	Parallel run loop
auto	6.002311620185098	0.0	discard	33_3_in_3	Parallel run loop
auto	5.000186944102854	0.0	discard	22_3_in_3	Parallel run loop
auto	2.087401526621445	0.0	discard	10_3_in_5	Parallel run loop
auto	2.37861120255269	0.0	discard	13_3_in_5	Parallel run loop
auto	3.500031650678817	0.0	discard	10_3_in_3	Parallel run loop
auto	2.4690916602539397	0.0	discard	14_3_in_5	Parallel run loop
auto	0.5565382631058418	0.0	keep	25_3_in_circle	Parallel run loop
auto	3.7445633999012258	0.0	keep	22_3_in_4	Parallel run loop
auto	1.4735929824869165	0.0	discard	5_3_in_5	Parallel run loop
auto	0.5358723152904801	0.0	keep	23_3_in_circle	Parallel run loop
auto	6.465828989260902	0.0	discard	14_4_in_3	Parallel run loop
auto	3.675332574129428	0.0	discard	21_3_in_4	Parallel run loop
auto	0.6074298902634476	0.0	discard	29_3_in_circle	Parallel run loop
auto	2.552271803893608	0.0	discard	15_3_in_5	Parallel run loop
auto	3.2751331592149673	0.0	discard	24_3_in_5	Parallel run loop
auto	1.862268621036947	0.0	keep	8_3_in_5	Parallel run loop
auto	9.170480985456972	0.0	discard	29_4_in_3	Parallel run loop
auto	3.379352703650692	0.0	discard	18_3_in_4	Parallel run loop
auto	0.5927964139603555	0.0	keep	28_3_in_circle	Parallel run loop
auto	0.6247004752848732	0.0	keep	31_3_in_circle	Parallel run loop
auto	0.5678289667436741	0.0	discard	26_3_in_circle	Parallel run loop
auto	4.501187039771029	0.0	discard	18_3_in_3	Parallel run loop
auto	5.710703566645898	0.0	discard	27_3_in_3	Parallel run loop
auto	1.7415207710935452	0.0	discard	7_3_in_5	Parallel run loop
auto	8.798388792345174	0.0	discard	24_6_in_4	Parallel run loop
auto	8.790599047861846	0.0	discard	28_4_in_3	Parallel run loop
auto	2.184759626135719	0.0	discard	11_3_in_5	Parallel run loop
auto	2.9788854830233156	0.0	discard	20_3_in_5	Parallel run loop
auto	1.9752806943674495	0.0	discard	9_3_in_5	Parallel run loop
auto	5.000244442568963	0.0	discard	22_3_in_3	Parallel run loop
auto	2.8586691957008186	0.0	discard	13_3_in_4	Parallel run loop
auto	3.3551805886103985	0.0	discard	25_3_in_5	Parallel run loop
auto	1.6123349488070233	0.0	discard	6_3_in_5	Parallel run loop
auto	6.002311620185098	0.0	discard	33_3_in_3	Parallel run loop
auto	3.753678772710529	0.0	discard	22_3_in_4	Parallel run loop
auto	0.5611894599147982	0.0	discard	25_3_in_circle	Parallel run loop
auto	4.358020945115107	0.0	discard	29_3_in_4	Parallel run loop
auto	2.813828711311901	0.0	keep	18_3_in_5	Parallel run loop
auto	0.5833554769306476	0.0	discard	27_3_in_circle	Parallel run loop
auto	2.4678467779001108	0.0	discard	14_3_in_5	Parallel run loop
auto	3.120899773095399	0.0	keep	22_3_in_5	Parallel run loop
auto	2.5583366661205496	0.0	discard	15_3_in_5	Parallel run loop
auto	2.28196471917776	0.0	discard	12_3_in_5	Parallel run loop
auto	0.5337939644095621	0.0	keep	23_3_in_circle	Parallel run loop
auto	2.082171566960134	0.0	discard	10_3_in_5	Parallel run loop
auto	0.6049390488482392	0.0	discard	29_3_in_circle	Parallel run loop
auto	3.2804241055972105	0.0	discard	24_3_in_5	Parallel run loop
auto	3.3803002577889254	0.0	discard	18_3_in_4	Parallel run loop
auto	2.375394819754651	0.0	discard	13_3_in_5	Parallel run loop
auto	1.862272623053338	0.0	discard	8_3_in_5	Parallel run loop
auto	0.5949113707271129	0.0	discard	28_3_in_circle	Parallel run loop
auto	0.6251012989858267	0.0	discard	31_3_in_circle	Parallel run loop
auto	0.5706736171432208	0.0	discard	26_3_in_circle	Parallel run loop
auto	3.934729569735836	0.0	keep	24_3_in_4	Parallel run loop
auto	3.6778156078372635	0.0	discard	21_3_in_4	Parallel run loop
auto	3.214757772886889	0.0	discard	23_3_in_5	Parallel run loop
auto	3.4269971339930114	0.0	discard	26_3_in_5	Parallel run loop
auto	1.4722087040066105	0.0	keep	5_3_in_5	Parallel run loop
auto	8.800510614999979	0.0	discard	24_6_in_4	Parallel run loop
auto	3.867045389846787	0.0	discard	23_3_in_4	Parallel run loop
auto	3.4954228611943665	0.0	discard	27_3_in_5	Parallel run loop
auto	1.7415208707935483	0.0	discard	7_3_in_5	Parallel run loop
auto	1.974637270572423	0.0	discard	9_3_in_5	Parallel run loop
auto	3.3302568040312535	0.0	keep	25_3_in_5	Parallel run loop
auto	3.6269114120505312	0.0	discard	29_3_in_5	Parallel run loop
auto	3.7357759323064093	0.0	keep	22_3_in_4	Parallel run loop
auto	4.199138185243568	0.0	discard	27_3_in_4	Parallel run loop
auto	1.612334938158126	0.0	discard	6_3_in_5	Parallel run loop
auto	2.822944883517418	0.0	discard	18_3_in_5	Parallel run loop
auto	2.3770275599225923	0.0	discard	13_3_in_5	Parallel run loop
auto	3.1129176646578376	0.0	keep	22_3_in_5	Parallel run loop
auto	2.28286551761468	0.0	discard	12_3_in_5	Parallel run loop
auto	2.184061031836693	0.0	discard	11_3_in_5	Parallel run loop
auto	2.553230836293047	0.0	discard	15_3_in_5	Parallel run loop
auto	2.9778685352461176	0.0	discard	20_3_in_5	Parallel run loop
auto	4.425978032832348	0.0	keep	30_3_in_4	Parallel run loop
auto	0.535910700312761	0.0	discard	23_3_in_circle	Parallel run loop
auto	2.8587731802614873	0.0	discard	13_3_in_4	Parallel run loop
auto	3.3874310805785606	0.0	discard	18_3_in_4	Parallel run loop
auto	1.8622685504769485	0.0	keep	8_3_in_5	Parallel run loop
auto	0.605913757135156	0.0	discard	29_3_in_circle	Parallel run loop
auto	0.5942135277287166	0.0	discard	28_3_in_circle	Parallel run loop
auto	3.0509236463180427	0.0	keep	21_3_in_5	Parallel run loop
auto	0.626597323183909	0.0	discard	31_3_in_circle	Parallel run loop
auto	2.4629634876115145	0.0	keep	14_3_in_5	Parallel run loop
auto	3.2804638744357586	0.0	discard	24_3_in_5	Parallel run loop
auto	2.645858994603459	0.0	discard	16_3_in_5	Parallel run loop
auto	1.7415210945225097	0.0	discard	7_3_in_5	Parallel run loop
auto	2.0821135540172904	0.0	discard	10_3_in_5	Parallel run loop
auto	1.4735920046502846	0.0	discard	5_3_in_5	Parallel run loop
auto	2.9072423035787245	0.0	discard	19_3_in_5	Parallel run loop
auto	3.950995642334924	0.0	discard	24_3_in_4	Parallel run loop
auto	4.362310682463483	0.0	discard	29_3_in_4	Parallel run loop
auto	3.7668268426738862	0.0	discard	22_3_in_4	Parallel run loop
auto	2.2812069518774694	0.0	discard	12_3_in_5	Parallel run loop
auto	3.420646651675096	0.0	keep	26_3_in_5	Parallel run loop
auto	3.215289637701002	0.0	discard	23_3_in_5	Parallel run loop
auto	4.203956986434313	0.0	discard	27_3_in_4	Parallel run loop
auto	3.678680665024912	0.0	discard	21_3_in_4	Parallel run loop
auto	1.975255843346649	0.0	discard	9_3_in_5	Parallel run loop
auto	2.1847543877260476	0.0	discard	11_3_in_5	Parallel run loop
auto	3.3578918587254845	0.0	discard	25_3_in_5	Parallel run loop
auto	2.972207946813697	0.0	keep	20_3_in_5	Parallel run loop
auto	1.8618260165496168	0.0	keep	8_3_in_5	Parallel run loop
auto	0.5362981543920966	0.0	discard	23_3_in_circle	Parallel run loop
auto	1.6123349294840832	0.0	discard	6_3_in_5	Parallel run loop
auto	3.1337720583108477	0.0	discard	22_3_in_5	Parallel run loop
auto	0.6048960370175726	0.0	discard	29_3_in_circle	Parallel run loop
auto	3.0468101240121435	0.0	keep	21_3_in_5	Parallel run loop
auto	4.590957926504168	0.0	discard	32_3_in_4	Parallel run loop
auto	3.8609244720344744	0.0	discard	23_3_in_4	Parallel run loop
auto	2.7344806546266716	0.0	discard	17_3_in_5	Parallel run loop
auto	0.6250295118747741	0.0	discard	31_3_in_circle	Parallel run loop
auto	2.377893367829615	0.0	discard	13_3_in_5	Parallel run loop
auto	4.426711437951035	0.0	discard	30_3_in_4	Parallel run loop
auto	0.5930725113571348	0.0	discard	28_3_in_circle	Parallel run loop
auto	2.463558352122415	0.0	discard	14_3_in_5	Parallel run loop
auto	2.0821996754533347	0.0	discard	10_3_in_5	Parallel run loop
auto	3.9527721938737583	0.0	discard	24_3_in_4	Parallel run loop
auto	2.6467575039992424	0.0	discard	16_3_in_5	Parallel run loop
auto	2.558210252119453	0.0	discard	15_3_in_5	Parallel run loop
auto	2.858334525911555	0.0	discard	13_3_in_4	Parallel run loop
auto	3.3720761226811256	0.0	keep	18_3_in_4	Parallel run loop
auto	3.6906051563362396	0.0	discard	30_3_in_5	Parallel run loop
auto	2.282532919942195	0.0	discard	12_3_in_5	Parallel run loop
auto	2.9571889063784953	0.0	keep	20_3_in_5	Parallel run loop
auto	3.623636432944521	0.0	discard	29_3_in_5	Parallel run loop
auto	3.6774304144889913	0.0	discard	21_3_in_4	Parallel run loop
auto	4.5209735070459285	0.0	discard	31_3_in_4	Parallel run loop
auto	3.485498531070636	0.0	keep	27_3_in_5	Parallel run loop
auto	3.395691879355106	0.0	keep	26_3_in_5	Parallel run loop
auto	4.992667436556401	0.0	discard	37_3_in_4	Parallel run loop
auto	1.7415209636048061	0.0	discard	7_3_in_5	Parallel run loop
auto	1.473123356950687	0.0	discard	5_3_in_5	Parallel run loop
auto	4.576521911216649	0.0	keep	32_3_in_4	Parallel run loop
auto	1.6129930610110503	0.0	discard	6_3_in_5	Parallel run loop
auto	3.282007003076337	0.0	discard	24_3_in_5	Parallel run loop
auto	3.1374956207193923	0.0	discard	22_3_in_5	Parallel run loop
auto	1.8629999149184	0.0	discard	8_3_in_5	Parallel run loop
auto	4.73139894770969	0.0	keep	34_3_in_4	Parallel run loop
auto	1.976027659339437	0.0	discard	9_3_in_5	Parallel run loop
auto	3.0548072829227877	0.0	discard	21_3_in_5	Parallel run loop
auto	0.6261996284264463	0.0	discard	31_3_in_circle	Parallel run loop
auto	3.769316702970762	0.0	discard	22_3_in_4	Parallel run loop
auto	4.427186187177719	0.0	discard	30_3_in_4	Parallel run loop
auto	3.5812045351006736	0.0	discard	20_3_in_4	Parallel run loop
auto	2.1839033308575453	0.0	discard	11_3_in_5	Parallel run loop
auto	0.5940290874475058	0.0	discard	28_3_in_circle	Parallel run loop
auto	2.4669851746843605	0.0	discard	14_3_in_5	Parallel run loop
auto	3.4872662014932994	0.0	discard	19_3_in_4	Parallel run loop
auto	2.6456222083840815	0.0	discard	16_3_in_5	Parallel run loop
auto	4.669347970902102	0.0	discard	33_3_in_4	Parallel run loop
auto	3.678392963856205	0.0	keep	30_3_in_5	Parallel run loop
auto	2.801636902401472	0.0	keep	18_3_in_5	Parallel run loop
auto	3.3820917770136356	0.0	discard	18_3_in_4	Parallel run loop
auto	2.8968506758946635	0.0	discard	19_3_in_5	Parallel run loop
auto	2.2815480493738267	0.0	discard	12_3_in_5	Parallel run loop
auto	3.6222244988491314	0.0	discard	29_3_in_5	Parallel run loop
auto	2.084261555326621	0.0	discard	10_3_in_5	Parallel run loop
auto	3.4262381273774287	0.0	discard	26_3_in_5	Parallel run loop
auto	4.995757907269444	0.0	discard	37_3_in_4	Parallel run loop
auto	2.978764098843772	0.0	discard	20_3_in_5	Parallel run loop
auto	1.7415209795947764	0.0	discard	7_3_in_5	Parallel run loop
auto	3.494052355279717	0.0	discard	27_3_in_5	Parallel run loop
auto	2.3761911737342314	0.0	discard	13_3_in_5	Parallel run loop
auto	4.593885446611707	0.0	discard	32_3_in_4	Parallel run loop
auto	3.34757700949049	0.0	discard	25_3_in_5	Parallel run loop
auto	1.473123351925817	0.0	discard	5_3_in_5	Parallel run loop
auto	4.7342969589687565	0.0	discard	34_3_in_4	Parallel run loop
auto	2.5587768213551634	0.0	discard	15_3_in_5	Parallel run loop
auto	3.677456729398737	0.0	discard	21_3_in_4	Parallel run loop
auto	3.0522746206765015	0.0	discard	21_3_in_5	Parallel run loop
auto	3.8731337608672645	0.0	discard	33_3_in_5	Parallel run loop
auto	5.067756183027661	0.0	discard	38_3_in_4	Parallel run loop
auto	4.355520889386444	0.0	discard	29_3_in_4	Parallel run loop
auto	3.1308039530091643	0.0	discard	22_3_in_5	Parallel run loop
auto	3.5740575606050395	0.0	keep	20_3_in_4	Parallel run loop
auto	2.4669674567404027	0.0	discard	14_3_in_5	Parallel run loop
auto	4.43276144021918	0.0	discard	30_3_in_4	Parallel run loop
auto	4.7679614783662085	0.0	discard	47_3_in_5	Parallel run loop
auto	1.612334929828714	0.0	discard	6_3_in_5	Parallel run loop
auto	4.848843986069559	0.0	discard	35_3_in_4	Parallel run loop
auto	3.4775576990437513	0.0	discard	19_3_in_4	Parallel run loop
auto	2.808020254376545	0.0	discard	18_3_in_5	Parallel run loop
auto	1.8622755332068297	0.0	discard	8_3_in_5	Parallel run loop
auto	3.6855834233555655	0.0	discard	30_3_in_5	Parallel run loop
auto	1.9752566374162852	0.0	discard	9_3_in_5	Parallel run loop
auto	2.908499177263905	0.0	discard	19_3_in_5	Parallel run loop
auto	3.95684324496722	0.0	discard	34_3_in_5	Parallel run loop
auto	2.084218236009746	0.0	discard	10_3_in_5	Parallel run loop
auto	3.6269595439337574	0.0	discard	29_3_in_5	Parallel run loop
auto	2.979753376128373	0.0	discard	20_3_in_5	Parallel run loop
auto	2.2808384953839287	0.0	discard	12_3_in_5	Parallel run loop
auto	2.18368232174142	0.0	keep	11_3_in_5	Parallel run loop
auto	3.427151908793224	0.0	discard	26_3_in_5	Parallel run loop
auto	3.3556367555428004	0.0	discard	25_3_in_5	Parallel run loop
auto	2.373970869543096	0.0	keep	13_3_in_5	Parallel run loop
auto	3.4908635152949326	0.0	discard	27_3_in_5	Parallel run loop
auto	4.713562801283345	0.0	keep	34_3_in_4	Parallel run loop
auto	4.569417266909687	0.0	keep	32_3_in_4	Parallel run loop
auto	1.472517866948015	0.0	discard	5_3_in_5	Parallel run loop
auto	5.005399869378004	0.0	keep	38_3_in_4	Parallel run loop
auto	3.211111740756116	0.0	discard	23_3_in_5	Parallel run loop
auto	3.8830095189943075	0.0	discard	33_3_in_5	Parallel run loop
auto	4.351946263713547	0.0	keep	29_3_in_4	Parallel run loop
auto	1.7415209536108187	0.0	discard	7_3_in_5	Parallel run loop
auto	1.6123349281926975	0.0	discard	6_3_in_5	Parallel run loop
auto	3.0515915071614987	0.0	discard	21_3_in_5	Parallel run loop
auto	2.4690980444327453	0.0	discard	14_3_in_5	Parallel run loop
auto	5.090643765807064	0.0	keep	39_3_in_4	Parallel run loop
auto	3.561885030990395	0.0	keep	20_3_in_4	Parallel run loop
auto	4.410032600340793	0.0	keep	30_3_in_4	Parallel run loop
auto	4.685754642392047	0.0	keep	47_3_in_5	Parallel run loop
auto	2.860473617685805	0.0	discard	13_3_in_4	Parallel run loop
auto	3.48773319658033	0.0	discard	19_3_in_4	Parallel run loop
auto	2.8087295952721685	0.0	discard	18_3_in_5	Parallel run loop
auto	1.976028246531454	0.0	discard	9_3_in_5	Parallel run loop
auto	3.6831066200679987	0.0	discard	30_3_in_5	Parallel run loop
auto	2.907357037347664	0.0	discard	19_3_in_5	Parallel run loop
auto	2.733869291564885	0.0	discard	17_3_in_5	Parallel run loop
auto	4.77129101399303	0.0	discard	46_3_in_5	Parallel run loop
auto	3.855053073503376	0.0	discard	23_3_in_4	Parallel run loop
auto	3.7432658385823077	0.0	keep	31_3_in_5	Parallel run loop
auto	3.7761226259346237	0.0	discard	22_3_in_4	Parallel run loop
auto	2.281461000184168	0.0	discard	12_3_in_5	Parallel run loop
auto	2.184061031836693	0.0	discard	11_3_in_5	Parallel run loop
auto	4.720875305652867	0.0	discard	34_3_in_4	Parallel run loop
auto	4.201338300848985	0.0	discard	27_3_in_4	Parallel run loop
auto	2.376183853477225	0.0	discard	13_3_in_5	Parallel run loop
auto	1.8618311377086982	0.0	discard	8_3_in_5	Parallel run loop
auto	3.4939233036605644	0.0	discard	27_3_in_5	Parallel run loop
auto	3.213588893894287	0.0	discard	23_3_in_5	Parallel run loop
auto	4.599216885620205	0.0	discard	32_3_in_4	Parallel run loop
auto	5.029887232151464	0.0	discard	38_3_in_4	Parallel run loop
auto	1.6123349311755402	0.0	discard	6_3_in_5	Parallel run loop
auto	2.082093600943459	0.0	discard	10_3_in_5	Parallel run loop
auto	3.8774103766542862	0.0	discard	33_3_in_5	Parallel run loop
auto	2.553117873774881	0.0	discard	15_3_in_5	Parallel run loop
auto	4.362909984287455	0.0	discard	29_3_in_4	Parallel run loop
auto	5.087371243872151	0.0	keep	39_3_in_4	Parallel run loop
auto	3.379270529794344	0.0	discard	18_3_in_4	Parallel run loop
auto	3.5565134275872303	0.0	discard	28_3_in_5	Parallel run loop
auto	3.5564884188380614	0.0	keep	20_3_in_4	Parallel run loop
auto	4.422885745981985	0.0	discard	30_3_in_4	Parallel run loop
auto	4.746458461456681	0.0	discard	47_3_in_5	Parallel run loop
auto	2.8098431628275424	0.0	discard	18_3_in_5	Parallel run loop
auto	4.523233134502292	0.0	discard	31_3_in_4	Parallel run loop
auto	1.7415208216133675	0.0	discard	7_3_in_5	Parallel run loop
auto	1.4717781499129454	0.0	keep	5_3_in_5	Parallel run loop
auto	2.4686315741347253	0.0	discard	14_3_in_5	Parallel run loop
auto	3.8462972149463677	0.0	discard	23_3_in_4	Parallel run loop
auto	4.7871002244129865	0.0	discard	46_3_in_5	Parallel run loop
auto	3.821722232967094	0.0	discard	32_3_in_5	Parallel run loop
auto	3.68792623073183	0.0	discard	30_3_in_5	Parallel run loop
auto	3.6843551816135545	0.0	discard	21_3_in_4	Parallel run loop
auto	3.7510097520858428	0.0	discard	31_3_in_5	Parallel run loop
auto	2.3770922082969337	0.0	discard	13_3_in_5	Parallel run loop
auto	3.493992600831204	0.0	discard	27_3_in_5	Parallel run loop
auto	4.203720865077085	0.0	discard	27_3_in_4	Parallel run loop
auto	1.8631547263385706	0.0	discard	8_3_in_5	Parallel run loop
auto	1.9747628999136118	0.0	discard	9_3_in_5	Parallel run loop
auto	4.754354640835248	0.0	discard	34_3_in_4	Parallel run loop
auto	2.082168046117364	0.0	discard	10_3_in_5	Parallel run loop
auto	2.1832409781262574	0.0	keep	11_3_in_5	Parallel run loop
auto	4.960932180721833	0.0	discard	49_3_in_5	Parallel run loop
auto	2.281664734507033	0.0	discard	12_3_in_5	Parallel run loop
auto	3.2639361986249087	0.0	discard	24_3_in_5	Parallel run loop
auto	5.8675055890621355	0.0	discard	47_3_in_4	Parallel run loop
auto	3.8793145918449308	0.0	discard	33_3_in_5	Parallel run loop
auto	3.383061026565786	0.0	discard	18_3_in_4	Parallel run loop
auto	3.5532835594217	0.0	discard	28_3_in_5	Parallel run loop
auto	5.134004173654807	0.0	discard	39_3_in_4	Parallel run loop
auto	4.438001132869936	0.0	discard	30_3_in_4	Parallel run loop
auto	2.5552975905580557	0.0	discard	15_3_in_5	Parallel run loop
auto	4.93618043293336	0.0	keep	50_3_in_5	Parallel run loop
auto	3.5730104666162057	0.0	discard	20_3_in_4	Parallel run loop
auto	4.709264802544186	0.0	discard	47_3_in_5	Parallel run loop
auto	1.612334933193575	0.0	discard	6_3_in_5	Parallel run loop
auto	4.67042897901047	0.0	discard	33_3_in_4	Parallel run loop
auto	1.7415210998766584	0.0	discard	7_3_in_5	Parallel run loop
auto	1.4727654735738644	0.0	discard	5_3_in_5	Parallel run loop
auto	3.693265417791151	0.0	discard	30_3_in_5	Parallel run loop
auto	2.816000392497135	0.0	discard	18_3_in_5	Parallel run loop
auto	5.309996556824351	0.0	discard	41_3_in_4	Parallel run loop
auto	3.858815184256813	0.0	discard	23_3_in_4	Parallel run loop
auto	4.123246625337205	0.0	discard	26_3_in_4	Parallel run loop
auto	5.808973948293675	0.0	keep	48_3_in_4	Parallel run loop
auto	3.760512005222408	0.0	discard	31_3_in_5	Parallel run loop
auto	1.9748128445174753	0.0	discard	9_3_in_5	Parallel run loop
auto	4.201578033665125	0.0	discard	27_3_in_4	Parallel run loop
auto	2.375697005154569	0.0	discard	13_3_in_5	Parallel run loop
auto	2.4685760777075347	0.0	discard	14_3_in_5	Parallel run loop
auto	4.829879783746451	0.0	discard	35_3_in_4	Parallel run loop
auto	4.934683003968771	0.0	discard	48_3_in_5	Parallel run loop
auto	2.184352538339819	0.0	discard	11_3_in_5	Parallel run loop
auto	3.2838686996247306	0.0	discard	24_3_in_5	Parallel run loop
auto	3.948195710948896	0.0	discard	24_3_in_4	Parallel run loop
auto	2.0821479981562923	0.0	discard	10_3_in_5	Parallel run loop
auto	5.023012218450543	0.0	discard	49_3_in_5	Parallel run loop
auto	3.9431383544118255	0.0	discard	34_3_in_5	Parallel run loop
auto	3.555845523152025	0.0	discard	28_3_in_5	Parallel run loop
auto	3.3851849864458132	0.0	discard	18_3_in_4	Parallel run loop
auto	2.2814507095924945	0.0	discard	12_3_in_5	Parallel run loop
auto	1.8618736677268886	0.0	discard	8_3_in_5	Parallel run loop
auto	5.657600905983632	0.0	keep	47_3_in_4	Parallel run loop
auto	4.953321711451065	0.0	discard	50_3_in_5	Parallel run loop
auto	5.147536598450751	0.0	discard	39_3_in_4	Parallel run loop
auto	3.566994251458536	0.0	discard	20_3_in_4	Parallel run loop
auto	4.78359044438786	0.0	discard	47_3_in_5	Parallel run loop
auto	4.666822863538866	0.0	discard	33_3_in_4	Parallel run loop
auto	1.612334935566479	0.0	discard	6_3_in_5	Parallel run loop
auto	2.7308535085572356	0.0	discard	17_3_in_5	Parallel run loop
auto	1.4735930228764524	0.0	discard	5_3_in_5	Parallel run loop
auto	4.0850521334227805	0.0	discard	36_3_in_5	Parallel run loop
auto	4.5166166626505975	0.0	discard	31_3_in_4	Parallel run loop
auto	2.858502167301829	0.0	discard	13_3_in_4	Parallel run loop
auto	3.8614413852380354	0.0	discard	23_3_in_4	Parallel run loop
auto	5.929597324436657	0.0	discard	48_3_in_4	Parallel run loop
auto	3.822812301971383	0.0	discard	32_3_in_5	Parallel run loop
auto	3.773769728052564	0.0	discard	22_3_in_4	Parallel run loop
auto	3.678384372843491	0.0	discard	21_3_in_4	Parallel run loop
auto	4.998157855515855	0.0	discard	37_3_in_4	Parallel run loop
auto	1.975245266641215	0.0	discard	9_3_in_5	Parallel run loop
auto	2.376788192523703	0.0	discard	13_3_in_5	Parallel run loop
auto	1.741520852127309	0.0	discard	7_3_in_5	Parallel run loop
auto	2.0816703177002123	0.0	discard	10_3_in_5	Parallel run loop
auto	3.943533120687586	0.0	discard	24_3_in_4	Parallel run loop
auto	5.165136920062304	0.0	discard	40_3_in_4	Parallel run loop
auto	5.017081076380262	0.0	discard	49_3_in_5	Parallel run loop
auto	2.282526468782884	0.0	discard	12_3_in_5	Parallel run loop
auto	5.587114090265403	0.0	discard	44_3_in_4	Parallel run loop
auto	2.6402635103222005	0.0	keep	16_3_in_5	Parallel run loop
auto	2.465623966445043	0.0	discard	14_3_in_5	Parallel run loop
auto	5.798888192034757	0.0	discard	47_3_in_4	Parallel run loop
auto	5.282427458982876	0.0	keep	41_3_in_4	Parallel run loop
auto	1.8622739383677647	0.0	discard	8_3_in_5	Parallel run loop
auto	3.9275954464371217	0.0	keep	34_3_in_5	Parallel run loop
auto	5.1373939705447285	0.0	discard	39_3_in_4	Parallel run loop
auto	3.555929255552535	0.0	keep	20_3_in_4	Parallel run loop
auto	5.070686620602649	0.0	discard	50_3_in_5	Parallel run loop
auto	2.1837907099349776	0.0	discard	11_3_in_5	Parallel run loop
auto	3.3568631063954775	0.0	discard	25_3_in_5	Parallel run loop
auto	4.092476862512821	0.0	discard	36_3_in_5	Parallel run loop
auto	4.115596808950082	0.0	discard	26_3_in_4	Parallel run loop
auto	2.732007303710872	0.0	discard	17_3_in_5	Parallel run loop
auto	4.58388874156798	0.0	discard	43_3_in_5	Parallel run loop
auto	2.860126891969476	0.0	discard	13_3_in_4	Parallel run loop
auto	4.640558059439917	0.0	discard	44_3_in_5	Parallel run loop
auto	3.200794980711011	0.0	keep	23_3_in_5	Parallel run loop
auto	4.815216235356625	0.0	discard	35_3_in_4	Parallel run loop
auto	4.915319526260801	0.0	keep	48_3_in_5	Parallel run loop
auto	5.417044351478737	0.0	discard	42_3_in_4	Parallel run loop
auto	1.9752419886073038	0.0	discard	9_3_in_5	Parallel run loop
auto	5.228677701117023	0.0	discard	40_3_in_4	Parallel run loop
auto	4.223182423368272	0.0	discard	38_3_in_5	Parallel run loop
auto	1.612334935277943	0.0	discard	6_3_in_5	Parallel run loop
auto	3.681252045126282	0.0	discard	21_3_in_4	Parallel run loop
auto	2.0816624500400325	0.0	discard	10_3_in_5	Parallel run loop
auto	3.617976051071234	0.0	discard	29_3_in_5	Parallel run loop
auto	1.7415207652163502	0.0	discard	7_3_in_5	Parallel run loop
auto	4.741096075247791	0.0	discard	46_3_in_5	Parallel run loop
auto	2.644247891280687	0.0	discard	16_3_in_5	Parallel run loop
auto	2.4652187605962332	0.0	discard	14_3_in_5	Parallel run loop
auto	2.5559232338788074	0.0	discard	15_3_in_5	Parallel run loop
auto	5.239388915911843	0.0	keep	41_3_in_4	Parallel run loop
auto	3.772431793856755	0.0	discard	22_3_in_4	Parallel run loop
auto	1.8619464760431805	0.0	discard	8_3_in_5	Parallel run loop
auto	3.9461152167487463	0.0	discard	34_3_in_5	Parallel run loop
auto	5.794113313948808	0.0	discard	47_3_in_4	Parallel run loop
auto	2.376183853477225	0.0	discard	13_3_in_5	Parallel run loop
auto	3.5781902777109544	0.0	discard	20_3_in_4	Parallel run loop
auto	2.2810567560643444	0.0	discard	12_3_in_5	Parallel run loop
auto	1.4720175212422872	0.0	discard	5_3_in_5	Parallel run loop
auto	2.7323676487059054	0.0	discard	17_3_in_5	Parallel run loop
auto	4.5121471333184004	0.0	discard	31_3_in_4	Parallel run loop
auto	4.545698950837966	0.0	keep	43_3_in_5	Parallel run loop
auto	4.123124181466853	0.0	discard	26_3_in_4	Parallel run loop
auto	4.010477889407581	0.0	discard	35_3_in_5	Parallel run loop
auto	3.214050405610152	0.0	discard	23_3_in_5	Parallel run loop
auto	3.8213008669137976	0.0	discard	32_3_in_5	Parallel run loop
auto	4.9847754772189905	0.0	discard	37_3_in_4	Parallel run loop
auto	4.834594736876403	0.0	discard	35_3_in_4	Parallel run loop
auto	2.1839791795050525	0.0	discard	11_3_in_5	Parallel run loop
auto	3.2867657182486067	0.0	discard	24_3_in_5	Parallel run loop
auto	1.9752394669748916	0.0	discard	9_3_in_5	Parallel run loop
auto	4.915319526260801	0.0	discard	48_3_in_5	Parallel run loop
auto	1.7415211268108657	0.0	discard	7_3_in_5	Parallel run loop
auto	3.13858163927497	0.0	discard	22_3_in_5	Parallel run loop
auto	4.43601535585848	0.0	discard	41_3_in_5	Parallel run loop
auto	4.338037420792714	0.0	discard	40_3_in_5	Parallel run loop
auto	2.082410107254271	0.0	discard	10_3_in_5	Parallel run loop
auto	5.300918451365578	0.0	discard	41_3_in_4	Parallel run loop
auto	2.5618419556280747	0.0	discard	15_3_in_5	Parallel run loop
auto	2.46658543201319	0.0	discard	14_3_in_5	Parallel run loop
auto	3.923471452589675	0.0	keep	34_3_in_5	Parallel run loop
auto	1.6123349343104063	0.0	discard	6_3_in_5	Parallel run loop
auto	2.6370485097753296	0.0	keep	16_3_in_5	Parallel run loop
auto	3.6178453475505643	0.0	discard	29_3_in_5	Parallel run loop
auto	4.780181091478305	0.0	discard	46_3_in_5	Parallel run loop
auto	2.2825210292601	0.0	discard	12_3_in_5	Parallel run loop
auto	3.4749579846208545	0.0	discard	19_3_in_4	Parallel run loop
auto	2.9636364242807445	0.0	discard	20_3_in_5	Parallel run loop
auto	5.510118396618576	0.0	keep	44_3_in_4	Parallel run loop
auto	2.889276125195163	0.0	keep	19_3_in_5	Parallel run loop
auto	1.4729382517437977	0.0	discard	5_3_in_5	Parallel run loop
auto	5.794978717846507	0.0	discard	46_3_in_4	Parallel run loop
auto	2.7267716268126065	0.0	discard	17_3_in_5	Parallel run loop
auto	1.865150091772716	0.0	discard	8_3_in_5	Parallel run loop
auto	4.5471086147615	0.0	discard	43_3_in_5	Parallel run loop
auto	3.99280955847488	0.0	keep	35_3_in_5	Parallel run loop
auto	3.3548512625620384	0.0	discard	25_3_in_5	Parallel run loop
auto	2.1840005756627887	0.0	discard	11_3_in_5	Parallel run loop
auto	4.669414131048485	0.0	discard	33_3_in_4	Parallel run loop
auto	4.9989739085753895	0.0	discard	37_3_in_4	Parallel run loop
auto	4.825042646460126	0.0	discard	35_3_in_4	Parallel run loop
auto	4.915319526260801	0.0	discard	48_3_in_5	Parallel run loop
auto	3.212510546033262	0.0	discard	23_3_in_5	Parallel run loop
auto	4.407454570116356	0.0	discard	41_3_in_5	Parallel run loop
auto	5.647952956007288	0.0	keep	45_3_in_4	Parallel run loop
auto	3.626194651604767	0.0	discard	29_3_in_5	Parallel run loop
auto	4.337158486578315	0.0	discard	40_3_in_5	Parallel run loop
auto	4.356312031809176	0.0	discard	29_3_in_4	Parallel run loop
auto	1.741302480727963	0.0	keep	7_3_in_5	Parallel run loop
auto	5.879887617876555	0.0	discard	48_3_in_4	Parallel run loop
auto	5.080052420447588	0.0	discard	38_3_in_4	Parallel run loop
auto	2.46692076071614	0.0	discard	14_3_in_5	Parallel run loop
auto	1.9745999816583595	0.0	keep	9_3_in_5	Parallel run loop
auto	3.489016757376917	0.0	discard	19_3_in_4	Parallel run loop
auto	4.128960978773291	0.0	keep	37_3_in_5	Parallel run loop
auto	3.947879099407685	0.0	discard	34_3_in_5	Parallel run loop
auto	2.979874119835598	0.0	discard	20_3_in_5	Parallel run loop
auto	2.6454091069146624	0.0	discard	16_3_in_5	Parallel run loop
auto	4.613193520329596	0.0	discard	44_3_in_5	Parallel run loop
auto	5.251728161491698	0.0	discard	41_3_in_4	Parallel run loop
auto	2.899557486435371	0.0	discard	19_3_in_5	Parallel run loop
auto	5.507143899560233	0.0	keep	44_3_in_4	Parallel run loop
auto	5.2607077896165695	0.0	keep	42_3_in_4	Parallel run loop
auto	2.284152641201089	0.0	discard	12_3_in_5	Parallel run loop
auto	3.423154964041294	0.0	discard	26_3_in_5	Parallel run loop
auto	3.3556612279080955	0.0	discard	25_3_in_5	Parallel run loop
auto	2.7314538930997747	0.0	discard	17_3_in_5	Parallel run loop
auto	4.638921679552324	0.0	keep	33_3_in_4	Parallel run loop
auto	4.549971733868087	0.0	discard	43_3_in_5	Parallel run loop
auto	4.8291095387918155	0.0	discard	35_3_in_4	Parallel run loop
auto	3.952641702922097	0.0	discard	24_3_in_4	Parallel run loop
auto	4.0108940558382296	0.0	discard	35_3_in_5	Parallel run loop
auto	2.377680188257214	0.0	discard	13_3_in_5	Parallel run loop
auto	5.7132249482627175	0.0	discard	45_3_in_4	Parallel run loop
auto	4.934683003968771	0.0	discard	48_3_in_5	Parallel run loop
auto	5.9622688805178194	0.0	discard	48_3_in_4	Parallel run loop
auto	1.741521089253839	0.0	discard	7_3_in_5	Parallel run loop
auto	1.863147342173624	0.0	discard	8_3_in_5	Parallel run loop
auto	4.356791006586825	0.0	discard	29_3_in_4	Parallel run loop
auto	4.3677964743052975	0.0	discard	40_3_in_5	Parallel run loop
auto	2.8576944903029786	0.0	discard	13_3_in_4	Parallel run loop
auto	2.184000119231139	0.0	discard	11_3_in_5	Parallel run loop
auto	2.64632235265758	0.0	discard	16_3_in_5	Parallel run loop
auto	1.9747622290882303	0.0	discard	9_3_in_5	Parallel run loop
auto	4.438726344183587	0.0	discard	41_3_in_5	Parallel run loop
auto	3.765164554072858	0.0	discard	22_3_in_4	Parallel run loop
auto	5.309996556824351	0.0	discard	41_3_in_4	Parallel run loop
auto	2.4659355544552657	0.0	discard	14_3_in_5	Parallel run loop
auto	3.740292630295907	0.0	keep	31_3_in_5	Parallel run loop
auto	3.387695813606559	0.0	discard	18_3_in_4	Parallel run loop
auto	5.47793347153846	0.0	keep	44_3_in_4	Parallel run loop
auto	4.199693166277639	0.0	discard	27_3_in_4	Parallel run loop
auto	4.133010567214957	0.0	discard	37_3_in_5	Parallel run loop
auto	4.211890671734769	0.0	discard	38_3_in_5	Parallel run loop
auto	5.298384715320234	0.0	discard	42_3_in_4	Parallel run loop
auto	1.612334936953984	0.0	discard	6_3_in_5	Parallel run loop
auto	3.5468551195181495	0.0	discard	28_3_in_5	Parallel run loop
auto	4.511461568353446	0.0	discard	31_3_in_4	Parallel run loop
auto	3.822590015910944	0.0	discard	32_3_in_5	Parallel run loop
auto	4.831035797280756	0.0	discard	35_3_in_4	Parallel run loop
auto	4.2821596558921735	0.0	discard	28_3_in_4	Parallel run loop
auto	3.287251039359204	0.0	discard	24_3_in_5	Parallel run loop
auto	4.532666431949152	0.0	keep	43_3_in_5	Parallel run loop
auto	3.6731964592442723	0.0	discard	21_3_in_4	Parallel run loop
auto	4.064967614482476	0.0	discard	36_3_in_5	Parallel run loop
auto	4.667308396814935	0.0	discard	33_3_in_4	Parallel run loop
auto	3.0607699640967896	0.0	discard	21_3_in_5	Parallel run loop
auto	3.125966412039639	0.0	discard	22_3_in_5	Parallel run loop
auto	2.280693190144371	0.0	discard	12_3_in_5	Parallel run loop
auto	2.8574940526862185	0.0	keep	13_3_in_4	Parallel run loop
auto	4.861753263418145	0.0	keep	49_3_in_5	Parallel run loop
auto	5.932996747424285	0.0	discard	48_3_in_4	Parallel run loop
auto	2.184087528755134	0.0	discard	11_3_in_5	Parallel run loop
auto	1.9752434868994524	0.0	discard	9_3_in_5	Parallel run loop
auto	4.948840981263765	0.0	discard	50_3_in_5	Parallel run loop
auto	3.7468315733292363	0.0	discard	31_3_in_5	Parallel run loop
auto	1.861825545957237	0.0	keep	8_3_in_5	Parallel run loop
auto	3.77257493111911	0.0	discard	22_3_in_4	Parallel run loop
auto	5.247521742555183	0.0	discard	40_3_in_4	Parallel run loop
auto	4.892190565013793	0.0	keep	36_3_in_4	Parallel run loop
auto	4.196040143767096	0.0	keep	27_3_in_4	Parallel run loop
auto	4.426349142311938	0.0	discard	41_3_in_5	Parallel run loop
auto	4.191757338454755	0.0	keep	38_3_in_5	Parallel run loop
auto	1.7415209482113003	0.0	discard	7_3_in_5	Parallel run loop
auto	4.112096542709368	0.0	keep	37_3_in_5	Parallel run loop
auto	5.530008168223557	0.0	discard	44_3_in_4	Parallel run loop
auto	5.268298604438345	0.0	discard	42_3_in_4	Parallel run loop
auto	4.1151692531083865	0.0	discard	26_3_in_4	Parallel run loop
auto	5.722208477212925	0.0	keep	46_3_in_4	Parallel run loop
auto	3.5407095898404486	0.0	discard	28_3_in_5	Parallel run loop
auto	4.5258992879828135	0.0	discard	31_3_in_4	Parallel run loop
auto	5.076672643865842	0.0	discard	38_3_in_4	Parallel run loop
auto	4.663132632882893	0.0	discard	33_3_in_4	Parallel run loop
auto	4.568446141774649	0.0	discard	43_3_in_5	Parallel run loop
auto	3.883971622498746	0.0	discard	33_3_in_5	Parallel run loop
auto	3.425231302967463	0.0	discard	26_3_in_5	Parallel run loop
auto	4.081934814214522	0.0	discard	36_3_in_5	Parallel run loop
auto	4.644310240700544	0.0	discard	44_3_in_5	Parallel run loop
auto	2.2817345601383994	0.0	discard	12_3_in_5	Parallel run loop
auto	3.677568826009939	0.0	discard	21_3_in_4	Parallel run loop
auto	3.139804286879844	0.0	discard	22_3_in_5	Parallel run loop
auto	4.580862027825861	0.0	discard	32_3_in_4	Parallel run loop
auto	3.941584563803553	0.0	discard	24_3_in_4	Parallel run loop
auto	4.898177197784849	0.0	discard	49_3_in_5	Parallel run loop
auto	2.8576779410511337	0.0	discard	13_3_in_4	Parallel run loop
auto	4.159908794659079	0.0	keep	38_3_in_5	Parallel run loop
auto	2.0853963397076267	0.0	discard	10_3_in_5	Parallel run loop
auto	5.060936103773458	0.0	discard	50_3_in_5	Parallel run loop
auto	1.8629992811519858	0.0	discard	8_3_in_5	Parallel run loop
auto	3.737583442918365	0.0	discard	22_3_in_4	Parallel run loop
auto	4.1948690585594	0.0	keep	27_3_in_4	Parallel run loop
auto	4.25412969787667	0.0	discard	39_3_in_5	Parallel run loop
auto	4.89348638628278	0.0	discard	36_3_in_4	Parallel run loop
auto	2.3768244014957953	0.0	discard	13_3_in_5	Parallel run loop
auto	4.124584868330643	0.0	discard	37_3_in_5	Parallel run loop
auto	5.507143899560233	0.0	discard	44_3_in_4	Parallel run loop
auto	4.412844141126257	0.0	discard	41_3_in_5	Parallel run loop
auto	1.9752374293685684	0.0	discard	9_3_in_5	Parallel run loop
auto	5.355439835214768	0.0	discard	42_3_in_4	Parallel run loop
auto	4.713691172240886	0.0	discard	46_3_in_5	Parallel run loop
auto	3.5580373358654924	0.0	discard	28_3_in_5	Parallel run loop
auto	1.7415209924244952	0.0	discard	7_3_in_5	Parallel run loop
auto	3.8451034073643178	0.0	discard	23_3_in_4	Parallel run loop
auto	5.761724730717903	0.0	discard	46_3_in_4	Parallel run loop
auto	4.119465178405683	0.0	discard	26_3_in_4	Parallel run loop
auto	4.670161487667832	0.0	discard	33_3_in_4	Parallel run loop
auto	4.093829703998814	0.0	discard	36_3_in_5	Parallel run loop
auto	3.9502779887954635	0.0	discard	24_3_in_4	Parallel run loop
auto	2.5566795035996788	0.0	discard	15_3_in_5	Parallel run loop
auto	3.492079490670368	0.0	discard	27_3_in_5	Parallel run loop
auto	3.3659064048143965	0.0	keep	18_3_in_4	Parallel run loop
auto	4.708662387201879	0.0	discard	45_3_in_5	Parallel run loop
auto	1.4723570500599985	0.0	discard	5_3_in_5	Parallel run loop
auto	1.6121328531934824	0.0	keep	6_3_in_5	Parallel run loop
auto	5.000729469232406	0.0	discard	49_3_in_5	Parallel run loop
auto	3.681571753636822	0.0	discard	21_3_in_4	Parallel run loop
auto	4.2009772089052495	0.0	discard	38_3_in_5	Parallel run loop
auto	2.8582316921561732	0.0	discard	13_3_in_4	Parallel run loop
auto	4.908196057615982	0.0	discard	36_3_in_4	Parallel run loop
auto	3.8198535233815396	0.0	discard	32_3_in_5	Parallel run loop
auto	4.993428565386346	0.0	discard	37_3_in_4	Parallel run loop
auto	4.268402373486384	0.0	discard	39_3_in_5	Parallel run loop
auto	4.275861794730384	0.0	discard	28_3_in_4	Parallel run loop
auto	4.1116488573498735	0.0	keep	37_3_in_5	Parallel run loop
auto	4.195409358164298	0.0	discard	27_3_in_4	Parallel run loop
auto	5.387324351752546	0.0	keep	43_3_in_4	Parallel run loop
auto	3.7662234633119733	0.0	discard	22_3_in_4	Parallel run loop
auto	5.39801657813848	0.0	discard	42_3_in_4	Parallel run loop
auto	5.559905649836012	0.0	discard	44_3_in_4	Parallel run loop
auto	1.9760193267190667	0.0	discard	9_3_in_5	Parallel run loop
auto	4.377198899135384	0.0	keep	41_3_in_5	Parallel run loop
auto	3.866711833663175	0.0	discard	23_3_in_4	Parallel run loop
auto	4.809234157448433	0.0	discard	46_3_in_5	Parallel run loop
auto	4.123189681877966	0.0	discard	26_3_in_4	Parallel run loop
auto	1.741992950058115	0.0	discard	7_3_in_5	Parallel run loop
auto	3.3730549320294476	0.0	discard	18_3_in_4	Parallel run loop
auto	1.8618284059158525	0.0	discard	8_3_in_5	Parallel run loop
auto	3.286334413452948	0.0	discard	24_3_in_5	Parallel run loop
auto	5.563590171770927	0.0	keep	47_3_in_4	Parallel run loop
auto	4.750041563550544	0.0	discard	34_3_in_4	Parallel run loop
auto	3.061378377050752	0.0	discard	21_3_in_5	Parallel run loop
auto	3.4948919253688073	0.0	discard	27_3_in_5	Parallel run loop
auto	1.6123349427304685	0.0	discard	6_3_in_5	Parallel run loop
auto	2.989593146189021	0.0	discard	20_3_in_5	Parallel run loop
auto	3.816607698500155	0.0	discard	32_3_in_5	Parallel run loop
auto	4.9800798487191305	0.0	discard	49_3_in_5	Parallel run loop
auto	2.8578976750860554	0.0	discard	13_3_in_4	Parallel run loop
auto	3.4928950013620854	0.0	discard	19_3_in_4	Parallel run loop
auto	4.21401571905601	0.0	discard	38_3_in_5	Parallel run loop
auto	1.473245283870909	0.0	discard	5_3_in_5	Parallel run loop
auto	4.958817684219711	0.0	discard	37_3_in_4	Parallel run loop
auto	5.460261284341275	0.0	discard	43_3_in_4	Parallel run loop
auto	2.8950194265201956	0.0	discard	19_3_in_5	Parallel run loop
auto	5.615988604415179	0.0	keep	45_3_in_4	Parallel run loop
auto	5.226374125857576	0.0	discard	40_3_in_4	Parallel run loop
auto	4.287941432631569	0.0	discard	39_3_in_5	Parallel run loop
auto	4.20166032174916	0.0	discard	27_3_in_4	Parallel run loop
auto	3.764686834268154	0.0	discard	22_3_in_4	Parallel run loop
auto	4.145917038705444	0.0	discard	37_3_in_5	Parallel run loop
auto	2.18375650922241	0.0	discard	11_3_in_5	Parallel run loop
auto	3.351616666744678	0.0	discard	25_3_in_5	Parallel run loop
auto	2.805303726163589	0.0	discard	18_3_in_5	Parallel run loop
auto	4.406409006698152	0.0	discard	41_3_in_5	Parallel run loop
auto	4.619614987312692	0.0	discard	44_3_in_5	Parallel run loop
auto	3.8785305936072336	0.0	discard	33_3_in_5	Parallel run loop
auto	4.3600640488344835	0.0	discard	29_3_in_4	Parallel run loop
auto	5.028276482423163	0.0	discard	38_3_in_4	Parallel run loop
auto	3.3878578123067733	0.0	discard	18_3_in_4	Parallel run loop
auto	1.9752431543759215	0.0	discard	9_3_in_5	Parallel run loop
auto	3.426096090722829	0.0	discard	26_3_in_5	Parallel run loop
auto	1.8621727149016296	0.0	discard	8_3_in_5	Parallel run loop
auto	1.472991955853758	0.0	discard	5_3_in_5	Parallel run loop
auto	2.082130793006534	0.0	discard	10_3_in_5	Parallel run loop
auto	5.666496767748144	0.0	discard	47_3_in_4	Parallel run loop
auto	4.861227389105084	0.0	discard	47_3_in_5	Parallel run loop
auto	5.000729469232406	0.0	discard	49_3_in_5	Parallel run loop
auto	3.818753300532484	0.0	discard	32_3_in_5	Parallel run loop
auto	1.7419930290413932	0.0	discard	7_3_in_5	Parallel run loop
auto	3.196245137156039	0.0	keep	23_3_in_5	Parallel run loop
auto	2.377114870720469	0.0	discard	13_3_in_5	Parallel run loop
auto	4.97301427680519	0.0	discard	37_3_in_4	Parallel run loop
auto	5.47018034860416	0.0	discard	43_3_in_4	Parallel run loop
auto	5.1558851422383265	0.0	discard	39_3_in_4	Parallel run loop
auto	5.231028209256738	0.0	discard	40_3_in_4	Parallel run loop
auto	4.594857279559144	0.0	discard	32_3_in_4	Parallel run loop
auto	2.899291336704032	0.0	discard	19_3_in_5	Parallel run loop
auto	2.281121344484355	0.0	discard	12_3_in_5	Parallel run loop
auto	3.620442207097806	0.0	discard	29_3_in_5	Parallel run loop
auto	3.3485939995796397	0.0	discard	25_3_in_5	Parallel run loop
auto	3.750882172214016	0.0	discard	31_3_in_5	Parallel run loop
auto	2.8153774063989676	0.0	discard	18_3_in_5	Parallel run loop
auto	5.5747233358041175	0.0	keep	45_3_in_4	Parallel run loop
auto	3.774698185789025	0.0	discard	22_3_in_4	Parallel run loop
auto	2.183513454436132	0.0	discard	11_3_in_5	Parallel run loop
auto	4.346976905423606	0.0	keep	41_3_in_5	Parallel run loop
auto	2.5538931928485025	0.0	discard	15_3_in_5	Parallel run loop
auto	3.690226423516163	0.0	discard	30_3_in_5	Parallel run loop
auto	3.8803534687458225	0.0	discard	33_3_in_5	Parallel run loop
auto	4.559518809134679	0.0	keep	44_3_in_5	Parallel run loop
auto	4.662173874890604	0.0	discard	45_3_in_5	Parallel run loop
auto	4.512343681745255	0.0	discard	31_3_in_4	Parallel run loop
auto	3.406456655634964	0.0	discard	26_3_in_5	Parallel run loop
auto	1.861828577294159	0.0	discard	8_3_in_5	Parallel run loop
auto	4.4404243683460605	0.0	discard	30_3_in_4	Parallel run loop
auto	3.7978788551625318	0.0	keep	32_3_in_5	Parallel run loop
auto	4.28273088524133	0.0	discard	28_3_in_4	Parallel run loop
auto	1.9752452301473202	0.0	discard	9_3_in_5	Parallel run loop
auto	4.016641778510792	0.0	discard	35_3_in_5	Parallel run loop
auto	2.9018956703847496	0.0	discard	19_3_in_5	Parallel run loop
auto	3.12758009682115	0.0	discard	22_3_in_5	Parallel run loop
auto	3.2061001771265123	0.0	discard	23_3_in_5	Parallel run loop
auto	4.979091903166594	0.0	discard	37_3_in_4	Parallel run loop
auto	3.2882086849229664	0.0	discard	24_3_in_5	Parallel run loop
auto	2.281806786845854	0.0	discard	12_3_in_5	Parallel run loop
auto	2.980028183227876	0.0	discard	20_3_in_5	Parallel run loop
auto	4.752732187376625	0.0	discard	34_3_in_4	Parallel run loop
auto	1.7415208109819311	0.0	discard	7_3_in_5	Parallel run loop
auto	3.0583086575029306	0.0	discard	21_3_in_5	Parallel run loop
auto	2.1837890241842888	0.0	discard	11_3_in_5	Parallel run loop
auto	4.342567092575126	0.0	discard	40_3_in_5	Parallel run loop
auto	3.6206919956293455	0.0	discard	29_3_in_5	Parallel run loop
auto	5.7015861808794295	0.0	discard	45_3_in_4	Parallel run loop
auto	3.484824579557127	0.0	discard	19_3_in_4	Parallel run loop
auto	4.401336787130617	0.0	discard	41_3_in_5	Parallel run loop
auto	3.7523837989599076	0.0	discard	31_3_in_5	Parallel run loop
auto	3.3541575882537047	0.0	discard	25_3_in_5	Parallel run loop
auto	5.038237152105902	0.0	discard	50_3_in_5	Parallel run loop
auto	4.488436223051359	0.0	discard	42_3_in_5	Parallel run loop
auto	4.519151827282252	0.0	discard	31_3_in_4	Parallel run loop
auto	3.423904039797705	0.0	discard	26_3_in_5	Parallel run loop
auto	4.595443709690094	0.0	discard	44_3_in_5	Parallel run loop
auto	2.5602942598579355	0.0	discard	15_3_in_5	Parallel run loop
auto	4.710714837233404	0.0	discard	45_3_in_5	Parallel run loop
auto	5.050501918393193	0.0	discard	38_3_in_4	Parallel run loop
auto	5.750566983266424	0.0	discard	46_3_in_4	Parallel run loop
auto	4.362741874026145	0.0	discard	29_3_in_4	Parallel run loop
auto	3.81453626238177	0.0	discard	32_3_in_5	Parallel run loop
auto	5.976799738945055	0.0	discard	48_3_in_4	Parallel run loop
auto	2.0822839873152965	0.0	discard	10_3_in_5	Parallel run loop
auto	4.848298696670875	0.0	discard	47_3_in_5	Parallel run loop
auto	3.987475772993807	0.0	keep	35_3_in_5	Parallel run loop
auto	4.904891093643268	0.0	keep	48_3_in_5	Parallel run loop
auto	3.1111507976186643	0.0	keep	22_3_in_5	Parallel run loop
auto	2.281774719396906	0.0	discard	12_3_in_5	Parallel run loop
auto	2.3760423411412983	0.0	discard	13_3_in_5	Parallel run loop
auto	1.7415212643818043	0.0	discard	7_3_in_5	Parallel run loop
auto	4.975718060171866	0.0	discard	37_3_in_4	Parallel run loop
auto	1.862273227685253	0.0	discard	8_3_in_5	Parallel run loop
auto	3.9470266359230797	0.0	discard	24_3_in_4	Parallel run loop
auto	3.9444518736456886	0.0	discard	34_3_in_5	Parallel run loop
auto	2.183947151240954	0.0	discard	11_3_in_5	Parallel run loop
auto	4.350306184780458	0.0	discard	40_3_in_5	Parallel run loop
auto	3.7510097520858428	0.0	discard	31_3_in_5	Parallel run loop
auto	3.4793306605229857	0.0	discard	19_3_in_4	Parallel run loop
auto	4.589587650660373	0.0	discard	32_3_in_4	Parallel run loop
auto	5.143380928063102	0.0	discard	39_3_in_4	Parallel run loop
auto	4.4106555025540235	0.0	discard	41_3_in_5	Parallel run loop
auto	3.3523414627546697	0.0	discard	25_3_in_5	Parallel run loop
auto	4.025502424434585	0.0	discard	25_3_in_4	Parallel run loop
auto	2.737913535287059	0.0	discard	17_3_in_5	Parallel run loop
auto	1.9747783737162115	0.0	discard	9_3_in_5	Parallel run loop
auto	4.766984861463623	0.0	discard	46_3_in_5	Parallel run loop
auto	4.501108891407314	0.0	discard	42_3_in_5	Parallel run loop
auto	4.598252129690084	0.0	discard	44_3_in_5	Parallel run loop
auto	4.364930726176143	0.0	discard	29_3_in_4	Parallel run loop
auto	3.8230367666316996	0.0	discard	32_3_in_5	Parallel run loop
auto	3.8614661402104886	0.0	discard	23_3_in_4	Parallel run loop
auto	3.484782289677088	0.0	keep	27_3_in_5	Parallel run loop
auto	2.46445572349768	0.0	discard	14_3_in_5	Parallel run loop
auto	3.558344440885539	0.0	discard	28_3_in_5	Parallel run loop
auto	5.723060973112493	0.0	discard	46_3_in_4	Parallel run loop
auto	4.015817229434117	0.0	discard	35_3_in_5	Parallel run loop
auto	4.904891093643268	0.0	discard	48_3_in_5	Parallel run loop
auto	3.682331185717538	0.0	discard	30_3_in_5	Parallel run loop
auto	3.137509002541995	0.0	discard	22_3_in_5	Parallel run loop
auto	4.442841456224359	0.0	discard	30_3_in_4	Parallel run loop
auto	4.2830134468568914	0.0	discard	28_3_in_4	Parallel run loop
auto	4.079956994876601	0.0	discard	36_3_in_5	Parallel run loop
auto	4.989361920385847	0.0	discard	37_3_in_4	Parallel run loop
auto	2.3839817314833853	0.0	discard	13_3_in_5	Parallel run loop
auto	1.6123349306873853	0.0	discard	6_3_in_5	Parallel run loop
auto	1.8625283844678815	0.0	discard	8_3_in_5	Parallel run loop
auto	2.1839576663429954	0.0	discard	11_3_in_5	Parallel run loop
auto	3.6800300851241263	0.0	discard	21_3_in_4	Parallel run loop
auto	5.821150800797809	0.0	discard	47_3_in_4	Parallel run loop
auto	1.741520798299917	0.0	discard	7_3_in_5	Parallel run loop
auto	3.3492363271068823	0.0	discard	25_3_in_5	Parallel run loop
auto	3.0512499398194173	0.0	discard	21_3_in_5	Parallel run loop
auto	4.7439128607154295	0.0	discard	34_3_in_4	Parallel run loop
auto	3.2751135661928643	0.0	discard	24_3_in_5	Parallel run loop
auto	2.9778784861815017	0.0	discard	20_3_in_5	Parallel run loop
auto	1.9752355393538408	0.0	discard	9_3_in_5	Parallel run loop
auto	5.080762807461953	0.0	discard	50_3_in_5	Parallel run loop
auto	5.2334266494413555	0.0	discard	40_3_in_4	Parallel run loop
auto	4.913688617582608	0.0	discard	36_3_in_4	Parallel run loop
auto	4.53941936918705	0.0	keep	44_3_in_5	Parallel run loop
auto	2.646748170403518	0.0	discard	16_3_in_5	Parallel run loop
auto	5.344340597136543	0.0	discard	41_3_in_4	Parallel run loop
auto	3.4937866324078284	0.0	discard	27_3_in_5	Parallel run loop
auto	4.119736838607519	0.0	discard	26_3_in_4	Parallel run loop
auto	2.468274690562742	0.0	discard	14_3_in_5	Parallel run loop
auto	3.6900136585431866	0.0	discard	30_3_in_5	Parallel run loop
auto	2.8150458620539838	0.0	discard	18_3_in_5	Parallel run loop
auto	5.003479419196687	0.0	keep	38_3_in_4	Parallel run loop
auto	4.917997248684821	0.0	discard	48_3_in_5	Parallel run loop
auto	4.2780287900676415	0.0	discard	28_3_in_4	Parallel run loop
auto	5.8915301174018735	0.0	discard	48_3_in_4	Parallel run loop
auto	5.759468844103423	0.0	discard	46_3_in_4	Parallel run loop
auto	4.084658495745539	0.0	discard	36_3_in_5	Parallel run loop
auto	3.6771208951325876	0.0	discard	21_3_in_4	Parallel run loop
auto	1.612771820598636	0.0	discard	6_3_in_5	Parallel run loop
auto	1.7419931843758547	0.0	discard	7_3_in_5	Parallel run loop
auto	3.8749145300602232	0.0	discard	33_3_in_5	Parallel run loop
auto	3.3424667499730587	0.0	discard	25_3_in_5	Parallel run loop
auto	3.2816706093052	0.0	discard	24_3_in_5	Parallel run loop
auto	3.0610328761594787	0.0	discard	21_3_in_5	Parallel run loop
auto	2.0821242474487414	0.0	discard	10_3_in_5	Parallel run loop
auto	4.869176772209432	0.0	discard	47_3_in_5	Parallel run loop
auto	3.940697840475364	0.0	discard	24_3_in_4	Parallel run loop
auto	3.92798373948752	0.0	discard	34_3_in_5	Parallel run loop
auto	4.81202790348503	0.0	discard	35_3_in_4	Parallel run loop
auto	3.209190569666925	0.0	discard	23_3_in_5	Parallel run loop
auto	5.11556801376883	0.0	discard	39_3_in_4	Parallel run loop
auto	4.594869531729368	0.0	discard	32_3_in_4	Parallel run loop
auto	1.8622698752319378	0.0	discard	8_3_in_5	Parallel run loop
auto	4.873185402167506	0.0	keep	36_3_in_4	Parallel run loop
auto	1.9772469189045083	0.0	discard	9_3_in_5	Parallel run loop
auto	4.090145161669469	0.0	keep	26_3_in_4	Parallel run loop
auto	4.622926771052484	0.0	discard	44_3_in_5	Parallel run loop
auto	4.288863290939708	0.0	discard	39_3_in_5	Parallel run loop
auto	3.4940101836587867	0.0	discard	27_3_in_5	Parallel run loop
auto	4.039849444339109	0.0	discard	25_3_in_4	Parallel run loop
auto	2.739194776551938	0.0	discard	17_3_in_5	Parallel run loop
auto	4.814448867625991	0.0	discard	46_3_in_5	Parallel run loop
auto	3.865004416994504	0.0	discard	23_3_in_4	Parallel run loop
auto	5.100913327074751	0.0	discard	38_3_in_4	Parallel run loop
auto	4.721307684388859	0.0	discard	45_3_in_5	Parallel run loop
auto	3.5622497846848282	0.0	discard	28_3_in_5	Parallel run loop
auto	3.5975614203413757	0.0	keep	29_3_in_5	Parallel run loop
auto	4.286373504450072	0.0	discard	28_3_in_4	Parallel run loop
auto	2.5573206020053934	0.0	discard	15_3_in_5	Parallel run loop
auto	1.4735920349924307	0.0	discard	5_3_in_5	Parallel run loop
auto	3.8731049118160197	0.0	discard	33_3_in_5	Parallel run loop
auto	2.082180993568058	0.0	discard	10_3_in_5	Parallel run loop
auto	4.436378520124871	0.0	discard	30_3_in_4	Parallel run loop
auto	3.35405237523908	0.0	discard	25_3_in_5	Parallel run loop
auto	3.3941934149460877	0.0	discard	18_3_in_4	Parallel run loop
auto	4.517482763933968	0.0	discard	31_3_in_4	Parallel run loop
auto	3.921397080025062	0.0	keep	34_3_in_5	Parallel run loop
auto	5.362936819342942	0.0	keep	43_3_in_4	Parallel run loop
auto	4.80386310538611	0.0	keep	35_3_in_4	Parallel run loop
auto	3.276095647133475	0.0	discard	24_3_in_5	Parallel run loop
auto	3.946937444447185	0.0	discard	24_3_in_4	Parallel run loop
auto	3.178503447710973	0.0	keep	23_3_in_5	Parallel run loop
auto	5.113665255020332	0.0	discard	39_3_in_4	Parallel run loop
auto	4.855207569977713	0.0	keep	36_3_in_4	Parallel run loop
auto	4.754770299001342	0.0	discard	34_3_in_4	Parallel run loop
auto	1.7415209229293795	0.0	discard	7_3_in_5	Parallel run loop
auto	4.576920145975488	0.0	discard	32_3_in_4	Parallel run loop
auto	3.589803056266868	0.0	discard	20_3_in_4	Parallel run loop
auto	4.370189482288758	0.0	discard	40_3_in_5	Parallel run loop
auto	3.4878601022877502	0.0	discard	19_3_in_4	Parallel run loop
auto	4.292645028691155	0.0	discard	39_3_in_5	Parallel run loop
auto	4.115710222050206	0.0	discard	26_3_in_4	Parallel run loop
auto	1.8622733053150105	0.0	discard	8_3_in_5	Parallel run loop
auto	4.689279261767693	0.0	discard	45_3_in_5	Parallel run loop
auto	2.983670866266292	0.0	discard	20_3_in_5	Parallel run loop
auto	3.625225971555021	0.0	discard	29_3_in_5	Parallel run loop
auto	5.074579589451149	0.0	discard	50_3_in_5	Parallel run loop
auto	2.5576858109517837	0.0	discard	15_3_in_5	Parallel run loop
auto	2.6447073279870934	0.0	discard	16_3_in_5	Parallel run loop
auto	3.355727311895116	0.0	discard	25_3_in_5	Parallel run loop
auto	2.9011288787282723	0.0	discard	19_3_in_5	Parallel run loop
auto	5.86088578299584	0.0	discard	47_3_in_4	Parallel run loop
auto	5.4153264614506575	0.0	discard	43_3_in_4	Parallel run loop
auto	4.80288561700123	0.0	keep	35_3_in_4	Parallel run loop
auto	5.603833610537377	0.0	discard	45_3_in_4	Parallel run loop
auto	4.672131677129943	0.0	discard	33_3_in_4	Parallel run loop
auto	5.186395970815428	0.0	discard	40_3_in_4	Parallel run loop
auto	2.0834021480082696	0.0	discard	10_3_in_5	Parallel run loop
auto	3.883433841059457	0.0	discard	33_3_in_5	Parallel run loop
auto	5.297802520874435	0.0	discard	41_3_in_4	Parallel run loop
auto	3.2743103921974965	0.0	discard	24_3_in_5	Parallel run loop
auto	2.806940223380176	0.0	discard	18_3_in_5	Parallel run loop
auto	3.2020178361971157	0.0	discard	23_3_in_5	Parallel run loop
auto	3.9368576348695354	0.0	discard	34_3_in_5	Parallel run loop
auto	5.090643765807064	0.0	discard	39_3_in_4	Parallel run loop
auto	4.884898331846194	0.0	discard	36_3_in_4	Parallel run loop
auto	4.501511108475899	0.0	keep	43_3_in_5	Parallel run loop
auto	4.472073747520985	0.0	discard	42_3_in_5	Parallel run loop
auto	4.588379290208047	0.0	discard	32_3_in_4	Parallel run loop
auto	4.363992644333877	0.0	discard	29_3_in_4	Parallel run loop
auto	4.122481078097387	0.0	discard	26_3_in_4	Parallel run loop
auto	3.6130225660796396	0.0	discard	29_3_in_5	Parallel run loop
auto	3.4834961094264556	0.0	discard	19_3_in_4	Parallel run loop
auto	5.463160843043507	0.0	discard	42_3_in_4	Parallel run loop
auto	5.996814663389013	0.0	discard	48_3_in_4	Parallel run loop
auto	2.376252190849636	0.0	discard	13_3_in_5	Parallel run loop
auto	2.7331598165439797	0.0	discard	17_3_in_5	Parallel run loop
auto	4.737110659037927	0.0	discard	45_3_in_5	Parallel run loop
auto	2.281160740395194	0.0	discard	12_3_in_5	Parallel run loop
auto	4.743893703613669	0.0	discard	47_3_in_5	Parallel run loop
auto	1.7415213554575293	0.0	discard	7_3_in_5	Parallel run loop
auto	3.4128861078981187	0.0	discard	26_3_in_5	Parallel run loop
auto	5.205715198843607	0.0	discard	40_3_in_4	Parallel run loop
auto	2.85800979240017	0.0	discard	13_3_in_4	Parallel run loop
auto	4.031642915555777	0.0	discard	25_3_in_4	Parallel run loop
auto	4.7894560122898095	0.0	discard	46_3_in_5	Parallel run loop
auto	4.83512348743006	0.0	discard	35_3_in_4	Parallel run loop
auto	5.281935413889523	0.0	discard	41_3_in_4	Parallel run loop
auto	1.8625278381907544	0.0	discard	8_3_in_5	Parallel run loop
auto	5.639011370907293	0.0	discard	45_3_in_4	Parallel run loop
auto	4.19126175551533	0.0	discard	38_3_in_5	Parallel run loop
auto	3.859886681529355	0.0	discard	23_3_in_4	Parallel run loop
auto	3.9447223664625923	0.0	discard	34_3_in_5	Parallel run loop
auto	3.2653207001879005	0.0	discard	24_3_in_5	Parallel run loop
auto	2.8027682661513866	0.0	discard	18_3_in_5	Parallel run loop
auto	3.752559168276142	0.0	discard	31_3_in_5	Parallel run loop
auto	5.087310109199051	0.0	keep	39_3_in_4	Parallel run loop
auto	4.918991752152422	0.0	discard	36_3_in_4	Parallel run loop
auto	4.201853485095585	0.0	discard	27_3_in_4	Parallel run loop
auto	4.493924228272134	0.0	discard	42_3_in_5	Parallel run loop
auto	4.120704841297614	0.0	discard	26_3_in_4	Parallel run loop
auto	3.388983482069515	0.0	discard	18_3_in_4	Parallel run loop
auto	4.596047595394476	0.0	discard	32_3_in_4	Parallel run loop
auto	3.4911849899890632	0.0	discard	19_3_in_4	Parallel run loop
auto	3.689105641415202	0.0	discard	30_3_in_5	Parallel run loop
auto	4.521480299677108	0.0	discard	43_3_in_5	Parallel run loop
auto	3.626281239317357	0.0	discard	29_3_in_5	Parallel run loop
auto	2.376686696691942	0.0	discard	13_3_in_5	Parallel run loop
auto	3.4228367222673124	0.0	discard	26_3_in_5	Parallel run loop
auto	2.465178612100705	0.0	discard	14_3_in_5	Parallel run loop
auto	3.5575865157565896	0.0	discard	28_3_in_5	Parallel run loop
auto	2.2828463356619753	0.0	discard	12_3_in_5	Parallel run loop
auto	1.6123349319774278	0.0	discard	6_3_in_5	Parallel run loop
auto	4.7480943727201375	0.0	discard	47_3_in_5	Parallel run loop
auto	4.071158098037037	0.0	discard	36_3_in_5	Parallel run loop
auto	5.225239631965783	0.0	discard	40_3_in_4	Parallel run loop
auto	4.219228847953709	0.0	discard	38_3_in_5	Parallel run loop
auto	4.430692479862689	0.0	discard	30_3_in_4	Parallel run loop
auto	4.511012361479802	0.0	discard	31_3_in_4	Parallel run loop
auto	4.022465532823228	0.0	discard	35_3_in_5	Parallel run loop
auto	2.8155364596357235	0.0	discard	18_3_in_5	Parallel run loop
auto	1.7415207886861965	0.0	discard	7_3_in_5	Parallel run loop
auto	1.4723585422181367	0.0	discard	5_3_in_5	Parallel run loop
auto	3.27607519606322	0.0	discard	24_3_in_5	Parallel run loop
auto	3.6778780092751195	0.0	discard	21_3_in_4	Parallel run loop
auto	4.734183976938621	0.0	discard	34_3_in_4	Parallel run loop
auto	4.971696999360521	0.0	discard	49_3_in_5	Parallel run loop
auto	3.5842564819388483	0.0	discard	20_3_in_4	Parallel run loop
auto	5.083545339704124	0.0	keep	39_3_in_4	Parallel run loop
auto	3.118509002944388	0.0	discard	22_3_in_5	Parallel run loop
auto	5.82983700250971	0.0	discard	47_3_in_4	Parallel run loop
auto	3.0595476058723476	0.0	discard	21_3_in_5	Parallel run loop
auto	4.335426874249968	0.0	discard	40_3_in_5	Parallel run loop
auto	4.437376086504897	0.0	discard	42_3_in_5	Parallel run loop
auto	3.691714675555753	0.0	discard	30_3_in_5	Parallel run loop
auto	2.3772535600574756	0.0	discard	13_3_in_5	Parallel run loop
auto	2.9840633829943117	0.0	discard	20_3_in_5	Parallel run loop
auto	5.561389735436036	0.0	discard	44_3_in_4	Parallel run loop
auto	4.565205935851734	0.0	discard	43_3_in_5	Parallel run loop
auto	5.05461090924511	0.0	discard	50_3_in_5	Parallel run loop
auto	3.4231984837613774	0.0	discard	26_3_in_5	Parallel run loop
auto	5.690435029094675	0.0	keep	46_3_in_4	Parallel run loop
auto	4.655111726180373	0.0	discard	33_3_in_4	Parallel run loop
auto	5.244840757282829	0.0	discard	40_3_in_4	Parallel run loop
auto	2.471036019478588	0.0	discard	14_3_in_5	Parallel run loop
auto	2.9035513162516793	0.0	discard	19_3_in_5	Parallel run loop
auto	4.435247274091654	0.0	discard	30_3_in_4	Parallel run loop
auto	4.076228129168676	0.0	discard	36_3_in_5	Parallel run loop
auto	4.906759601986733	0.0	discard	47_3_in_5	Parallel run loop
auto	1.8622693591596882	0.0	discard	8_3_in_5	Parallel run loop
auto	4.518654857818839	0.0	discard	31_3_in_4	Parallel run loop
auto	2.642663897110049	0.0	discard	16_3_in_5	Parallel run loop
auto	1.7415209020091427	0.0	discard	7_3_in_5	Parallel run loop
auto	3.281862975261556	0.0	discard	24_3_in_5	Parallel run loop
auto	5.0721030902387945	0.0	discard	38_3_in_4	Parallel run loop
auto	4.355805272659704	0.0	discard	29_3_in_4	Parallel run loop
auto	5.787941157328067	0.0	keep	48_3_in_4	Parallel run loop
auto	4.734302395643976	0.0	discard	34_3_in_4	Parallel run loop
auto	4.137731294272307	0.0	discard	37_3_in_5	Parallel run loop
auto	5.385694407660759	0.0	discard	42_3_in_4	Parallel run loop
auto	5.100251467359226	0.0	discard	39_3_in_4	Parallel run loop
auto	3.0388273599739866	0.0	keep	21_3_in_5	Parallel run loop
auto	4.475659542793828	0.0	discard	42_3_in_5	Parallel run loop
auto	3.9489720404264297	0.0	discard	24_3_in_4	Parallel run loop
auto	3.1255112614861718	0.0	discard	22_3_in_5	Parallel run loop
auto	4.894104483565227	0.0	keep	48_3_in_5	Parallel run loop
auto	4.345396349684011	0.0	discard	40_3_in_5	Parallel run loop
auto	4.03499304474626	0.0	discard	25_3_in_4	Parallel run loop
auto	2.737010711913475	0.0	discard	17_3_in_5	Parallel run loop
auto	1.9752561288221044	0.0	discard	9_3_in_5	Parallel run loop
auto	2.9838593032890177	0.0	discard	20_3_in_5	Parallel run loop
auto	2.856623626222795	0.0	keep	13_3_in_4	Parallel run loop
auto	5.761724730717903	0.0	discard	46_3_in_4	Parallel run loop
auto	5.128497686856184	0.0	discard	50_3_in_5	Parallel run loop
auto	4.671840926000884	0.0	discard	33_3_in_4	Parallel run loop
auto	4.3071523901739175	0.0	discard	39_3_in_5	Parallel run loop
auto	3.773087391471139	0.0	discard	22_3_in_4	Parallel run loop
auto	3.862207024373548	0.0	discard	23_3_in_4	Parallel run loop
auto	1.8622734644082803	0.0	discard	8_3_in_5	Parallel run loop
auto	4.052528535698155	0.0	keep	36_3_in_5	Parallel run loop
auto	4.682676257576483	0.0	discard	46_3_in_5	Parallel run loop
auto	4.432571909100386	0.0	discard	30_3_in_4	Parallel run loop
auto	2.6472416994375605	0.0	discard	16_3_in_5	Parallel run loop
auto	4.353670804934695	0.0	discard	29_3_in_4	Parallel run loop
auto	3.745343901275139	0.0	discard	31_3_in_5	Parallel run loop
auto	1.7415212469928043	0.0	discard	7_3_in_5	Parallel run loop
auto	4.193807570274168	0.0	keep	27_3_in_4	Parallel run loop
auto	3.4909897275867743	0.0	discard	27_3_in_5	Parallel run loop
auto	4.737309945126638	0.0	discard	34_3_in_4	Parallel run loop
auto	5.926234373903951	0.0	discard	48_3_in_4	Parallel run loop
auto	3.3828974516717856	0.0	discard	18_3_in_4	Parallel run loop
auto	2.557018700472065	0.0	discard	15_3_in_5	Parallel run loop
auto	5.066038834095818	0.0	keep	39_3_in_4	Parallel run loop
auto	3.9518895814636434	0.0	discard	24_3_in_4	Parallel run loop
auto	4.501108891407314	0.0	discard	42_3_in_5	Parallel run loop
auto	3.061069715300917	0.0	discard	21_3_in_5	Parallel run loop
auto	3.140203625733029	0.0	discard	22_3_in_5	Parallel run loop
auto	4.039204392944652	0.0	discard	25_3_in_4	Parallel run loop
auto	4.878403788675547	0.0	keep	48_3_in_5	Parallel run loop
auto	3.5498780646510286	0.0	discard	28_3_in_5	Parallel run loop
auto	1.612334946887304	0.0	discard	6_3_in_5	Parallel run loop
auto	2.855975678794047	0.0	keep	13_3_in_4	Parallel run loop
auto	5.47537358087101	0.0	discard	43_3_in_4	Parallel run loop
auto	4.284771226480588	0.0	discard	28_3_in_4	Parallel run loop
auto	1.4735926263639503	0.0	discard	5_3_in_5	Parallel run loop
auto	4.850539579060541	0.0	keep	49_3_in_5	Parallel run loop
auto	4.029522400341658	0.0	discard	35_3_in_5	Parallel run loop
auto	3.6862680395482084	0.0	discard	21_3_in_4	Parallel run loop
auto	4.094330653161774	0.0	discard	36_3_in_5	Parallel run loop
auto	3.867877042524789	0.0	discard	23_3_in_4	Parallel run loop
auto	4.811827524619835	0.0	discard	46_3_in_5	Parallel run loop
auto	4.444734909722076	0.0	discard	30_3_in_4	Parallel run loop
auto	4.3563096628278375	0.0	discard	29_3_in_4	Parallel run loop
auto	3.7469690566083487	0.0	discard	31_3_in_5	Parallel run loop
auto	3.5796001724364026	0.0	discard	20_3_in_4	Parallel run loop
auto	3.4895103213820304	0.0	discard	27_3_in_5	Parallel run loop
auto	4.19506477059012	0.0	discard	27_3_in_4	Parallel run loop
auto	5.79999140887007	0.0	discard	47_3_in_4	Parallel run loop
auto	2.8919911855989016	0.0	discard	19_3_in_5	Parallel run loop
auto	5.553503207265787	0.0	discard	44_3_in_4	Parallel run loop
auto	4.7355157979358795	0.0	discard	34_3_in_4	Parallel run loop
auto	5.9578513568749205	0.0	discard	48_3_in_4	Parallel run loop
auto	5.662086560854177	0.0	discard	45_3_in_4	Parallel run loop
auto	5.218276592534663	0.0	keep	41_3_in_4	Parallel run loop
auto	5.06273342893662	0.0	keep	39_3_in_4	Parallel run loop
auto	5.361431482114366	0.0	discard	42_3_in_4	Parallel run loop
auto	5.078565434721058	0.0	discard	38_3_in_4	Parallel run loop
auto	4.152091264647593	0.0	discard	37_3_in_5	Parallel run loop
auto	3.8921945247892684	0.0	discard	33_3_in_5	Parallel run loop
auto	4.961834196194671	0.0	discard	48_3_in_5	Parallel run loop
auto	2.0816221745237353	0.0	keep	10_3_in_5	Parallel run loop
auto	2.1840564144118213	0.0	discard	11_3_in_5	Parallel run loop
auto	1.9752519778518964	0.0	discard	9_3_in_5	Parallel run loop
auto	2.283428867707684	0.0	discard	12_3_in_5	Parallel run loop
auto	3.2089470758902694	0.0	discard	23_3_in_5	Parallel run loop
auto	3.559122237671007	0.0	discard	28_3_in_5	Parallel run loop
auto	3.677918308752109	0.0	keep	30_3_in_5	Parallel run loop
auto	5.003809510261405	0.0	discard	49_3_in_5	Parallel run loop
auto	2.72025640537614	0.0	keep	17_3_in_5	Parallel run loop
auto	3.3796497031228605	0.0	discard	18_3_in_4	Parallel run loop
auto	2.8580103436301982	0.0	discard	13_3_in_4	Parallel run loop
auto	4.200390840621953	0.0	discard	38_3_in_5	Parallel run loop
auto	4.360606703932272	0.0	discard	29_3_in_4	Parallel run loop
auto	2.553004805427056	0.0	discard	15_3_in_5	Parallel run loop
auto	2.897663276614445	0.0	discard	19_3_in_5	Parallel run loop
auto	3.774319700373718	0.0	discard	22_3_in_4	Parallel run loop
auto	4.316415995265867	0.0	discard	39_3_in_5	Parallel run loop
auto	4.197402808539317	0.0	discard	27_3_in_4	Parallel run loop
auto	3.7519006203415044	0.0	discard	31_3_in_5	Parallel run loop
auto	4.747529207653735	0.0	discard	34_3_in_4	Parallel run loop
auto	4.696789988275399	0.0	discard	45_3_in_5	Parallel run loop
auto	2.4678926638276018	0.0	discard	14_3_in_5	Parallel run loop
auto	5.275227363183112	0.0	discard	41_3_in_4	Parallel run loop
auto	1.6123349330933001	0.0	discard	6_3_in_5	Parallel run loop
auto	1.472357393631245	0.0	discard	5_3_in_5	Parallel run loop
auto	4.502338386152999	0.0	keep	31_3_in_4	Parallel run loop
auto	5.0630227371319645	0.0	discard	39_3_in_4	Parallel run loop
auto	3.822812301971383	0.0	discard	32_3_in_5	Parallel run loop
auto	2.0813781235179083	0.0	keep	10_3_in_5	Parallel run loop
auto	4.280036879207742	0.0	discard	28_3_in_4	Parallel run loop
auto	4.014216019599866	0.0	discard	35_3_in_5	Parallel run loop
auto	4.942167394585941	0.0	keep	37_3_in_4	Parallel run loop
auto	5.471893673513298	0.0	discard	43_3_in_4	Parallel run loop
auto	4.357610394065006	0.0	discard	40_3_in_5	Parallel run loop
auto	5.875021268173685	0.0	discard	47_3_in_4	Parallel run loop
auto	2.9809951885913537	0.0	discard	20_3_in_5	Parallel run loop
auto	2.7372988684937285	0.0	discard	17_3_in_5	Parallel run loop
auto	3.6804208240806036	0.0	discard	21_3_in_4	Parallel run loop
auto	3.6923389459261124	0.0	discard	30_3_in_5	Parallel run loop
auto	3.5904048121443304	0.0	discard	20_3_in_4	Parallel run loop
auto	2.5593061912626798	0.0	discard	15_3_in_5	Parallel run loop
auto	4.216949929778341	0.0	discard	38_3_in_5	Parallel run loop
auto	3.4892443107704483	0.0	discard	19_3_in_4	Parallel run loop
auto	2.8992388551249313	0.0	discard	19_3_in_5	Parallel run loop
auto	5.012137064629208	0.0	discard	50_3_in_5	Parallel run loop
auto	4.358403046603626	0.0	discard	29_3_in_4	Parallel run loop
auto	3.37184946157974	0.0	discard	18_3_in_4	Parallel run loop
auto	5.535154661536032	0.0	discard	44_3_in_4	Parallel run loop
auto	4.194226577146553	0.0	discard	27_3_in_4	Parallel run loop
auto	4.65513192881117	0.0	discard	33_3_in_4	Parallel run loop
auto	5.6969419999726165	0.0	discard	46_3_in_4	Parallel run loop
auto	2.641496319343698	0.0	discard	16_3_in_5	Parallel run loop
auto	2.183776658213363	0.0	discard	11_3_in_5	Parallel run loop
auto	4.653446353363121	0.0	discard	45_3_in_5	Parallel run loop
auto	5.662086560854177	0.0	discard	45_3_in_4	Parallel run loop
auto	5.257227390610044	0.0	discard	41_3_in_4	Parallel run loop
auto	1.4735920107901206	0.0	discard	5_3_in_5	Parallel run loop
auto	4.517237243952238	0.0	discard	31_3_in_4	Parallel run loop
auto	5.125054901462046	0.0	discard	39_3_in_4	Parallel run loop
auto	2.082958906028582	0.0	discard	10_3_in_5	Parallel run loop
auto	4.272630320491787	0.0	discard	28_3_in_4	Parallel run loop
auto	5.099738570380392	0.0	discard	38_3_in_4	Parallel run loop
auto	2.813499892835742	0.0	discard	18_3_in_5	Parallel run loop
auto	4.966938494091511	0.0	discard	37_3_in_4	Parallel run loop
auto	1.8622706466956076	0.0	discard	8_3_in_5	Parallel run loop
auto	4.11382338636805	0.0	discard	37_3_in_5	Parallel run loop
auto	4.608548516006385	0.0	discard	44_3_in_5	Parallel run loop
auto	2.728584091911675	0.0	discard	17_3_in_5	Parallel run loop
auto	4.866498476166238	0.0	discard	47_3_in_5	Parallel run loop
auto	4.548532822732305	0.0	discard	43_3_in_5	Parallel run loop
auto	3.427859004153313	0.0	discard	26_3_in_5	Parallel run loop
auto	3.882774804336972	0.0	discard	33_3_in_5	Parallel run loop
auto	5.411331920693078	0.0	discard	42_3_in_4	Parallel run loop
auto	4.831035797280756	0.0	discard	35_3_in_4	Parallel run loop
auto	2.376773848198566	0.0	discard	13_3_in_5	Parallel run loop
auto	3.948136829126031	0.0	discard	24_3_in_4	Parallel run loop
auto	2.8785192483012816	0.0	keep	19_3_in_5	Parallel run loop
auto	3.9534783706232934	0.0	discard	34_3_in_5	Parallel run loop
auto	3.387541710886119	0.0	discard	18_3_in_4	Parallel run loop
auto	5.051499597962342	0.0	discard	50_3_in_5	Parallel run loop
auto	4.678231595950284	0.0	discard	33_3_in_4	Parallel run loop
auto	5.560207206291971	0.0	keep	45_3_in_4	Parallel run loop
auto	4.621943789118523	0.0	discard	45_3_in_5	Parallel run loop
auto	4.5065227267550805	0.0	discard	31_3_in_4	Parallel run loop
auto	4.1993944654054545	0.0	discard	27_3_in_4	Parallel run loop
auto	5.282427458982876	0.0	discard	41_3_in_4	Parallel run loop
auto	1.4735920133661093	0.0	discard	5_3_in_5	Parallel run loop
auto	2.184121385733963	0.0	discard	11_3_in_5	Parallel run loop
auto	2.6405066139290643	0.0	discard	16_3_in_5	Parallel run loop
auto	5.770409987251236	0.0	discard	46_3_in_4	Parallel run loop
auto	3.182625179853619	0.0	discard	23_3_in_5	Parallel run loop
auto	4.276432873531629	0.0	discard	28_3_in_4	Parallel run loop
auto	4.597284458597534	0.0	discard	32_3_in_4	Parallel run loop
auto	1.7415209214069733	0.0	discard	7_3_in_5	Parallel run loop
auto	4.036072374052227	0.0	discard	25_3_in_4	Parallel run loop
auto	2.814583568517453	0.0	discard	18_3_in_5	Parallel run loop
auto	1.862164769984802	0.0	discard	8_3_in_5	Parallel run loop
auto	1.975257460369458	0.0	discard	9_3_in_5	Parallel run loop
auto	4.9989739085753895	0.0	discard	37_3_in_4	Parallel run loop
auto	2.7212173525198016	0.0	discard	17_3_in_5	Parallel run loop
auto	4.522641483729755	0.0	discard	43_3_in_5	Parallel run loop
auto	4.834166854058425	0.0	discard	47_3_in_5	Parallel run loop
auto	4.217627144546835	0.0	keep	39_3_in_5	Parallel run loop
auto	2.8983391786390356	0.0	discard	19_3_in_5	Parallel run loop
auto	3.3872913189498255	0.0	discard	18_3_in_4	Parallel run loop
auto	2.2830829323217343	0.0	discard	12_3_in_5	Parallel run loop
auto	2.3774800162154635	0.0	discard	13_3_in_5	Parallel run loop
auto	4.758639953044003	0.0	discard	46_3_in_5	Parallel run loop
auto	5.084195995724824	0.0	discard	50_3_in_5	Parallel run loop
auto	3.7546690524062516	0.0	discard	22_3_in_4	Parallel run loop
auto	3.4798991717040586	0.0	keep	27_3_in_5	Parallel run loop
auto	2.4668223624157726	0.0	discard	14_3_in_5	Parallel run loop
auto	5.690432564819588	0.0	discard	45_3_in_4	Parallel run loop
auto	3.8559895597596254	0.0	discard	23_3_in_4	Parallel run loop
auto	4.721307684388859	0.0	discard	45_3_in_5	Parallel run loop
auto	3.625467528580466	0.0	discard	29_3_in_5	Parallel run loop
auto	3.5467367998724475	0.0	discard	28_3_in_5	Parallel run loop
auto	4.511455891420218	0.0	discard	31_3_in_4	Parallel run loop
auto	1.6123349279522812	0.0	discard	6_3_in_5	Parallel run loop
auto	2.642157702134987	0.0	discard	16_3_in_5	Parallel run loop
auto	3.9849469399442836	0.0	keep	35_3_in_5	Parallel run loop
auto	3.8071723911739697	0.0	discard	32_3_in_5	Parallel run loop
auto	3.1972009170771214	0.0	discard	23_3_in_5	Parallel run loop
auto	4.258158420625047	0.0	keep	28_3_in_4	Parallel run loop
auto	1.741520900687775	0.0	discard	7_3_in_5	Parallel run loop
auto	1.863001412362638	0.0	discard	8_3_in_5	Parallel run loop
auto	4.039004278104007	0.0	discard	25_3_in_4	Parallel run loop
auto	3.657996814984857	0.0	keep	21_3_in_4	Parallel run loop
auto	5.471893673513298	0.0	discard	43_3_in_4	Parallel run loop
auto	5.854406961913515	0.0	discard	47_3_in_4	Parallel run loop
auto	3.556852239799306	0.0	discard	20_3_in_4	Parallel run loop
auto	2.7304088706351815	0.0	discard	17_3_in_5	Parallel run loop
auto	4.958835870968081	0.0	discard	49_3_in_5	Parallel run loop
auto	3.138505316421669	0.0	discard	22_3_in_5	Parallel run loop
auto	2.9860629032934365	0.0	discard	20_3_in_5	Parallel run loop
auto	3.0629846089758175	0.0	discard	21_3_in_5	Parallel run loop
auto	3.772874271804619	0.0	discard	22_3_in_4	Parallel run loop
auto	4.295673001920841	0.0	discard	39_3_in_5	Parallel run loop
auto	4.282739214544299	0.0	keep	40_3_in_5	Parallel run loop
auto	3.490335668802072	0.0	discard	19_3_in_4	Parallel run loop
auto	3.486855589618423	0.0	discard	27_3_in_5	Parallel run loop
auto	5.591723393651105	0.0	discard	44_3_in_4	Parallel run loop
auto	2.4682900918446333	0.0	discard	14_3_in_5	Parallel run loop
auto	4.742964878568384	0.0	discard	46_3_in_5	Parallel run loop
auto	4.65311045699863	0.0	discard	45_3_in_5	Parallel run loop
auto	3.852427382276454	0.0	discard	23_3_in_4	Parallel run loop
auto	5.201858855979298	0.0	discard	40_3_in_4	Parallel run loop
auto	1.6123349325900151	0.0	discard	6_3_in_5	Parallel run loop
auto	3.9860166827357784	0.0	discard	35_3_in_5	Parallel run loop
auto	4.887808955750561	0.0	discard	36_3_in_4	Parallel run loop
auto	3.554840868701835	0.0	discard	28_3_in_5	Parallel run loop
auto	4.5107902703337786	0.0	discard	31_3_in_4	Parallel run loop
auto	4.107598710611146	0.0	discard	26_3_in_4	Parallel run loop
auto	2.6383163563185974	0.0	discard	16_3_in_5	Parallel run loop
auto	5.060338589167849	0.0	discard	38_3_in_4	Parallel run loop
auto	5.922907465561673	0.0	discard	48_3_in_4	Parallel run loop
auto	5.411331920693078	0.0	discard	42_3_in_4	Parallel run loop
auto	3.682818849589327	0.0	discard	21_3_in_4	Parallel run loop
auto	3.5906955574876287	0.0	discard	20_3_in_4	Parallel run loop
auto	4.2760003396258375	0.0	discard	28_3_in_4	Parallel run loop
auto	5.899132366333242	0.0	discard	47_3_in_4	Parallel run loop
auto	4.994668908813568	0.0	discard	49_3_in_5	Parallel run loop
auto	4.159631692676099	0.0	discard	37_3_in_5	Parallel run loop
auto	3.425014434822748	0.0	discard	26_3_in_5	Parallel run loop
auto	4.626307932661024	0.0	discard	44_3_in_5	Parallel run loop
auto	3.771033212761776	0.0	discard	22_3_in_4	Parallel run loop
auto	3.489868015197944	0.0	discard	27_3_in_5	Parallel run loop
auto	3.9475564034626425	0.0	discard	34_3_in_5	Parallel run loop
auto	4.843100881264242	0.0	discard	35_3_in_4	Parallel run loop
auto	3.9415779040915115	0.0	discard	24_3_in_4	Parallel run loop
auto	3.8909169339041805	0.0	discard	33_3_in_5	Parallel run loop
auto	4.743138598684653	0.0	keep	48_3_in_5	Parallel run loop
auto	4.58136660798891	0.0	discard	32_3_in_4	Parallel run loop
auto	1.9752510127720562	0.0	discard	9_3_in_5	Parallel run loop
auto	4.669335146676603	0.0	discard	45_3_in_5	Parallel run loop
auto	4.262546235425356	0.0	keep	40_3_in_5	Parallel run loop
auto	2.8572490103181307	0.0	discard	13_3_in_4	Parallel run loop
auto	4.792559164606201	0.0	discard	46_3_in_5	Parallel run loop
auto	3.855058911872788	0.0	discard	23_3_in_4	Parallel run loop
auto	2.281669988995231	0.0	discard	12_3_in_5	Parallel run loop
auto	4.170101761469395	0.0	discard	38_3_in_5	Parallel run loop
auto	3.9881349665178627	0.0	discard	35_3_in_5	Parallel run loop
auto	3.54367406811395	0.0	discard	28_3_in_5	Parallel run loop
auto	2.639826130283964	0.0	discard	16_3_in_5	Parallel run loop
auto	3.732148955084701	0.0	keep	31_3_in_5	Parallel run loop
auto	3.617748445424819	0.0	discard	29_3_in_5	Parallel run loop
auto	5.030000133579372	0.0	discard	38_3_in_4	Parallel run loop
auto	5.414842593548908	0.0	discard	42_3_in_4	Parallel run loop
auto	5.939906761732473	0.0	discard	48_3_in_4	Parallel run loop
auto	2.558872103588254	0.0	discard	15_3_in_5	Parallel run loop
auto	4.277240295346592	0.0	discard	28_3_in_4	Parallel run loop
auto	3.685828591132501	0.0	discard	30_3_in_5	Parallel run loop
auto	4.078849818872393	0.0	discard	36_3_in_5	Parallel run loop
auto	4.360227039309649	0.0	discard	41_3_in_5	Parallel run loop
auto	4.440564693535418	0.0	discard	30_3_in_4	Parallel run loop
auto	3.773511131257478	0.0	discard	22_3_in_4	Parallel run loop
auto	3.4777850037486244	0.0	keep	27_3_in_5	Parallel run loop
auto	3.821722232967094	0.0	discard	32_3_in_5	Parallel run loop
auto	2.858190745295924	0.0	discard	13_3_in_4	Parallel run loop
auto	4.864289719710617	0.0	discard	48_3_in_5	Parallel run loop
auto	5.521016455349248	0.0	discard	43_3_in_4	Parallel run loop
auto	3.956001090788924	0.0	discard	24_3_in_4	Parallel run loop
auto	2.986897671646315	0.0	discard	20_3_in_5	Parallel run loop
auto	3.060926058414585	0.0	discard	21_3_in_5	Parallel run loop
auto	3.141414449653932	0.0	discard	22_3_in_5	Parallel run loop
auto	1.9752460610423561	0.0	discard	9_3_in_5	Parallel run loop
auto	4.34733060947153	0.0	discard	40_3_in_5	Parallel run loop
auto	5.243520531777947	0.0	discard	40_3_in_4	Parallel run loop
auto	5.57171919188146	0.0	discard	44_3_in_4	Parallel run loop
auto	3.4841813600857168	0.0	discard	19_3_in_4	Parallel run loop
auto	4.900570555385496	0.0	discard	36_3_in_4	Parallel run loop
auto	2.6427885140991236	0.0	discard	16_3_in_5	Parallel run loop
auto	3.9997548101258547	0.0	discard	35_3_in_5	Parallel run loop
auto	3.8593598372144324	0.0	discard	23_3_in_4	Parallel run loop
auto	4.21401571905601	0.0	discard	38_3_in_5	Parallel run loop
auto	3.5545267390096074	0.0	discard	28_3_in_5	Parallel run loop
auto	3.748344727305788	0.0	discard	31_3_in_5	Parallel run loop
auto	3.6115070328724115	0.0	discard	29_3_in_5	Parallel run loop
auto	5.028950451929837	0.0	discard	38_3_in_4	Parallel run loop
auto	3.689631491337059	0.0	discard	30_3_in_5	Parallel run loop
auto	4.3818169420312	0.0	discard	41_3_in_5	Parallel run loop
auto	2.183822283255865	0.0	discard	11_3_in_5	Parallel run loop
auto	5.7613891312735666	0.0	discard	46_3_in_4	Parallel run loop
auto	4.671840926000884	0.0	discard	33_3_in_4	Parallel run loop
auto	4.473256872985274	0.0	discard	42_3_in_5	Parallel run loop
auto	2.818787571288079	0.0	discard	18_3_in_5	Parallel run loop
auto	3.7735967219062974	0.0	discard	22_3_in_4	Parallel run loop
auto	4.118656472543277	0.0	discard	26_3_in_4	Parallel run loop
auto	4.140860508585794	0.0	discard	37_3_in_5	Parallel run loop
auto	3.4920331889780556	0.0	discard	27_3_in_5	Parallel run loop
auto	1.9752372248805434	0.0	discard	9_3_in_5	Parallel run loop
auto	3.87506657764253	0.0	discard	33_3_in_5	Parallel run loop
auto	4.575131563158565	0.0	discard	43_3_in_5	Parallel run loop
auto	4.892466851092141	0.0	discard	48_3_in_5	Parallel run loop
auto	3.3577550945103565	0.0	discard	25_3_in_5	Parallel run loop
auto	4.5691724349090626	0.0	discard	44_3_in_5	Parallel run loop
auto	3.9447223664625923	0.0	discard	34_3_in_5	Parallel run loop
auto	4.826805841991402	0.0	discard	35_3_in_4	Parallel run loop
auto	4.848533125673035	0.0	discard	47_3_in_5	Parallel run loop
auto	1.74152080850717	0.0	discard	7_3_in_5	Parallel run loop
auto	3.2027990392413077	0.0	discard	23_3_in_5	Parallel run loop
auto	3.862710013997754	0.0	discard	23_3_in_4	Parallel run loop
auto	3.554075100767405	0.0	discard	28_3_in_5	Parallel run loop
auto	4.018340396051984	0.0	discard	35_3_in_5	Parallel run loop
auto	2.3751167411662975	0.0	discard	13_3_in_5	Parallel run loop
auto	3.41932754163419	0.0	discard	26_3_in_5	Parallel run loop
auto	4.5849390124393	0.0	discard	32_3_in_4	Parallel run loop
auto	2.082123526032778	0.0	discard	10_3_in_5	Parallel run loop
auto	4.181525058512315	0.0	discard	38_3_in_5	Parallel run loop
auto	3.6143078633076007	0.0	discard	29_3_in_5	Parallel run loop
auto	5.009774592434183	0.0	discard	38_3_in_4	Parallel run loop
auto	3.689105641415202	0.0	discard	30_3_in_5	Parallel run loop
auto	2.1838637003505297	0.0	discard	11_3_in_5	Parallel run loop
auto	4.028837670873109	0.0	discard	25_3_in_4	Parallel run loop
auto	2.2811123173053827	0.0	discard	12_3_in_5	Parallel run loop
auto	4.26086488961101	0.0	discard	39_3_in_5	Parallel run loop
auto	2.5568611965963517	0.0	discard	15_3_in_5	Parallel run loop
auto	4.424445508947184	0.0	discard	42_3_in_5	Parallel run loop
auto	2.46829373657482	0.0	discard	14_3_in_5	Parallel run loop
auto	1.6123349327110192	0.0	discard	6_3_in_5	Parallel run loop
auto	1.9752492848811318	0.0	discard	9_3_in_5	Parallel run loop
auto	1.4729295256209733	0.0	discard	5_3_in_5	Parallel run loop
auto	3.8801297349323876	0.0	discard	33_3_in_5	Parallel run loop
auto	3.801892351946052	0.0	discard	32_3_in_5	Parallel run loop
auto	4.087235607410304	0.0	discard	36_3_in_5	Parallel run loop
auto	2.375738022845646	0.0	discard	13_3_in_5	Parallel run loop
auto	2.082145378309763	0.0	discard	10_3_in_5	Parallel run loop
auto	4.982104680357112	0.0	discard	37_3_in_4	Parallel run loop
auto	4.181508381894919	0.0	discard	38_3_in_5	Parallel run loop
auto	1.7418955288056368	0.0	discard	7_3_in_5	Parallel run loop
auto	5.392683072966522	0.0	discard	43_3_in_4	Parallel run loop
auto	4.585764896024146	0.0	discard	32_3_in_4	Parallel run loop
auto	3.426831061104918	0.0	discard	26_3_in_5	Parallel run loop
auto	4.441287105031934	0.0	discard	30_3_in_4	Parallel run loop
auto	4.756042031063173	0.0	discard	34_3_in_4	Parallel run loop
auto	5.016470904425224	0.0	discard	49_3_in_5	Parallel run loop
auto	3.67624003388332	0.0	discard	21_3_in_4	Parallel run loop
auto	3.2765966815067378	0.0	discard	24_3_in_5	Parallel run loop
auto	3.582115939080227	0.0	discard	20_3_in_4	Parallel run loop
auto	5.748853997043414	0.0	discard	47_3_in_4	Parallel run loop
auto	3.128610377842075	0.0	discard	22_3_in_5	Parallel run loop
auto	3.6121091818991373	0.0	discard	29_3_in_5	Parallel run loop
auto	5.010797783184875	0.0	discard	38_3_in_4	Parallel run loop
auto	2.9826947481256063	0.0	discard	20_3_in_5	Parallel run loop
auto	4.0028899609094255	0.0	keep	25_3_in_4	Parallel run loop
auto	2.1842256107581366	0.0	discard	11_3_in_5	Parallel run loop
auto	2.4687703515113615	0.0	discard	14_3_in_5	Parallel run loop
auto	4.382322300346171	0.0	keep	42_3_in_5	Parallel run loop
auto	4.2975919889362055	0.0	discard	39_3_in_5	Parallel run loop
auto	2.5593393575654066	0.0	discard	15_3_in_5	Parallel run loop
auto	3.822590015910944	0.0	discard	32_3_in_5	Parallel run loop
auto	2.376202227155764	0.0	discard	13_3_in_5	Parallel run loop
auto	1.4721618857987302	0.0	discard	5_3_in_5	Parallel run loop
auto	1.612334932486663	0.0	discard	6_3_in_5	Parallel run loop
auto	1.9747021170622572	0.0	discard	9_3_in_5	Parallel run loop
auto	2.2817621814646207	0.0	discard	12_3_in_5	Parallel run loop
auto	3.061010826311199	0.0	discard	21_3_in_5	Parallel run loop
auto	5.000010319707201	0.0	discard	37_3_in_4	Parallel run loop
auto	3.8885071406031613	0.0	discard	33_3_in_5	Parallel run loop
auto	5.084195995724824	0.0	discard	50_3_in_5	Parallel run loop
auto	3.661851720221246	0.0	discard	21_3_in_4	Parallel run loop
auto	4.2105088799647765	0.0	discard	38_3_in_5	Parallel run loop
auto	4.588213274762125	0.0	discard	32_3_in_4	Parallel run loop
auto	5.25304994543078	0.0	discard	40_3_in_4	Parallel run loop
auto	3.474444727589557	0.0	discard	19_3_in_4	Parallel run loop
auto	5.352984094039623	0.0	keep	43_3_in_4	Parallel run loop
auto	5.5964302941099415	0.0	discard	44_3_in_4	Parallel run loop
auto	5.616256647791648	0.0	discard	45_3_in_4	Parallel run loop
auto	4.661114489122559	0.0	discard	33_3_in_4	Parallel run loop
auto	5.229827016739769	0.0	discard	41_3_in_4	Parallel run loop
auto	4.88308800372257	0.0	discard	36_3_in_4	Parallel run loop
auto	5.664982516820259	0.0	keep	46_3_in_4	Parallel run loop
auto	5.719360262362574	0.0	discard	47_3_in_4	Parallel run loop
auto	3.614579252540923	0.0	discard	29_3_in_5	Parallel run loop
auto	5.031913296930033	0.0	discard	38_3_in_4	Parallel run loop
auto	4.0354426929720395	0.0	discard	25_3_in_4	Parallel run loop
auto	2.983637456468405	0.0	discard	20_3_in_5	Parallel run loop
auto	4.118396305353627	0.0	discard	26_3_in_4	Parallel run loop
auto	2.8146618728244883	0.0	discard	18_3_in_5	Parallel run loop
auto	4.271321485707183	0.0	discard	39_3_in_5	Parallel run loop
auto	4.473932311285248	0.0	discard	42_3_in_5	Parallel run loop
auto	2.281618468812332	0.0	discard	12_3_in_5	Parallel run loop
auto	1.473592243833092	0.0	discard	5_3_in_5	Parallel run loop
auto	1.61233493594318	0.0	discard	6_3_in_5	Parallel run loop
auto	3.8170016362162804	0.0	discard	32_3_in_5	Parallel run loop
auto	1.9752468696905114	0.0	discard	9_3_in_5	Parallel run loop
auto	3.3557015194412054	0.0	discard	25_3_in_5	Parallel run loop
auto	1.8641606449453922	0.0	discard	8_3_in_5	Parallel run loop
auto	2.3772344891890627	0.0	discard	13_3_in_5	Parallel run loop
auto	3.476356018745095	0.0	discard	19_3_in_4	Parallel run loop
auto	5.05461090924511	0.0	discard	50_3_in_5	Parallel run loop
auto	4.35061729638691	0.0	keep	29_3_in_4	Parallel run loop
auto	4.567529985166569	0.0	discard	43_3_in_5	Parallel run loop
auto	4.593747444168572	0.0	discard	32_3_in_4	Parallel run loop
auto	5.458666540882543	0.0	discard	43_3_in_4	Parallel run loop
auto	3.6830378276180937	0.0	discard	21_3_in_4	Parallel run loop
auto	4.633284650309261	0.0	discard	44_3_in_5	Parallel run loop
auto	5.926032818881223	0.0	discard	48_3_in_4	Parallel run loop
auto	5.734691893353765	0.0	discard	46_3_in_4	Parallel run loop
auto	4.895274592928993	0.0	discard	36_3_in_4	Parallel run loop
auto	4.663467634209655	0.0	discard	33_3_in_4	Parallel run loop
auto	4.132911007435674	0.0	discard	37_3_in_5	Parallel run loop
auto	3.621858123846187	0.0	discard	29_3_in_5	Parallel run loop
auto	5.616624346903507	0.0	discard	45_3_in_4	Parallel run loop
auto	5.807274721653209	0.0	discard	47_3_in_4	Parallel run loop
auto	5.391716024923637	0.0	discard	42_3_in_4	Parallel run loop
auto	4.794241664767041	0.0	discard	47_3_in_5	Parallel run loop
auto	4.117467785840696	0.0	discard	26_3_in_4	Parallel run loop
auto	2.8172476892155127	0.0	discard	18_3_in_5	Parallel run loop
auto	4.005273312735106	0.0	discard	25_3_in_4	Parallel run loop
auto	4.831035797280756	0.0	discard	35_3_in_4	Parallel run loop
auto	2.2819609527119584	0.0	discard	12_3_in_5	Parallel run loop
auto	4.468595669874904	0.0	discard	42_3_in_5	Parallel run loop
auto	3.950072293576013	0.0	discard	34_3_in_5	Parallel run loop
auto	3.200260725450008	0.0	discard	23_3_in_5	Parallel run loop
auto	3.948932834327308	0.0	discard	24_3_in_4	Parallel run loop
auto	2.8583250803370848	0.0	discard	13_3_in_4	Parallel run loop
auto	4.33978453294204	0.0	keep	29_3_in_4	Parallel run loop
auto	3.756086451726561	0.0	discard	31_3_in_5	Parallel run loop
auto	4.201837137129562	0.0	discard	27_3_in_4	Parallel run loop
auto	4.814448867625991	0.0	discard	46_3_in_5	Parallel run loop
auto	2.3767949851857426	0.0	discard	13_3_in_5	Parallel run loop
auto	3.2848172892826764	0.0	discard	24_3_in_5	Parallel run loop
auto	3.4956770013695766	0.0	discard	19_3_in_4	Parallel run loop
auto	4.943167343588895	0.0	discard	49_3_in_5	Parallel run loop
auto	3.3844831958044064	0.0	discard	18_3_in_4	Parallel run loop
auto	4.435699573893803	0.0	discard	30_3_in_4	Parallel run loop
auto	4.732251113435828	0.0	discard	34_3_in_4	Parallel run loop
auto	5.525525648101554	0.0	discard	43_3_in_4	Parallel run loop
auto	3.579597086460894	0.0	discard	20_3_in_4	Parallel run loop
auto	4.127828943407568	0.0	discard	37_3_in_5	Parallel run loop
auto	4.883767137744209	0.0	discard	36_3_in_4	Parallel run loop
auto	4.438726344183587	0.0	discard	41_3_in_5	Parallel run loop
auto	5.79929471485055	0.0	discard	47_3_in_4	Parallel run loop
auto	5.55747663389788	0.0	keep	45_3_in_4	Parallel run loop
auto	3.130205302441814	0.0	discard	22_3_in_5	Parallel run loop
auto	4.076228129168676	0.0	discard	36_3_in_5	Parallel run loop
auto	5.932996747424285	0.0	discard	48_3_in_4	Parallel run loop
auto	4.739510616252587	0.0	discard	47_3_in_5	Parallel run loop
auto	4.831035797280756	0.0	discard	35_3_in_4	Parallel run loop
auto	3.0622079068582124	0.0	discard	21_3_in_5	Parallel run loop
auto	4.104954482164783	0.0	discard	26_3_in_4	Parallel run loop
auto	4.35065662291361	0.0	discard	40_3_in_5	Parallel run loop
auto	4.036072374052227	0.0	discard	25_3_in_4	Parallel run loop
auto	4.493924228272134	0.0	discard	42_3_in_5	Parallel run loop
auto	3.949297891545804	0.0	discard	24_3_in_4	Parallel run loop
auto	3.2128824242092584	0.0	discard	23_3_in_5	Parallel run loop
auto	5.344815474203816	0.0	discard	41_3_in_4	Parallel run loop
auto	2.9063566116156383	0.0	discard	19_3_in_5	Parallel run loop
auto	1.862270725281359	0.0	discard	8_3_in_5	Parallel run loop
auto	4.347551012491243	0.0	discard	29_3_in_4	Parallel run loop
auto	5.553503207265787	0.0	discard	44_3_in_4	Parallel run loop
auto	5.254467501146454	0.0	discard	40_3_in_4	Parallel run loop
auto	4.5968407216861245	0.0	discard	44_3_in_5	Parallel run loop
auto	3.356548013333152	0.0	discard	25_3_in_5	Parallel run loop
auto	3.1223115056883906	0.0	discard	22_3_in_5	Parallel run loop
auto	4.544303673740963	0.0	discard	43_3_in_5	Parallel run loop
auto	4.717401912967071	0.0	discard	34_3_in_4	Parallel run loop
auto	3.4172790183013086	0.0	discard	26_3_in_5	Parallel run loop
auto	5.305351201883148	0.0	discard	42_3_in_4	Parallel run loop
auto	4.89348638628278	0.0	discard	36_3_in_4	Parallel run loop
auto	4.994668908813568	0.0	discard	49_3_in_5	Parallel run loop
auto	2.082140261640289	0.0	discard	10_3_in_5	Parallel run loop
auto	4.897357243038764	0.0	discard	48_3_in_5	Parallel run loop
auto	5.6920833603522825	0.0	discard	47_3_in_4	Parallel run loop
auto	3.58677665283775	0.0	discard	20_3_in_4	Parallel run loop
auto	4.752426089677706	0.0	discard	47_3_in_5	Parallel run loop
auto	1.741520776226328	0.0	discard	7_3_in_5	Parallel run loop
auto	5.855428389862899	0.0	discard	48_3_in_4	Parallel run loop
auto	3.942308690494909	0.0	discard	34_3_in_5	Parallel run loop
auto	5.668311766146055	0.0	discard	45_3_in_4	Parallel run loop
auto	2.8573510036876137	0.0	discard	13_3_in_4	Parallel run loop
auto	4.365451708663859	0.0	discard	40_3_in_5	Parallel run loop
auto	4.119581326334441	0.0	discard	26_3_in_4	Parallel run loop
auto	2.7299679229561598	0.0	discard	17_3_in_5	Parallel run loop
auto	3.751335757705845	0.0	discard	31_3_in_5	Parallel run loop
auto	4.713691172240886	0.0	discard	46_3_in_5	Parallel run loop
auto	4.15885848290376	0.0	keep	27_3_in_4	Parallel run loop
auto	3.368575402876833	0.0	discard	18_3_in_4	Parallel run loop
auto	2.5593923828875704	0.0	discard	15_3_in_5	Parallel run loop
auto	3.6837915922262283	0.0	discard	30_3_in_5	Parallel run loop
auto	4.624608583310271	0.0	discard	44_3_in_5	Parallel run loop
auto	4.337681349050957	0.0	keep	29_3_in_4	Parallel run loop
auto	4.0861330571667045	0.0	discard	36_3_in_5	Parallel run loop
auto	4.519384531618445	0.0	discard	31_3_in_4	Parallel run loop
auto	2.465611425096576	0.0	discard	14_3_in_5	Parallel run loop
auto	4.441435840260274	0.0	discard	30_3_in_4	Parallel run loop
auto	3.41822678737151	0.0	discard	26_3_in_5	Parallel run loop
auto	3.1391935080397837	0.0	discard	22_3_in_5	Parallel run loop
auto	4.5523209371899	0.0	discard	43_3_in_5	Parallel run loop
auto	5.35427732490942	0.0	discard	42_3_in_4	Parallel run loop
auto	4.734901836014946	0.0	discard	34_3_in_4	Parallel run loop
auto	4.904798716783879	0.0	discard	36_3_in_4	Parallel run loop
auto	4.9494385803528385	0.0	discard	48_3_in_5	Parallel run loop
auto	5.763448738999975	0.0	discard	47_3_in_4	Parallel run loop
auto	4.974727710547362	0.0	discard	37_3_in_4	Parallel run loop
auto	3.27554516215835	0.0	discard	24_3_in_5	Parallel run loop
auto	4.355707329072416	0.0	discard	41_3_in_5	Parallel run loop
auto	1.7419930002092654	0.0	discard	7_3_in_5	Parallel run loop
auto	3.9262577871373177	0.0	discard	34_3_in_5	Parallel run loop
auto	5.832350442130772	0.0	discard	48_3_in_4	Parallel run loop
auto	4.772820204095091	0.0	discard	47_3_in_5	Parallel run loop
auto	5.5138870450926	0.0	keep	45_3_in_4	Parallel run loop
auto	2.85775306651173	0.0	discard	13_3_in_4	Parallel run loop
auto	2.7334055665325514	0.0	discard	17_3_in_5	Parallel run loop
auto	3.0578206881502736	0.0	discard	21_3_in_5	Parallel run loop
auto	2.981635179132359	0.0	discard	20_3_in_5	Parallel run loop
auto	4.794243437084722	0.0	discard	46_3_in_5	Parallel run loop
auto	3.3887725656080283	0.0	discard	18_3_in_4	Parallel run loop
auto	4.199736889469693	0.0	discard	27_3_in_4	Parallel run loop
auto	3.730523852919141	0.0	keep	31_3_in_5	Parallel run loop
auto	3.670157491643775	0.0	keep	30_3_in_5	Parallel run loop
auto	5.095380419820268	0.0	discard	50_3_in_5	Parallel run loop
auto	4.3554406811355575	0.0	discard	29_3_in_4	Parallel run loop
auto	4.077132942143334	0.0	discard	36_3_in_5	Parallel run loop
auto	5.558556064452694	0.0	discard	44_3_in_4	Parallel run loop
auto	4.626307932661024	0.0	discard	44_3_in_5	Parallel run loop
auto	2.468049596551582	0.0	discard	14_3_in_5	Parallel run loop
auto	2.9034024442295974	0.0	discard	19_3_in_5	Parallel run loop
auto	3.4232303547546863	0.0	discard	26_3_in_5	Parallel run loop
auto	4.434470511563462	0.0	discard	30_3_in_4	Parallel run loop
auto	5.3771096939265455	0.0	discard	42_3_in_4	Parallel run loop
auto	3.136222971147528	0.0	discard	22_3_in_5	Parallel run loop
auto	5.739872203071457	0.0	discard	46_3_in_4	Parallel run loop
auto	5.2334266494413555	0.0	discard	40_3_in_4	Parallel run loop
auto	4.674562777471559	0.0	discard	33_3_in_4	Parallel run loop
auto	4.71491928469032	0.0	discard	34_3_in_4	Parallel run loop
auto	5.3140888053704	0.0	discard	41_3_in_4	Parallel run loop
auto	4.408510764879402	0.0	discard	41_3_in_5	Parallel run loop
auto	5.643435511519795	0.0	discard	45_3_in_4	Parallel run loop
auto	3.2759247966325673	0.0	discard	24_3_in_5	Parallel run loop
auto	2.1872097025938535	0.0	discard	11_3_in_5	Parallel run loop
auto	4.821440340074729	0.0	discard	47_3_in_5	Parallel run loop
auto	3.932375721519614	0.0	discard	34_3_in_5	Parallel run loop
auto	5.919616175009755	0.0	discard	48_3_in_4	Parallel run loop
auto	2.821693675434351	0.0	discard	18_3_in_5	Parallel run loop
auto	4.15017415599429	0.0	discard	37_3_in_5	Parallel run loop
auto	2.9850851463036605	0.0	discard	20_3_in_5	Parallel run loop
auto	3.3242390912223763	0.0	keep	25_3_in_5	Parallel run loop
auto	3.7358398490942886	0.0	discard	31_3_in_5	Parallel run loop
auto	1.8616678399803717	0.0	keep	8_3_in_5	Parallel run loop
auto	3.0585055951181466	0.0	discard	21_3_in_5	Parallel run loop
auto	3.8931861389740208	0.0	discard	33_3_in_5	Parallel run loop
auto	3.6878626048815883	0.0	discard	30_3_in_5	Parallel run loop
auto	2.082101885278216	0.0	discard	10_3_in_5	Parallel run loop
auto	4.091871112434221	0.0	discard	36_3_in_5	Parallel run loop
auto	4.820535976011669	0.0	discard	35_3_in_4	Parallel run loop
auto	5.5616010013841555	0.0	discard	44_3_in_4	Parallel run loop
auto	2.467751507592506	0.0	discard	14_3_in_5	Parallel run loop
auto	3.929533630480573	0.0	keep	24_3_in_4	Parallel run loop
auto	3.7600556207515226	0.0	discard	22_3_in_4	Parallel run loop
auto	3.8643050729693815	0.0	discard	23_3_in_4	Parallel run loop
auto	4.443022929155957	0.0	discard	30_3_in_4	Parallel run loop
auto	4.265728460509129	0.0	discard	39_3_in_5	Parallel run loop
auto	5.391716024923637	0.0	discard	42_3_in_4	Parallel run loop
auto	3.2110152886115944	0.0	discard	23_3_in_5	Parallel run loop
auto	4.670985505775849	0.0	discard	33_3_in_4	Parallel run loop
auto	4.738437501213865	0.0	discard	34_3_in_4	Parallel run loop
auto	5.79179118342406	0.0	discard	46_3_in_4	Parallel run loop
auto	2.5558264919200258	0.0	discard	15_3_in_5	Parallel run loop
auto	3.5537909868755717	0.0	discard	28_3_in_5	Parallel run loop
auto	3.2797792515606496	0.0	discard	24_3_in_5	Parallel run loop
auto	3.4825926629073067	0.0	discard	27_3_in_5	Parallel run loop
auto	3.92831951860673	0.0	discard	34_3_in_5	Parallel run loop
auto	5.870973543718415	0.0	discard	48_3_in_4	Parallel run loop
auto	1.6123349285366337	0.0	discard	6_3_in_5	Parallel run loop
auto	4.617449698496022	0.0	keep	45_3_in_5	Parallel run loop
auto	1.4721694286740672	0.0	discard	5_3_in_5	Parallel run loop
auto	4.121686431748756	0.0	discard	37_3_in_5	Parallel run loop
auto	2.9813146120015337	0.0	discard	20_3_in_5	Parallel run loop
auto	3.7522123332156454	0.0	discard	31_3_in_5	Parallel run loop
auto	3.062449635554174	0.0	discard	21_3_in_5	Parallel run loop
auto	3.353681167844072	0.0	discard	25_3_in_5	Parallel run loop
auto	1.8629995005681756	0.0	discard	8_3_in_5	Parallel run loop
auto	2.083115888027414	0.0	discard	10_3_in_5	Parallel run loop
auto	4.512226973028173	0.0	discard	31_3_in_4	Parallel run loop
auto	3.6913543938980142	0.0	discard	30_3_in_5	Parallel run loop
auto	5.587114090265403	0.0	discard	44_3_in_4	Parallel run loop
auto	2.4671157281773706	0.0	discard	14_3_in_5	Parallel run loop
auto	4.8356574757045445	0.0	discard	35_3_in_4	Parallel run loop
auto	3.770191055014981	0.0	discard	22_3_in_4	Parallel run loop
auto	4.0017663859876835	0.0	discard	35_3_in_5	Parallel run loop
auto	4.275169600037679	0.0	discard	39_3_in_5	Parallel run loop
auto	3.9485471340285323	0.0	discard	24_3_in_4	Parallel run loop
auto	4.663467634209655	0.0	discard	33_3_in_4	Parallel run loop
auto	4.9567531909448475	0.0	discard	37_3_in_4	Parallel run loop
auto	4.276638186474581	0.0	discard	28_3_in_4	Parallel run loop
auto	3.820084936704594	0.0	discard	32_3_in_5	Parallel run loop
auto	3.5822380706524606	0.0	discard	20_3_in_4	Parallel run loop
auto	3.673200027001402	0.0	discard	21_3_in_4	Parallel run loop
auto	3.557527263765998	0.0	discard	28_3_in_5	Parallel run loop
auto	4.966256840369471	0.0	discard	49_3_in_5	Parallel run loop
auto	3.4873047779478603	0.0	discard	27_3_in_5	Parallel run loop
auto	3.943656075577568	0.0	discard	34_3_in_5	Parallel run loop
auto	2.553435741861181	0.0	discard	15_3_in_5	Parallel run loop
auto	1.6123349282079364	0.0	discard	6_3_in_5	Parallel run loop
auto	4.338574490107765	0.0	discard	40_3_in_5	Parallel run loop
auto	4.708662387201879	0.0	discard	45_3_in_5	Parallel run loop
auto	5.893450676980291	0.0	discard	48_3_in_4	Parallel run loop
auto	3.7587935087762947	0.0	discard	31_3_in_5	Parallel run loop
auto	1.4735924834536605	0.0	discard	5_3_in_5	Parallel run loop
auto	4.139272693085462	0.0	discard	37_3_in_5	Parallel run loop
auto	2.983545443816297	0.0	discard	20_3_in_5	Parallel run loop
auto	1.8618302541845477	0.0	discard	8_3_in_5	Parallel run loop
auto	3.3369243414203873	0.0	discard	25_3_in_5	Parallel run loop
auto	3.4954874820989015	0.0	discard	19_3_in_4	Parallel run loop
auto	2.891893369235926	0.0	discard	19_3_in_5	Parallel run loop
auto	4.979000017298063	0.0	discard	50_3_in_5	Parallel run loop
auto	5.620151541422797	0.0	discard	44_3_in_4	Parallel run loop
auto	5.274274816044175	0.0	discard	40_3_in_4	Parallel run loop
auto	2.467552128588175	0.0	discard	14_3_in_5	Parallel run loop
auto	2.6503483984834104	0.0	discard	16_3_in_5	Parallel run loop
auto	3.952641811535049	0.0	discard	24_3_in_4	Parallel run loop
auto	3.7780504644202004	0.0	discard	22_3_in_4	Parallel run loop
auto	2.1837565038533184	0.0	discard	11_3_in_5	Parallel run loop
auto	3.821722232967094	0.0	discard	32_3_in_5	Parallel run loop
auto	5.275014140635853	0.0	discard	41_3_in_4	Parallel run loop
auto	3.6739427833147613	0.0	discard	21_3_in_4	Parallel run loop
auto	4.9430575462420006	0.0	discard	37_3_in_4	Parallel run loop
auto	3.879002787182956	0.0	discard	33_3_in_5	Parallel run loop
auto	2.8187855864786626	0.0	discard	18_3_in_5	Parallel run loop
auto	5.000729469232406	0.0	discard	49_3_in_5	Parallel run loop
auto	3.5853606877171607	0.0	discard	20_3_in_4	Parallel run loop
auto	2.5508985342279327	0.0	keep	15_3_in_5	Parallel run loop
auto	4.437767350905076	0.0	keep	43_3_in_5	Parallel run loop
auto	1.6123349357903138	0.0	discard	6_3_in_5	Parallel run loop
auto	4.890060395313869	0.0	discard	48_3_in_5	Parallel run loop
auto	3.483586323965287	0.0	discard	27_3_in_5	Parallel run loop
auto	4.613237116070952	0.0	keep	45_3_in_5	Parallel run loop
auto	3.198519024762052	0.0	discard	23_3_in_5	Parallel run loop
auto	1.741520875335353	0.0	discard	7_3_in_5	Parallel run loop
auto	5.165226492893488	0.0	discard	39_3_in_4	Parallel run loop
auto	2.983794317501145	0.0	discard	20_3_in_5	Parallel run loop
auto	3.3546360928478296	0.0	discard	25_3_in_5	Parallel run loop
auto	1.8622733209928188	0.0	discard	8_3_in_5	Parallel run loop
auto	2.733460737152129	0.0	discard	17_3_in_5	Parallel run loop
auto	2.283293902982647	0.0	discard	12_3_in_5	Parallel run loop
auto	5.1019414086673605	0.0	discard	50_3_in_5	Parallel run loop
auto	2.8589797906102543	0.0	discard	13_3_in_4	Parallel run loop
auto	3.8634510855288946	0.0	discard	23_3_in_4	Parallel run loop
auto	4.756607973416387	0.0	discard	46_3_in_5	Parallel run loop
auto	4.2025726785110455	0.0	discard	27_3_in_4	Parallel run loop
auto	4.589059708256128	0.0	discard	32_3_in_4	Parallel run loop
auto	4.216949929778341	0.0	discard	38_3_in_5	Parallel run loop
auto	2.18371446916864	0.0	discard	11_3_in_5	Parallel run loop
auto	3.386994172391607	0.0	discard	18_3_in_4	Parallel run loop
auto	4.51695806437515	0.0	discard	31_3_in_4	Parallel run loop
auto	4.014610435585818	0.0	discard	35_3_in_5	Parallel run loop
auto	4.27976233769068	0.0	discard	28_3_in_4	Parallel run loop
auto	2.807584810739649	0.0	discard	18_3_in_5	Parallel run loop
auto	4.971696999360521	0.0	discard	49_3_in_5	Parallel run loop
auto	4.977698650138801	0.0	discard	37_3_in_4	Parallel run loop
auto	3.673258266723099	0.0	discard	21_3_in_4	Parallel run loop
auto	5.471893673513298	0.0	discard	43_3_in_4	Parallel run loop
auto	2.557776342332113	0.0	discard	15_3_in_5	Parallel run loop
auto	5.343125196779171	0.0	discard	41_3_in_4	Parallel run loop
auto	4.662526361082581	0.0	discard	45_3_in_5	Parallel run loop
auto	3.4852989187763366	0.0	discard	19_3_in_4	Parallel run loop
auto	4.533641121995398	0.0	discard	43_3_in_5	Parallel run loop
auto	4.329037606582289	0.0	discard	40_3_in_5	Parallel run loop
auto	4.392471891927051	0.0	discard	41_3_in_5	Parallel run loop
auto	3.2098934885180874	0.0	discard	23_3_in_5	Parallel run loop
auto	2.8926736315101866	0.0	discard	19_3_in_5	Parallel run loop
auto	4.123711718333653	0.0	discard	26_3_in_4	Parallel run loop
auto	2.6473744208485663	0.0	discard	16_3_in_5	Parallel run loop
auto	5.243326409627004	0.0	discard	40_3_in_4	Parallel run loop
auto	5.712682894330071	0.0	discard	46_3_in_4	Parallel run loop
auto	3.887094069585749	0.0	discard	33_3_in_5	Parallel run loop
auto	3.3552141212797393	0.0	discard	25_3_in_5	Parallel run loop
auto	3.4248827947739144	0.0	discard	26_3_in_5	Parallel run loop
auto	4.977483030433841	0.0	keep	38_3_in_4	Parallel run loop
auto	4.8308194914143625	0.0	discard	35_3_in_4	Parallel run loop
auto	3.3903141267408166	0.0	discard	18_3_in_4	Parallel run loop
auto	4.633284650309261	0.0	discard	44_3_in_5	Parallel run loop
auto	4.775689047506527	0.0	discard	46_3_in_5	Parallel run loop
auto	2.0819147930626043	0.0	discard	10_3_in_5	Parallel run loop
auto	1.7415208749791966	0.0	discard	7_3_in_5	Parallel run loop
auto	2.8047776815041474	0.0	discard	18_3_in_5	Parallel run loop
auto	4.923439785301233	0.0	discard	48_3_in_5	Parallel run loop
auto	2.184179392419747	0.0	discard	11_3_in_5	Parallel run loop
auto	2.375773515144428	0.0	discard	13_3_in_5	Parallel run loop
auto	4.991167690052894	0.0	discard	37_3_in_4	Parallel run loop
auto	4.030283300385447	0.0	discard	25_3_in_4	Parallel run loop
auto	4.576649952780922	0.0	discard	32_3_in_4	Parallel run loop
auto	2.7266845546485214	0.0	discard	17_3_in_5	Parallel run loop
auto	5.1056512645303735	0.0	discard	39_3_in_4	Parallel run loop
auto	4.457445141789304	0.0	discard	43_3_in_5	Parallel run loop
auto	2.5581158956099617	0.0	discard	15_3_in_5	Parallel run loop
auto	2.2810437164135924	0.0	discard	12_3_in_5	Parallel run loop
auto	4.300665852740773	0.0	discard	40_3_in_5	Parallel run loop
auto	4.2200251138172264	0.0	discard	39_3_in_5	Parallel run loop
auto	1.9752407054817602	0.0	discard	9_3_in_5	Parallel run loop
auto	4.666920080914447	0.0	discard	45_3_in_5	Parallel run loop
auto	2.8563468853007974	0.0	discard	13_3_in_4	Parallel run loop
auto	2.891807296878469	0.0	discard	19_3_in_5	Parallel run loop
auto	4.200887746958941	0.0	discard	38_3_in_5	Parallel run loop
auto	3.8633715656712266	0.0	discard	23_3_in_4	Parallel run loop
auto	5.225239631965783	0.0	discard	40_3_in_4	Parallel run loop
auto	3.424911992589844	0.0	discard	26_3_in_5	Parallel run loop
auto	3.5968474148853176	0.0	keep	29_3_in_5	Parallel run loop
auto	3.558402244127039	0.0	discard	28_3_in_5	Parallel run loop
auto	5.08752742079617	0.0	discard	38_3_in_4	Parallel run loop
auto	4.192550474121457	0.0	discard	27_3_in_4	Parallel run loop
auto	1.472359754421041	0.0	discard	5_3_in_5	Parallel run loop
auto	2.0821302952799026	0.0	discard	10_3_in_5	Parallel run loop
auto	4.8356574757045445	0.0	discard	35_3_in_4	Parallel run loop
auto	1.7415207649601714	0.0	discard	7_3_in_5	Parallel run loop
auto	4.514552048833226	0.0	discard	31_3_in_4	Parallel run loop
auto	2.183893821339898	0.0	discard	11_3_in_5	Parallel run loop
auto	4.78476933174566	0.0	discard	46_3_in_5	Parallel run loop
auto	4.268587741580303	0.0	discard	28_3_in_4	Parallel run loop
auto	4.598548026375041	0.0	discard	32_3_in_4	Parallel run loop
auto	4.071962073008152	0.0	discard	36_3_in_5	Parallel run loop
auto	2.8222635662949314	0.0	discard	18_3_in_5	Parallel run loop
auto	2.731558116466453	0.0	discard	17_3_in_5	Parallel run loop
auto	3.81843422417986	0.0	discard	32_3_in_5	Parallel run loop
auto	4.018439941585873	0.0	discard	35_3_in_5	Parallel run loop
auto	5.460261284341275	0.0	discard	43_3_in_4	Parallel run loop
auto	4.439610403428946	0.0	discard	30_3_in_4	Parallel run loop
auto	4.571754177952527	0.0	discard	43_3_in_5	Parallel run loop
auto	2.8662106129659572	0.0	discard	13_3_in_4	Parallel run loop
auto	3.5759105743067243	0.0	discard	20_3_in_4	Parallel run loop
auto	2.2803080573738663	0.0	discard	12_3_in_5	Parallel run loop
auto	4.251863033089138	0.0	discard	39_3_in_5	Parallel run loop
auto	4.324979089931072	0.0	discard	40_3_in_5	Parallel run loop
auto	3.271166409171745	0.0	discard	24_3_in_5	Parallel run loop
auto	2.88678539671154	0.0	discard	19_3_in_5	Parallel run loop
auto	4.411744275808032	0.0	discard	41_3_in_5	Parallel run loop
auto	3.1351229611765863	0.0	discard	22_3_in_5	Parallel run loop
auto	3.060998858846869	0.0	discard	21_3_in_5	Parallel run loop
auto	3.6233366617445477	0.0	discard	29_3_in_5	Parallel run loop
auto	5.190176924647033	0.0	discard	40_3_in_4	Parallel run loop
auto	3.4844145716290655	0.0	discard	19_3_in_4	Parallel run loop
auto	4.196069021928795	0.0	discard	27_3_in_4	Parallel run loop
auto	2.0821191763262616	0.0	discard	10_3_in_5	Parallel run loop
auto	1.7419932159854945	0.0	discard	7_3_in_5	Parallel run loop
auto	5.074008573784659	0.0	discard	50_3_in_5	Parallel run loop
auto	2.6457006202621174	0.0	discard	16_3_in_5	Parallel run loop
auto	5.693119415654939	0.0	discard	46_3_in_4	Parallel run loop
auto	2.1841146507447835	0.0	discard	11_3_in_5	Parallel run loop
auto	5.2939218827705234	0.0	discard	41_3_in_4	Parallel run loop
auto	4.9059088899160805	0.0	discard	36_3_in_4	Parallel run loop
auto	4.6411339058892755	0.0	discard	33_3_in_4	Parallel run loop
auto	4.475659542793828	0.0	discard	42_3_in_5	Parallel run loop
auto	3.817681924871734	0.0	discard	32_3_in_5	Parallel run loop
auto	4.281093570670077	0.0	discard	28_3_in_4	Parallel run loop
auto	4.0809361345819575	0.0	discard	36_3_in_5	Parallel run loop
auto	4.3602838122487	0.0	discard	29_3_in_4	Parallel run loop
auto	4.1489274859009	0.0	discard	37_3_in_5	Parallel run loop
auto	4.629760027579935	0.0	discard	44_3_in_5	Parallel run loop
auto	3.572288379360089	0.0	discard	20_3_in_4	Parallel run loop
auto	5.4131224436245455	0.0	discard	42_3_in_4	Parallel run loop
auto	4.1192213713208155	0.0	discard	26_3_in_4	Parallel run loop
auto	4.279368530683067	0.0	discard	39_3_in_5	Parallel run loop
auto	4.358696763592145	0.0	discard	40_3_in_5	Parallel run loop
auto	2.2809279845580077	0.0	discard	12_3_in_5	Parallel run loop
auto	3.8725577569305547	0.0	discard	33_3_in_5	Parallel run loop
auto	2.8826966483354357	0.0	discard	19_3_in_5	Parallel run loop
auto	3.2810970527088337	0.0	discard	24_3_in_5	Parallel run loop
auto	3.0571754634205064	0.0	discard	21_3_in_5	Parallel run loop
auto	4.86384879349316	0.0	discard	47_3_in_5	Parallel run loop
auto	4.413955217043453	0.0	discard	41_3_in_5	Parallel run loop
auto	4.9404894491967974	0.0	discard	48_3_in_5	Parallel run loop
auto	3.9545517518977547	0.0	discard	24_3_in_4	Parallel run loop
auto	2.377508670606009	0.0	discard	13_3_in_5	Parallel run loop
auto	5.206555851259065	0.0	discard	40_3_in_4	Parallel run loop
auto	5.165226492893488	0.0	discard	39_3_in_4	Parallel run loop
auto	3.77799127439452	0.0	discard	22_3_in_4	Parallel run loop
auto	1.9747824662578153	0.0	discard	9_3_in_5	Parallel run loop
auto	3.2122189994552794	0.0	discard	23_3_in_5	Parallel run loop
auto	4.674562777471559	0.0	discard	33_3_in_4	Parallel run loop
auto	5.30473040049928	0.0	discard	41_3_in_4	Parallel run loop
auto	4.036468131443764	0.0	discard	25_3_in_4	Parallel run loop
auto	5.79179118342406	0.0	discard	46_3_in_4	Parallel run loop
auto	3.4856330327562572	0.0	discard	27_3_in_5	Parallel run loop
auto	4.1645405298553575	0.0	discard	38_3_in_5	Parallel run loop
auto	3.850514360725151	0.0	discard	23_3_in_4	Parallel run loop
auto	3.575151928896123	0.0	discard	20_3_in_4	Parallel run loop
auto	4.0674621640672	0.0	discard	36_3_in_5	Parallel run loop
auto	3.3874088657941024	0.0	discard	18_3_in_4	Parallel run loop
auto	3.6899088128478943	0.0	discard	30_3_in_5	Parallel run loop
auto	1.4751750784962074	0.0	discard	5_3_in_5	Parallel run loop
auto	1.6123349311755402	0.0	discard	6_3_in_5	Parallel run loop
auto	2.2806073138286824	0.0	discard	12_3_in_5	Parallel run loop
auto	4.435889143902954	0.0	discard	30_3_in_4	Parallel run loop
auto	3.559362302843549	0.0	discard	28_3_in_5	Parallel run loop
auto	4.505418045099399	0.0	discard	31_3_in_4	Parallel run loop
auto	4.007413326781681	0.0	discard	35_3_in_5	Parallel run loop
auto	2.8894685709163253	0.0	discard	19_3_in_5	Parallel run loop
auto	3.868769313015618	0.0	keep	33_3_in_5	Parallel run loop
auto	5.389963646300245	0.0	discard	43_3_in_4	Parallel run loop
auto	4.743602971811189	0.0	discard	34_3_in_4	Parallel run loop
auto	3.0625876369690115	0.0	discard	21_3_in_5	Parallel run loop
auto	3.493875333594783	0.0	discard	19_3_in_4	Parallel run loop
auto	4.982934915765285	0.0	discard	49_3_in_5	Parallel run loop
auto	3.646231398268579	0.0	keep	21_3_in_4	Parallel run loop
auto	5.78654289126928	0.0	discard	47_3_in_4	Parallel run loop
auto	3.1382685077260475	0.0	discard	22_3_in_5	Parallel run loop
auto	1.9772534141051405	0.0	discard	9_3_in_5	Parallel run loop
auto	5.05461090924511	0.0	discard	50_3_in_5	Parallel run loop
auto	5.207599733118786	0.0	discard	40_3_in_4	Parallel run loop
auto	3.492659412346524	0.0	discard	27_3_in_5	Parallel run loop
auto	5.451741682275354	0.0	keep	44_3_in_4	Parallel run loop
auto	3.212700678110059	0.0	discard	23_3_in_5	Parallel run loop
auto	3.846153469303986	0.0	discard	23_3_in_4	Parallel run loop
auto	5.334929179970105	0.0	discard	41_3_in_4	Parallel run loop
auto	4.195366965510294	0.0	discard	38_3_in_5	Parallel run loop
auto	2.643546376247839	0.0	discard	16_3_in_5	Parallel run loop
auto	4.508972897193636	0.0	discard	31_3_in_4	Parallel run loop
auto	4.071962073008152	0.0	discard	36_3_in_5	Parallel run loop
auto	3.5808091393914734	0.0	discard	20_3_in_4	Parallel run loop
auto	4.887083269878941	0.0	discard	36_3_in_4	Parallel run loop
auto	4.444243819400646	0.0	discard	42_3_in_5	Parallel run loop
auto	4.436279472714789	0.0	discard	30_3_in_4	Parallel run loop
auto	4.111554606387928	0.0	discard	26_3_in_4	Parallel run loop
auto	1.6123349404930138	0.0	discard	6_3_in_5	Parallel run loop
auto	3.866380038900737	0.0	keep	33_3_in_5	Parallel run loop
auto	5.476238526583793	0.0	discard	43_3_in_4	Parallel run loop
auto	1.8622712516004014	0.0	discard	8_3_in_5	Parallel run loop
auto	5.652418798180223	0.0	discard	45_3_in_4	Parallel run loop
auto	2.281294553869479	0.0	discard	12_3_in_5	Parallel run loop
auto	4.01622747508889	0.0	discard	35_3_in_5	Parallel run loop
auto	2.891455352538851	0.0	discard	19_3_in_5	Parallel run loop
auto	4.358721688932929	0.0	discard	29_3_in_4	Parallel run loop
auto	3.49006984953912	0.0	discard	19_3_in_4	Parallel run loop
auto	5.832794610956101	0.0	discard	47_3_in_4	Parallel run loop
auto	3.680975198549013	0.0	discard	21_3_in_4	Parallel run loop
auto	4.622926771052484	0.0	discard	44_3_in_5	Parallel run loop
auto	4.993353246517228	0.0	discard	49_3_in_5	Parallel run loop
auto	5.042365929223363	0.0	discard	50_3_in_5	Parallel run loop
auto	4.738640958789499	0.0	discard	47_3_in_5	Parallel run loop
auto	5.0669125228716725	0.0	discard	38_3_in_4	Parallel run loop
auto	5.406674477458217	0.0	keep	44_3_in_4	Parallel run loop
auto	3.860276001759022	0.0	discard	23_3_in_4	Parallel run loop
auto	4.207172460779992	0.0	discard	38_3_in_5	Parallel run loop
auto	5.235874043839695	0.0	discard	40_3_in_4	Parallel run loop
auto	5.4315682822728135	0.0	discard	42_3_in_4	Parallel run loop
auto	3.426755784703827	0.0	discard	26_3_in_5	Parallel run loop
auto	4.15406646575957	0.0	discard	37_3_in_5	Parallel run loop
auto	4.9494385803528385	0.0	discard	48_3_in_5	Parallel run loop
auto	3.9532690004425874	0.0	discard	24_3_in_4	Parallel run loop
auto	3.5623790669227473	0.0	discard	20_3_in_4	Parallel run loop
auto	4.091871112434221	0.0	discard	36_3_in_5	Parallel run loop
auto	4.82692463847135	0.0	discard	35_3_in_4	Parallel run loop
auto	4.508376054357783	0.0	discard	31_3_in_4	Parallel run loop
auto	5.117032467736828	0.0	discard	39_3_in_4	Parallel run loop
auto	3.943046153654136	0.0	discard	34_3_in_5	Parallel run loop
auto	4.425146962708705	0.0	discard	42_3_in_5	Parallel run loop
auto	5.48543914931965	0.0	discard	43_3_in_4	Parallel run loop
auto	2.3750249889570676	0.0	discard	13_3_in_5	Parallel run loop
auto	3.8666830287052556	0.0	discard	33_3_in_5	Parallel run loop
auto	2.8818512058157086	0.0	discard	19_3_in_5	Parallel run loop
auto	4.578661557786833	0.0	discard	32_3_in_4	Parallel run loop
auto	4.02621268341631	0.0	discard	25_3_in_4	Parallel run loop
auto	2.7255617291228273	0.0	discard	17_3_in_5	Parallel run loop
auto	4.744853285258161	0.0	discard	46_3_in_5	Parallel run loop
auto	4.602574310696887	0.0	discard	44_3_in_5	Parallel run loop
auto	2.8595333441401825	0.0	discard	13_3_in_4	Parallel run loop
auto	3.480422884689182	0.0	discard	19_3_in_4	Parallel run loop
auto	3.75277255192394	0.0	discard	31_3_in_5	Parallel run loop
auto	3.7699701810321264	0.0	discard	22_3_in_4	Parallel run loop
auto	5.5696101560901825	0.0	discard	44_3_in_4	Parallel run loop
auto	4.848533125673035	0.0	discard	47_3_in_5	Parallel run loop
auto	3.6123825259529405	0.0	discard	29_3_in_5	Parallel run loop
auto	4.1995155923476	0.0	discard	27_3_in_4	Parallel run loop
auto	3.863809557841359	0.0	discard	23_3_in_4	Parallel run loop
auto	4.209828242224128	0.0	discard	38_3_in_5	Parallel run loop
auto	3.3864404455649084	0.0	discard	18_3_in_4	Parallel run loop
auto	2.4685619553086386	0.0	discard	14_3_in_5	Parallel run loop
auto	3.6872788352785753	0.0	discard	30_3_in_5	Parallel run loop
auto	3.552810875843176	0.0	discard	28_3_in_5	Parallel run loop
auto	4.509712993197105	0.0	discard	31_3_in_4	Parallel run loop
auto	1.4735928503895597	0.0	discard	5_3_in_5	Parallel run loop
auto	3.5845186051817466	0.0	discard	20_3_in_4	Parallel run loop
auto	4.27923378766094	0.0	discard	28_3_in_4	Parallel run loop
auto	5.136619995315624	0.0	discard	39_3_in_4	Parallel run loop
auto	4.975310221416127	0.0	discard	37_3_in_4	Parallel run loop
auto	3.2823452685099297	0.0	discard	24_3_in_5	Parallel run loop
auto	3.816383470227719	0.0	discard	32_3_in_5	Parallel run loop
auto	2.3766000704740873	0.0	discard	13_3_in_5	Parallel run loop
auto	3.882774804336972	0.0	discard	33_3_in_5	Parallel run loop
auto	4.755190055921902	0.0	discard	34_3_in_4	Parallel run loop
auto	4.476879348922395	0.0	discard	42_3_in_5	Parallel run loop
auto	2.892424517872311	0.0	discard	19_3_in_5	Parallel run loop
auto	4.3858827057273295	0.0	discard	41_3_in_5	Parallel run loop
auto	2.732669765899694	0.0	discard	17_3_in_5	Parallel run loop
auto	4.601673132232768	0.0	discard	32_3_in_4	Parallel run loop
auto	4.6612049519013	0.0	keep	46_3_in_5	Parallel run loop
auto	4.5850689408375365	0.0	discard	44_3_in_5	Parallel run loop
auto	2.967437983415573	0.0	discard	20_3_in_5	Parallel run loop
auto	3.129977040736058	0.0	discard	22_3_in_5	Parallel run loop
auto	3.48449637624217	0.0	discard	19_3_in_4	Parallel run loop
auto	5.559387376791602	0.0	discard	44_3_in_4	Parallel run loop
auto	5.761724730717903	0.0	discard	46_3_in_4	Parallel run loop
auto	4.6576598419425315	0.0	discard	33_3_in_4	Parallel run loop
auto	4.116804367421597	0.0	discard	26_3_in_4	Parallel run loop
auto	4.912422627966543	0.0	discard	36_3_in_4	Parallel run loop
auto	3.6263155137238203	0.0	discard	29_3_in_5	Parallel run loop
auto	4.2017621048419205	0.0	discard	27_3_in_4	Parallel run loop
auto	5.677139475738862	0.0	discard	45_3_in_4	Parallel run loop
auto	2.6367373030476644	0.0	keep	16_3_in_5	Parallel run loop
auto	4.51448350491247	0.0	discard	31_3_in_4	Parallel run loop
auto	3.5617137672291226	0.0	discard	28_3_in_5	Parallel run loop
auto	5.143037194483781	0.0	discard	39_3_in_4	Parallel run loop
auto	3.393398966749288	0.0	discard	18_3_in_4	Parallel run loop
auto	1.8622754562656045	0.0	discard	8_3_in_5	Parallel run loop
auto	2.820111095857613	0.0	discard	18_3_in_5	Parallel run loop
auto	3.3531957920285955	0.0	discard	25_3_in_5	Parallel run loop
auto	5.078565434721058	0.0	discard	38_3_in_4	Parallel run loop
auto	2.376765837768411	0.0	discard	13_3_in_5	Parallel run loop
auto	4.3591354886282865	0.0	discard	29_3_in_4	Parallel run loop
auto	4.4628761120244445	0.0	discard	42_3_in_5	Parallel run loop
auto	4.489891240921304	0.0	discard	43_3_in_5	Parallel run loop
auto	3.803648973994539	0.0	discard	32_3_in_5	Parallel run loop
auto	4.4106555025540235	0.0	discard	41_3_in_5	Parallel run loop
auto	5.897539977815177	0.0	discard	48_3_in_4	Parallel run loop
auto	2.7245269938987366	0.0	discard	17_3_in_5	Parallel run loop
auto	4.128960978773291	0.0	discard	37_3_in_5	Parallel run loop
auto	5.3453865756691465	0.0	discard	42_3_in_4	Parallel run loop
auto	2.9807835976016333	0.0	discard	20_3_in_5	Parallel run loop
auto	4.628025014729158	0.0	discard	44_3_in_5	Parallel run loop
auto	4.748689795728094	0.0	discard	46_3_in_5	Parallel run loop
auto	5.546769429204488	0.0	discard	44_3_in_4	Parallel run loop
auto	5.779377622358351	0.0	discard	46_3_in_4	Parallel run loop
auto	3.424938335349193	0.0	discard	26_3_in_5	Parallel run loop
auto	3.137464478106061	0.0	discard	22_3_in_5	Parallel run loop
auto	4.679666686943143	0.0	discard	33_3_in_4	Parallel run loop
auto	4.120384885852515	0.0	discard	26_3_in_4	Parallel run loop
auto	4.950019912512329	0.0	discard	48_3_in_5	Parallel run loop
auto	4.791383328746227	0.0	keep	35_3_in_4	Parallel run loop
auto	4.201421673212198	0.0	discard	27_3_in_4	Parallel run loop
auto	2.0820831244428075	0.0	discard	10_3_in_5	Parallel run loop
auto	1.7415210330845958	0.0	discard	7_3_in_5	Parallel run loop
auto	3.344097232457723	0.0	discard	25_3_in_5	Parallel run loop
auto	4.036937436157193	0.0	discard	25_3_in_4	Parallel run loop
auto	2.6477913497549155	0.0	discard	16_3_in_5	Parallel run loop
auto	3.2067599807269036	0.0	discard	23_3_in_5	Parallel run loop
auto	3.953309921494822	0.0	discard	24_3_in_4	Parallel run loop
auto	2.858262513319784	0.0	discard	13_3_in_4	Parallel run loop
auto	1.8622732896880407	0.0	discard	8_3_in_5	Parallel run loop
auto	1.9748300222243127	0.0	discard	9_3_in_5	Parallel run loop
auto	3.770522763395937	0.0	discard	22_3_in_4	Parallel run loop
auto	3.4846818017747183	0.0	discard	27_3_in_5	Parallel run loop
auto	3.953122528865773	0.0	discard	34_3_in_5	Parallel run loop
auto	4.293614540336591	0.0	discard	39_3_in_5	Parallel run loop
auto	3.6845159189482724	0.0	discard	30_3_in_5	Parallel run loop
auto	3.7529989987189962	0.0	discard	31_3_in_5	Parallel run loop
auto	5.342232480164682	0.0	discard	42_3_in_4	Parallel run loop
auto	4.4614492623128905	0.0	discard	42_3_in_5	Parallel run loop
auto	2.7261661307949536	0.0	discard	17_3_in_5	Parallel run loop
auto	3.818753300532484	0.0	discard	32_3_in_5	Parallel run loop
auto	2.9784868238567364	0.0	discard	20_3_in_5	Parallel run loop
auto	4.5482254449477555	0.0	discard	44_3_in_5	Parallel run loop
auto	2.553898236100434	0.0	discard	15_3_in_5	Parallel run loop
auto	4.777923182911854	0.0	discard	46_3_in_5	Parallel run loop
auto	4.6502114301125435	0.0	discard	45_3_in_5	Parallel run loop
auto	1.4733112988527972	0.0	discard	5_3_in_5	Parallel run loop
auto	2.466121524922948	0.0	discard	14_3_in_5	Parallel run loop
auto	1.6123349324720873	0.0	discard	6_3_in_5	Parallel run loop
auto	4.825042646460126	0.0	discard	35_3_in_4	Parallel run loop
auto	4.014216019599866	0.0	discard	35_3_in_5	Parallel run loop
auto	4.121126421036263	0.0	discard	26_3_in_4	Parallel run loop
auto	4.282839274777788	0.0	discard	28_3_in_4	Parallel run loop
auto	4.440465870788271	0.0	discard	30_3_in_4	Parallel run loop
auto	4.719124830539161	0.0	discard	34_3_in_4	Parallel run loop
auto	4.994973721928029	0.0	discard	37_3_in_4	Parallel run loop
auto	1.9752453399855623	0.0	discard	9_3_in_5	Parallel run loop
auto	2.0829542800502256	0.0	discard	10_3_in_5	Parallel run loop
auto	3.2854955332564635	0.0	discard	24_3_in_5	Parallel run loop
auto	3.682084670692966	0.0	discard	21_3_in_4	Parallel run loop
auto	5.000729469232406	0.0	discard	49_3_in_5	Parallel run loop
auto	5.844945900783133	0.0	discard	47_3_in_4	Parallel run loop
auto	2.856450043138434	0.0	discard	13_3_in_4	Parallel run loop
auto	3.058076730932037	0.0	discard	21_3_in_5	Parallel run loop
auto	4.339927473485352	0.0	discard	40_3_in_5	Parallel run loop
auto	3.487817072276372	0.0	discard	27_3_in_5	Parallel run loop
auto	5.293632709653392	0.0	discard	41_3_in_4	Parallel run loop
auto	5.411331920693078	0.0	discard	42_3_in_4	Parallel run loop
auto	4.904251788001746	0.0	discard	36_3_in_4	Parallel run loop
auto	5.628345798382945	0.0	discard	45_3_in_4	Parallel run loop
auto	4.933491242259702	0.0	keep	50_3_in_5	Parallel run loop
auto	2.731812428180871	0.0	discard	17_3_in_5	Parallel run loop
auto	3.68565406076074	0.0	discard	30_3_in_5	Parallel run loop
auto	2.9808463690308096	0.0	discard	20_3_in_5	Parallel run loop
auto	2.1838441649808495	0.0	discard	11_3_in_5	Parallel run loop
auto	4.467286074352201	0.0	keep	44_3_in_5	Parallel run loop
auto	4.695292623891743	0.0	discard	45_3_in_5	Parallel run loop
auto	2.8160408429227397	0.0	discard	18_3_in_5	Parallel run loop
auto	4.758639953044003	0.0	discard	46_3_in_5	Parallel run loop
auto	1.472869645419125	0.0	discard	5_3_in_5	Parallel run loop
auto	2.4674367327916724	0.0	discard	14_3_in_5	Parallel run loop
auto	4.8330393892520345	0.0	discard	35_3_in_4	Parallel run loop
auto	3.9834523819333825	0.0	keep	35_3_in_5	Parallel run loop
auto	4.427252905788712	0.0	discard	30_3_in_4	Parallel run loop
auto	5.069468958857999	0.0	discard	38_3_in_4	Parallel run loop
auto	5.929597324436657	0.0	discard	48_3_in_4	Parallel run loop
auto	4.871884021299947	0.0	discard	47_3_in_5	Parallel run loop
auto	4.573434105529997	0.0	discard	43_3_in_5	Parallel run loop
auto	4.36486087557988	0.0	discard	29_3_in_4	Parallel run loop
auto	3.3888843888255074	0.0	keep	26_3_in_5	Parallel run loop
auto	4.147103315745588	0.0	discard	37_3_in_5	Parallel run loop
auto	3.9475564034626425	0.0	discard	34_3_in_5	Parallel run loop
auto	1.7415208367392434	0.0	discard	7_3_in_5	Parallel run loop
auto	3.2087953700115985	0.0	discard	23_3_in_5	Parallel run loop
auto	3.9475368790472745	0.0	discard	24_3_in_4	Parallel run loop
auto	4.761010941091636	0.0	discard	48_3_in_5	Parallel run loop
auto	4.586035174279099	0.0	discard	32_3_in_4	Parallel run loop
auto	4.0228558176752465	0.0	discard	25_3_in_4	Parallel run loop
auto	5.362666521408643	0.0	discard	42_3_in_4	Parallel run loop
auto	3.037902516636446	0.0	keep	21_3_in_5	Parallel run loop
auto	5.05461090924511	0.0	discard	50_3_in_5	Parallel run loop
auto	4.905141162767265	0.0	discard	36_3_in_4	Parallel run loop
auto	5.274239398750538	0.0	discard	41_3_in_4	Parallel run loop
auto	3.6859034221805262	0.0	discard	30_3_in_5	Parallel run loop
auto	4.225418443273481	0.0	discard	39_3_in_5	Parallel run loop
auto	3.7579018758582117	0.0	discard	31_3_in_5	Parallel run loop
auto	3.7647101244802705	0.0	discard	22_3_in_4	Parallel run loop
auto	3.628742459891808	0.0	discard	29_3_in_5	Parallel run loop
auto	2.978227380319793	0.0	discard	20_3_in_5	Parallel run loop
auto	4.6350746688466264	0.0	discard	44_3_in_5	Parallel run loop
auto	4.0151099006090165	0.0	discard	35_3_in_5	Parallel run loop
auto	4.832873041768879	0.0	discard	35_3_in_4	Parallel run loop
auto	3.3904519203160954	0.0	discard	18_3_in_4	Parallel run loop
auto	3.561379717776799	0.0	discard	28_3_in_5	Parallel run loop
auto	2.5571159829172716	0.0	discard	15_3_in_5	Parallel run loop
auto	4.281418775436012	0.0	discard	28_3_in_4	Parallel run loop
auto	1.6123349509954141	0.0	discard	6_3_in_5	Parallel run loop
auto	4.440011466621993	0.0	discard	30_3_in_4	Parallel run loop
auto	4.988441690022295	0.0	discard	37_3_in_4	Parallel run loop
auto	3.945541471982394	0.0	discard	24_3_in_4	Parallel run loop
auto	5.431820202634463	0.0	discard	43_3_in_4	Parallel run loop
auto	1.7415208664378672	0.0	discard	7_3_in_5	Parallel run loop
auto	3.4224895063224103	0.0	discard	26_3_in_5	Parallel run loop
auto	4.772344962758146	0.0	discard	48_3_in_5	Parallel run loop
auto	4.742393238960607	0.0	discard	34_3_in_4	Parallel run loop
auto	3.278944259181874	0.0	discard	24_3_in_5	Parallel run loop
auto	3.6791508624476785	0.0	discard	21_3_in_4	Parallel run loop
auto	4.871493659257416	0.0	discard	36_3_in_4	Parallel run loop
auto	4.032076001390384	0.0	discard	25_3_in_4	Parallel run loop
auto	5.006923261780616	0.0	discard	49_3_in_5	Parallel run loop
auto	3.0535208412852013	0.0	discard	21_3_in_5	Parallel run loop
auto	3.208689194713935	0.0	discard	23_3_in_5	Parallel run loop
auto	5.348758660950942	0.0	discard	42_3_in_4	Parallel run loop
auto	5.024964688877495	0.0	discard	50_3_in_5	Parallel run loop
auto	3.687270870722558	0.0	discard	30_3_in_5	Parallel run loop
auto	5.336534945954026	0.0	discard	41_3_in_4	Parallel run loop
auto	5.774430926562138	0.0	discard	47_3_in_4	Parallel run loop
auto	3.1294489741884255	0.0	discard	22_3_in_5	Parallel run loop
auto	4.4173569145070894	0.0	discard	41_3_in_5	Parallel run loop
auto	4.34733060947153	0.0	discard	40_3_in_5	Parallel run loop
auto	5.669494159712282	0.0	discard	45_3_in_4	Parallel run loop
auto	2.6437808458475534	0.0	discard	16_3_in_5	Parallel run loop
auto	5.7271232355910735	0.0	discard	46_3_in_4	Parallel run loop
auto	3.77426964153526	0.0	discard	22_3_in_4	Parallel run loop
auto	2.7954319496263142	0.0	keep	18_3_in_5	Parallel run loop
auto	2.18875162303364	0.0	discard	11_3_in_5	Parallel run loop
auto	4.66984759647921	0.0	discard	33_3_in_4	Parallel run loop
auto	1.8622720838192768	0.0	discard	8_3_in_5	Parallel run loop
auto	3.3552897632501315	0.0	discard	25_3_in_5	Parallel run loop
auto	4.5471086147615	0.0	discard	43_3_in_5	Parallel run loop
auto	3.9396574177356634	0.0	discard	24_3_in_4	Parallel run loop
auto	5.058922390152854	0.0	discard	38_3_in_4	Parallel run loop
auto	5.486253611839995	0.0	discard	43_3_in_4	Parallel run loop
auto	3.4169114120878015	0.0	discard	26_3_in_5	Parallel run loop
auto	4.848854088908252	0.0	discard	48_3_in_5	Parallel run loop
auto	4.358594465828277	0.0	discard	29_3_in_4	Parallel run loop
auto	4.8412354199467735	0.0	discard	47_3_in_5	Parallel run loop
auto	4.145332669846357	0.0	discard	37_3_in_5	Parallel run loop
auto	3.2148479778467705	0.0	discard	23_3_in_5	Parallel run loop
auto	5.932996747424285	0.0	discard	48_3_in_4	Parallel run loop
auto	3.0577687055548575	0.0	discard	21_3_in_5	Parallel run loop
auto	4.033358371248067	0.0	discard	25_3_in_4	Parallel run loop
auto	5.098313459946513	0.0	discard	50_3_in_5	Parallel run loop
auto	2.0821052459622593	0.0	discard	10_3_in_5	Parallel run loop
auto	4.890113833258741	0.0	discard	36_3_in_4	Parallel run loop
auto	3.943282963309274	0.0	discard	34_3_in_5	Parallel run loop
auto	5.118426745030366	0.0	discard	39_3_in_4	Parallel run loop
auto	2.379135616866902	0.0	discard	13_3_in_5	Parallel run loop
auto	3.687192461596473	0.0	discard	30_3_in_5	Parallel run loop
auto	4.596047595394476	0.0	discard	32_3_in_4	Parallel run loop
auto	3.1370148299726757	0.0	discard	22_3_in_5	Parallel run loop
auto	2.281719560552744	0.0	discard	12_3_in_5	Parallel run loop
auto	2.643240068428238	0.0	discard	16_3_in_5	Parallel run loop
auto	1.974788090047326	0.0	discard	9_3_in_5	Parallel run loop
auto	2.8206868455694467	0.0	discard	18_3_in_5	Parallel run loop
auto	2.858365202822248	0.0	discard	13_3_in_4	Parallel run loop
auto	4.263502373144794	0.0	discard	39_3_in_5	Parallel run loop
auto	3.862205793382137	0.0	discard	23_3_in_4	Parallel run loop
auto	3.7429737566831425	0.0	discard	22_3_in_4	Parallel run loop
auto	1.862416174405252	0.0	discard	8_3_in_5	Parallel run loop
auto	3.4908321665139126	0.0	discard	27_3_in_5	Parallel run loop
auto	4.230818161588912	0.0	discard	38_3_in_5	Parallel run loop
auto	5.075740362879084	0.0	discard	38_3_in_4	Parallel run loop
auto	3.758611694662672	0.0	discard	31_3_in_5	Parallel run loop
auto	4.341502800816147	0.0	discard	29_3_in_4	Parallel run loop
auto	3.945530020433342	0.0	discard	24_3_in_4	Parallel run loop
auto	3.405075824004262	0.0	discard	26_3_in_5	Parallel run loop
auto	4.831860226806961	0.0	discard	47_3_in_5	Parallel run loop
auto	4.9404894491967974	0.0	discard	48_3_in_5	Parallel run loop
auto	3.058944768747624	0.0	discard	21_3_in_5	Parallel run loop
auto	4.140860508585794	0.0	discard	37_3_in_5	Parallel run loop
auto	3.624380203901829	0.0	discard	29_3_in_5	Parallel run loop
auto	3.3755421118495725	0.0	discard	18_3_in_4	Parallel run loop
auto	3.943395950764466	0.0	discard	34_3_in_5	Parallel run loop
auto	4.199790042762328	0.0	discard	27_3_in_4	Parallel run loop
auto	2.0821321442343774	0.0	discard	10_3_in_5	Parallel run loop
auto	2.554758807517126	0.0	discard	15_3_in_5	Parallel run loop
auto	4.885167252212108	0.0	discard	36_3_in_4	Parallel run loop
auto	5.1373939705447285	0.0	discard	39_3_in_4	Parallel run loop
auto	4.594850033057726	0.0	keep	45_3_in_5	Parallel run loop
auto	3.55435028545507	0.0	discard	28_3_in_5	Parallel run loop
auto	4.587406945572082	0.0	discard	32_3_in_4	Parallel run loop
auto	2.647240149045633	0.0	discard	16_3_in_5	Parallel run loop
auto	2.4678352443556686	0.0	discard	14_3_in_5	Parallel run loop
auto	3.134458029321926	0.0	discard	22_3_in_5	Parallel run loop
auto	2.859452260390261	0.0	discard	13_3_in_4	Parallel run loop
auto	1.6123349330767753	0.0	discard	6_3_in_5	Parallel run loop
auto	2.815944823570833	0.0	discard	18_3_in_5	Parallel run loop
auto	3.8168613352522645	0.0	discard	32_3_in_5	Parallel run loop
auto	4.08044414689453	0.0	discard	36_3_in_5	Parallel run loop
auto	1.4719840926702379	0.0	discard	5_3_in_5	Parallel run loop
auto	4.278080707877572	0.0	discard	28_3_in_4	Parallel run loop
auto	3.775839272718553	0.0	discard	22_3_in_4	Parallel run loop
auto	3.7551750552726033	0.0	discard	31_3_in_5	Parallel run loop
auto	3.679030286017858	0.0	discard	21_3_in_4	Parallel run loop
auto	4.989697451147667	0.0	discard	37_3_in_4	Parallel run loop
auto	3.280717540095799	0.0	discard	24_3_in_5	Parallel run loop
auto	3.41525722514794	0.0	discard	26_3_in_5	Parallel run loop
auto	4.876145609055773	0.0	discard	48_3_in_5	Parallel run loop
auto	4.361813129767265	0.0	discard	29_3_in_4	Parallel run loop
auto	3.9493687821616987	0.0	discard	24_3_in_4	Parallel run loop
auto	4.721683036969594	0.0	discard	34_3_in_4	Parallel run loop
auto	4.129382782905175	0.0	discard	37_3_in_5	Parallel run loop
auto	4.887932299088258	0.0	discard	49_3_in_5	Parallel run loop
auto	4.425709645578415	0.0	discard	41_3_in_5	Parallel run loop
auto	5.82983700250971	0.0	discard	47_3_in_4	Parallel run loop
auto	3.3745052376588314	0.0	discard	18_3_in_4	Parallel run loop
auto	3.53914390568379	0.0	discard	28_3_in_5	Parallel run loop
auto	2.5547866144587945	0.0	discard	15_3_in_5	Parallel run loop
auto	4.900570555385496	0.0	discard	36_3_in_4	Parallel run loop
auto	3.481065967853155	0.0	discard	19_3_in_4	Parallel run loop
auto	4.31989096210617	0.0	discard	40_3_in_5	Parallel run loop
auto	4.680320742610261	0.0	discard	45_3_in_5	Parallel run loop
auto	5.750566983266424	0.0	discard	46_3_in_4	Parallel run loop
auto	5.201165408355971	0.0	discard	40_3_in_4	Parallel run loop
auto	2.8185806872892836	0.0	discard	18_3_in_5	Parallel run loop
auto	4.674880242005657	0.0	discard	33_3_in_4	Parallel run loop
auto	2.183552901485476	0.0	discard	11_3_in_5	Parallel run loop
auto	5.707343503622244	0.0	discard	45_3_in_4	Parallel run loop
auto	1.4735934307806855	0.0	discard	5_3_in_5	Parallel run loop
auto	4.283207422516762	0.0	discard	28_3_in_4	Parallel run loop
auto	3.8206788952770947	0.0	discard	32_3_in_5	Parallel run loop
auto	2.856971069599083	0.0	discard	13_3_in_4	Parallel run loop
auto	4.092476862512821	0.0	discard	36_3_in_5	Parallel run loop
auto	3.283222805302757	0.0	discard	24_3_in_5	Parallel run loop
auto	5.744690457100739	0.0	keep	48_3_in_4	Parallel run loop
auto	3.3341013868105036	0.0	discard	25_3_in_5	Parallel run loop
auto	4.120325320823583	0.0	discard	26_3_in_4	Parallel run loop
auto	3.8890920112006744	0.0	discard	33_3_in_5	Parallel run loop
auto	4.93262672615157	0.0	keep	37_3_in_4	Parallel run loop
auto	1.741520866766487	0.0	discard	7_3_in_5	Parallel run loop
auto	4.562032078387456	0.0	discard	43_3_in_5	Parallel run loop
auto	4.746504056315433	0.0	discard	34_3_in_4	Parallel run loop
auto	3.3751769276516335	0.0	discard	18_3_in_4	Parallel run loop
auto	1.9752434868994524	0.0	discard	9_3_in_5	Parallel run loop
auto	2.375846612170735	0.0	discard	13_3_in_5	Parallel run loop
auto	4.968962311953534	0.0	discard	49_3_in_5	Parallel run loop
auto	2.2832303171733703	0.0	discard	12_3_in_5	Parallel run loop
auto	4.265101731376375	0.0	discard	39_3_in_5	Parallel run loop
auto	4.31844998491346	0.0	discard	40_3_in_5	Parallel run loop
auto	4.894371710129382	0.0	discard	36_3_in_4	Parallel run loop
auto	3.5465755140330404	0.0	discard	28_3_in_5	Parallel run loop
auto	3.4689276614970064	0.0	discard	19_3_in_4	Parallel run loop
auto	2.5565081596646153	0.0	discard	15_3_in_5	Parallel run loop
auto	3.8473670921356797	0.0	discard	23_3_in_4	Parallel run loop
auto	4.152137124180145	0.0	keep	38_3_in_5	Parallel run loop
auto	2.18488759208386	0.0	discard	11_3_in_5	Parallel run loop
auto	3.4891289394435154	0.0	discard	27_3_in_5	Parallel run loop
auto	2.858544936606995	0.0	discard	13_3_in_4	Parallel run loop
auto	5.722187193588698	0.0	discard	46_3_in_4	Parallel run loop
auto	3.623311334981714	0.0	discard	29_3_in_5	Parallel run loop
auto	4.20512018880703	0.0	discard	27_3_in_4	Parallel run loop
auto	2.4679133123886503	0.0	discard	14_3_in_5	Parallel run loop
auto	1.6123349429219833	0.0	discard	6_3_in_5	Parallel run loop
auto	4.517833896537312	0.0	discard	31_3_in_4	Parallel run loop
auto	5.943418243793153	0.0	discard	48_3_in_4	Parallel run loop
auto	3.3536842047922235	0.0	discard	25_3_in_5	Parallel run loop
auto	4.4374341912448125	0.0	discard	30_3_in_4	Parallel run loop
auto	3.9897857031199475	0.0	discard	35_3_in_5	Parallel run loop
auto	5.499210787670189	0.0	discard	43_3_in_4	Parallel run loop
auto	4.998157855515855	0.0	discard	37_3_in_4	Parallel run loop
auto	3.680051860288925	0.0	discard	21_3_in_4	Parallel run loop
auto	1.7415208934363213	0.0	discard	7_3_in_5	Parallel run loop
auto	4.510493453485941	0.0	discard	43_3_in_5	Parallel run loop
auto	1.9759217523863546	0.0	discard	9_3_in_5	Parallel run loop
auto	4.739567670139682	0.0	discard	34_3_in_4	Parallel run loop
auto	3.387085036682701	0.0	discard	18_3_in_4	Parallel run loop
auto	4.963580242468016	0.0	discard	49_3_in_5	Parallel run loop
auto	3.5873658129057695	0.0	discard	20_3_in_4	Parallel run loop
auto	3.4680188049045104	0.0	discard	19_3_in_4	Parallel run loop
auto	4.408043779600383	0.0	discard	41_3_in_5	Parallel run loop
auto	4.303271296636266	0.0	discard	40_3_in_5	Parallel run loop
auto	5.545565328029483	0.0	discard	44_3_in_4	Parallel run loop
auto	5.779207271098406	0.0	discard	47_3_in_4	Parallel run loop
auto	4.263502373144794	0.0	discard	39_3_in_5	Parallel run loop
auto	3.556750445599029	0.0	discard	28_3_in_5	Parallel run loop
auto	5.217609943391875	0.0	discard	40_3_in_4	Parallel run loop
auto	3.4937538479767936	0.0	discard	27_3_in_5	Parallel run loop
auto	5.753312181573567	0.0	discard	46_3_in_4	Parallel run loop
auto	4.654151930289929	0.0	discard	33_3_in_4	Parallel run loop
auto	5.5068625434794205	0.0	keep	45_3_in_4	Parallel run loop
auto	4.092444011989303	0.0	discard	26_3_in_4	Parallel run loop
auto	4.205883684352359	0.0	discard	38_3_in_5	Parallel run loop
auto	5.318307726375001	0.0	discard	41_3_in_4	Parallel run loop
auto	2.467474853823032	0.0	discard	14_3_in_5	Parallel run loop
auto	5.068608299149818	0.0	discard	38_3_in_4	Parallel run loop
auto	1.862270852391448	0.0	discard	8_3_in_5	Parallel run loop
auto	4.48316846774775	0.0	discard	42_3_in_5	Parallel run loop
auto	4.829577907708746	0.0	discard	47_3_in_5	Parallel run loop
auto	4.0017663859876835	0.0	discard	35_3_in_5	Parallel run loop
auto	2.3763449095988185	0.0	discard	13_3_in_5	Parallel run loop
auto	3.876525544461648	0.0	discard	33_3_in_5	Parallel run loop
auto	2.082168623435542	0.0	discard	10_3_in_5	Parallel run loop
auto	4.828639698157974	0.0	discard	35_3_in_4	Parallel run loop
auto	3.682480353133396	0.0	discard	21_3_in_4	Parallel run loop
auto	1.7415210279474596	0.0	discard	7_3_in_5	Parallel run loop
auto	3.9491139102696873	0.0	discard	34_3_in_5	Parallel run loop
auto	3.4739425884646424	0.0	discard	19_3_in_4	Parallel run loop
auto	3.2102396436156426	0.0	discard	23_3_in_5	Parallel run loop
auto	3.3873174066020546	0.0	discard	18_3_in_4	Parallel run loop
auto	3.558158907984423	0.0	discard	28_3_in_5	Parallel run loop
auto	5.003809510261405	0.0	discard	49_3_in_5	Parallel run loop
auto	4.2957865787028675	0.0	discard	40_3_in_5	Parallel run loop
auto	5.807274721653209	0.0	discard	47_3_in_4	Parallel run loop
auto	5.153021075855383	0.0	discard	39_3_in_4	Parallel run loop
auto	4.585484711591597	0.0	discard	32_3_in_4	Parallel run loop
auto	4.254283077855283	0.0	discard	39_3_in_5	Parallel run loop
auto	4.022939790939626	0.0	discard	25_3_in_4	Parallel run loop
auto	2.7249974310545406	0.0	discard	17_3_in_5	Parallel run loop
auto	2.2819497265106814	0.0	discard	12_3_in_5	Parallel run loop
auto	5.536239110928234	0.0	discard	45_3_in_4	Parallel run loop
auto	4.11519441823685	0.0	discard	26_3_in_4	Parallel run loop
auto	5.801457570631635	0.0	discard	46_3_in_4	Parallel run loop
auto	5.333339773085371	0.0	discard	41_3_in_4	Parallel run loop
auto	4.672519094050451	0.0	discard	33_3_in_4	Parallel run loop
auto	1.8622752858782747	0.0	discard	8_3_in_5	Parallel run loop
auto	4.775689047506527	0.0	discard	46_3_in_5	Parallel run loop
auto	2.3753095354872182	0.0	discard	13_3_in_5	Parallel run loop
auto	3.86591706735063	0.0	discard	23_3_in_4	Parallel run loop
auto	4.01717134146939	0.0	discard	35_3_in_5	Parallel run loop
auto	4.858633932434746	0.0	discard	47_3_in_5	Parallel run loop
auto	5.0721030902387945	0.0	discard	38_3_in_4	Parallel run loop
auto	4.218461600041243	0.0	discard	38_3_in_5	Parallel run loop
auto	3.759162489462352	0.0	discard	31_3_in_5	Parallel run loop
auto	3.625923341971663	0.0	discard	29_3_in_5	Parallel run loop
auto	3.484125529776815	0.0	discard	19_3_in_4	Parallel run loop
auto	4.201873442983828	0.0	discard	27_3_in_4	Parallel run loop
auto	3.954937200354723	0.0	discard	34_3_in_5	Parallel run loop
auto	1.6123349418985229	0.0	discard	6_3_in_5	Parallel run loop
auto	1.4735924916566159	0.0	discard	5_3_in_5	Parallel run loop
auto	4.561132686861078	0.0	keep	45_3_in_5	Parallel run loop
auto	4.575952783738667	0.0	discard	32_3_in_4	Parallel run loop
auto	5.043520862041086	0.0	discard	49_3_in_5	Parallel run loop
auto	4.270504221721685	0.0	discard	28_3_in_4	Parallel run loop
auto	4.510707271590469	0.0	discard	31_3_in_4	Parallel run loop
auto	4.350306184780458	0.0	discard	40_3_in_5	Parallel run loop
auto	3.801772215399618	0.0	discard	32_3_in_5	Parallel run loop
auto	5.81551195876393	0.0	discard	47_3_in_4	Parallel run loop
auto	4.021093120997563	0.0	discard	25_3_in_4	Parallel run loop
auto	4.056757505681798	0.0	discard	36_3_in_5	Parallel run loop
auto	2.7177461563499854	0.0	keep	17_3_in_5	Parallel run loop
auto	5.491951460441867	0.0	discard	43_3_in_4	Parallel run loop
auto	4.433848874750047	0.0	discard	30_3_in_4	Parallel run loop
auto	4.119850353166296	0.0	discard	26_3_in_4	Parallel run loop
auto	5.651436199073824	0.0	discard	45_3_in_4	Parallel run loop
auto	3.285273689993606	0.0	discard	24_3_in_5	Parallel run loop
auto	4.433359356028343	0.0	discard	41_3_in_5	Parallel run loop
auto	2.963344864323639	0.0	discard	20_3_in_5	Parallel run loop
auto	4.8460746021895975	0.0	discard	47_3_in_5	Parallel run loop
auto	3.619352052300067	0.0	discard	29_3_in_5	Parallel run loop
auto	4.646354402577558	0.0	discard	33_3_in_4	Parallel run loop
auto	3.13791891076134	0.0	discard	22_3_in_5	Parallel run loop
auto	2.374542391640542	0.0	discard	13_3_in_5	Parallel run loop
auto	3.5895567940622093	0.0	discard	20_3_in_4	Parallel run loop
auto	5.2383714382238535	0.0	discard	40_3_in_4	Parallel run loop
auto	2.894490100452049	0.0	discard	19_3_in_5	Parallel run loop
auto	5.5696101560901825	0.0	discard	44_3_in_4	Parallel run loop
auto	4.603076354823493	0.0	discard	45_3_in_5	Parallel run loop
auto	5.051499597962342	0.0	discard	50_3_in_5	Parallel run loop
auto	2.18457088804288	0.0	discard	11_3_in_5	Parallel run loop
auto	2.6452377666002747	0.0	discard	16_3_in_5	Parallel run loop
auto	4.501108891407314	0.0	discard	42_3_in_5	Parallel run loop
auto	3.3575837057777016	0.0	discard	25_3_in_5	Parallel run loop
auto	4.585374638034089	0.0	discard	32_3_in_4	Parallel run loop
auto	3.8187498822758834	0.0	discard	32_3_in_5	Parallel run loop
auto	4.282665295217591	0.0	discard	28_3_in_4	Parallel run loop
auto	4.544415090187962	0.0	discard	43_3_in_5	Parallel run loop
auto	4.356790514046961	0.0	discard	29_3_in_4	Parallel run loop
auto	4.019043808057727	0.0	discard	25_3_in_4	Parallel run loop
auto	4.063147537675553	0.0	discard	36_3_in_5	Parallel run loop
auto	2.723541365240401	0.0	discard	17_3_in_5	Parallel run loop
auto	5.882751995651736	0.0	discard	48_3_in_4	Parallel run loop
auto	4.1224090447026	0.0	discard	37_3_in_5	Parallel run loop
auto	3.28214483695474	0.0	discard	24_3_in_5	Parallel run loop
auto	5.42024606848092	0.0	discard	42_3_in_4	Parallel run loop
auto	4.120900618978455	0.0	discard	26_3_in_4	Parallel run loop
auto	5.6558043873455945	0.0	discard	45_3_in_4	Parallel run loop
auto	4.420651458171621	0.0	discard	30_3_in_4	Parallel run loop
auto	2.9679322722808794	0.0	discard	20_3_in_5	Parallel run loop
auto	3.8830095189943075	0.0	discard	33_3_in_5	Parallel run loop
auto	3.6252955178315855	0.0	discard	29_3_in_5	Parallel run loop
auto	4.836741378202467	0.0	discard	35_3_in_4	Parallel run loop
auto	2.281537039064641	0.0	discard	12_3_in_5	Parallel run loop
auto	3.210077067339119	0.0	discard	23_3_in_5	Parallel run loop
auto	2.0822264941748503	0.0	discard	10_3_in_5	Parallel run loop
auto	2.3761589487460775	0.0	discard	13_3_in_5	Parallel run loop
auto	5.137737105885086	0.0	discard	39_3_in_4	Parallel run loop
auto	4.67070588510787	0.0	discard	33_3_in_4	Parallel run loop
auto	1.9752539455750515	0.0	discard	9_3_in_5	Parallel run loop
auto	2.6364757202549027	0.0	keep	16_3_in_5	Parallel run loop
auto	3.8625635625046986	0.0	discard	23_3_in_4	Parallel run loop
auto	3.815872973622432	0.0	discard	32_3_in_5	Parallel run loop
auto	4.718823269093404	0.0	discard	46_3_in_5	Parallel run loop
auto	3.771055580537708	0.0	discard	22_3_in_4	Parallel run loop
auto	4.708662387201879	0.0	discard	45_3_in_5	Parallel run loop
auto	3.4922921078926272	0.0	discard	27_3_in_5	Parallel run loop
auto	3.7498213543586023	0.0	discard	31_3_in_5	Parallel run loop
auto	4.029691347701578	0.0	discard	25_3_in_4	Parallel run loop
auto	4.538863354151099	0.0	discard	43_3_in_5	Parallel run loop
auto	2.7241001914993745	0.0	discard	17_3_in_5	Parallel run loop
auto	4.062319170768994	0.0	discard	36_3_in_5	Parallel run loop
auto	4.353879639558532	0.0	discard	29_3_in_4	Parallel run loop
auto	4.592061881267662	0.0	discard	32_3_in_4	Parallel run loop
auto	4.122036418177843	0.0	discard	37_3_in_5	Parallel run loop
auto	5.831604596521761	0.0	discard	48_3_in_4	Parallel run loop
auto	4.199736722542713	0.0	discard	27_3_in_4	Parallel run loop
auto	3.69246747616373	0.0	discard	30_3_in_5	Parallel run loop
auto	2.55713506443138	0.0	discard	15_3_in_5	Parallel run loop
auto	2.9808685418642793	0.0	discard	20_3_in_5	Parallel run loop
auto	4.43754539360113	0.0	discard	30_3_in_4	Parallel run loop
auto	2.4707017170239247	0.0	discard	14_3_in_5	Parallel run loop
auto	1.6121374931758699	0.0	discard	6_3_in_5	Parallel run loop
auto	5.520706650533487	0.0	discard	45_3_in_4	Parallel run loop
auto	1.4735920530241908	0.0	discard	5_3_in_5	Parallel run loop
auto	4.50257233090988	0.0	discard	31_3_in_4	Parallel run loop
auto	4.66331298363442	0.0	discard	33_3_in_4	Parallel run loop
auto	5.1606309537543655	0.0	discard	39_3_in_4	Parallel run loop
auto	4.988256122491859	0.0	discard	37_3_in_4	Parallel run loop
auto	2.0821935876179465	0.0	discard	10_3_in_5	Parallel run loop
auto	3.6792626882271255	0.0	discard	21_3_in_4	Parallel run loop
auto	3.8198891014775516	0.0	discard	32_3_in_5	Parallel run loop
auto	5.503892009050083	0.0	discard	43_3_in_4	Parallel run loop
auto	2.6401737146431894	0.0	discard	16_3_in_5	Parallel run loop
auto	3.8647772956687594	0.0	discard	23_3_in_4	Parallel run loop
auto	4.754442724554937	0.0	discard	34_3_in_4	Parallel run loop
auto	4.728545349177508	0.0	discard	46_3_in_5	Parallel run loop
auto	3.5623477012030857	0.0	discard	20_3_in_4	Parallel run loop
auto	3.74266359672722	0.0	discard	31_3_in_5	Parallel run loop
auto	4.368092535273514	0.0	discard	41_3_in_5	Parallel run loop
auto	4.345057217919251	0.0	discard	29_3_in_4	Parallel run loop
auto	4.551425509209976	0.0	discard	43_3_in_5	Parallel run loop
auto	2.7222527783707493	0.0	discard	17_3_in_5	Parallel run loop
auto	4.034621471194984	0.0	discard	25_3_in_4	Parallel run loop
auto	3.1264447043189048	0.0	discard	22_3_in_5	Parallel run loop
auto	4.1219662668106265	0.0	discard	37_3_in_5	Parallel run loop
auto	5.775905156041312	0.0	discard	48_3_in_4	Parallel run loop
auto	4.059085827770061	0.0	discard	36_3_in_5	Parallel run loop
auto	4.201396177680254	0.0	discard	27_3_in_4	Parallel run loop
auto	3.0641163714927715	0.0	discard	21_3_in_5	Parallel run loop
auto	5.086680895007307	0.0	discard	50_3_in_5	Parallel run loop
auto	4.437957840433547	0.0	discard	30_3_in_4	Parallel run loop
auto	5.576003679685058	0.0	discard	44_3_in_4	Parallel run loop
auto	1.612334935277943	0.0	discard	6_3_in_5	Parallel run loop
auto	2.897568526878113	0.0	discard	19_3_in_5	Parallel run loop
auto	5.246174446160965	0.0	discard	40_3_in_4	Parallel run loop
auto	1.8622717181603263	0.0	discard	8_3_in_5	Parallel run loop
auto	4.516281827490098	0.0	discard	31_3_in_4	Parallel run loop
auto	5.20082418490838	0.0	keep	41_3_in_4	Parallel run loop
auto	4.998157855515855	0.0	discard	37_3_in_4	Parallel run loop
auto	2.1852989573785377	0.0	discard	11_3_in_5	Parallel run loop
auto	2.805009680466953	0.0	discard	18_3_in_5	Parallel run loop
auto	3.801198972521551	0.0	discard	32_3_in_5	Parallel run loop
auto	5.070846895365432	0.0	discard	38_3_in_4	Parallel run loop
auto	3.356830339806951	0.0	discard	25_3_in_5	Parallel run loop
auto	4.4907270370365415	0.0	discard	42_3_in_5	Parallel run loop
auto	2.6417597450643466	0.0	discard	16_3_in_5	Parallel run loop
auto	4.744853285258161	0.0	discard	46_3_in_5	Parallel run loop
auto	4.6391100925870585	0.0	discard	44_3_in_5	Parallel run loop
auto	3.588499938342344	0.0	discard	20_3_in_4	Parallel run loop
auto	2.7260966692409485	0.0	discard	17_3_in_5	Parallel run loop
auto	4.357276348439011	0.0	discard	41_3_in_5	Parallel run loop
auto	3.874416542794509	0.0	discard	33_3_in_5	Parallel run loop
auto	5.406199430074472	0.0	discard	42_3_in_4	Parallel run loop
auto	4.485809991227528	0.0	discard	43_3_in_5	Parallel run loop
auto	3.7317054446815034	0.0	discard	31_3_in_5	Parallel run loop
auto	3.127000658922162	0.0	discard	22_3_in_5	Parallel run loop
auto	4.097393593487989	0.0	keep	37_3_in_5	Parallel run loop
auto	4.056676055058181	0.0	discard	36_3_in_5	Parallel run loop
auto	3.389679239099029	0.0	discard	26_3_in_5	Parallel run loop
auto	4.825042646460126	0.0	discard	35_3_in_4	Parallel run loop
auto	3.9490592084064158	0.0	discard	24_3_in_4	Parallel run loop
auto	4.904891093643268	0.0	discard	48_3_in_5	Parallel run loop
auto	3.9449955161265993	0.0	discard	34_3_in_5	Parallel run loop
auto	1.9752436107930773	0.0	discard	9_3_in_5	Parallel run loop
auto	1.7415210060194886	0.0	discard	7_3_in_5	Parallel run loop
auto	3.213157356722755	0.0	discard	23_3_in_5	Parallel run loop
auto	1.862999418727561	0.0	discard	8_3_in_5	Parallel run loop
auto	2.1834884587707584	0.0	discard	11_3_in_5	Parallel run loop
auto	2.286362489025547	0.0	discard	12_3_in_5	Parallel run loop
auto	4.258330231192132	0.0	discard	39_3_in_5	Parallel run loop
auto	3.8234923184225993	0.0	discard	32_3_in_5	Parallel run loop
auto	3.770344991031697	0.0	discard	22_3_in_4	Parallel run loop
auto	2.8563788105010217	0.0	discard	13_3_in_4	Parallel run loop
auto	4.191977614348059	0.0	discard	38_3_in_5	Parallel run loop
auto	5.306176326611742	0.0	discard	41_3_in_4	Parallel run loop
auto	3.6851025404496145	0.0	discard	30_3_in_5	Parallel run loop
auto	2.4636051809928583	0.0	discard	14_3_in_5	Parallel run loop
auto	3.4953666351979678	0.0	discard	27_3_in_5	Parallel run loop
auto	2.558587550513895	0.0	discard	15_3_in_5	Parallel run loop
auto	1.4735927818955443	0.0	discard	5_3_in_5	Parallel run loop
auto	2.644831838924555	0.0	discard	16_3_in_5	Parallel run loop
auto	4.760693385365639	0.0	discard	46_3_in_5	Parallel run loop
auto	3.8740485293823657	0.0	discard	33_3_in_5	Parallel run loop
auto	5.429632121705751	0.0	discard	42_3_in_4	Parallel run loop
auto	3.125733510804021	0.0	discard	22_3_in_5	Parallel run loop
auto	4.524999539438165	0.0	discard	43_3_in_5	Parallel run loop
auto	4.407763928005299	0.0	discard	41_3_in_5	Parallel run loop
auto	3.7541734665708306	0.0	discard	31_3_in_5	Parallel run loop
auto	4.103566981965649	0.0	discard	37_3_in_5	Parallel run loop
auto	4.054004284694454	0.0	discard	36_3_in_5	Parallel run loop
auto	3.4116603398794765	0.0	discard	26_3_in_5	Parallel run loop
auto	4.013825462752092	0.0	discard	35_3_in_5	Parallel run loop
auto	4.786408121027798	0.0	keep	35_3_in_4	Parallel run loop
auto	4.2821757788740245	0.0	discard	28_3_in_4	Parallel run loop
auto	3.6771602180933503	0.0	discard	21_3_in_4	Parallel run loop
auto	3.2842524976787737	0.0	discard	24_3_in_5	Parallel run loop
auto	5.436597799609158	0.0	discard	43_3_in_4	Parallel run loop
auto	4.7539430406942875	0.0	discard	34_3_in_4	Parallel run loop
auto	5.854406961913515	0.0	discard	47_3_in_4	Parallel run loop
auto	2.183756331534564	0.0	discard	11_3_in_5	Parallel run loop
auto	3.0635640221410685	0.0	discard	21_3_in_5	Parallel run loop
auto	4.2717020786740525	0.0	discard	39_3_in_5	Parallel run loop
auto	2.8583781655534057	0.0	discard	13_3_in_4	Parallel run loop
auto	4.218383088547821	0.0	discard	38_3_in_5	Parallel run loop
auto	5.109319071919103	0.0	discard	50_3_in_5	Parallel run loop
auto	3.772072647708329	0.0	discard	22_3_in_4	Parallel run loop
auto	3.6892026662159823	0.0	discard	30_3_in_5	Parallel run loop
auto	5.309996556824351	0.0	discard	41_3_in_4	Parallel run loop
auto	4.817098517968115	0.0	discard	46_3_in_5	Parallel run loop
auto	2.6445042982447684	0.0	discard	16_3_in_5	Parallel run loop
auto	2.4661636224391983	0.0	discard	14_3_in_5	Parallel run loop
auto	2.884060979351459	0.0	discard	19_3_in_5	Parallel run loop
auto	5.211483859835936	0.0	discard	40_3_in_4	Parallel run loop
auto	5.581330650453053	0.0	discard	44_3_in_4	Parallel run loop
auto	3.876699085081123	0.0	discard	33_3_in_5	Parallel run loop
auto	3.129591844756036	0.0	discard	22_3_in_5	Parallel run loop
auto	5.753312181573567	0.0	discard	46_3_in_4	Parallel run loop
auto	4.401336787130617	0.0	discard	41_3_in_5	Parallel run loop
auto	4.1367287939507875	0.0	discard	37_3_in_5	Parallel run loop
auto	3.7493311659192665	0.0	discard	31_3_in_5	Parallel run loop
auto	4.460747298526124	0.0	discard	43_3_in_5	Parallel run loop
auto	3.402310687274142	0.0	discard	26_3_in_5	Parallel run loop
auto	4.0632443690574505	0.0	discard	36_3_in_5	Parallel run loop
auto	4.021945284824138	0.0	discard	35_3_in_5	Parallel run loop
auto	2.81376905497559	0.0	discard	18_3_in_5	Parallel run loop
auto	3.6768179979239344	0.0	discard	21_3_in_4	Parallel run loop
auto	5.488133303850226	0.0	discard	43_3_in_4	Parallel run loop
auto	4.812544956143762	0.0	discard	35_3_in_4	Parallel run loop
auto	4.513402744005318	0.0	discard	42_3_in_5	Parallel run loop
auto	3.3523827197842193	0.0	discard	25_3_in_5	Parallel run loop
auto	2.184224723917209	0.0	discard	11_3_in_5	Parallel run loop
auto	5.090203699497642	0.0	discard	38_3_in_4	Parallel run loop
auto	4.629760027579935	0.0	discard	44_3_in_5	Parallel run loop
auto	4.877386760747978	0.0	discard	47_3_in_5	Parallel run loop
auto	2.857727110056084	0.0	discard	13_3_in_4	Parallel run loop
auto	3.9540035571024084	0.0	discard	24_3_in_4	Parallel run loop
auto	5.298440653386618	0.0	discard	41_3_in_4	Parallel run loop
auto	2.468511066805074	0.0	discard	14_3_in_5	Parallel run loop
auto	4.9404894491967974	0.0	discard	48_3_in_5	Parallel run loop
auto	1.9747800153538626	0.0	discard	9_3_in_5	Parallel run loop
auto	2.0824565036273626	0.0	discard	10_3_in_5	Parallel run loop
auto	1.7415209837890295	0.0	discard	7_3_in_5	Parallel run loop
auto	3.9517335767444055	0.0	discard	34_3_in_5	Parallel run loop
auto	2.283166255770938	0.0	discard	12_3_in_5	Parallel run loop
auto	3.4894628791485407	0.0	discard	27_3_in_5	Parallel run loop
auto	4.428207637707449	0.0	discard	41_3_in_5	Parallel run loop
auto	3.8522973638198255	0.0	discard	23_3_in_4	Parallel run loop
auto	3.1989438154116927	0.0	discard	23_3_in_5	Parallel run loop
auto	3.132903751608343	0.0	discard	22_3_in_5	Parallel run loop
auto	5.083545339704124	0.0	discard	39_3_in_4	Parallel run loop
auto	3.609788619078422	0.0	discard	29_3_in_5	Parallel run loop
auto	3.754882873050317	0.0	discard	31_3_in_5	Parallel run loop
auto	4.185211303247267	0.0	discard	27_3_in_4	Parallel run loop
auto	4.4525473200192005	0.0	discard	43_3_in_5	Parallel run loop
auto	3.421452771625277	0.0	discard	26_3_in_5	Parallel run loop
