warning: unused variable: `dx_dposx`
   --> src/main.rs:601:33
    |
601 | ...                   let dx_dposx = 1.0;
    |                           ^^^^^^^^ help: if this is intentional, prefix it with an underscore: `_dx_dposx`
    |
    = note: `#[warn(unused_variables)]` (part of `#[warn(unused)]`) on by default

warning: unused variable: `dy_dposy`
   --> src/main.rs:602:33
    |
602 | ...                   let dy_dposy = 1.0;
    |                           ^^^^^^^^ help: if this is intentional, prefix it with an underscore: `_dy_dposy`

warning: `packer_rs` (bin "packer_rs") generated 2 warnings (run `cargo fix --bin "packer_rs" -p packer_rs` to apply 2 suggestions)
    Finished `release` profile [optimized] target(s) in 0.30s
[Main] Starting parallel loop on 32 cores.
[Main] Compiling Rust solver once before spawning workers...
warning: unused variable: `dx_dposx`
   --> src/main.rs:601:33
    |
601 | ...                   let dx_dposx = 1.0;
    |                           ^^^^^^^^ help: if this is intentional, prefix it with an underscore: `_dx_dposx`
    |
    = note: `#[warn(unused_variables)]` (part of `#[warn(unused)]`) on by default

warning: unused variable: `dy_dposy`
   --> src/main.rs:602:33
    |
602 | ...                   let dy_dposy = 1.0;
    |                           ^^^^^^^^ help: if this is intentional, prefix it with an underscore: `_dy_dposy`

warning: `packer_rs` (bin "packer_rs") generated 2 warnings (run `cargo fix --bin "packer_rs" -p packer_rs` to apply 2 suggestions)
    Finished `release` profile [optimized] target(s) in 0.15s
[3_3_in_circle] Starting (5000 attempts)
[4_3_in_circle] Starting (5000 attempts)
[5_3_in_DOMINO] Starting (5000 attempts)
[7_3_in_DOMINO] Starting (5000 attempts)
[6_3_in_DOMINO] Starting (5000 attempts)
[4_3_in_DOMINO] Starting (5000 attempts)
[8_3_in_circle] Starting (50000 attempts)
[3_3_in_DOMINO] Starting (5000 attempts)
[11_3_in_circle] Starting (50000 attempts)
[8_3_in_DOMINO] Starting (50000 attempts)
[9_3_in_DOMINO] Starting (50000 attempts)
[9_3_in_circle] Starting (50000 attempts)
[10_3_in_circle] Starting (50000 attempts)
[7_3_in_circle] Starting (5000 attempts)
[12_3_in_circle] Starting (50000 attempts)
[14_3_in_circle] Starting (50000 attempts)
[18_3_in_circle] Starting (50000 attempts)
[10_3_in_DOMINO] Starting (50000 attempts)
[13_3_in_circle] Starting (50000 attempts)
[15_3_in_circle] Starting (50000 attempts)
[16_3_in_circle] Starting (50000 attempts)
[17_3_in_circle] Starting (50000 attempts)
[20_3_in_circle] Starting (50000 attempts)
[19_3_in_circle] Starting (50000 attempts)
[21_3_in_circle] Starting (50000 attempts)
[11_3_in_DOMINO] Starting (50000 attempts)
[22_3_in_circle] Starting (50000 attempts)
[23_3_in_circle] Starting (50000 attempts)
[28_3_in_circle] Starting (50000 attempts)
[26_3_in_circle] Starting (50000 attempts)
[22_3_in_DOMINO] Starting (50000 attempts)
[21_3_in_DOMINO] Starting (50000 attempts)
[4_3_in_circle] Success!
[Main] Worker finished 4_3_in_circle with score 0.9806311282633736
[3_3_in_circle] Success!
[5_3_in_DOMINO] Success!
[6_3_in_DOMINO] Success!
[7_3_in_DOMINO] Success!
[4_3_in_DOMINO] Success!
[Main] Worker finished 7_3_in_DOMINO with score 1.4929929788804361
[27_3_in_circle] Starting (50000 attempts)
[Main] Worker finished 3_3_in_circle with score 0.95351403187036
[Main] Worker finished 4_3_in_DOMINO with score 1.120372271376557
[8_3_in_circle] Success!
[Main] Worker finished 6_3_in_DOMINO with score 1.376315008170295
[Main] Worker finished 5_3_in_DOMINO with score 1.2631585229316675
[3_3_in_DOMINO] Success!
[30_3_in_circle] Starting (50000 attempts)
[25_3_in_circle] Starting (50000 attempts)
[11_3_in_circle] Success!
[19_3_in_DOMINO] Starting (50000 attempts)
[8_3_in_DOMINO] Success!
[29_3_in_circle] Starting (50000 attempts)
[9_3_in_circle] Success!
[9_3_in_DOMINO] Success!
[Main] Worker finished 3_3_in_DOMINO with score 0.9679679089562259
[13_3_in_DOMINO] Starting (50000 attempts)
[Main] Worker finished 9_3_in_DOMINO with score 1.6790407847034956
[Main] Worker finished 11_3_in_circle with score 1.8605987074309303
[10_3_in_circle] Success!
[Main] Worker finished 8_3_in_DOMINO with score 1.5876717976363994
[Main] Worker finished 8_3_in_circle with score 1.47353597073821
[Main] Worker finished 9_3_in_circle with score 1.633109581865768
[20_3_in_DOMINO] Starting (50000 attempts)
[7_3_in_circle] Success!
[12_3_in_circle] Success!
[31_3_in_circle] Starting (50000 attempts)
[14_3_in_circle] Success!
[15_3_in_DOMINO] Starting (50000 attempts)
[18_3_in_circle] Success!
[10_3_in_DOMINO] Success!
[17_3_in_DOMINO] Starting (50000 attempts)
[14_3_in_DOMINO] Starting (50000 attempts)
[13_3_in_circle] Success!
[15_3_in_circle] Success!
[16_3_in_circle] Success!
[Main] Worker finished 10_3_in_circle with score 1.7708564800394493[18_3_in_DOMINO] Starting (50000 attempts)

[Main] Worker finished 18_3_in_circle with score 2.48736993590627
[Main] Worker finished 10_3_in_DOMINO with score 1.7579401893764686
[Main] Worker finished 7_3_in_circle with score 1.3635617766726895
[Main] Worker finished 15_3_in_circle with score 2.251034959969896
[Main] Worker finished 12_3_in_circle with score 1.958843090976794
[Main] Worker finished 13_3_in_circle with score 2.044566351546614
[Main] Worker finished 16_3_in_circle with score 2.308860742248562
[17_3_in_circle] Success!
[Main] Worker finished 14_3_in_circle with score 2.1398593981582588
[12_3_in_DOMINO] Starting (50000 attempts)
[20_3_in_circle] Success!
[16_3_in_DOMINO] Starting (50000 attempts)
[19_3_in_circle] Success!
[8_3_in_circle] Starting (50000 attempts)
[11_3_in_circle] Starting (50000 attempts)
[21_3_in_circle] Success!
[8_3_in_DOMINO] Starting (50000 attempts)
[11_3_in_DOMINO] Success!
[9_3_in_DOMINO] Starting (50000 attempts)
[38_4_in_DOMINO] Starting (50000 attempts)
[22_3_in_circle] Success!
[23_3_in_circle] Success!
[9_3_in_circle] Starting (50000 attempts)
[Main] Worker finished 23_3_in_circle with score 2.892686873930852
[10_3_in_circle] Starting (50000 attempts)
[Main] Worker finished 20_3_in_circle with score 2.6562129036203266
[Main] Worker finished 17_3_in_circle with score 2.431295662456049
[Main] Worker finished 21_3_in_circle with score 2.8410880478666614
[Main] Worker finished 19_3_in_circle with score 2.636568866853656
[Main] Worker finished 11_3_in_DOMINO with score 1.88268705471849
[28_3_in_circle] Success!
[Main] Worker finished 22_3_in_circle with score 2.8649445868438925
[7_3_in_circle] Starting (5000 attempts)
[12_3_in_circle] Starting (50000 attempts)
[26_3_in_circle] Success!
[22_3_in_DOMINO] Success!
[18_3_in_circle] Starting (50000 attempts)
[15_3_in_circle] Starting (50000 attempts)
[10_3_in_DOMINO] Starting (50000 attempts)
[14_3_in_circle] Starting (50000 attempts)
[21_3_in_DOMINO] Success!
[Main] Worker finished 21_3_in_DOMINO with score 2.7656174236647373
[13_3_in_circle] Starting (50000 attempts)
[Main] Worker finished 26_3_in_circle with score 3.242992001497761
[Main] Worker finished 28_3_in_circle with score 3.4849039165277618
[Main] Worker finished 22_3_in_DOMINO with score 2.9052397780087813
[16_3_in_circle] Starting (50000 attempts)
[23_3_in_circle] Starting (50000 attempts)
[17_3_in_circle] Starting (50000 attempts)
[20_3_in_circle] Starting (50000 attempts)
[27_3_in_circle] Success!
[Main] Worker finished 27_3_in_circle with score 3.308191645869685
[19_3_in_circle] Starting (50000 attempts)
[30_3_in_circle] Success!
[Main] Worker finished 30_3_in_circle with score 3.664325082156358
[21_3_in_circle] Starting (50000 attempts)
[19_3_in_DOMINO] Success!
[Main] Worker finished 19_3_in_DOMINO with score 2.5570446075924558
[25_3_in_circle] Success!
[Main] Worker finished 25_3_in_circle with score 3.0523047446752902
[22_3_in_circle] Starting (50000 attempts)
[28_3_in_circle] Starting (50000 attempts)
[29_3_in_circle] Success!
[Main] Worker finished 29_3_in_circle with score 3.4578638960139676
[13_3_in_DOMINO] Success!
[20_3_in_DOMINO] Success!
[Main] Worker finished 20_3_in_DOMINO with score 2.786024259078747
[11_3_in_DOMINO] Starting (50000 attempts)
[Main] Worker finished 13_3_in_DOMINO with score 2.0465805242993595
[31_3_in_circle] Success!
[21_3_in_DOMINO] Starting (50000 attempts)
[15_3_in_DOMINO] Success!
[17_3_in_DOMINO] Success!
[14_3_in_DOMINO] Success!
[Main] Worker finished 17_3_in_DOMINO with score 2.411589980029004
[26_3_in_circle] Starting (50000 attempts)
[Main] Worker finished 14_3_in_DOMINO with score 2.1822449313854135
[Main] Worker finished 31_3_in_circle with score 3.7248965423634073
[Main] Worker finished 15_3_in_DOMINO with score 2.2337805394828676
[22_3_in_DOMINO] Starting (50000 attempts)
[27_3_in_circle] Starting (50000 attempts)
[18_3_in_DOMINO] Success!
[30_3_in_circle] Starting (50000 attempts)
[12_3_in_DOMINO] Success!
[Main] Worker finished 18_3_in_DOMINO with score 2.4702036222377695
[25_3_in_circle] Starting (50000 attempts)
[Main] Worker finished 12_3_in_DOMINO with score 1.9597734458788343
[16_3_in_DOMINO] Success!
[19_3_in_DOMINO] Starting (50000 attempts)
[11_3_in_circle] Success!
[8_3_in_circle] Success!
[Main] Worker finished 16_3_in_DOMINO with score 2.302433267944131
[29_3_in_circle] Starting (50000 attempts)
[Main] Worker finished 8_3_in_circle with score 1.2833040055484453
[8_3_in_DOMINO] Success!
[Main] Worker finished 11_3_in_circle with score 1.7353539698222733
[9_3_in_DOMINO] Success!
[20_3_in_DOMINO] Starting (50000 attempts)
[11_3_in_circle] Starting (50000 attempts)
[10_3_in_circle] Success!
[Main] Worker finished 9_3_in_DOMINO with score 1.6489843604226322
[13_3_in_DOMINO] Starting (50000 attempts)
[Main] Worker finished 10_3_in_circle with score 1.6635801997993611
[Main] Worker finished 8_3_in_DOMINO with score 1.5630194233060855
[17_3_in_DOMINO] Starting (50000 attempts)
[9_3_in_circle] Success!
[14_3_in_DOMINO] Starting (50000 attempts)
[12_3_in_circle] Success!
[7_3_in_circle] Success!
[Main] Worker finished 9_3_in_circle with score 1.4768481187911613
[10_3_in_circle] Starting (50000 attempts)
[Main] Worker finished 12_3_in_circle with score 1.8376771654127777
[Main] Worker finished 7_3_in_circle with score 1.174814125177887
[18_3_in_circle] Success!
[31_3_in_circle] Starting (50000 attempts)
[15_3_in_circle] Success!
[15_3_in_DOMINO] Starting (50000 attempts)
[14_3_in_circle] Success!
[13_3_in_circle] Success!
[Main] Worker finished 18_3_in_circle with score 2.3546165473939786
[18_3_in_DOMINO] Starting (50000 attempts)
[Main] Worker finished 15_3_in_circle with score 2.138483119035676
[Main] Worker finished 13_3_in_circle with score 1.918921736543084
[Main] Worker finished 14_3_in_circle with score 2.0031562450954774
[10_3_in_DOMINO] Success!
[16_3_in_circle] Success!
[12_3_in_DOMINO] Starting (50000 attempts)
[23_3_in_circle] Success!
[16_3_in_DOMINO] Starting (50000 attempts)
[8_3_in_circle] Starting (50000 attempts)
[17_3_in_circle] Success!
[20_3_in_circle] Success!
[Main] Worker finished 10_3_in_DOMINO with score 1.6885528049954177
[9_3_in_circle] Starting (50000 attempts)
[Main] Worker finished 16_3_in_circle with score 2.2114153602886772
[Main] Worker finished 17_3_in_circle with score 2.291662219993713
[Main] Worker finished 23_3_in_circle with score 2.6947973226895026
[Main] Worker finished 20_3_in_circle with score 2.514032523181974
[12_3_in_circle] Starting (50000 attempts)
[14_3_in_circle] Starting (50000 attempts)
[38_4_in_DOMINO] Success!
[18_3_in_circle] Starting (50000 attempts)
[13_3_in_circle] Starting (50000 attempts)
[Main] Worker finished 38_4_in_DOMINO with score 4.987334926006268
[15_3_in_circle] Starting (50000 attempts)
[7_3_in_circle] Starting (5000 attempts)
[19_3_in_circle] Success!
[Main] Worker finished 19_3_in_circle with score 2.419433023092768
[21_3_in_circle] Success!
[22_3_in_circle] Success!
[Main] Worker finished 22_3_in_circle with score 2.64777180760337
[16_3_in_circle] Starting (50000 attempts)
[Main] Worker finished 21_3_in_circle with score 2.5715211563070963
[28_3_in_circle] Success!
[17_3_in_circle] Starting (50000 attempts)
[Main] Worker finished 28_3_in_circle with score 3.024388883523882
[20_3_in_circle] Starting (50000 attempts)
[19_3_in_circle] Starting (50000 attempts)
[11_3_in_DOMINO] Success!
[Main] Worker finished 11_3_in_DOMINO with score 1.7615283121009282
[21_3_in_DOMINO] Success!
[Main] Worker finished 21_3_in_DOMINO with score 2.5801953040842123
[10_3_in_DOMINO] Starting (50000 attempts)
[21_3_in_circle] Starting (50000 attempts)
[26_3_in_circle] Success!
[Main] Worker finished 26_3_in_circle with score 2.8952421926082703
[22_3_in_circle] Starting (50000 attempts)
[27_3_in_circle] Success!
[Main] Worker finished 27_3_in_circle with score 2.971574320770057
[22_3_in_DOMINO] Success!
[Main] Worker finished 22_3_in_DOMINO with score 2.651465407310104
[23_3_in_circle] Starting (50000 attempts)
[30_3_in_circle] Success!
[Main] Worker finished 30_3_in_circle with score 3.142194562129879
[28_3_in_circle] Starting (50000 attempts)
[25_3_in_circle] Success!
[Main] Worker finished 25_3_in_circle with score 2.8360340249552287
[38_4_in_DOMINO] Starting (50000 attempts)
[19_3_in_DOMINO] Success!
[Main] Worker finished 19_3_in_DOMINO with score 2.4464527400608147
[26_3_in_circle] Starting (50000 attempts)
[29_3_in_circle] Success!
[Main] Worker finished 29_3_in_circle with score 3.0733074631480037
[27_3_in_circle] Starting (50000 attempts)
[20_3_in_DOMINO] Success!
[Main] Worker finished 20_3_in_DOMINO with score 2.53006378765612
[30_3_in_circle] Starting (50000 attempts)
[17_3_in_DOMINO] Success!
[11_3_in_circle] Success!
[13_3_in_DOMINO] Success!
[Main] Worker finished 11_3_in_circle with score 1.492088159800495
[25_3_in_circle] Starting (50000 attempts)
[Main] Worker finished 13_3_in_DOMINO with score 1.9630657035947139
[Main] Worker finished 17_3_in_DOMINO with score 2.2903018377424487
[11_3_in_DOMINO] Starting (50000 attempts)
[14_3_in_DOMINO] Success!
[21_3_in_DOMINO] Starting (50000 attempts)
[31_3_in_circle] Success!
[10_3_in_circle] Success!
[15_3_in_DOMINO] Success!
[Main] Worker finished 10_3_in_circle with score 1.4001956996540108
[29_3_in_circle] Starting (50000 attempts)
[Main] Worker finished 14_3_in_DOMINO with score 2.065900789040562
[Main] Worker finished 15_3_in_DOMINO with score 2.1396177526906213
[18_3_in_DOMINO] Success!
[Main] Worker finished 31_3_in_circle with score 3.203091740776327
[12_3_in_DOMINO] Success!
[22_3_in_DOMINO] Starting (50000 attempts)
[16_3_in_DOMINO] Success!
[20_3_in_DOMINO] Starting (50000 attempts)
[8_3_in_circle] Success!
[31_3_in_circle] Starting (50000 attempts)
[9_3_in_circle] Success!
[Main] Worker finished 18_3_in_DOMINO with score 2.3453655271970586
[11_3_in_circle] Starting (50000 attempts)
[Main] Worker finished 8_3_in_circle with score 1.2751728622472873
[Main] Worker finished 12_3_in_DOMINO with score 1.886699484669272
[Main] Worker finished 16_3_in_DOMINO with score 2.20869124623687
[Main] Worker finished 9_3_in_circle with score 1.338289585507005
[19_3_in_DOMINO] Starting (50000 attempts)
[12_3_in_circle] Success!
[18_3_in_circle] Success!
[13_3_in_DOMINO] Starting (50000 attempts)
[16_3_in_DOMINO] Starting (50000 attempts)
[15_3_in_circle] Success!
[14_3_in_circle] Success!
[8_3_in_circle] Starting (50000 attempts)
[13_3_in_circle] Success!
[Main] Worker finished 15_3_in_circle with score 2.08409218575597
[9_3_in_circle] Starting (50000 attempts)
[Main] Worker finished 12_3_in_circle with score 1.5623739991045678
[Main] Worker finished 13_3_in_circle with score 1.5962723382068527
[Main] Worker finished 14_3_in_circle with score 1.7007728933812993
[Main] Worker finished 18_3_in_circle with score 2.359420133065928
[7_3_in_circle] Success!
[10_3_in_circle] Starting (50000 attempts)
[15_3_in_DOMINO] Starting (50000 attempts)
[17_3_in_DOMINO] Starting (50000 attempts)
[14_3_in_DOMINO] Starting (50000 attempts)
[Main] Worker finished 7_3_in_circle with score 1.153772294651274
[18_3_in_circle] Starting (50000 attempts)
[18_3_in_DOMINO] Starting (50000 attempts)
[16_3_in_circle] Success!
[Main] Worker finished 16_3_in_circle with score 2.183807707966859
[17_3_in_circle] Success!
[Main] Worker finished 17_3_in_circle with score 2.192532248993448[15_3_in_circle] Starting (50000 attempts)

[20_3_in_circle] Success!
[Main] Worker finished 20_3_in_circle with score 2.4968621547280767
[12_3_in_DOMINO] Starting (50000 attempts)
[16_3_in_circle] Starting (50000 attempts)
[19_3_in_circle] Success!
[Main] Worker finished 19_3_in_circle with score 2.451185458070707
[17_3_in_circle] Starting (50000 attempts)
[21_3_in_circle] Success!
[Main] Worker finished 21_3_in_circle with score 2.5577958023186613
[20_3_in_circle] Starting (50000 attempts)
[22_3_in_circle] Success!
[Main] Worker finished 22_3_in_circle with score 2.6237185637862748
[10_3_in_DOMINO] Success!
[Main] Worker finished 10_3_in_DOMINO with score 1.7011773066844613
[12_3_in_circle] Starting (50000 attempts)
[23_3_in_circle] Success!
[Main] Worker finished 23_3_in_circle with score 2.710388923425894
[13_3_in_circle] Starting (50000 attempts)
[14_3_in_circle] Starting (50000 attempts)
[28_3_in_circle] Success!
[Main] Worker finished 28_3_in_circle with score 3.0167195791604295
[19_3_in_circle] Starting (50000 attempts)
[26_3_in_circle] Success!
[Main] Worker finished 26_3_in_circle with score 2.8857899310509545
[21_3_in_circle] Starting (50000 attempts)
[27_3_in_circle] Success!
[Main] Worker finished 27_3_in_circle with score 2.952685837925426
[30_3_in_circle] Success!
[Main] Worker finished 30_3_in_circle with score 3.082506810978142
[22_3_in_circle] Starting (50000 attempts)
[23_3_in_circle] Starting (50000 attempts)
[25_3_in_circle] Success!
[Main] Worker finished 25_3_in_circle with score 2.8293313945435457
[28_3_in_circle] Starting (50000 attempts)
[21_3_in_DOMINO] Success!
[Main] Worker finished 21_3_in_DOMINO with score 2.5622983132178243
[26_3_in_circle] Starting (50000 attempts)
[11_3_in_DOMINO] Success!
[Main] Worker finished 11_3_in_DOMINO with score 1.7410007166933834
[29_3_in_circle] Success!
[Main] Worker finished 29_3_in_circle with score 3.0500116109055524
[27_3_in_circle] Starting (50000 attempts)
[30_3_in_circle] Starting (50000 attempts)
[22_3_in_DOMINO] Success!
[Main] Worker finished 22_3_in_DOMINO with score 2.6333527272965322
[10_3_in_DOMINO] Starting (50000 attempts)
[20_3_in_DOMINO] Success!
[Main] Worker finished 20_3_in_DOMINO with score 2.4903993463904293
[25_3_in_circle] Starting (50000 attempts)
[31_3_in_circle] Success!
[Main] Worker finished 31_3_in_circle with score 3.175849041101906
[29_3_in_circle] Starting (50000 attempts)
[11_3_in_circle] Success!
[Main] Worker finished 11_3_in_circle with score 1.4829864895914335
[38_4_in_DOMINO] Success!
[19_3_in_DOMINO] Success!
[Main] Worker finished 19_3_in_DOMINO with score 2.4114147326440025
[31_3_in_circle] Starting (50000 attempts)
[Main] Worker finished 38_4_in_DOMINO with score 5.034186680493225
[11_3_in_circle] Starting (50000 attempts)
[13_3_in_DOMINO] Success!
[Main] Worker finished 13_3_in_DOMINO with score 1.9204009663714945[11_3_in_DOMINO] Starting (50000 attempts)

[16_3_in_DOMINO] Success!
[Main] Worker finished 16_3_in_DOMINO with score 2.1817720683468753
[22_3_in_DOMINO] Starting (50000 attempts)
[8_3_in_circle] Success!
[Main] Worker finished 8_3_in_circle with score 1.2673212705009034
[21_3_in_DOMINO] Starting (50000 attempts)
[8_3_in_circle] Starting (50000 attempts)
[9_3_in_circle] Success!
[Main] Worker finished 9_3_in_circle with score 1.330413981751411
[9_3_in_circle] Starting (50000 attempts)
[15_3_in_DOMINO] Success!
[Main] Worker finished 15_3_in_DOMINO with score 2.123922714619074
[17_3_in_DOMINO] Success!
[Main] Worker finished 17_3_in_DOMINO with score 2.2924073849648834
[19_3_in_DOMINO] Starting (50000 attempts)
[10_3_in_circle] Success!
[14_3_in_DOMINO] Success!
[Main] Worker finished 10_3_in_circle with score 1.3922013508544777
[20_3_in_DOMINO] Starting (50000 attempts)
[Main] Worker finished 14_3_in_DOMINO with score 2.033184822816121
[18_3_in_circle] Success!
[10_3_in_circle] Starting (50000 attempts)
[18_3_in_DOMINO] Success!
[Main] Worker finished 18_3_in_DOMINO with score 2.328626940731613
[13_3_in_DOMINO] Starting (50000 attempts)
[Main] Worker finished 18_3_in_circle with score 2.356354726566021
[18_3_in_circle] Starting (50000 attempts)
[15_3_in_DOMINO] Starting (50000 attempts)
[15_3_in_circle] Success!
[Main] Worker finished 15_3_in_circle with score 1.6608555351229546
[12_3_in_DOMINO] Success!
[Main] Worker finished 12_3_in_DOMINO with score 1.8422388550719386
[15_3_in_circle] Starting (50000 attempts)
[16_3_in_DOMINO] Starting (50000 attempts)
[16_3_in_circle] Success!
[Main] Worker finished 16_3_in_circle with score 1.8146240628500947
[20_3_in_circle] Success!
[17_3_in_circle] Success!
[Main] Worker finished 17_3_in_circle with score 1.8353218949664252[16_3_in_circle] Starting (50000 attempts)

[Main] Worker finished 20_3_in_circle with score 2.4925057404517035
[20_3_in_circle] Starting (50000 attempts)
[17_3_in_circle] Starting (50000 attempts)
[12_3_in_circle] Success!
[Main] Worker finished 12_3_in_circle with score 1.513603210849783
[13_3_in_circle] Success!
[Main] Worker finished 13_3_in_circle with score 1.527706233943389
[17_3_in_DOMINO] Starting (50000 attempts)
[14_3_in_circle] Success!
[19_3_in_circle] Success!
[Main] Worker finished 14_3_in_circle with score 1.6243484776206314
[12_3_in_circle] Starting (50000 attempts)
[Main] Worker finished 19_3_in_circle with score 2.4355471850672568
[21_3_in_circle] Success!
[14_3_in_DOMINO] Starting (50000 attempts)
[22_3_in_circle] Success!
[Main] Worker finished 21_3_in_circle with score 2.582536056794033
[18_3_in_DOMINO] Starting (50000 attempts)
[Main] Worker finished 22_3_in_circle with score 2.6420172502755546
[19_3_in_circle] Starting (50000 attempts)
[21_3_in_circle] Starting (50000 attempts)
[23_3_in_circle] Success!
[Main] Worker finished 23_3_in_circle with score 2.693096963003029
[12_3_in_DOMINO] Starting (50000 attempts)
[28_3_in_circle] Success!
[Main] Worker finished 28_3_in_circle with score 2.998604143492236
[22_3_in_circle] Starting (50000 attempts)
[26_3_in_circle] Success!
[Main] Worker finished 26_3_in_circle with score 2.899231154860547
[23_3_in_circle] Starting (50000 attempts)
[27_3_in_circle] Success!
[Main] Worker finished 27_3_in_circle with score 2.939413620244749
[28_3_in_circle] Starting (50000 attempts)
[30_3_in_circle] Success!
[Main] Worker finished 30_3_in_circle with score 3.1252723169063112
[26_3_in_circle] Starting (50000 attempts)
[10_3_in_DOMINO] Success!
[Main] Worker finished 10_3_in_DOMINO with score 1.7011773066844613
[25_3_in_circle] Success!
[Main] Worker finished 25_3_in_circle with score 2.8222326780086107
[27_3_in_circle] Starting (50000 attempts)
[29_3_in_circle] Success!
[Main] Worker finished 29_3_in_circle with score 3.0552979731834653
[14_3_in_circle] Starting (50000 attempts)
[30_3_in_circle] Starting (50000 attempts)
[31_3_in_circle] Success!
[Main] Worker finished 31_3_in_circle with score 3.166618726497165
[25_3_in_circle] Starting (50000 attempts)
[22_3_in_DOMINO] Success!
[Main] Worker finished 22_3_in_DOMINO with score 2.6520377540302533
[11_3_in_DOMINO] Success!
[Main] Worker finished 11_3_in_DOMINO with score 1.7309090114004573
[29_3_in_circle] Starting (50000 attempts)
[21_3_in_DOMINO] Success!
[11_3_in_circle] Success!
[Main] Worker finished 11_3_in_circle with score 1.4741741063793945
[31_3_in_circle] Starting (50000 attempts)
[Main] Worker finished 21_3_in_DOMINO with score 2.5825191170892063
[11_3_in_circle] Starting (50000 attempts)
[10_3_in_DOMINO] Starting (50000 attempts)
[8_3_in_circle] Success!
[Main] Worker finished 8_3_in_circle with score 1.2748051192828511
[8_3_in_circle] Starting (50000 attempts)
[9_3_in_circle] Success!
[Main] Worker finished 9_3_in_circle with score 1.3227707100150863
[19_3_in_DOMINO] Success!
[Main] Worker finished 19_3_in_DOMINO with score 2.431849099992654
[9_3_in_circle] Starting (50000 attempts)
[20_3_in_DOMINO] Success!
[Main] Worker finished 20_3_in_DOMINO with score 2.509692616372901
[22_3_in_DOMINO] Starting (50000 attempts)
[21_3_in_DOMINO] Starting (50000 attempts)
[10_3_in_circle] Success!
[Main] Worker finished 10_3_in_circle with score 1.4007623159126743
[18_3_in_circle] Success!
[Main] Worker finished 18_3_in_circle with score 2.360364137108365
[10_3_in_circle] Starting (50000 attempts)
[13_3_in_DOMINO] Success!
[Main] Worker finished 13_3_in_DOMINO with score 1.8938583751752092
[18_3_in_circle] Starting (50000 attempts)
[19_3_in_DOMINO] Starting (50000 attempts)
[15_3_in_DOMINO] Success!
[Main] Worker finished 15_3_in_DOMINO with score 2.1038037876836517
[13_3_in_DOMINO] Starting (50000 attempts)
[15_3_in_circle] Success!
[Main] Worker finished 15_3_in_circle with score 1.6524163376451504
[20_3_in_circle] Success!
[16_3_in_DOMINO] Success!
[Main] Worker finished 16_3_in_DOMINO with score 2.108524126262445
[15_3_in_circle] Starting (50000 attempts)
[Main] Worker finished 20_3_in_circle with score 2.4892787307996382
[16_3_in_circle] Success!
[20_3_in_circle] Starting (50000 attempts)
[Main] Worker finished 16_3_in_circle with score 1.708752144942538
[20_3_in_DOMINO] Starting (50000 attempts)
[17_3_in_circle] Success!
[17_3_in_DOMINO] Success!
[Main] Worker finished 17_3_in_DOMINO with score 2.2896580085875833
[16_3_in_circle] Starting (50000 attempts)
[Main] Worker finished 17_3_in_circle with score 1.7316962914011502
[15_3_in_DOMINO] Starting (50000 attempts)
[17_3_in_DOMINO] Starting (50000 attempts)
[12_3_in_circle] Success!
[Main] Worker finished 12_3_in_circle with score 1.5230514075566917
[12_3_in_circle] Starting (50000 attempts)
[19_3_in_circle] Success!
[Main] Worker finished 19_3_in_circle with score 2.4297085890063657
[21_3_in_circle] Success!
[Main] Worker finished 21_3_in_circle with score 2.586671628842291
[19_3_in_circle] Starting (50000 attempts)
[21_3_in_circle] Starting (50000 attempts)
[14_3_in_DOMINO] Success!
[Main] Worker finished 14_3_in_DOMINO with score 2.0054592489622336
[14_3_in_DOMINO] Starting (50000 attempts)
[12_3_in_DOMINO] Success!
[Main] Worker finished 12_3_in_DOMINO with score 1.769216220056003
[22_3_in_circle] Success!
[18_3_in_DOMINO] Success!
[23_3_in_circle] Success!
[Main] Worker finished 22_3_in_circle with score 2.638056997316497
[12_3_in_DOMINO] Starting (50000 attempts)
[Main] Worker finished 23_3_in_circle with score 2.709496071281078
[Main] Worker finished 18_3_in_DOMINO with score 2.2641800066999593
[28_3_in_circle] Success!
[16_3_in_DOMINO] Starting (50000 attempts)
[26_3_in_circle] Success!
[22_3_in_circle] Starting (50000 attempts)
[27_3_in_circle] Success!
[Main] Worker finished 28_3_in_circle with score 3.0040401223558857
[23_3_in_circle] Starting (50000 attempts)
[Main] Worker finished 27_3_in_circle with score 2.954979237446832
[Main] Worker finished 26_3_in_circle with score 2.874978404665948
[28_3_in_circle] Starting (50000 attempts)
[30_3_in_circle] Success!
[26_3_in_circle] Starting (50000 attempts)
[Main] Worker finished 30_3_in_circle with score 3.11715675789635
[27_3_in_circle] Starting (50000 attempts)
[14_3_in_circle] Success!
[25_3_in_circle] Success!
[Main] Worker finished 14_3_in_circle with score 1.6157377148576544
[30_3_in_circle] Starting (50000 attempts)
[Main] Worker finished 25_3_in_circle with score 2.8114593229377243
[25_3_in_circle] Starting (50000 attempts)
[14_3_in_circle] Starting (50000 attempts)
[29_3_in_circle] Success!
[Main] Worker finished 29_3_in_circle with score 3.06417164159644
[31_3_in_circle] Success!
[Main] Worker finished 31_3_in_circle with score 3.170291599712555
[29_3_in_circle] Starting (50000 attempts)
[31_3_in_circle] Starting (50000 attempts)
[11_3_in_circle] Success!
[Main] Worker finished 11_3_in_circle with score 1.4830513649835477
[10_3_in_DOMINO] Success!
[Main] Worker finished 10_3_in_DOMINO with score 1.7011773066844613
[18_3_in_DOMINO] Starting (50000 attempts)
[8_3_in_circle] Success!
[Main] Worker finished 8_3_in_circle with score 1.2748051192828511
[10_3_in_DOMINO] Starting (50000 attempts)
[8_3_in_circle] Starting (50000 attempts)
[9_3_in_circle] Success!
[Main] Worker finished 9_3_in_circle with score 1.3153418967626451
[22_3_in_DOMINO] Success!
[Main] Worker finished 22_3_in_DOMINO with score 2.6316944683107146
[11_3_in_circle] Starting (50000 attempts)
[21_3_in_DOMINO] Success!
[Main] Worker finished 21_3_in_DOMINO with score 2.5783901840790646
[22_3_in_DOMINO] Starting (50000 attempts)
[21_3_in_DOMINO] Starting (50000 attempts)
[18_3_in_circle] Success!
[Main] Worker finished 18_3_in_circle with score 2.3622532784324624
[10_3_in_circle] Success!
[19_3_in_DOMINO] Success!
[Main] Worker finished 19_3_in_DOMINO with score 2.437205325516001
[3_3_in_circle] Starting (5000 attempts)
[Main] Worker finished 10_3_in_circle with score 1.4007623159126743
[19_3_in_DOMINO] Starting (50000 attempts)
[10_3_in_circle] Starting (50000 attempts)
[13_3_in_DOMINO] Success!
[Main] Worker finished 13_3_in_DOMINO with score 1.8824467420108835
[13_3_in_DOMINO] Starting (50000 attempts)
[20_3_in_circle] Success!
[Main] Worker finished 20_3_in_circle with score 2.5058319901385517
[20_3_in_DOMINO] Success!
[15_3_in_circle] Success!
[Main] Worker finished 15_3_in_circle with score 1.6441600805945122
[20_3_in_circle] Starting (50000 attempts)
[Main] Worker finished 20_3_in_DOMINO with score 2.5064319728142643
[20_3_in_DOMINO] Starting (50000 attempts)
[15_3_in_circle] Starting (50000 attempts)
[17_3_in_DOMINO] Success!
[Main] Worker finished 17_3_in_DOMINO with score 2.2826572009030808
[16_3_in_circle] Success!
[Main] Worker finished 16_3_in_circle with score 1.7001792789983001
[17_3_in_DOMINO] Starting (50000 attempts)
[16_3_in_circle] Starting (50000 attempts)
[15_3_in_DOMINO] Success!
[Main] Worker finished 15_3_in_DOMINO with score 2.077508577646654
[19_3_in_circle] Success!
[Main] Worker finished 19_3_in_circle with score 2.432382872757081[15_3_in_DOMINO] Starting (50000 attempts)

[12_3_in_circle] Success!
[21_3_in_circle] Success!
[Main] Worker finished 12_3_in_circle with score 1.5230514075566917
[4_3_in_circle] Starting (5000 attempts)
[Main] Worker finished 21_3_in_circle with score 2.5647770092116255
[21_3_in_circle] Starting (50000 attempts)
[12_3_in_circle] Starting (50000 attempts)
[14_3_in_DOMINO] Success!
[Main] Worker finished 14_3_in_DOMINO with score 1.963894598829055
[14_3_in_DOMINO] Starting (50000 attempts)
[12_3_in_DOMINO] Success!
[Main] Worker finished 12_3_in_DOMINO with score 1.7408589275135151
[5_3_in_DOMINO] Starting (5000 attempts)
[22_3_in_circle] Success!
[Main] Worker finished 22_3_in_circle with score 2.648895777268345
[16_3_in_DOMINO] Success!
[Main] Worker finished 16_3_in_DOMINO with score 2.09278524301152
[7_3_in_DOMINO] Starting (5000 attempts)
[23_3_in_circle] Success!
[Main] Worker finished 23_3_in_circle with score 2.6916713921098516
[16_3_in_DOMINO] Starting (50000 attempts)
[28_3_in_circle] Success!
[26_3_in_circle] Success!
[Main] Worker finished 28_3_in_circle with score 3.003139000437379
[23_3_in_circle] Starting (50000 attempts)
[Main] Worker finished 26_3_in_circle with score 2.883663542745505
[28_3_in_circle] Starting (50000 attempts)
[27_3_in_circle] Success!
[Main] Worker finished 27_3_in_circle with score 2.9508449544701967
[26_3_in_circle] Starting (50000 attempts)
[30_3_in_circle] Success!
[Main] Worker finished 30_3_in_circle with score 3.121836235741923
[27_3_in_circle] Starting (50000 attempts)
[25_3_in_circle] Success!
[Main] Worker finished 25_3_in_circle with score 2.8247551208479726
[30_3_in_circle] Starting (50000 attempts)
[25_3_in_circle] Starting (50000 attempts)
[29_3_in_circle] Success!
[Main] Worker finished 29_3_in_circle with score 3.0647845678621666
[29_3_in_circle] Starting (50000 attempts)
[31_3_in_circle] Success!
[Main] Worker finished 31_3_in_circle with score 3.1721944406111944
[14_3_in_circle] Success!
[Main] Worker finished 14_3_in_circle with score 1.607331065497014
[31_3_in_circle] Starting (50000 attempts)
[6_3_in_DOMINO] Starting (5000 attempts)
[10_3_in_DOMINO] Success!
[Main] Worker finished 10_3_in_DOMINO with score 1.7011773066844613
[8_3_in_circle] Success!
[Main] Worker finished 8_3_in_circle with score 1.2748051192828511
[4_3_in_DOMINO] Starting (5000 attempts)
[18_3_in_DOMINO] Success!
[22_3_in_DOMINO] Success!
[Main] Worker finished 22_3_in_DOMINO with score 2.6461300750678833
[8_3_in_circle] Starting (50000 attempts)
[Main] Worker finished 18_3_in_DOMINO with score 2.228821033348778
[21_3_in_DOMINO] Success!
[18_3_in_DOMINO] Starting (50000 attempts)
[11_3_in_circle] Success!
[Main] Worker finished 21_3_in_DOMINO with score 2.5747827832181454
[22_3_in_DOMINO] Starting (50000 attempts)
[Main] Worker finished 11_3_in_circle with score 1.4830513649835477
[11_3_in_circle] Starting (50000 attempts)
[21_3_in_DOMINO] Starting (50000 attempts)
[3_3_in_circle] Success!
[Main] Worker finished 3_3_in_circle with score 0.9535501642403865
[3_3_in_DOMINO] Starting (5000 attempts)
[19_3_in_DOMINO] Success!
[Main] Worker finished 19_3_in_DOMINO with score 2.4248066020298173
[19_3_in_DOMINO] Starting (50000 attempts)
[10_3_in_circle] Success!
[Main] Worker finished 10_3_in_circle with score 1.4007623159126743
[8_3_in_DOMINO] Starting (50000 attempts)
[13_3_in_DOMINO] Success!
[Main] Worker finished 13_3_in_DOMINO with score 1.874767703714038
[13_3_in_DOMINO] Starting (50000 attempts)
[20_3_in_circle] Success!
[Main] Worker finished 20_3_in_circle with score 2.496077790711857
[20_3_in_DOMINO] Success!
[Main] Worker finished 20_3_in_DOMINO with score 2.497674357788171
[20_3_in_circle] Starting (50000 attempts)
[20_3_in_DOMINO] Starting (50000 attempts)
[17_3_in_DOMINO] Success!
[Main] Worker finished 17_3_in_DOMINO with score 2.2838854140392404
[17_3_in_DOMINO] Starting (50000 attempts)
[15_3_in_circle] Success!
[Main] Worker finished 15_3_in_circle with score 1.6549223038095542
[4_3_in_circle] Success!
[Main] Worker finished 4_3_in_circle with score 0.9839779248667476[15_3_in_circle] Starting (50000 attempts)

[16_3_in_circle] Success!
[Main] Worker finished 16_3_in_circle with score 1.691787315852302
[9_3_in_DOMINO] Starting (50000 attempts)
[16_3_in_circle] Starting (50000 attempts)
[21_3_in_circle] Success!
[Main] Worker finished 21_3_in_circle with score 2.5807288237964703
[15_3_in_DOMINO] Success!
[Main] Worker finished 15_3_in_DOMINO with score 2.0319933891335173
[3_3_in_circle] Starting (5000 attempts)
[12_3_in_circle] Success!
[Main] Worker finished 12_3_in_circle with score 1.5230514075566917
[15_3_in_DOMINO] Starting (50000 attempts)
[5_3_in_DOMINO] Success!
[Main] Worker finished 5_3_in_DOMINO with score 1.2631707571078108
[12_3_in_circle] Starting (50000 attempts)
[14_3_in_DOMINO] Success!
[Main] Worker finished 14_3_in_DOMINO with score 1.9114989948867391
[7_3_in_circle] Starting (5000 attempts)
[14_3_in_DOMINO] Starting (50000 attempts)
[7_3_in_DOMINO] Success!
[Main] Worker finished 7_3_in_DOMINO with score 1.4907913083877036
[23_3_in_circle] Success!
[Main] Worker finished 23_3_in_circle with score 2.691885261928479
[13_3_in_circle] Starting (50000 attempts)
[28_3_in_circle] Success!
[16_3_in_DOMINO] Success!
[26_3_in_circle] Success!
[Main] Worker finished 28_3_in_circle with score 2.9998371987679295
[23_3_in_circle] Starting (50000 attempts)
[Main] Worker finished 26_3_in_circle with score 2.8842403619754964
[Main] Worker finished 16_3_in_DOMINO with score 2.082955428165058
[27_3_in_circle] Success!
[28_3_in_circle] Starting (50000 attempts)
[25_3_in_circle] Success!
[26_3_in_circle] Starting (50000 attempts)
[30_3_in_circle] Success!
[Main] Worker finished 27_3_in_circle with score 2.940534535359192
[16_3_in_DOMINO] Starting (50000 attempts)
[Main] Worker finished 25_3_in_circle with score 2.8224961075245623
[Main] Worker finished 30_3_in_circle with score 3.1246472936956535
[29_3_in_circle] Success!
[27_3_in_circle] Starting (50000 attempts)
[31_3_in_circle] Success!
[25_3_in_circle] Starting (50000 attempts)
[6_3_in_DOMINO] Success!
[Main] Worker finished 31_3_in_circle with score 3.1592144216156113
[4_3_in_circle] Starting (5000 attempts)
[Main] Worker finished 29_3_in_circle with score 3.0559091244492644
[Main] Worker finished 6_3_in_DOMINO with score 1.3763322075192148
[4_3_in_DOMINO] Success!
[31_3_in_circle] Starting (50000 attempts)
[5_3_in_DOMINO] Starting (5000 attempts)
[8_3_in_circle] Success!
[Main] Worker finished 4_3_in_DOMINO with score 1.1204680284017543
[7_3_in_DOMINO] Starting (5000 attempts)
[Main] Worker finished 8_3_in_circle with score 1.2748051192828511
[22_3_in_DOMINO] Success!
[17_3_in_circle] Starting (50000 attempts)
[21_3_in_DOMINO] Success!
[3_3_in_DOMINO] Success!
[Main] Worker finished 3_3_in_DOMINO with score 0.9680088680085646
[11_3_in_DOMINO] Starting (50000 attempts)
[Main] Worker finished 21_3_in_DOMINO with score 2.5616841659486527
[Main] Worker finished 22_3_in_DOMINO with score 2.6408428395495847
[11_3_in_circle] Success!
[21_3_in_DOMINO] Starting (50000 attempts)
[18_3_in_DOMINO] Success!
[12_3_in_DOMINO] Starting (50000 attempts)
[19_3_in_DOMINO] Success!
[Main] Worker finished 19_3_in_DOMINO with score 2.399478073751509
[9_3_in_circle] Starting (50000 attempts)
[Main] Worker finished 18_3_in_DOMINO with score 2.21527082820787
[Main] Worker finished 11_3_in_circle with score 1.4830513649835477
[19_3_in_DOMINO] Starting (50000 attempts)
[8_3_in_DOMINO] Success!
[18_3_in_DOMINO] Starting (50000 attempts)
[Main] Worker finished 8_3_in_DOMINO with score 1.56307865221544
[14_3_in_circle] Starting (50000 attempts)
[6_3_in_DOMINO] Starting (5000 attempts)
[13_3_in_DOMINO] Success!
[Main] Worker finished 13_3_in_DOMINO with score 1.8690958074146495
[13_3_in_DOMINO] Starting (50000 attempts)
[20_3_in_circle] Success!
[Main] Worker finished 20_3_in_circle with score 2.4838763174772893
[20_3_in_DOMINO] Success!
[Main] Worker finished 20_3_in_DOMINO with score 2.506933334411813
[20_3_in_circle] Starting (50000 attempts)
[4_3_in_DOMINO] Starting (5000 attempts)
[17_3_in_DOMINO] Success!
[Main] Worker finished 17_3_in_DOMINO with score 2.2765882974661054
[17_3_in_DOMINO] Starting (50000 attempts)
[9_3_in_DOMINO] Success!
[Main] Worker finished 9_3_in_DOMINO with score 1.7141192426593264
[15_3_in_circle] Success!
[Main] Worker finished 15_3_in_circle with score 1.6549223038095542
[3_3_in_circle] Success!
[3_3_in_DOMINO] Starting (5000 attempts)
[Main] Worker finished 3_3_in_circle with score 0.9535501642403865
[15_3_in_circle] Starting (50000 attempts)
[16_3_in_circle] Success!
[Main] Worker finished 16_3_in_circle with score 1.7029189896133312
[3_3_in_circle] Starting (5000 attempts)
[16_3_in_circle] Starting (50000 attempts)
[12_3_in_circle] Success!
[Main] Worker finished 12_3_in_circle with score 1.5230514075566917
[15_3_in_DOMINO] Success!
[7_3_in_circle] Success!
[Main] Worker finished 15_3_in_DOMINO with score 2.02058938648662[8_3_in_DOMINO] Starting (50000 attempts)

[Main] Worker finished 7_3_in_circle with score 1.1610009831196497
[15_3_in_DOMINO] Starting (50000 attempts)
[14_3_in_DOMINO] Success!
[Main] Worker finished 14_3_in_DOMINO with score 1.911646754271575
[9_3_in_DOMINO] Starting (50000 attempts)
[13_3_in_circle] Success!
[23_3_in_circle] Success!
[Main] Worker finished 13_3_in_circle with score 1.5377331965196364
[14_3_in_DOMINO] Starting (50000 attempts)
[Main] Worker finished 23_3_in_circle with score 2.6905395884591243
[28_3_in_circle] Success!
[23_3_in_circle] Starting (50000 attempts)
[26_3_in_circle] Success!
[Main] Worker finished 28_3_in_circle with score 3.0004372562148[7_3_in_circle] Starting (5000 attempts)

[Main] Worker finished 26_3_in_circle with score 2.8897259025580873
[26_3_in_circle] Starting (50000 attempts)
[13_3_in_circle] Starting (50000 attempts)
[27_3_in_circle] Success!
[Main] Worker finished 27_3_in_circle with score 2.9434766878356737
[11_3_in_3] Starting (50000 attempts)
[25_3_in_circle] Success!
[Main] Worker finished 25_3_in_circle with score 2.8140408856084544
[16_3_in_DOMINO] Success!
[4_3_in_circle] Success!
[Main] Worker finished 16_3_in_DOMINO with score 2.036453048536894[25_3_in_circle] Starting (50000 attempts)

[Main] Worker finished 4_3_in_circle with score 0.9839779248667476
[31_3_in_circle] Success!
[16_3_in_DOMINO] Starting (50000 attempts)
[5_3_in_DOMINO] Success!
[7_3_in_DOMINO] Success!
[Main] Worker finished 5_3_in_DOMINO with score 1.2631707571078108
[4_3_in_circle] Starting (5000 attempts)
[Main] Worker finished 31_3_in_circle with score 3.162338297674939
[Main] Worker finished 7_3_in_DOMINO with score 1.490840291646784
[31_3_in_circle] Starting (50000 attempts)
[5_3_in_DOMINO] Starting (5000 attempts)
[21_3_in_DOMINO] Success!
[Main] Worker finished 21_3_in_DOMINO with score 2.569102871308993
[7_3_in_DOMINO] Starting (5000 attempts)
[11_3_in_DOMINO] Success!
[17_3_in_circle] Success!
[Main] Worker finished 17_3_in_circle with score 1.743197279660388
[21_3_in_DOMINO] Starting (50000 attempts)
[Main] Worker finished 11_3_in_DOMINO with score 1.7530469032987281
[12_3_in_DOMINO] Success!
[11_3_in_DOMINO] Starting (50000 attempts)
[9_3_in_circle] Success!
[Main] Worker finished 12_3_in_DOMINO with score 1.7439957676520519
[17_3_in_circle] Starting (50000 attempts)
[Main] Worker finished 9_3_in_circle with score 1.3234977954899296
[9_3_in_circle] Starting (50000 attempts)
[19_3_in_DOMINO] Success!
[Main] Worker finished 19_3_in_DOMINO with score 2.411838675815264
[12_3_in_DOMINO] Starting (50000 attempts)
[19_3_in_DOMINO] Starting (50000 attempts)
[14_3_in_circle] Success!
[Main] Worker finished 14_3_in_circle with score 1.617666058427277
[6_3_in_DOMINO] Success!
[Main] Worker finished 6_3_in_DOMINO with score 1.3763322075192148
[14_3_in_circle] Starting (50000 attempts)
[18_3_in_DOMINO] Success!
[Main] Worker finished 18_3_in_DOMINO with score 2.206177420765484
[6_3_in_DOMINO] Starting (5000 attempts)
[18_3_in_DOMINO] Starting (50000 attempts)
[13_3_in_DOMINO] Success!
[Main] Worker finished 13_3_in_DOMINO with score 1.8647078872964393
[13_3_in_DOMINO] Starting (50000 attempts)
[20_3_in_circle] Success!
[Main] Worker finished 20_3_in_circle with score 2.497670097768537
[13_3_in_3] Starting (50000 attempts)
[4_3_in_DOMINO] Success!
[Main] Worker finished 4_3_in_DOMINO with score 1.1204680284017543
[4_3_in_DOMINO] Starting (5000 attempts)
[17_3_in_DOMINO] Success!
[Main] Worker finished 17_3_in_DOMINO with score 2.2169104217168516
[17_3_in_DOMINO] Starting (50000 attempts)
[3_3_in_DOMINO] Success!
[Main] Worker finished 3_3_in_DOMINO with score 0.9680088680085646
[3_3_in_DOMINO] Starting (5000 attempts)
[3_3_in_circle] Success!
[Main] Worker finished 3_3_in_circle with score 0.9535501642403865
[3_3_in_circle] Starting (5000 attempts)
[15_3_in_circle] Success!
[Main] Worker finished 15_3_in_circle with score 1.6549223038095542
[16_3_in_circle] Success!
[8_3_in_DOMINO] Success!
[Main] Worker finished 8_3_in_DOMINO with score 1.56307865221544[26_3_in_3] Starting (50000 attempts)

[Main] Worker finished 16_3_in_circle with score 1.7029189896133312
[16_3_in_circle] Starting (50000 attempts)
[8_3_in_DOMINO] Starting (50000 attempts)
[9_3_in_DOMINO] Success!
[Main] Worker finished 9_3_in_DOMINO with score 1.7141192426593264
[15_3_in_DOMINO] Success!
[Main] Worker finished 15_3_in_DOMINO with score 2.0127560216081934
[9_3_in_DOMINO] Starting (50000 attempts)
[23_3_in_circle] Success!
[Main] Worker finished 23_3_in_circle with score 2.6958595308852895
[15_3_in_DOMINO] Starting (50000 attempts)
[23_3_in_circle] Starting (50000 attempts)
[7_3_in_circle] Success!
[Main] Worker finished 7_3_in_circle with score 1.1610009831196497
[14_3_in_DOMINO] Success!
[26_3_in_circle] Success!
[Main] Worker finished 26_3_in_circle with score 2.8885701855690598
[7_3_in_circle] Starting (5000 attempts)
[Main] Worker finished 14_3_in_DOMINO with score 1.911646754271575
[14_3_in_DOMINO] Starting (50000 attempts)
[32_3_in_3] Starting (50000 attempts)
[13_3_in_circle] Success!
[Main] Worker finished 13_3_in_circle with score 1.5377331965196364
[25_3_in_circle] Success!
[11_3_in_3] Success!
[Main] Worker finished 11_3_in_3 with score 3.746847963455798
[13_3_in_circle] Starting (50000 attempts)
[Main] Worker finished 25_3_in_circle with score 2.8165747891883566
[44_3_in_3] Starting (50000 attempts)
[42_3_in_3] Starting (50000 attempts)
[4_3_in_circle] Success!
[Main] Worker finished 4_3_in_circle with score 0.9839779248667476
[4_3_in_circle] Starting (5000 attempts)
[16_3_in_DOMINO] Success!
[Main] Worker finished 16_3_in_DOMINO with score 2.0931053288197297
[31_3_in_circle] Success!
[Main] Worker finished 31_3_in_circle with score 3.1766016015547653
[16_3_in_DOMINO] Starting (50000 attempts)
[5_3_in_DOMINO] Success!
[7_3_in_DOMINO] Success!
[Main] Worker finished 7_3_in_DOMINO with score 1.490840291646784
[37_3_in_3] Starting (50000 attempts)
[Main] Worker finished 5_3_in_DOMINO with score 1.2631707571078108
[21_3_in_DOMINO] Success!
[5_3_in_DOMINO] Starting (5000 attempts)
[Main] Worker finished 21_3_in_DOMINO with score 2.57862663622855
[7_3_in_DOMINO] Starting (5000 attempts)
[39_3_in_3] Starting (50000 attempts)
[11_3_in_DOMINO] Success!
[Main] Worker finished 11_3_in_DOMINO with score 1.7530469032987281
[11_3_in_DOMINO] Starting (50000 attempts)
[17_3_in_circle] Success!
[Main] Worker finished 17_3_in_circle with score 1.743197279660388
[17_3_in_circle] Starting (50000 attempts)
[19_3_in_DOMINO] Success!
[Main] Worker finished 19_3_in_DOMINO with score 2.3954929938292144
[9_3_in_circle] Success!
[Main] Worker finished 9_3_in_circle with score 1.3234977954899296
[19_3_in_DOMINO] Starting (50000 attempts)
[12_3_in_DOMINO] Success!
[Main] Worker finished 12_3_in_DOMINO with score 1.7439957676520519
[9_3_in_circle] Starting (50000 attempts)
[12_3_in_DOMINO] Starting (50000 attempts)
[14_3_in_circle] Success!
[Main] Worker finished 14_3_in_circle with score 1.617666058427277
[6_3_in_DOMINO] Success!
[Main] Worker finished 6_3_in_DOMINO with score 1.3763322075192148
[14_3_in_circle] Starting (50000 attempts)
[6_3_in_DOMINO] Starting (5000 attempts)
[18_3_in_DOMINO] Success!
[Main] Worker finished 18_3_in_DOMINO with score 2.1994686430660058
[18_3_in_DOMINO] Starting (50000 attempts)
[13_3_in_DOMINO] Success!
[Main] Worker finished 13_3_in_DOMINO with score 1.8612165324280032
[13_3_in_DOMINO] Starting (50000 attempts)
[4_3_in_DOMINO] Success!
[Main] Worker finished 4_3_in_DOMINO with score 1.1204680284017543
[13_3_in_3] Success!
[Main] Worker finished 13_3_in_3 with score 4.020316954443297
[4_3_in_DOMINO] Starting (5000 attempts)
[43_3_in_3] Starting (50000 attempts)
[17_3_in_DOMINO] Success!
[Main] Worker finished 17_3_in_DOMINO with score 2.1592510720107905
[17_3_in_DOMINO] Starting (50000 attempts)
[3_3_in_DOMINO] Success!
[Main] Worker finished 3_3_in_DOMINO with score 0.9680088680085646
[3_3_in_DOMINO] Starting (5000 attempts)
[3_3_in_circle] Success!
[Main] Worker finished 3_3_in_circle with score 0.9535501642403865
[50_3_in_3] Starting (50000 attempts)
[8_3_in_DOMINO] Success!
[Main] Worker finished 8_3_in_DOMINO with score 1.56307865221544
[8_3_in_DOMINO] Starting (50000 attempts)
[16_3_in_circle] Success!
[Main] Worker finished 16_3_in_circle with score 1.7029189896133312
[9_3_in_DOMINO] Success!
[Main] Worker finished 9_3_in_DOMINO with score 1.7141192426593264
[46_3_in_3] Starting (50000 attempts)
[23_3_in_circle] Success!
[Main] Worker finished 23_3_in_circle with score 2.704500531668594
[18_3_in_circle] Starting (50000 attempts)
[15_3_in_DOMINO] Success!
[Main] Worker finished 15_3_in_DOMINO with score 2.0069170391190774
[19_3_in_circle] Starting (50000 attempts)
[15_3_in_DOMINO] Starting (50000 attempts)
[26_3_in_3] Success!
[Main] Worker finished 26_3_in_3 with score 5.719122467319307
[7_3_in_circle] Success!
[Main] Worker finished 7_3_in_circle with score 1.1610009831196497
[22_3_in_circle] Starting (50000 attempts)
[7_3_in_circle] Starting (5000 attempts)
[14_3_in_DOMINO] Success!
[Main] Worker finished 14_3_in_DOMINO with score 1.911646754271575
[14_3_in_DOMINO] Starting (50000 attempts)
[13_3_in_circle] Success!
[Main] Worker finished 13_3_in_circle with score 1.5377331965196364
[4_3_in_circle] Success!
[Main] Worker finished 4_3_in_circle with score 0.9839779248667476
[13_3_in_circle] Starting (50000 attempts)
[21_3_in_circle] Starting (50000 attempts)
[5_3_in_DOMINO] Success!
[Main] Worker finished 5_3_in_DOMINO with score 1.2631707571078108
[20_3_in_circle] Starting (50000 attempts)
[16_3_in_DOMINO] Success!
[Main] Worker finished 16_3_in_DOMINO with score 2.1382757009637388
[7_3_in_DOMINO] Success!
[Main] Worker finished 7_3_in_DOMINO with score 1.490840291646784[30_3_in_circle] Starting (50000 attempts)

[7_3_in_DOMINO] Starting (5000 attempts)
[32_3_in_3] Success!
[Main] Worker finished 32_3_in_3 with score 6.007630917812645
[28_3_in_circle] Starting (50000 attempts)
[11_3_in_DOMINO] Success!
[Main] Worker finished 11_3_in_DOMINO with score 1.7530469032987281
[29_3_in_circle] Starting (50000 attempts)
[17_3_in_circle] Success!
[Main] Worker finished 17_3_in_circle with score 1.743197279660388
[17_3_in_circle] Starting (50000 attempts)
[9_3_in_circle] Success!
[Main] Worker finished 9_3_in_circle with score 1.3234977954899296
[27_3_in_circle] Starting (50000 attempts)
[12_3_in_DOMINO] Success!
[Main] Worker finished 12_3_in_DOMINO with score 1.7439957676520519
[19_3_in_DOMINO] Success!
[42_3_in_3] Success!
[6_3_in_DOMINO] Success!
[Main] Worker finished 42_3_in_3 with score 6.944178033476889[12_3_in_DOMINO] Starting (50000 attempts)

[Main] Worker finished 19_3_in_DOMINO with score 2.4901149670854683
[37_3_in_3] Success!
[Main] Worker finished 6_3_in_DOMINO with score 1.3763322075192148
[14_3_in_circle] Success!
[26_3_in_circle] Starting (50000 attempts)
[23_3_in_circle] Starting (50000 attempts)
[Main] Worker finished 14_3_in_circle with score 1.617666058427277
[25_3_in_circle] Starting (50000 attempts)
[Main] Worker finished 37_3_in_3 with score 6.6767400597425315
[37_3_in_3] Starting (50000 attempts)
[31_3_in_circle] Starting (50000 attempts)
[39_3_in_3] Success!
[Main] Worker finished 39_3_in_3 with score 6.7633242158791695
[39_3_in_3] Starting (50000 attempts)
[44_3_in_3] Success!
[Main] Worker finished 44_3_in_3 with score 7.015974820954202
[18_3_in_DOMINO] Success!
[13_3_in_DOMINO] Success!
[Main] Worker finished 13_3_in_DOMINO with score 1.8583855818557053
[8_3_in_circle] Starting (50000 attempts)
[Main] Worker finished 18_3_in_DOMINO with score 2.194281985843369
[13_3_in_DOMINO] Starting (50000 attempts)
[18_3_in_DOMINO] Starting (50000 attempts)
[4_3_in_DOMINO] Success!
[Main] Worker finished 4_3_in_DOMINO with score 1.1204680284017543
[11_3_in_circle] Starting (50000 attempts)
[3_3_in_DOMINO] Success!
[Main] Worker finished 3_3_in_DOMINO with score 0.9680088680085646
[17_3_in_DOMINO] Success!
[Main] Worker finished 17_3_in_DOMINO with score 2.1484623758608303
[10_3_in_circle] Starting (50000 attempts)
[17_3_in_DOMINO] Starting (50000 attempts)
[8_3_in_DOMINO] Success!
[Main] Worker finished 8_3_in_DOMINO with score 1.56307865221544
[12_3_in_circle] Starting (50000 attempts)
[18_3_in_circle] Success!
[Main] Worker finished 18_3_in_circle with score 2.3083079972991536
[18_3_in_circle] Starting (50000 attempts)
[19_3_in_circle] Success!
[Main] Worker finished 19_3_in_circle with score 2.4362779953799674
[19_3_in_circle] Starting (50000 attempts)
[43_3_in_3] Success!
[Main] Worker finished 43_3_in_3 with score 6.998537660296441
[43_3_in_3] Starting (50000 attempts)
[22_3_in_circle] Success!
[Main] Worker finished 22_3_in_circle with score 2.6354201271283175
[15_3_in_DOMINO] Success!
[Main] Worker finished 15_3_in_DOMINO with score 2.0023760399769976
[10_3_in_DOMINO] Starting (50000 attempts)
[15_3_in_DOMINO] Starting (50000 attempts)
[7_3_in_circle] Success!
[Main] Worker finished 7_3_in_circle with score 1.1610009831196497
[11_4_in_DOMINO] Starting (50000 attempts)
[14_3_in_DOMINO] Success!
[Main] Worker finished 14_3_in_DOMINO with score 1.911646754271575
[21_3_in_circle] Success!
[13_3_in_circle] Success!
[Main] Worker finished 21_3_in_circle with score 2.5686272542026876[13_4_in_DOMINO] Starting (50000 attempts)

[Main] Worker finished 13_3_in_circle with score 1.5377331965196364
[21_3_in_circle] Starting (50000 attempts)
[20_3_in_circle] Success!
[Main] Worker finished 20_3_in_circle with score 2.506929058600118
[11_3_in_3] Starting (50000 attempts)
[50_3_in_3] Success!
[Main] Worker finished 50_3_in_3 with score 7.682459677785787
[16_4_in_CIRCLE] Starting (50000 attempts)
[30_3_in_circle] Success!
[Main] Worker finished 30_3_in_circle with score 3.1177802827751018
[50_3_in_3] Starting (50000 attempts)
[46_3_in_3] Success!
[Main] Worker finished 46_3_in_3 with score 7.253785455633186
[30_3_in_circle] Starting (50000 attempts)
[7_3_in_DOMINO] Success!
[28_3_in_circle] Success!
[Main] Worker finished 28_3_in_circle with score 3.010957712701827
[46_3_in_3] Starting (50000 attempts)
[Main] Worker finished 7_3_in_DOMINO with score 1.490840291646784
[22_3_in_circle] Starting (50000 attempts)
[29_3_in_circle] Success!
[Main] Worker finished 29_3_in_circle with score 3.058354952242918[15_3_in_circle] Starting (50000 attempts)

[16_3_in_circle] Starting (50000 attempts)
[27_3_in_circle] Success!
[Main] Worker finished 27_3_in_circle with score 2.949959789506253
[27_3_in_circle] Starting (50000 attempts)
[17_3_in_circle] Success!
[Main] Worker finished 17_3_in_circle with score 1.743197279660388
[26_3_in_circle] Success!
[12_3_in_DOMINO] Success!
[23_3_in_circle] Success!
[25_3_in_circle] Success!
[Main] Worker finished 25_3_in_circle with score 2.834092678127672
[13_3_in_3] Starting (50000 attempts)
[Main] Worker finished 23_3_in_circle with score 2.698826756407839
[Main] Worker finished 12_3_in_DOMINO with score 1.7439957676520519
[Main] Worker finished 26_3_in_circle with score 2.8998581709647437
[20_3_in_circle] Starting (50000 attempts)
[20_4_in_CIRCLE] Starting (50000 attempts)
[31_3_in_circle] Success!
[22_3_in_DOMINO] Starting (50000 attempts)
[Main] Worker finished 31_3_in_circle with score 3.1750136183823834
[18_4_in_CIRCLE] Starting (50000 attempts)
[20_3_in_DOMINO] Starting (50000 attempts)
[8_3_in_circle] Success!
[Main] Worker finished 8_3_in_circle with score 1.2748051192828511
[28_3_in_circle] Starting (50000 attempts)
[13_3_in_DOMINO] Success!
[Main] Worker finished 13_3_in_DOMINO with score 1.8560588841102648
[13_3_in_DOMINO] Starting (50000 attempts)
[18_3_in_DOMINO] Success!
[Main] Worker finished 18_3_in_DOMINO with score 2.1901568541161303
[18_3_in_DOMINO] Starting (50000 attempts)
[11_3_in_circle] Success!
[Main] Worker finished 11_3_in_circle with score 1.4830513649835477
[37_3_in_3] Success!
[Main] Worker finished 37_3_in_3 with score 6.805899464980523
[29_3_in_circle] Starting (50000 attempts)
[19_4_in_CIRCLE] Starting (50000 attempts)
[39_3_in_3] Success!
[Main] Worker finished 39_3_in_3 with score 6.719109562749771
[39_3_in_3] Starting (50000 attempts)
[10_3_in_circle] Success!
[Main] Worker finished 10_3_in_circle with score 1.4007623159126743
[23_3_in_circle] Starting (50000 attempts)
[17_3_in_DOMINO] Success!
[Main] Worker finished 17_3_in_DOMINO with score 2.1408269351054066
[17_3_in_DOMINO] Starting (50000 attempts)
[12_3_in_circle] Success!
[Main] Worker finished 12_3_in_circle with score 1.5230514075566917
[19_3_in_circle] Success!
[Main] Worker finished 19_3_in_circle with score 2.4338428134173826
[26_3_in_circle] Starting (50000 attempts)
[19_3_in_circle] Starting (50000 attempts)
[18_3_in_circle] Success!
[Main] Worker finished 18_3_in_circle with score 1.8272854274759711
[18_3_in_circle] Starting (50000 attempts)
[10_3_in_DOMINO] Success!
[Main] Worker finished 10_3_in_DOMINO with score 1.7011773066844613
[25_3_in_circle] Starting (50000 attempts)
[11_4_in_DOMINO] Success!
[Main] Worker finished 11_4_in_DOMINO with score 2.931723676723068
[15_3_in_DOMINO] Success!
[Main] Worker finished 15_3_in_DOMINO with score 1.998750484297148
[31_3_in_circle] Starting (50000 attempts)
[15_3_in_DOMINO] Starting (50000 attempts)
[13_4_in_DOMINO] Success!
[Main] Worker finished 13_4_in_DOMINO with score 3.0104540932523642
[21_3_in_circle] Success!
[Main] Worker finished 21_3_in_circle with score 2.5776336519213063
[8_3_in_circle] Starting (50000 attempts)
[21_3_in_circle] Starting (50000 attempts)
[11_3_in_3] Success!
[Main] Worker finished 11_3_in_3 with score 3.746847963455798
[11_3_in_circle] Starting (50000 attempts)
[30_3_in_circle] Success!
[Main] Worker finished 30_3_in_circle with score 3.1205876885453137
[16_4_in_CIRCLE] Success!
[Main] Worker finished 16_4_in_CIRCLE with score 2.643847752583437
[10_3_in_circle] Starting (50000 attempts)
[43_3_in_3] Success!
[22_3_in_circle] Success!
[Main] Worker finished 22_3_in_circle with score 2.6322593617733867[12_3_in_circle] Starting (50000 attempts)

[Main] Worker finished 43_3_in_3 with score 6.998537660296441
[22_3_in_circle] Starting (50000 attempts)
[43_3_in_3] Starting (50000 attempts)
[15_3_in_circle] Success!
[Main] Worker finished 15_3_in_circle with score 1.6549223038095542
[16_3_in_circle] Success!
[27_3_in_circle] Success!
[Main] Worker finished 16_3_in_circle with score 1.7029189896133312[10_3_in_DOMINO] Starting (50000 attempts)

[Main] Worker finished 27_3_in_circle with score 2.95557032195552
[11_4_in_DOMINO] Starting (50000 attempts)
[23_4_in_CIRCLE] Starting (50000 attempts)
[13_3_in_3] Success!
[Main] Worker finished 13_3_in_3 with score 4.020316954443297
[20_3_in_circle] Success!
[Main] Worker finished 20_3_in_circle with score 2.498169706728185
[13_4_in_DOMINO] Starting (50000 attempts)
[22_3_in_DOMINO] Success!
[Main] Worker finished 22_3_in_DOMINO with score 2.6493074961029754
[21_3_in_DOMINO] Starting (50000 attempts)
[20_3_in_DOMINO] Success!
[Main] Worker finished 20_3_in_DOMINO with score 2.5174851252635637
[22_3_in_DOMINO] Starting (50000 attempts)
[30_3_in_circle] Starting (50000 attempts)
[50_3_in_3] Success!
[Main] Worker finished 50_3_in_3 with score 7.629966147768929
[20_4_in_CIRCLE] Success!
[Main] Worker finished 20_4_in_CIRCLE with score 2.9479967602447665[50_3_in_3] Starting (50000 attempts)

[18_4_in_CIRCLE] Success!
[46_3_in_3] Success!
[Main] Worker finished 18_4_in_CIRCLE with score 2.8016697604273646
[11_3_in_3] Starting (50000 attempts)
[Main] Worker finished 46_3_in_3 with score 7.409842021561194
[28_3_in_circle] Success!
[16_4_in_CIRCLE] Starting (50000 attempts)
[Main] Worker finished 28_3_in_circle with score 3.0136689300711863
[15_3_in_circle] Starting (50000 attempts)
[16_3_in_circle] Starting (50000 attempts)
[13_3_in_DOMINO] Success!
[Main] Worker finished 13_3_in_DOMINO with score 1.8541272338431962
[13_3_in_DOMINO] Starting (50000 attempts)
[29_3_in_circle] Success!
[Main] Worker finished 29_3_in_circle with score 3.06172116207965
[29_3_in_circle] Starting (50000 attempts)
[18_3_in_DOMINO] Success!
[Main] Worker finished 18_3_in_DOMINO with score 2.1868130017968426
[18_3_in_DOMINO] Starting (50000 attempts)
[23_3_in_circle] Success!
[Main] Worker finished 23_3_in_circle with score 2.710728353537295
[19_4_in_CIRCLE] Success!
[Main] Worker finished 19_4_in_CIRCLE with score 2.8776782496867814
[20_3_in_circle] Starting (50000 attempts)
[27_3_in_circle] Starting (50000 attempts)
[17_3_in_DOMINO] Success!
[Main] Worker finished 17_3_in_DOMINO with score 2.1350533229105015
[17_3_in_DOMINO] Starting (50000 attempts)
[26_3_in_circle] Success!
[Main] Worker finished 26_3_in_circle with score 2.8905929937413104
[13_3_in_3] Starting (50000 attempts)
[19_3_in_circle] Success!
[Main] Worker finished 19_3_in_circle with score 2.4101064650945814
[19_3_in_circle] Starting (50000 attempts)
[39_3_in_3] Success!
[Main] Worker finished 39_3_in_3 with score 6.6103927531808395
[25_3_in_circle] Success!
[Main] Worker finished 25_3_in_circle with score 2.8162931317094375
[39_3_in_3] Starting (50000 attempts)
[18_3_in_circle] Success!
[Main] Worker finished 18_3_in_circle with score 1.8178633650138765
[25_3_in_circle] Starting (50000 attempts)
[31_3_in_circle] Success!
[Main] Worker finished 31_3_in_circle with score 3.1674023423129984
[18_3_in_circle] Starting (50000 attempts)
[28_3_in_circle] Starting (50000 attempts)
[15_3_in_DOMINO] Success!
[Main] Worker finished 15_3_in_DOMINO with score 1.9958036489838187
[15_3_in_DOMINO] Starting (50000 attempts)
[21_3_in_circle] Success!
[Main] Worker finished 21_3_in_circle with score 2.558884506436323
[8_3_in_circle] Success!
[Main] Worker finished 8_3_in_circle with score 1.2748051192828511
[21_3_in_circle] Starting (50000 attempts)
[23_3_in_circle] Starting (50000 attempts)
[11_3_in_circle] Success!
[Main] Worker finished 11_3_in_circle with score 1.4830513649835477
[10_3_in_circle] Success!
[Main] Worker finished 10_3_in_circle with score 1.4007623159126743
[20_4_in_CIRCLE] Starting (50000 attempts)
[22_3_in_circle] Success!
[Main] Worker finished 22_3_in_circle with score 2.6534029554683034
[26_3_in_circle] Starting (50000 attempts)
[18_4_in_CIRCLE] Starting (50000 attempts)
[12_3_in_circle] Success!
[Main] Worker finished 12_3_in_circle with score 1.5230514075566917
[20_3_in_DOMINO] Starting (50000 attempts)
[10_3_in_DOMINO] Success!
[Main] Worker finished 10_3_in_DOMINO with score 1.7011773066844613
[11_4_in_DOMINO] Success!
[Main] Worker finished 11_4_in_DOMINO with score 2.874818647722945
[19_4_in_CIRCLE] Starting (50000 attempts)
[22_4_in_DOMINO] Starting (50000 attempts)
[13_4_in_DOMINO] Success!
[Main] Worker finished 13_4_in_DOMINO with score 3.0104540932523642
[21_3_in_DOMINO] Success!
[22_3_in_DOMINO] Success!
[Main] Worker finished 22_3_in_DOMINO with score 2.645071781795077
[31_3_in_circle] Starting (50000 attempts)
[Main] Worker finished 21_3_in_DOMINO with score 2.580174353866316
[30_3_in_circle] Success!
[23_4_in_CIRCLE] Success!
[21_4_in_CIRCLE] Starting (50000 attempts)
[Main] Worker finished 23_4_in_CIRCLE with score 3.115803431953349
[20_3_in_3] Starting (50000 attempts)
[Main] Worker finished 30_3_in_circle with score 3.1227729739540426
[8_3_in_circle] Starting (50000 attempts)
[11_3_in_circle] Starting (50000 attempts)
[11_3_in_3] Success!
[Main] Worker finished 11_3_in_3 with score 3.746847963455798
[10_3_in_circle] Starting (50000 attempts)
[15_3_in_circle] Success!
[Main] Worker finished 15_3_in_circle with score 1.6549223038095542
[16_4_in_CIRCLE] Success!
[Main] Worker finished 16_4_in_CIRCLE with score 2.643847752583437
[22_3_in_circle] Starting (50000 attempts)
[43_3_in_3] Success!
[16_3_in_circle] Success!
[Main] Worker finished 16_3_in_circle with score 1.7029189896133312[12_3_in_circle] Starting (50000 attempts)

[Main] Worker finished 43_3_in_3 with score 6.958931064159313
[13_3_in_DOMINO] Success!
[43_3_in_3] Starting (50000 attempts)
[29_3_in_circle] Success!
[Main] Worker finished 29_3_in_circle with score 3.052854590117277
[10_3_in_DOMINO] Starting (50000 attempts)
[Main] Worker finished 13_3_in_DOMINO with score 1.8804777931882963
[29_3_in_circle] Starting (50000 attempts)
[11_4_in_DOMINO] Starting (50000 attempts)
[18_3_in_DOMINO] Success!
[Main] Worker finished 18_3_in_DOMINO with score 2.1840653595801687
[18_3_in_DOMINO] Starting (50000 attempts)
[20_3_in_circle] Success!
[Main] Worker finished 20_3_in_circle with score 2.5034216383112504
[13_4_in_DOMINO] Starting (50000 attempts)
[27_3_in_circle] Success!
[Main] Worker finished 27_3_in_circle with score 2.9373015641792013
[27_3_in_circle] Starting (50000 attempts)
[50_3_in_3] Success!
[Main] Worker finished 50_3_in_3 with score 7.628307408682151
[50_3_in_3] Starting (50000 attempts)
[19_3_in_circle] Success!
[Main] Worker finished 19_3_in_circle with score 2.422521817946605
[13_3_in_3] Success!
[Main] Worker finished 13_3_in_3 with score 4.020316954443297
[19_3_in_circle] Starting (50000 attempts)
[17_3_in_DOMINO] Success!
[Main] Worker finished 17_3_in_DOMINO with score 2.1305246985657265
[30_3_in_circle] Starting (50000 attempts)
[17_3_in_DOMINO] Starting (50000 attempts)
[25_3_in_circle] Success!
[Main] Worker finished 25_3_in_circle with score 2.8219316365280185
[11_3_in_3] Starting (50000 attempts)
[28_3_in_circle] Success!
[Main] Worker finished 28_3_in_circle with score 3.0058431774459886
[16_4_in_CIRCLE] Starting (50000 attempts)
[18_3_in_circle] Success!
[Main] Worker finished 18_3_in_circle with score 1.8086519807424566
[18_3_in_circle] Starting (50000 attempts)
[15_3_in_DOMINO] Success!
[Main] Worker finished 15_3_in_DOMINO with score 1.9933774251199539
[21_3_in_circle] Success!
[Main] Worker finished 21_3_in_circle with score 2.5815031973131495
[15_3_in_DOMINO] Starting (50000 attempts)
[23_3_in_circle] Success!
[39_3_in_3] Success!
[Main] Worker finished 23_3_in_circle with score 2.702878236970587[20_3_in_circle] Starting (50000 attempts)

[Main] Worker finished 39_3_in_3 with score 6.940912390839882
[15_3_in_circle] Starting (50000 attempts)
[16_3_in_circle] Starting (50000 attempts)
[26_3_in_circle] Success!
[Main] Worker finished 26_3_in_circle with score 2.888281328550503
[26_3_in_circle] Starting (50000 attempts)
[20_3_in_DOMINO] Success!
[Main] Worker finished 20_3_in_DOMINO with score 2.504928489545246
[20_4_in_CIRCLE] Success!
[18_4_in_CIRCLE] Success!
[Main] Worker finished 20_4_in_CIRCLE with score 2.9479967602447665[20_3_in_DOMINO] Starting (50000 attempts)

[Main] Worker finished 18_4_in_CIRCLE with score 2.8016697604273646
[25_3_in_circle] Starting (50000 attempts)
[13_3_in_3] Starting (50000 attempts)
[31_3_in_circle] Success!
[Main] Worker finished 31_3_in_circle with score 3.1705714874236546
[28_3_in_circle] Starting (50000 attempts)
[19_4_in_CIRCLE] Success!
[Main] Worker finished 19_4_in_CIRCLE with score 2.8776782496867814
[22_3_in_DOMINO] Starting (50000 attempts)
[22_4_in_DOMINO] Success!
[Main] Worker finished 22_4_in_DOMINO with score 3.8034922878807986
[23_4_in_CIRCLE] Starting (50000 attempts)
[8_3_in_circle] Success!
[Main] Worker finished 8_3_in_circle with score 1.2748051192828511
[21_3_in_circle] Starting (50000 attempts)
[11_3_in_circle] Success!
[Main] Worker finished 11_3_in_circle with score 1.4830513649835477
[10_3_in_circle] Success!
[Main] Worker finished 10_3_in_circle with score 1.4007623159126743
[23_3_in_circle] Starting (50000 attempts)
[23_4_in_DOMINO] Starting (50000 attempts)
[21_4_in_CIRCLE] Success!
[Main] Worker finished 21_4_in_CIRCLE with score 3.1064519114939206
[20_3_in_3] Success!
[Main] Worker finished 20_3_in_3 with score 4.895691169369647
[17_3_in_3] Starting (50000 attempts)
[22_3_in_circle] Success!
[Main] Worker finished 22_3_in_circle with score 2.649955600521817
[20_3_in_3] Starting (50000 attempts)
[20_4_in_CIRCLE] Starting (50000 attempts)
[12_3_in_circle] Success!
[Main] Worker finished 12_3_in_circle with score 1.5230514075566917
[18_4_in_CIRCLE] Starting (50000 attempts)
[10_3_in_DOMINO] Success!
[Main] Worker finished 10_3_in_DOMINO with score 1.7011773066844613
[29_3_in_circle] Success!
[Main] Worker finished 29_3_in_circle with score 3.067851038736012
[31_3_in_circle] Starting (50000 attempts)
[19_4_in_CIRCLE] Starting (50000 attempts)
[11_4_in_DOMINO] Success!
[Main] Worker finished 11_4_in_DOMINO with score 2.931723676723068
[21_3_in_DOMINO] Starting (50000 attempts)
[13_4_in_DOMINO] Success!
[Main] Worker finished 13_4_in_DOMINO with score 3.0104540932523642
[18_3_in_DOMINO] Success!
[Main] Worker finished 18_3_in_DOMINO with score 2.181784613735859
[8_3_in_circle] Starting (50000 attempts)
[27_3_in_circle] Success!
[Main] Worker finished 27_3_in_circle with score 2.949851180296473
[18_3_in_DOMINO] Starting (50000 attempts)
[11_3_in_circle] Starting (50000 attempts)
[19_3_in_circle] Success!
[Main] Worker finished 19_3_in_circle with score 2.419616390096634
[19_3_in_circle] Starting (50000 attempts)
[43_3_in_3] Success!
[Main] Worker finished 43_3_in_3 with score 6.9673699289329925
[30_3_in_circle] Success!
[Main] Worker finished 30_3_in_circle with score 3.1243348289662842
[43_3_in_3] Starting (50000 attempts)
[30_3_in_circle] Starting (50000 attempts)
[17_3_in_DOMINO] Success!
[Main] Worker finished 17_3_in_DOMINO with score 2.1599791937891735
[22_3_in_circle] Starting (50000 attempts)
[11_3_in_3] Success!
[Main] Worker finished 11_3_in_3 with score 3.746847963455798
[10_3_in_circle] Starting (50000 attempts)
[16_4_in_CIRCLE] Success!
[Main] Worker finished 16_4_in_CIRCLE with score 2.643847752583437
[29_3_in_circle] Starting (50000 attempts)
[18_3_in_circle] Success!
[Main] Worker finished 18_3_in_circle with score 1.8204190752494187
[50_3_in_3] Success!
[20_3_in_circle] Success!
[Main] Worker finished 50_3_in_3 with score 7.626774668354092
[18_3_in_circle] Starting (50000 attempts)
[Main] Worker finished 20_3_in_circle with score 2.509186423284701
[15_3_in_DOMINO] Success!
[50_3_in_3] Starting (50000 attempts)
[Main] Worker finished 15_3_in_DOMINO with score 1.9913604363862547
[12_3_in_circle] Starting (50000 attempts)
[15_3_in_circle] Success!
[26_3_in_circle] Success!
[Main] Worker finished 26_3_in_circle with score 2.8966699214202953[15_3_in_DOMINO] Starting (50000 attempts)

[Main] Worker finished 15_3_in_circle with score 1.6549223038095542
[16_3_in_circle] Success!
[27_3_in_circle] Starting (50000 attempts)
[Main] Worker finished 16_3_in_circle with score 1.7029189896133312
[10_3_in_DOMINO] Starting (50000 attempts)
[20_3_in_DOMINO] Success!
[Main] Worker finished 20_3_in_DOMINO with score 2.5152202947340356
[11_4_in_DOMINO] Starting (50000 attempts)
[13_4_in_DOMINO] Starting (50000 attempts)
[25_3_in_circle] Success!
[Main] Worker finished 25_3_in_circle with score 2.834376115739246
[11_3_in_3] Starting (50000 attempts)
[13_3_in_3] Success!
[Main] Worker finished 13_3_in_3 with score 4.020316954443297
[28_3_in_circle] Success!
[Main] Worker finished 28_3_in_circle with score 3.0142717542793247
[16_4_in_CIRCLE] Starting (50000 attempts)
[22_3_in_DOMINO] Success!
[Main] Worker finished 22_3_in_DOMINO with score 2.6260947155205696
[22_4_in_DOMINO] Starting (50000 attempts)
[22_3_in_DOMINO] Starting (50000 attempts)
[21_3_in_circle] Success!
[Main] Worker finished 21_3_in_circle with score 2.557093824558012
[21_3_in_circle] Starting (50000 attempts)
[23_3_in_circle] Success!
[Main] Worker finished 23_3_in_circle with score 2.713711944582438
[20_3_in_circle] Starting (50000 attempts)
[23_4_in_CIRCLE] Success!
[Main] Worker finished 23_4_in_CIRCLE with score 3.115803431953349
[26_3_in_circle] Starting (50000 attempts)
[17_3_in_3] Success!
[Main] Worker finished 17_3_in_3 with score 4.52607678217151
[23_4_in_DOMINO] Success!
[Main] Worker finished 23_4_in_DOMINO with score 3.8688750047412386
[15_3_in_circle] Starting (50000 attempts)
[20_3_in_3] Success!
[Main] Worker finished 20_3_in_3 with score 4.889790434054783
[16_3_in_circle] Starting (50000 attempts)
[31_3_in_circle] Success!
[Main] Worker finished 31_3_in_circle with score 3.1791440267938826
[20_3_in_3] Starting (50000 attempts)
[25_3_in_circle] Starting (50000 attempts)
[20_4_in_CIRCLE] Success!
[Main] Worker finished 20_4_in_CIRCLE with score 2.9479967602447665
[18_4_in_CIRCLE] Success!
[Main] Worker finished 18_4_in_CIRCLE with score 2.8016697604273646
[13_3_in_3] Starting (50000 attempts)
[21_3_in_DOMINO] Success!
[Main] Worker finished 21_3_in_DOMINO with score 2.5796583447972865
[28_3_in_circle] Starting (50000 attempts)
[24_4_in_DOMINO] Starting (50000 attempts)
[19_4_in_CIRCLE] Success!
[Main] Worker finished 19_4_in_CIRCLE with score 2.8776782496867814
[21_4_in_CIRCLE] Starting (50000 attempts)
[8_3_in_circle] Success!
[Main] Worker finished 8_3_in_circle with score 1.2748051192828511
[23_3_in_circle] Starting (50000 attempts)
[11_3_in_circle] Success!
[Main] Worker finished 11_3_in_circle with score 1.4830513649835477
[19_3_in_DOMINO] Starting (50000 attempts)
[18_3_in_DOMINO] Success!
[Main] Worker finished 18_3_in_DOMINO with score 2.1798766076797254
[19_3_in_circle] Success!
[Main] Worker finished 19_3_in_circle with score 2.4171978622436106
[18_3_in_DOMINO] Starting (50000 attempts)
[19_3_in_circle] Starting (50000 attempts)
[30_3_in_circle] Success!
[Main] Worker finished 30_3_in_circle with score 3.112795573913613
[30_3_in_circle] Starting (50000 attempts)
[22_3_in_circle] Success!
[Main] Worker finished 22_3_in_circle with score 2.6063272731152285
[22_3_in_circle] Starting (50000 attempts)
[10_3_in_circle] Success!
[Main] Worker finished 10_3_in_circle with score 1.4007623159126743
[31_3_in_circle] Starting (50000 attempts)
[29_3_in_circle] Success!
[Main] Worker finished 29_3_in_circle with score 3.05071823289682
[29_3_in_circle] Starting (50000 attempts)
[12_3_in_circle] Success!
[Main] Worker finished 12_3_in_circle with score 1.5230514075566917
[27_3_in_circle] Success!
[Main] Worker finished 27_3_in_circle with score 2.941896927464176
[20_4_in_CIRCLE] Starting (50000 attempts)
[18_3_in_circle] Success!
[15_3_in_DOMINO] Success!
[Main] Worker finished 15_3_in_DOMINO with score 1.9896710920705543
[27_3_in_circle] Starting (50000 attempts)
[Main] Worker finished 18_3_in_circle with score 1.8204190752494187
[10_3_in_DOMINO] Success!
[18_3_in_circle] Starting (50000 attempts)
[11_4_in_DOMINO] Success!
[Main] Worker finished 11_4_in_DOMINO with score 2.874818647722945
[15_3_in_DOMINO] Starting (50000 attempts)
[Main] Worker finished 10_3_in_DOMINO with score 1.7011773066844613
[13_4_in_DOMINO] Success!
[8_3_in_circle] Starting (50000 attempts)
[11_3_in_3] Success!
[Main] Worker finished 11_3_in_3 with score 3.746847963455798
[11_3_in_circle] Starting (50000 attempts)
[Main] Worker finished 13_4_in_DOMINO with score 3.0104540932523642
[43_3_in_3] Success!
[18_4_in_CIRCLE] Starting (50000 attempts)
[22_3_in_DOMINO] Success!
[Main] Worker finished 43_3_in_3 with score 6.9673699289329925
[23_4_in_CIRCLE] Starting (50000 attempts)
[Main] Worker finished 22_3_in_DOMINO with score 2.6187340268084585
[22_3_in_DOMINO] Starting (50000 attempts)
[16_4_in_CIRCLE] Success!
[22_4_in_DOMINO] Success!
[Main] Worker finished 16_4_in_CIRCLE with score 2.643847752583437
[43_3_in_3] Starting (50000 attempts)
[Main] Worker finished 22_4_in_DOMINO with score 3.775354954031959
[21_3_in_circle] Success!
[22_4_in_DOMINO] Starting (50000 attempts)
[Main] Worker finished 21_3_in_circle with score 2.553235144544326
[10_3_in_circle] Starting (50000 attempts)
[20_3_in_circle] Success!
[Main] Worker finished 20_3_in_circle with score 2.459744717990842[21_3_in_circle] Starting (50000 attempts)

[20_3_in_circle] Starting (50000 attempts)
[26_3_in_circle] Success!
[Main] Worker finished 26_3_in_circle with score 2.866412503795237
[26_3_in_circle] Starting (50000 attempts)
[50_3_in_3] Success!
[Main] Worker finished 50_3_in_3 with score 7.675106763760255
[50_3_in_3] Starting (50000 attempts)
[15_3_in_circle] Success!
[Main] Worker finished 15_3_in_circle with score 1.6549223038095542
[25_3_in_circle] Success!
[Main] Worker finished 25_3_in_circle with score 2.782697908838877
[12_3_in_circle] Starting (50000 attempts)
[25_3_in_circle] Starting (50000 attempts)
[16_3_in_circle] Success!
[Main] Worker finished 16_3_in_circle with score 1.7029189896133312
[28_3_in_circle] Success!
[Main] Worker finished 28_3_in_circle with score 2.986367587238712
[10_3_in_DOMINO] Starting (50000 attempts)
[28_3_in_circle] Starting (50000 attempts)
[20_3_in_3] Success!
[Main] Worker finished 20_3_in_3 with score 4.884265773219949
[20_3_in_3] Starting (50000 attempts)
[13_3_in_3] Success!
[Main] Worker finished 13_3_in_3 with score 4.020316954443297
[23_3_in_circle] Success!
[Main] Worker finished 23_3_in_circle with score 2.6915493891581197
[11_4_in_DOMINO] Starting (50000 attempts)
[23_3_in_circle] Starting (50000 attempts)
[24_4_in_DOMINO] Success!
[Main] Worker finished 24_4_in_DOMINO with score 3.9241229167278884
[13_4_in_DOMINO] Starting (50000 attempts)
[21_4_in_CIRCLE] Success!
[Main] Worker finished 21_4_in_CIRCLE with score 3.1064519114939206
[11_3_in_3] Starting (50000 attempts)
[19_3_in_circle] Success!
[Main] Worker finished 19_3_in_circle with score 2.363651906519185
[19_3_in_circle] Starting (50000 attempts)
[19_3_in_DOMINO] Success!
[Main] Worker finished 19_3_in_DOMINO with score 2.4901149670854683
[18_3_in_DOMINO] Success!
[Main] Worker finished 18_3_in_DOMINO with score 2.1782706054647423
[16_4_in_CIRCLE] Starting (50000 attempts)
[30_3_in_circle] Success!
[Main] Worker finished 30_3_in_circle with score 3.0935549867671677
[18_3_in_DOMINO] Starting (50000 attempts)
[22_3_in_circle] Success!
[Main] Worker finished 22_3_in_circle with score 2.593847731640479[30_3_in_circle] Starting (50000 attempts)

[22_3_in_circle] Starting (50000 attempts)
[31_3_in_circle] Success!
[Main] Worker finished 31_3_in_circle with score 3.162970860217274
[31_3_in_circle] Starting (50000 attempts)
[29_3_in_circle] Success!
[Main] Worker finished 29_3_in_circle with score 3.0565203979636526
[29_3_in_circle] Starting (50000 attempts)
[27_3_in_circle] Success!
[Main] Worker finished 27_3_in_circle with score 2.9342575489732474
[27_3_in_circle] Starting (50000 attempts)
[20_4_in_CIRCLE] Success!
[Main] Worker finished 20_4_in_CIRCLE with score 2.9479967602447665
[8_3_in_circle] Success!
[Main] Worker finished 8_3_in_circle with score 1.2748051192828511
[15_3_in_circle] Starting (50000 attempts)
[18_3_in_circle] Success!
[15_3_in_DOMINO] Success!
[Main] Worker finished 15_3_in_DOMINO with score 1.9882478075142807
[16_3_in_circle] Starting (50000 attempts)
[11_3_in_circle] Success!
[Main] Worker finished 18_3_in_circle with score 1.8204190752494187
[15_3_in_DOMINO] Starting (50000 attempts)
[Main] Worker finished 11_3_in_circle with score 1.4830513649835477
[13_3_in_3] Starting (50000 attempts)
[25_4_in_CIRCLE] Starting (50000 attempts)
[22_3_in_DOMINO] Success!
[Main] Worker finished 22_3_in_DOMINO with score 2.646516594600204
[18_4_in_CIRCLE] Success!
[Main] Worker finished 18_4_in_CIRCLE with score 2.8016697604273646
[22_3_in_DOMINO] Starting (50000 attempts)
[33_4_in_CIRCLE] Starting (50000 attempts)
[23_4_in_CIRCLE] Success!
[Main] Worker finished 23_4_in_CIRCLE with score 3.115803431953349
[20_3_in_DOMINO] Starting (50000 attempts)
[10_3_in_circle] Success!
[Main] Worker finished 10_3_in_circle with score 1.4007623159126743
[21_3_in_circle] Success!
[Main] Worker finished 21_3_in_circle with score 2.56786054366147
[19_4_in_CIRCLE] Starting (50000 attempts)
[20_3_in_circle] Success!
[Main] Worker finished 20_3_in_circle with score 2.422244753987762
[29_4_in_CIRCLE] Starting (50000 attempts)
[26_3_in_circle] Success!
[Main] Worker finished 26_3_in_circle with score 2.89509308275729
[20_3_in_circle] Starting (50000 attempts)
[22_4_in_DOMINO] Success!
[Main] Worker finished 22_4_in_DOMINO with score 3.8212838145946755
[8_3_in_circle] Starting (50000 attempts)
[20_4_in_CIRCLE] Starting (50000 attempts)
[25_3_in_circle] Success!
[Main] Worker finished 25_3_in_circle with score 2.8300129121434714
[12_3_in_circle] Success!
[Main] Worker finished 12_3_in_circle with score 1.5230514075566917[18_3_in_circle] Starting (50000 attempts)

[10_3_in_DOMINO] Success!
[28_3_in_circle] Success!
[Main] Worker finished 10_3_in_DOMINO with score 1.7011773066844613
[11_3_in_circle] Starting (50000 attempts)
[Main] Worker finished 28_3_in_circle with score 3.013979923734041
[23_4_in_DOMINO] Starting (50000 attempts)
[18_4_in_CIRCLE] Starting (50000 attempts)
[43_3_in_3] Success!
[Main] Worker finished 43_3_in_3 with score 6.9673699289329925
[43_3_in_3] Starting (50000 attempts)
[23_3_in_circle] Success!
[Main] Worker finished 23_3_in_circle with score 2.7017972478376815
[11_4_in_DOMINO] Success!
[Main] Worker finished 11_4_in_DOMINO with score 2.931723676723068
[23_3_in_circle] Starting (50000 attempts)
[20_3_in_3] Success!
[Main] Worker finished 20_3_in_3 with score 4.912194872736637
[21_3_in_circle] Starting (50000 attempts)
[10_3_in_circle] Starting (50000 attempts)
[13_4_in_DOMINO] Success!
[Main] Worker finished 13_4_in_DOMINO with score 3.0104540932523642
[11_3_in_3] Success!
[Main] Worker finished 11_3_in_3 with score 3.746847963455798
[26_3_in_circle] Starting (50000 attempts)
[17_3_in_3] Starting (50000 attempts)
[50_3_in_3] Success!
[Main] Worker finished 50_3_in_3 with score 7.675106763760255
[25_3_in_circle] Starting (50000 attempts)
[19_3_in_circle] Success!
[Main] Worker finished 19_3_in_circle with score 2.0482685290094627
[16_4_in_CIRCLE] Success!
[30_3_in_circle] Success!
[Main] Worker finished 30_3_in_circle with score 3.1081296475721976
[19_3_in_circle] Starting (50000 attempts)
[Main] Worker finished 16_4_in_CIRCLE with score 2.643847752583437
[22_3_in_circle] Success!
[30_3_in_circle] Starting (50000 attempts)
[18_3_in_DOMINO] Success!
[Main] Worker finished 18_3_in_DOMINO with score 2.1769121528097175
[28_3_in_circle] Starting (50000 attempts)
[Main] Worker finished 22_3_in_circle with score 2.60668818809873
[22_3_in_circle] Starting (50000 attempts)
[31_3_in_circle] Success!
[Main] Worker finished 31_3_in_circle with score 3.1696204110914015
[18_3_in_DOMINO] Starting (50000 attempts)
[12_3_in_circle] Starting (50000 attempts)
[29_3_in_circle] Success!
[Main] Worker finished 29_3_in_circle with score 3.0476688871211066
[29_3_in_circle] Starting (50000 attempts)
[27_3_in_circle] Success!
[Main] Worker finished 27_3_in_circle with score 2.9426482519806445
[10_3_in_DOMINO] Starting (50000 attempts)
[15_3_in_circle] Success!
[Main] Worker finished 15_3_in_circle with score 1.6549223038095542
[11_4_in_DOMINO] Starting (50000 attempts)
[16_3_in_circle] Success!
[Main] Worker finished 16_3_in_circle with score 1.7029189896133312
[13_4_in_DOMINO] Starting (50000 attempts)
[15_3_in_DOMINO] Success!
[Main] Worker finished 15_3_in_DOMINO with score 1.9870429966086272
[15_3_in_DOMINO] Starting (50000 attempts)
[13_3_in_3] Success!
[Main] Worker finished 13_3_in_3 with score 4.020316954443297
[22_3_in_DOMINO] Success!
[Main] Worker finished 22_3_in_DOMINO with score 2.609199769618205
[11_3_in_3] Starting (50000 attempts)
[22_3_in_DOMINO] Starting (50000 attempts)
[20_3_in_DOMINO] Success!
[Main] Worker finished 20_3_in_DOMINO with score 2.500673516113009
[20_3_in_DOMINO] Starting (50000 attempts)
[25_4_in_CIRCLE] Success!
[Main] Worker finished 25_4_in_CIRCLE with score 3.2232942054853804
[16_4_in_CIRCLE] Starting (50000 attempts)
[8_3_in_circle] Success!
[Main] Worker finished 8_3_in_circle with score 1.2748051192828511
[31_3_in_circle] Starting (50000 attempts)
[19_4_in_CIRCLE] Success!
[Main] Worker finished 19_4_in_CIRCLE with score 2.8776782496867814
[31_4_in_CIRCLE] Starting (50000 attempts)
[20_3_in_circle] Success!
[Main] Worker finished 20_3_in_circle with score 1.89256810033991
[20_3_in_circle] Starting (50000 attempts)
[20_4_in_CIRCLE] Success!
[Main] Worker finished 20_4_in_CIRCLE with score 2.9479967602447665
[27_3_in_circle] Starting (50000 attempts)
[33_4_in_CIRCLE] Success!
[Main] Worker finished 33_4_in_CIRCLE with score 4.019565593893119
[15_3_in_circle] Starting (50000 attempts)
[11_3_in_circle] Success!
[Main] Worker finished 11_3_in_circle with score 1.4830513649835477
[29_4_in_CIRCLE] Success!
[18_3_in_circle] Success!
[Main] Worker finished 29_4_in_CIRCLE with score 3.631402274099691
[21_3_in_DOMINO] Starting (50000 attempts)
[Main] Worker finished 18_3_in_circle with score 1.8204190752494187
[16_3_in_circle] Starting (50000 attempts)
[23_3_in_circle] Success!
[Main] Worker finished 23_3_in_circle with score 2.697477612885324
[25_4_in_DOMINO] Starting (50000 attempts)
[23_3_in_circle] Starting (50000 attempts)
[21_3_in_circle] Success!
[Main] Worker finished 21_3_in_circle with score 2.576348905974988
[23_4_in_DOMINO] Success!
[18_4_in_CIRCLE] Success!
[Main] Worker finished 18_4_in_CIRCLE with score 2.8016697604273646
[21_3_in_circle] Starting (50000 attempts)
[Main] Worker finished 23_4_in_DOMINO with score 3.8688750047412386
[10_3_in_circle] Success!
[8_3_in_circle] Starting (50000 attempts)
[26_3_in_circle] Success!
[Main] Worker finished 10_3_in_circle with score 1.4007623159126743
[13_3_in_3] Starting (50000 attempts)
[Main] Worker finished 26_3_in_circle with score 2.8832469100488693
[26_3_in_circle] Starting (50000 attempts)
[25_3_in_circle] Success!
[Main] Worker finished 25_3_in_circle with score 2.824640724191293
[24_4_in_DOMINO] Starting (50000 attempts)
[21_4_in_CIRCLE] Starting (50000 attempts)
[17_3_in_3] Success!
[Main] Worker finished 17_3_in_3 with score 4.52607678217151
[30_3_in_circle] Success!
[Main] Worker finished 30_3_in_circle with score 3.1081296475721976
[11_3_in_circle] Starting (50000 attempts)
[30_3_in_circle] Starting (50000 attempts)
[28_3_in_circle] Success!
[Main] Worker finished 28_3_in_circle with score 3.0094621171564113
[19_3_in_circle] Success!
[22_3_in_circle] Success!
[Main] Worker finished 19_3_in_circle with score 1.8552899931430817
[18_3_in_circle] Starting (50000 attempts)
[Main] Worker finished 22_3_in_circle with score 2.5908349988663386
[22_3_in_circle] Starting (50000 attempts)
[43_3_in_3] Success!
[12_3_in_circle] Success!
[Main] Worker finished 43_3_in_3 with score 6.9673699289329925
[19_3_in_circle] Starting (50000 attempts)
[Main] Worker finished 12_3_in_circle with score 1.5230514075566917
[18_3_in_DOMINO] Success!
[21_3_in_3] Starting (50000 attempts)
[29_3_in_circle] Success!
[Main] Worker finished 29_3_in_circle with score 3.061314431260987
[19_3_in_DOMINO] Starting (50000 attempts)
[Main] Worker finished 18_3_in_DOMINO with score 2.175758505913405
[29_3_in_circle] Starting (50000 attempts)
[18_3_in_DOMINO] Starting (50000 attempts)
[10_3_in_DOMINO] Success!
[Main] Worker finished 10_3_in_DOMINO with score 1.7011773066844613
[25_3_in_circle] Starting (50000 attempts)
[11_4_in_DOMINO] Success!
[Main] Worker finished 11_4_in_DOMINO with score 2.931723676723068
[13_4_in_DOMINO] Success!
[Main] Worker finished 13_4_in_DOMINO with score 3.0104540932523642
[10_3_in_circle] Starting (50000 attempts)
[30_4_in_CIRCLE] Starting (50000 attempts)
[15_3_in_DOMINO] Success!
[Main] Worker finished 15_3_in_DOMINO with score 1.9860191946575028
[22_3_in_DOMINO] Success!
[11_3_in_3] Success!
[Main] Worker finished 22_3_in_DOMINO with score 2.6494047857056615[15_3_in_DOMINO] Starting (50000 attempts)

[Main] Worker finished 11_3_in_3 with score 3.746847963455798
[28_3_in_circle] Starting (50000 attempts)
[20_3_in_DOMINO] Success!
[Main] Worker finished 20_3_in_DOMINO with score 2.469608107187733
[23_4_in_CIRCLE] Starting (50000 attempts)
[20_3_in_DOMINO] Starting (50000 attempts)
[31_3_in_circle] Success!
[Main] Worker finished 31_3_in_circle with score 3.164552820203738
[31_3_in_circle] Starting (50000 attempts)
[16_4_in_CIRCLE] Success!
[Main] Worker finished 16_4_in_CIRCLE with score 2.643847752583437
[12_3_in_circle] Starting (50000 attempts)
[27_3_in_circle] Success!
[Main] Worker finished 27_3_in_circle with score 2.932073235964317
[27_3_in_circle] Starting (50000 attempts)
[15_3_in_circle] Success!
[Main] Worker finished 15_3_in_circle with score 1.6549223038095542
[21_3_in_DOMINO] Success!
[20_3_in_circle] Success!
[Main] Worker finished 20_3_in_circle with score 1.8833549268261347
[10_3_in_DOMINO] Starting (50000 attempts)
[Main] Worker finished 21_3_in_DOMINO with score 2.5819811985796304
[20_3_in_circle] Starting (50000 attempts)
[11_4_in_DOMINO] Starting (50000 attempts)
[23_3_in_circle] Success!
[Main] Worker finished 23_3_in_circle with score 2.70206745458314
[16_3_in_circle] Success!
[Main] Worker finished 16_3_in_circle with score 1.7029189896133312
[23_3_in_circle] Starting (50000 attempts)
[13_4_in_DOMINO] Starting (50000 attempts)
[21_3_in_circle] Success!
[Main] Worker finished 21_3_in_circle with score 2.575833661957282
[11_3_in_3] Starting (50000 attempts)
[31_4_in_CIRCLE] Success!
[Main] Worker finished 31_4_in_CIRCLE with score 3.7364237438117933
[25_4_in_CIRCLE] Starting (50000 attempts)
[8_3_in_circle] Success!
[Main] Worker finished 8_3_in_circle with score 1.2748051192828511
[26_4_in_DOMINO] Starting (50000 attempts)
[25_4_in_DOMINO] Success!
[Main] Worker finished 25_4_in_DOMINO with score 4.04727924129811
[26_3_in_circle] Success!
[13_3_in_3] Success!
[Main] Worker finished 13_3_in_3 with score 4.020316954443297
[16_4_in_CIRCLE] Starting (50000 attempts)
[Main] Worker finished 26_3_in_circle with score 2.8898863423392345
[26_3_in_circle] Starting (50000 attempts)
[15_3_in_circle] Starting (50000 attempts)
[30_3_in_circle] Success!
[Main] Worker finished 30_3_in_circle with score 3.128399308810775
[11_3_in_circle] Success!
[Main] Worker finished 11_3_in_circle with score 1.4830513649835477
[33_4_in_CIRCLE] Starting (50000 attempts)
[24_4_in_DOMINO] Success!
[Main] Worker finished 24_4_in_DOMINO with score 3.9241229167278884
[19_4_in_CIRCLE] Starting (50000 attempts)
[22_3_in_circle] Success!
[21_4_in_CIRCLE] Success!
[Main] Worker finished 21_4_in_CIRCLE with score 3.1064519114939206[20_4_in_CIRCLE] Starting (50000 attempts)

[Main] Worker finished 22_3_in_circle with score 2.6146194610897866
[21_3_in_circle] Starting (50000 attempts)
[18_3_in_circle] Success!
[Main] Worker finished 18_3_in_circle with score 1.8204190752494187[29_4_in_CIRCLE] Starting (50000 attempts)

[23_4_in_DOMINO] Starting (50000 attempts)
[19_3_in_circle] Success!
[Main] Worker finished 19_3_in_circle with score 1.8460916769234086
[19_3_in_circle] Starting (50000 attempts)
[29_3_in_circle] Success!
[Main] Worker finished 29_3_in_circle with score 3.0585603500889356
[19_3_in_DOMINO] Success!
[21_3_in_3] Success!
[Main] Worker finished 19_3_in_DOMINO with score 2.4901149670854683[8_3_in_circle] Starting (50000 attempts)

[Main] Worker finished 21_3_in_3 with score 4.933706344963674
[21_3_in_3] Starting (50000 attempts)
[18_4_in_CIRCLE] Starting (50000 attempts)
[25_3_in_circle] Success!
[Main] Worker finished 25_3_in_circle with score 2.825205737086653
[18_3_in_DOMINO] Success!
[Main] Worker finished 18_3_in_DOMINO with score 2.1747755804071125
[25_3_in_circle] Starting (50000 attempts)
[18_3_in_DOMINO] Starting (50000 attempts)
[10_3_in_circle] Success!
[Main] Worker finished 10_3_in_circle with score 1.4007623159126743
[30_3_in_circle] Starting (50000 attempts)
[28_3_in_circle] Success!
[Main] Worker finished 28_3_in_circle with score 3.001347123854724
[28_3_in_circle] Starting (50000 attempts)
[20_3_in_DOMINO] Success!
[Main] Worker finished 20_3_in_DOMINO with score 2.5020190357383516
[15_3_in_DOMINO] Success!
[Main] Worker finished 15_3_in_DOMINO with score 1.9851464537869072
[20_3_in_DOMINO] Starting (50000 attempts)
[15_3_in_DOMINO] Starting (50000 attempts)
[23_4_in_CIRCLE] Success!
[Main] Worker finished 23_4_in_CIRCLE with score 3.115803431953349
[22_3_in_circle] Starting (50000 attempts)
[31_3_in_circle] Success!
[Main] Worker finished 31_3_in_circle with score 3.1769192934841137
[30_4_in_CIRCLE] Success!
[Main] Worker finished 30_4_in_CIRCLE with score 3.5236257287305413
[31_3_in_circle] Starting (50000 attempts)
[29_3_in_circle] Starting (50000 attempts)
[12_3_in_circle] Success!
[Main] Worker finished 12_3_in_circle with score 1.5230514075566917
[11_3_in_circle] Starting (50000 attempts)
[27_3_in_circle] Success!
[Main] Worker finished 27_3_in_circle with score 2.959940296747097
[18_3_in_circle] Starting (50000 attempts)
[10_3_in_DOMINO] Success!
[Main] Worker finished 10_3_in_DOMINO with score 1.7011773066844613
[19_3_in_3] Starting (50000 attempts)
[23_3_in_circle] Success!
[Main] Worker finished 23_3_in_circle with score 2.6896658697168867
[11_4_in_DOMINO] Success!
[Main] Worker finished 11_4_in_DOMINO with score 2.931723676723068
[23_3_in_circle] Starting (50000 attempts)
[10_3_in_circle] Starting (50000 attempts)
[13_4_in_DOMINO] Success!
[Main] Worker finished 13_4_in_DOMINO with score 3.0104540932523642
[20_3_in_circle] Success!
[Main] Worker finished 20_3_in_circle with score 1.8958192025625156
[17_3_in_3] Starting (50000 attempts)
[11_3_in_3] Success!
[Main] Worker finished 11_3_in_3 with score 3.746847963455798
[20_3_in_circle] Starting (50000 attempts)
[31_4_in_CIRCLE] Starting (50000 attempts)
[26_3_in_circle] Success!
[Main] Worker finished 26_3_in_circle with score 2.8858431302049015
[25_4_in_CIRCLE] Success!
[26_4_in_DOMINO] Success!
[Main] Worker finished 25_4_in_CIRCLE with score 3.2232942054853804
[21_3_in_DOMINO] Starting (50000 attempts)
[16_4_in_CIRCLE] Success!
[Main] Worker finished 26_4_in_DOMINO with score 4.020360663309433
[12_3_in_circle] Starting (50000 attempts)
[15_3_in_circle] Success!
[Main] Worker finished 16_4_in_CIRCLE with score 2.643847752583437
[22_4_in_DOMINO] Starting (50000 attempts)
[Main] Worker finished 15_3_in_circle with score 1.6549223038095542
[27_3_in_circle] Starting (50000 attempts)
[10_3_in_DOMINO] Starting (50000 attempts)
[21_3_in_circle] Success!
[Main] Worker finished 21_3_in_circle with score 2.5683741928162918
[16_3_in_circle] Starting (50000 attempts)
[19_4_in_CIRCLE] Success!
[Main] Worker finished 19_4_in_CIRCLE with score 2.8776782496867814
[11_4_in_DOMINO] Starting (50000 attempts)
[20_4_in_CIRCLE] Success!
[Main] Worker finished 20_4_in_CIRCLE with score 2.9479967602447665
[13_4_in_DOMINO] Starting (50000 attempts)
[8_3_in_circle] Success!
[Main] Worker finished 8_3_in_circle with score 1.2748051192828511
[25_4_in_DOMINO] Starting (50000 attempts)
[19_3_in_circle] Success!
[Main] Worker finished 19_3_in_circle with score 1.8582158012495773
[23_4_in_DOMINO] Success!
[Main] Worker finished 23_4_in_DOMINO with score 3.8688750047412386
[19_3_in_circle] Starting (50000 attempts)
[26_3_in_circle] Starting (50000 attempts)
[29_4_in_CIRCLE] Success!
[Main] Worker finished 29_4_in_CIRCLE with score 3.631402274099691
[33_4_in_CIRCLE] Success!
[18_4_in_CIRCLE] Success!
[21_3_in_3] Success!
[Main] Worker finished 33_4_in_CIRCLE with score 4.019565593893119
[11_3_in_3] Starting (50000 attempts)
[Main] Worker finished 18_4_in_CIRCLE with score 2.8016697604273646
[Main] Worker finished 21_3_in_3 with score 4.965465729046708
[25_3_in_circle] Success!
[16_4_in_CIRCLE] Starting (50000 attempts)
[15_3_in_circle] Starting (50000 attempts)
[18_3_in_DOMINO] Success!
[Main] Worker finished 25_3_in_circle with score 2.817869376747562
[13_3_in_3] Starting (50000 attempts)
[Main] Worker finished 18_3_in_DOMINO with score 2.17393584382825
[18_3_in_DOMINO] Starting (50000 attempts)
[21_3_in_circle] Starting (50000 attempts)
[30_3_in_circle] Success!
[Main] Worker finished 30_3_in_circle with score 3.1143524387288757
[24_4_in_DOMINO] Starting (50000 attempts)
[28_3_in_circle] Success!
[Main] Worker finished 28_3_in_circle with score 3.0079576870139517
[8_3_in_circle] Starting (50000 attempts)
[20_3_in_DOMINO] Success!
[Main] Worker finished 20_3_in_DOMINO with score 2.498018806303338
[20_3_in_DOMINO] Starting (50000 attempts)
[15_3_in_DOMINO] Success!
[Main] Worker finished 15_3_in_DOMINO with score 1.9844005340580158
[22_3_in_circle] Success!
[31_3_in_circle] Success!
[Main] Worker finished 22_3_in_circle with score 2.6219510215594384
[15_3_in_DOMINO] Starting (50000 attempts)
[Main] Worker finished 31_3_in_circle with score 3.1788261123912034
[29_3_in_circle] Success!
[21_4_in_CIRCLE] Starting (50000 attempts)
[Main] Worker finished 29_3_in_circle with score 3.063458208788125
[19_3_in_DOMINO] Starting (50000 attempts)
[30_4_in_CIRCLE] Starting (50000 attempts)
[11_3_in_circle] Success!
[Main] Worker finished 11_3_in_circle with score 1.4830513649835477
[14_3_in_DOMINO] Starting (50000 attempts)
[18_3_in_circle] Success!
[Main] Worker finished 18_3_in_circle with score 1.8204190752494187
[25_3_in_circle] Starting (50000 attempts)
[23_3_in_circle] Success!
[Main] Worker finished 23_3_in_circle with score 2.6799502145692116
[23_3_in_circle] Starting (50000 attempts)
[19_3_in_3] Success!
[Main] Worker finished 19_3_in_3 with score 4.667223916623468
[19_3_in_3] Starting (50000 attempts)
[10_3_in_circle] Success!
[Main] Worker finished 10_3_in_circle with score 1.4007623159126743
[28_3_in_circle] Starting (50000 attempts)
[17_3_in_3] Success!
[Main] Worker finished 17_3_in_3 with score 4.52607678217151
[20_3_in_circle] Success!
[21_3_in_DOMINO] Success!
[Main] Worker finished 20_3_in_circle with score 1.8958192025625156
[30_3_in_circle] Starting (50000 attempts)
[Main] Worker finished 21_3_in_DOMINO with score 2.5745039265189864
[21_3_in_DOMINO] Starting (50000 attempts)
[12_3_in_circle] Success!
[Main] Worker finished 12_3_in_circle with score 1.5230514075566917[20_3_in_circle] Starting (50000 attempts)

[27_3_in_circle] Success!
[Main] Worker finished 27_3_in_circle with score 2.9425271974846363
[22_3_in_circle] Starting (50000 attempts)
[29_3_in_circle] Starting (50000 attempts)
[31_4_in_CIRCLE] Success!
[Main] Worker finished 31_4_in_CIRCLE with score 3.7364237438117933
[10_3_in_DOMINO] Success!
[Main] Worker finished 10_3_in_DOMINO with score 1.7011773066844613[31_3_in_circle] Starting (50000 attempts)

[11_3_in_circle] Starting (50000 attempts)
[22_4_in_DOMINO] Success!
[Main] Worker finished 22_4_in_DOMINO with score 3.7914164805615247
[11_4_in_DOMINO] Success!
[Main] Worker finished 11_4_in_DOMINO with score 2.931723676723068
[22_4_in_DOMINO] Starting (50000 attempts)
[16_3_in_circle] Success!
[Main] Worker finished 16_3_in_circle with score 1.7029189896133312
[18_3_in_circle] Starting (50000 attempts)
[13_4_in_DOMINO] Success!
[Main] Worker finished 13_4_in_DOMINO with score 3.0104540932523642
[10_3_in_circle] Starting (50000 attempts)
[23_4_in_CIRCLE] Starting (50000 attempts)
[26_3_in_circle] Success!
[Main] Worker finished 26_3_in_circle with score 2.8982795967380435
[25_4_in_CIRCLE] Starting (50000 attempts)
[19_3_in_circle] Success!
[Main] Worker finished 19_3_in_circle with score 1.8582158012495773
[19_3_in_circle] Starting (50000 attempts)
[25_4_in_DOMINO] Success!
[Main] Worker finished 25_4_in_DOMINO with score 4.014200476639972
[11_3_in_3] Success!
[Main] Worker finished 11_3_in_3 with score 3.746847963455798
[12_3_in_circle] Starting (50000 attempts)
[27_3_in_circle] Starting (50000 attempts)
[16_4_in_CIRCLE] Success!
[Main] Worker finished 16_4_in_CIRCLE with score 2.643847752583437
[15_3_in_circle] Success!
[Main] Worker finished 15_3_in_circle with score 1.6549223038095542
[26_4_in_DOMINO] Starting (50000 attempts)
[13_3_in_3] Success!
[Main] Worker finished 13_3_in_3 with score 4.020316954443297
[10_3_in_DOMINO] Starting (50000 attempts)
[21_3_in_circle] Success!
[Main] Worker finished 21_3_in_circle with score 2.5576091054520544
[33_4_in_CIRCLE] Starting (50000 attempts)
[21_3_in_circle] Starting (50000 attempts)
[18_3_in_DOMINO] Success!
[Main] Worker finished 18_3_in_DOMINO with score 2.205379219764513
[11_4_in_DOMINO] Starting (50000 attempts)
[8_3_in_circle] Success!
[Main] Worker finished 8_3_in_circle with score 1.2748051192828511
[13_4_in_DOMINO] Starting (50000 attempts)
[24_4_in_DOMINO] Success!
[Main] Worker finished 24_4_in_DOMINO with score 3.9241229167278884
[20_3_in_DOMINO] Success!
[Main] Worker finished 20_3_in_DOMINO with score 2.42442999977074[26_3_in_circle] Starting (50000 attempts)

[20_3_in_DOMINO] Starting (50000 attempts)
[15_3_in_DOMINO] Success!
[Main] Worker finished 15_3_in_DOMINO with score 1.9837616114524637
[15_3_in_DOMINO] Starting (50000 attempts)
[19_3_in_DOMINO] Success!
[Main] Worker finished 19_3_in_DOMINO with score 2.4901149670854683
[21_4_in_CIRCLE] Success!
[Main] Worker finished 21_4_in_CIRCLE with score 3.1064519114939206
[11_3_in_3] Starting (50000 attempts)
[16_4_in_CIRCLE] Starting (50000 attempts)
[14_3_in_DOMINO] Success!
[Main] Worker finished 14_3_in_DOMINO with score 1.911646754271575
[19_4_in_CIRCLE] Starting (50000 attempts)
[25_3_in_circle] Success!
[Main] Worker finished 25_3_in_circle with score 2.8240758242928625
[25_3_in_circle] Starting (50000 attempts)
[23_3_in_circle] Success!
[Main] Worker finished 23_3_in_circle with score 2.681619298129501
[23_3_in_circle] Starting (50000 attempts)
[30_4_in_CIRCLE] Success!
[Main] Worker finished 30_4_in_CIRCLE with score 3.5236257287305413
[20_4_in_CIRCLE] Starting (50000 attempts)
[28_3_in_circle] Success!
[Main] Worker finished 28_3_in_circle with score 2.9839888303219584
[28_3_in_circle] Starting (50000 attempts)
[19_3_in_3] Success!
[Main] Worker finished 19_3_in_3 with score 4.669097318272951
[19_3_in_3] Starting (50000 attempts)
[30_3_in_circle] Success!
[Main] Worker finished 30_3_in_circle with score 3.0673699043676157
[21_3_in_DOMINO] Success!
[Main] Worker finished 21_3_in_DOMINO with score 2.5601262806201612
[30_3_in_circle] Starting (50000 attempts)
[21_3_in_DOMINO] Starting (50000 attempts)
[22_3_in_circle] Success!
[Main] Worker finished 22_3_in_circle with score 2.6167120982355048
[29_3_in_circle] Success!
[Main] Worker finished 29_3_in_circle with score 3.0637645852466493
[8_3_in_circle] Starting (50000 attempts)
[37_4_in_DOMINO] Starting (50000 attempts)
[20_3_in_circle] Success!
[Main] Worker finished 20_3_in_circle with score 1.8958192025625156
[31_3_in_circle] Success!
[11_3_in_circle] Success!
[Main] Worker finished 11_3_in_circle with score 1.4830513649835477
[34_4_in_CIRCLE] Starting (50000 attempts)
[Main] Worker finished 31_3_in_circle with score 3.1794619729911817
[29_4_in_CIRCLE] Starting (50000 attempts)
[23_4_in_DOMINO] Starting (50000 attempts)
[10_3_in_circle] Success!
[Main] Worker finished 10_3_in_circle with score 1.4007623159126743
[18_4_in_CIRCLE] Starting (50000 attempts)
[18_3_in_circle] Success!
[Main] Worker finished 18_3_in_circle with score 1.8204190752494187
[22_4_in_DOMINO] Success!
[Main] Worker finished 22_4_in_DOMINO with score 3.9641227017335576
[15_3_in_circle] Starting (50000 attempts)
[17_3_in_3] Starting (50000 attempts)
[23_4_in_CIRCLE] Success!
[Main] Worker finished 23_4_in_CIRCLE with score 3.115803431953349
[27_3_in_circle] Success!
[12_3_in_circle] Success!
[Main] Worker finished 12_3_in_circle with score 1.5230514075566917[31_4_in_CIRCLE] Starting (50000 attempts)

[Main] Worker finished 27_3_in_circle with score 2.9425271974846363
[19_3_in_circle] Success!
[27_3_in_circle] Starting (50000 attempts)
[25_4_in_CIRCLE] Success!
[Main] Worker finished 25_4_in_CIRCLE with score 3.2232942054853804
[22_3_in_circle] Starting (50000 attempts)
[Main] Worker finished 19_3_in_circle with score 1.8582158012495773
[29_3_in_circle] Starting (50000 attempts)
[10_3_in_DOMINO] Success!
[Main] Worker finished 10_3_in_DOMINO with score 1.7011773066844613
[41_4_in_DOMINO] Starting (50000 attempts)
[21_3_in_circle] Success!
[Main] Worker finished 21_3_in_circle with score 2.5781530718033316
[11_3_in_circle] Starting (50000 attempts)
[31_3_in_circle] Starting (50000 attempts)
[11_4_in_DOMINO] Success!
[Main] Worker finished 11_4_in_DOMINO with score 2.931723676723068
[10_3_in_circle] Starting (50000 attempts)
[26_4_in_DOMINO] Success!
[Main] Worker finished 26_4_in_DOMINO with score 4.020360663309433
[26_3_in_circle] Success!
[13_4_in_DOMINO] Success!
[Main] Worker finished 13_4_in_DOMINO with score 3.0104540932523642
[18_3_in_circle] Starting (50000 attempts)
[Main] Worker finished 26_3_in_circle with score 2.882382022470379
[26_3_in_circle] Starting (50000 attempts)
[40_4_in_DOMINO] Starting (50000 attempts)
[20_3_in_DOMINO] Success!
[Main] Worker finished 20_3_in_DOMINO with score 2.4067469109391344
[20_3_in_DOMINO] Starting (50000 attempts)
[33_4_in_CIRCLE] Success!
[Main] Worker finished 33_4_in_CIRCLE with score 4.019565593893119
[15_3_in_DOMINO] Success!
[Main] Worker finished 15_3_in_DOMINO with score 1.9832133326420351
[12_3_in_circle] Starting (50000 attempts)
[15_3_in_DOMINO] Starting (50000 attempts)
[11_3_in_3] Success!
[Main] Worker finished 11_3_in_3 with score 3.746847963455798
[16_3_in_circle] Starting (50000 attempts)
[25_3_in_circle] Success!
[Main] Worker finished 25_3_in_circle with score 2.8052168215154145
[16_4_in_CIRCLE] Success!
[23_3_in_circle] Success!
[Main] Worker finished 23_3_in_circle with score 2.703970484986693
[25_3_in_circle] Starting (50000 attempts)
[Main] Worker finished 16_4_in_CIRCLE with score 2.643847752583437
[21_3_in_circle] Starting (50000 attempts)
[10_3_in_DOMINO] Starting (50000 attempts)
[19_4_in_CIRCLE] Success!
[Main] Worker finished 19_4_in_CIRCLE with score 2.8776782496867814
[11_4_in_DOMINO] Starting (50000 attempts)
[28_3_in_circle] Success!
[Main] Worker finished 28_3_in_circle with score 3.004835204405302
[28_3_in_circle] Starting (50000 attempts)
[20_4_in_CIRCLE] Success!
[Main] Worker finished 20_4_in_CIRCLE with score 2.9479967602447665
[30_3_in_circle] Success!
[Main] Worker finished 30_3_in_circle with score 3.104291049599433[13_4_in_DOMINO] Starting (50000 attempts)

[21_3_in_DOMINO] Success!
[Main] Worker finished 21_3_in_DOMINO with score 2.573374850402169
[30_3_in_circle] Starting (50000 attempts)
[19_3_in_3] Success!
[8_3_in_circle] Success!
[Main] Worker finished 19_3_in_3 with score 4.669097318272951
[21_3_in_DOMINO] Starting (50000 attempts)
[Main] Worker finished 8_3_in_circle with score 1.2748051192828511
[19_3_in_3] Starting (50000 attempts)
[11_3_in_3] Starting (50000 attempts)
[23_4_in_DOMINO] Success!
[Main] Worker finished 23_4_in_DOMINO with score 3.8688750047412386
[25_4_in_DOMINO] Starting (50000 attempts)
[18_4_in_CIRCLE] Success!
[Main] Worker finished 18_4_in_CIRCLE with score 2.8016697604273646
[29_4_in_CIRCLE] Success!
[34_4_in_CIRCLE] Success!
[15_3_in_circle] Success!
[37_4_in_DOMINO] Success!
[Main] Worker finished 15_3_in_circle with score 1.6549223038095542
[13_3_in_3] Starting (50000 attempts)
[Main] Worker finished 37_4_in_DOMINO with score 4.929811098009403
[Main] Worker finished 34_4_in_CIRCLE with score 3.8281160934956127
[Main] Worker finished 29_4_in_CIRCLE with score 3.631402274099691
[17_3_in_3] Success!
[24_4_in_DOMINO] Starting (50000 attempts)
[27_3_in_circle] Success!
[22_3_in_circle] Success!
[21_4_in_CIRCLE] Starting (50000 attempts)
[20_3_in_3] Starting (50000 attempts)
[29_3_in_circle] Success!
[Main] Worker finished 29_3_in_circle with score 3.0539757196609427
[21_3_in_3] Starting (50000 attempts)
[Main] Worker finished 17_3_in_3 with score 4.52607678217151
[Main] Worker finished 22_3_in_circle with score 2.62536194505636
[Main] Worker finished 27_3_in_circle with score 2.945471343719646
[29_3_in_circle] Starting (50000 attempts)
[33_4_in_DOMINO] Starting (50000 attempts)
[11_3_in_circle] Success!
[31_3_in_circle] Success!
[26_4_in_CIRCLE] Starting (50000 attempts)
[Main] Worker finished 31_3_in_circle with score 3.1544419316762666
[19_3_in_DOMINO] Starting (50000 attempts)
[Main] Worker finished 11_3_in_circle with score 1.4830513649835477
[31_4_in_CIRCLE] Success!
[31_3_in_circle] Starting (50000 attempts)
[Main] Worker finished 31_4_in_CIRCLE with score 3.7364237438117933
[30_4_in_CIRCLE] Starting (50000 attempts)
[10_3_in_circle] Success!
[Main] Worker finished 10_3_in_circle with score 1.4007623159126743
[14_3_in_DOMINO] Starting (50000 attempts)
[23_4_in_CIRCLE] Starting (50000 attempts)
[26_3_in_circle] Success!
[Main] Worker finished 26_3_in_circle with score 2.8858431302049015
[26_3_in_circle] Starting (50000 attempts)
[41_4_in_DOMINO] Success!
[Main] Worker finished 41_4_in_DOMINO with score 5.0279184253713805
[18_3_in_circle] Success!
[Main] Worker finished 18_3_in_circle with score 1.8204190752494187
[31_3_in_3] Starting (50000 attempts)
[26_3_in_3] Starting (50000 attempts)
[20_3_in_DOMINO] Success!
[Main] Worker finished 20_3_in_DOMINO with score 2.3396794423041998
[12_3_in_circle] Success!
[Main] Worker finished 12_3_in_circle with score 1.5230514075566917
[20_3_in_DOMINO] Starting (50000 attempts)
[25_4_in_CIRCLE] Starting (50000 attempts)
[16_3_in_circle] Success!
[Main] Worker finished 16_3_in_circle with score 1.7029189896133312
[15_3_in_DOMINO] Success!
[25_3_in_circle] Success!
[Main] Worker finished 25_3_in_circle with score 2.816460723817949
[16_4_in_CIRCLE] Starting (50000 attempts)
[Main] Worker finished 15_3_in_DOMINO with score 1.982742108994763
[21_3_in_circle] Success!
[25_3_in_circle] Starting (50000 attempts)
[Main] Worker finished 21_3_in_circle with score 2.5336790309011943
[15_3_in_DOMINO] Starting (50000 attempts)
[10_3_in_DOMINO] Success!
[Main] Worker finished 10_3_in_DOMINO with score 1.7011773066844613
[21_3_in_circle] Starting (50000 attempts)
[11_4_in_DOMINO] Success!
[28_3_in_circle] Success!
[Main] Worker finished 28_3_in_circle with score 3.0030327539478465
[26_4_in_DOMINO] Starting (50000 attempts)
[Main] Worker finished 11_4_in_DOMINO with score 2.848831780259015
[11_4_in_DOMINO] Starting (50000 attempts)
[40_4_in_DOMINO] Success!
[Main] Worker finished 40_4_in_DOMINO with score 4.943502864466721
[34_4_in_DOMINO] Starting (50000 attempts)
[33_4_in_CIRCLE] Starting (50000 attempts)
[13_4_in_DOMINO] Success!
[Main] Worker finished 13_4_in_DOMINO with score 3.0104540932523642
[30_3_in_circle] Success!
[Main] Worker finished 30_3_in_circle with score 3.122349158498006
[19_4_in_CIRCLE] Starting (50000 attempts)
[30_3_in_circle] Starting (50000 attempts)
[21_3_in_DOMINO] Success!
[Main] Worker finished 21_3_in_DOMINO with score 2.5754344770063256
[21_3_in_DOMINO] Starting (50000 attempts)
[11_3_in_3] Success!
[Main] Worker finished 11_3_in_3 with score 3.746847963455798
[20_4_in_CIRCLE] Starting (50000 attempts)
[19_3_in_3] Success!
[Main] Worker finished 19_3_in_3 with score 4.669097318272951
[19_3_in_3] Starting (50000 attempts)
[13_3_in_3] Success!
[Main] Worker finished 13_3_in_3 with score 4.020316954443297
[25_4_in_DOMINO] Success!
[Main] Worker finished 25_4_in_DOMINO with score 4.014200476639972
[42_4_in_DOMINO] Starting (50000 attempts)
[25_4_in_DOMINO] Starting (50000 attempts)
[29_3_in_circle] Success!
[Main] Worker finished 29_3_in_circle with score 3.0692846040320596
[24_4_in_DOMINO] Success!
[Main] Worker finished 24_4_in_DOMINO with score 3.9241229167278884
[10_3_in_DOMINO] Starting (50000 attempts)
[21_3_in_3] Success!
[Main] Worker finished 21_3_in_3 with score 4.965465729046708[37_4_in_DOMINO] Starting (50000 attempts)

[34_4_in_CIRCLE] Starting (50000 attempts)
[21_4_in_CIRCLE] Success!
[Main] Worker finished 21_4_in_CIRCLE with score 3.1064519114939206
[20_3_in_3] Success!
[Main] Worker finished 20_3_in_3 with score 4.912194872736637
[29_4_in_CIRCLE] Starting (50000 attempts)
[23_4_in_DOMINO] Starting (50000 attempts)
[31_3_in_circle] Success!
[Main] Worker finished 31_3_in_circle with score 3.139732967826323
[31_3_in_circle] Starting (50000 attempts)
[19_3_in_DOMINO] Success!
[Main] Worker finished 19_3_in_DOMINO with score 2.4901149670854683
[22_3_in_DOMINO] Starting (50000 attempts)
[14_3_in_DOMINO] Success!
[Main] Worker finished 14_3_in_DOMINO with score 1.911646754271575
[26_3_in_circle] Success!
[26_4_in_CIRCLE] Success!
[33_4_in_DOMINO] Success!
[Main] Worker finished 26_4_in_CIRCLE with score 3.265553306575606
[18_4_in_CIRCLE] Starting (50000 attempts)
[Main] Worker finished 26_3_in_circle with score 2.8953826210193916
[Main] Worker finished 33_4_in_DOMINO with score 4.475096077264324
[17_3_in_3] Starting (50000 attempts)
[31_4_in_CIRCLE] Starting (50000 attempts)
[23_4_in_CIRCLE] Success!
[Main] Worker finished 23_4_in_CIRCLE with score 3.115803431953349
[39_4_in_DOMINO] Starting (50000 attempts)
[13_4_in_DOMINO] Starting (50000 attempts)
[30_4_in_CIRCLE] Success!
[Main] Worker finished 30_4_in_CIRCLE with score 3.5236257287305413
[11_3_in_3] Starting (50000 attempts)
[20_3_in_DOMINO] Success!
[Main] Worker finished 20_3_in_DOMINO with score 2.328728532343517
[26_3_in_3] Success!
[31_3_in_3] Success!
[Main] Worker finished 26_3_in_3 with score 5.719122467319307
[20_3_in_DOMINO] Starting (50000 attempts)
[Main] Worker finished 31_3_in_3 with score 5.921363944330755
[25_3_in_circle] Success!
[31_3_in_3] Starting (50000 attempts)
[Main] Worker finished 25_3_in_circle with score 2.7940178072306385[22_4_in_DOMINO] Starting (50000 attempts)

[21_3_in_circle] Success!
[16_4_in_CIRCLE] Success!
[Main] Worker finished 16_4_in_CIRCLE with score 2.643847752583437
[25_3_in_circle] Starting (50000 attempts)
[Main] Worker finished 21_3_in_circle with score 2.5469856504655866
[15_3_in_DOMINO] Success!
[21_3_in_circle] Starting (50000 attempts)
[25_4_in_CIRCLE] Success!
[Main] Worker finished 25_4_in_CIRCLE with score 3.2232942054853804
[41_4_in_DOMINO] Starting (50000 attempts)
[Main] Worker finished 15_3_in_DOMINO with score 1.9823365796770245
[15_3_in_DOMINO] Starting (50000 attempts)
[11_4_in_DOMINO] Success!
[Main] Worker finished 11_4_in_DOMINO with score 2.9024064399558376
[40_4_in_DOMINO] Starting (50000 attempts)
[11_4_in_DOMINO] Starting (50000 attempts)
[26_4_in_DOMINO] Success!
[Main] Worker finished 26_4_in_DOMINO with score 4.020360663309433
[30_3_in_circle] Success!
[21_3_in_DOMINO] Success!
[Main] Worker finished 21_3_in_DOMINO with score 2.5736322136235312
[13_3_in_3] Starting (50000 attempts)
[Main] Worker finished 30_3_in_circle with score 3.1089512134349593
[21_3_in_DOMINO] Starting (50000 attempts)
[30_3_in_circle] Starting (50000 attempts)
[19_4_in_CIRCLE] Success!
[Main] Worker finished 19_4_in_CIRCLE with score 2.8776782496867814
[16_3_in_DOMINO] Starting (50000 attempts)
[34_4_in_DOMINO] Success!
[Main] Worker finished 34_4_in_DOMINO with score 4.510334332905153
[20_4_in_CIRCLE] Success!
[Main] Worker finished 20_4_in_CIRCLE with score 2.9479967602447665
[24_4_in_DOMINO] Starting (50000 attempts)
[19_3_in_3] Success!
[Main] Worker finished 19_3_in_3 with score 4.669097318272951
[21_4_in_CIRCLE] Starting (50000 attempts)
[33_4_in_CIRCLE] Success!
[Main] Worker finished 33_4_in_CIRCLE with score 4.019565593893119
[20_3_in_3] Starting (50000 attempts)
[21_3_in_3] Starting (50000 attempts)
[10_3_in_DOMINO] Success!
[Main] Worker finished 10_3_in_DOMINO with score 1.7011773066844613
[33_4_in_DOMINO] Starting (50000 attempts)
[25_4_in_DOMINO] Success!
[Main] Worker finished 25_4_in_DOMINO with score 4.014200476639972
[26_4_in_CIRCLE] Starting (50000 attempts)
[31_3_in_circle] Success!
[Main] Worker finished 31_3_in_circle with score 3.16677434906303
[31_3_in_circle] Starting (50000 attempts)
[23_4_in_DOMINO] Success!
[Main] Worker finished 23_4_in_DOMINO with score 3.8688750047412386
[22_3_in_DOMINO] Success!
[42_4_in_DOMINO] Success!
[Main] Worker finished 42_4_in_DOMINO with score 5.029602176115146
[19_3_in_DOMINO] Starting (50000 attempts)
[Main] Worker finished 22_3_in_DOMINO with score 2.5824375133077595
[22_3_in_DOMINO] Starting (50000 attempts)
[30_4_in_CIRCLE] Starting (50000 attempts)
[29_4_in_CIRCLE] Success!
[Main] Worker finished 29_4_in_CIRCLE with score 3.631402274099691
[34_4_in_CIRCLE] Success!
[18_4_in_CIRCLE] Success!
[17_3_in_3] Success!
[Main] Worker finished 18_4_in_CIRCLE with score 2.8016697604273646
[14_3_in_DOMINO] Starting (50000 attempts)
[Main] Worker finished 34_4_in_CIRCLE with score 3.8281160934956127
[Main] Worker finished 17_3_in_3 with score 4.52607678217151
[37_4_in_DOMINO] Success!
[23_4_in_CIRCLE] Starting (50000 attempts)
[13_4_in_DOMINO] Success!
[11_3_in_3] Success!
[26_3_in_3] Starting (50000 attempts)
[Main] Worker finished 11_3_in_3 with score 3.746847963455798
[25_4_in_CIRCLE] Starting (50000 attempts)
[Main] Worker finished 13_4_in_DOMINO with score 3.0104540932523642
[Main] Worker finished 37_4_in_DOMINO with score 5.026422664240083
[10_3_in_DOMINO] Starting (50000 attempts)
[16_4_in_CIRCLE] Starting (50000 attempts)
[31_4_in_CIRCLE] Success!
[Main] Worker finished 31_4_in_CIRCLE with score 3.7364237438117933
[26_4_in_DOMINO] Starting (50000 attempts)
[34_4_in_DOMINO] Starting (50000 attempts)
[39_4_in_DOMINO] Success!
[Main] Worker finished 39_4_in_DOMINO with score 5.089490454177981
[25_3_in_circle] Success!
[Main] Worker finished 25_3_in_circle with score 2.8240758242928625
[33_4_in_CIRCLE] Starting (50000 attempts)
[21_3_in_circle] Success!
[20_3_in_DOMINO] Success!
[Main] Worker finished 21_3_in_circle with score 2.5497890164203203
[19_4_in_CIRCLE] Starting (50000 attempts)
[Main] Worker finished 20_3_in_DOMINO with score 2.320861433481963
[20_3_in_DOMINO] Starting (50000 attempts)
[22_4_in_DOMINO] Success!
[Main] Worker finished 22_4_in_DOMINO with score 3.7914164805615247[21_3_in_circle] Starting (50000 attempts)

[20_4_in_CIRCLE] Starting (50000 attempts)
[15_3_in_DOMINO] Success!
[Main] Worker finished 15_3_in_DOMINO with score 1.981987196856598
[15_3_in_DOMINO] Starting (50000 attempts)
[31_3_in_3] Success!
[Main] Worker finished 31_3_in_3 with score 5.927325264360006
[11_4_in_DOMINO] Success!
[Main] Worker finished 11_4_in_DOMINO with score 2.931723676723068
[31_3_in_3] Starting (50000 attempts)
[42_4_in_DOMINO] Starting (50000 attempts)
[21_3_in_DOMINO] Success!
[Main] Worker finished 21_3_in_DOMINO with score 2.586015964671329
[37_4_in_DOMINO] Starting (50000 attempts)
[13_3_in_3] Success!
[Main] Worker finished 13_3_in_3 with score 4.020316954443297
[30_3_in_circle] Success!
[Main] Worker finished 30_3_in_circle with score 3.1086403183136158
[34_4_in_CIRCLE] Starting (50000 attempts)
[29_4_in_CIRCLE] Starting (50000 attempts)
[16_3_in_DOMINO] Success!
[Main] Worker finished 16_3_in_DOMINO with score 2.116892943954101
[23_4_in_DOMINO] Starting (50000 attempts)
[41_4_in_DOMINO] Success!
[Main] Worker finished 41_4_in_DOMINO with score 5.0279184253713805
[18_4_in_CIRCLE] Starting (50000 attempts)
[40_4_in_DOMINO] Success!
[Main] Worker finished 40_4_in_DOMINO with score 4.943502864466721
[24_4_in_DOMINO] Success!
[Main] Worker finished 24_4_in_DOMINO with score 3.9241229167278884[17_3_in_3] Starting (50000 attempts)

[20_3_in_3] Success!
[Main] Worker finished 20_3_in_3 with score 4.912194872736637
[31_4_in_CIRCLE] Starting (50000 attempts)
[21_4_in_CIRCLE] Success!
[Main] Worker finished 21_4_in_CIRCLE with score 3.1064519114939206
[39_4_in_DOMINO] Starting (50000 attempts)
[13_4_in_DOMINO] Starting (50000 attempts)
[21_3_in_3] Success!
[Main] Worker finished 21_3_in_3 with score 4.965465729046708
[21_3_in_3] Starting (50000 attempts)
[31_3_in_circle] Success!
[Main] Worker finished 31_3_in_circle with score 3.1613951373300844
[31_3_in_circle] Starting (50000 attempts)
[22_3_in_DOMINO] Success!
[Main] Worker finished 22_3_in_DOMINO with score 2.6124074576174157
[22_3_in_DOMINO] Starting (50000 attempts)
[19_3_in_DOMINO] Success!
[Main] Worker finished 19_3_in_DOMINO with score 2.4901149670854683
[26_4_in_CIRCLE] Success!
[Main] Worker finished 26_4_in_CIRCLE with score 3.265553306575606
[11_4_in_DOMINO] Starting (50000 attempts)
[11_3_in_3] Starting (50000 attempts)
[33_4_in_DOMINO] Success!
[Main] Worker finished 33_4_in_DOMINO with score 4.475096077264324
[22_4_in_DOMINO] Starting (50000 attempts)
[14_3_in_DOMINO] Success!
[Main] Worker finished 14_3_in_DOMINO with score 1.911646754271575
[41_4_in_DOMINO] Starting (50000 attempts)
[30_4_in_CIRCLE] Success!
[Main] Worker finished 30_4_in_CIRCLE with score 3.5236257287305413
[10_3_in_DOMINO] Success!
[23_4_in_CIRCLE] Success!
[Main] Worker finished 23_4_in_CIRCLE with score 3.115803431953349
[40_4_in_DOMINO] Starting (50000 attempts)
[Main] Worker finished 10_3_in_DOMINO with score 1.7011773066844613
[32_3_in_3] Starting (50000 attempts)
[38_4_in_DOMINO] Starting (50000 attempts)
[16_4_in_CIRCLE] Success!
[Main] Worker finished 16_4_in_CIRCLE with score 2.643847752583437
[25_4_in_DOMINO] Starting (50000 attempts)
[25_4_in_CIRCLE] Success!
[Main] Worker finished 25_4_in_CIRCLE with score 3.2232942054853804
[26_3_in_3] Success!
[Main] Worker finished 26_3_in_3 with score 5.719122467319307
[13_3_in_3] Starting (50000 attempts)
[16_3_in_DOMINO] Starting (50000 attempts)
[26_4_in_DOMINO] Success!
[Main] Worker finished 26_4_in_DOMINO with score 4.020360663309433
[24_4_in_DOMINO] Starting (50000 attempts)
[21_3_in_circle] Success!
[Main] Worker finished 21_3_in_circle with score 2.5633394526756437
[21_3_in_circle] Starting (50000 attempts)
[19_4_in_CIRCLE] Success!
[Main] Worker finished 19_4_in_CIRCLE with score 2.8776782496867814
[20_3_in_DOMINO] Success!
[15_3_in_DOMINO] Success!
[Main] Worker finished 15_3_in_DOMINO with score 1.9816859007614458
[21_4_in_CIRCLE] Starting (50000 attempts)
[Main] Worker finished 20_3_in_DOMINO with score 2.314866815606775
[20_4_in_CIRCLE] Success!
[20_3_in_DOMINO] Starting (50000 attempts)
[Main] Worker finished 20_4_in_CIRCLE with score 2.9479967602447665
[15_3_in_DOMINO] Starting (50000 attempts)
[34_4_in_DOMINO] Success!
[Main] Worker finished 34_4_in_DOMINO with score 4.510334332905153
[20_3_in_3] Starting (50000 attempts)
[10_3_in_DOMINO] Starting (50000 attempts)
[33_4_in_CIRCLE] Success!
[Main] Worker finished 33_4_in_CIRCLE with score 4.019565593893119
[31_3_in_3] Success!
[Main] Worker finished 31_3_in_3 with score 5.927325264360006
[33_4_in_DOMINO] Starting (50000 attempts)
[31_3_in_3] Starting (50000 attempts)
[29_4_in_CIRCLE] Success!
[Main] Worker finished 29_4_in_CIRCLE with score 3.631402274099691
[26_4_in_CIRCLE] Starting (50000 attempts)
[34_4_in_CIRCLE] Success!
[Main] Worker finished 34_4_in_CIRCLE with score 3.747067648153613
[23_4_in_DOMINO] Success!
[Main] Worker finished 23_4_in_DOMINO with score 3.8688750047412386
[19_3_in_DOMINO] Starting (50000 attempts)
[30_4_in_CIRCLE] Starting (50000 attempts)
[37_4_in_DOMINO] Success!
[Main] Worker finished 37_4_in_DOMINO with score 4.810812353443134
[14_3_in_DOMINO] Starting (50000 attempts)
[42_4_in_DOMINO] Success!
[Main] Worker finished 42_4_in_DOMINO with score 5.029602176115146
[18_4_in_CIRCLE] Success!
[Main] Worker finished 18_4_in_CIRCLE with score 2.8016697604273646
[23_4_in_CIRCLE] Starting (50000 attempts)
[17_3_in_3] Success!
[13_4_in_DOMINO] Success!
[Main] Worker finished 13_4_in_DOMINO with score 3.0104540932523642[26_3_in_3] Starting (50000 attempts)

[Main] Worker finished 17_3_in_3 with score 4.52607678217151
[25_4_in_CIRCLE] Starting (50000 attempts)
[16_4_in_CIRCLE] Starting (50000 attempts)
[31_4_in_CIRCLE] Success!
[Main] Worker finished 31_4_in_CIRCLE with score 3.7364237438117933
[21_3_in_3] Success!
[Main] Worker finished 21_3_in_3 with score 4.965465729046708
[26_4_in_DOMINO] Starting (50000 attempts)
[34_4_in_DOMINO] Starting (50000 attempts)
[39_4_in_DOMINO] Success!
[Main] Worker finished 39_4_in_DOMINO with score 5.042168271527541
[33_4_in_CIRCLE] Starting (50000 attempts)
[31_3_in_circle] Success!
[Main] Worker finished 31_3_in_circle with score 3.1648747594064135
[19_4_in_CIRCLE] Starting (50000 attempts)
[22_3_in_DOMINO] Success!
[Main] Worker finished 22_3_in_DOMINO with score 2.583568644403222
[22_3_in_DOMINO] Starting (50000 attempts)
[11_4_in_DOMINO] Success!
[Main] Worker finished 11_4_in_DOMINO with score 2.874818647722945
[11_3_in_3] Success!
[Main] Worker finished 11_3_in_3 with score 3.746847963455798
[11_4_in_DOMINO] Starting (50000 attempts)
[20_4_in_CIRCLE] Starting (50000 attempts)
[22_4_in_DOMINO] Success!
[Main] Worker finished 22_4_in_DOMINO with score 3.7914164805615247
[22_4_in_DOMINO] Starting (50000 attempts)
[25_4_in_DOMINO] Success!
[Main] Worker finished 25_4_in_DOMINO with score 4.014200476639972
[13_3_in_3] Success!
[Main] Worker finished 13_3_in_3 with score 4.020316954443297
[25_4_in_DOMINO] Starting (50000 attempts)
[41_4_in_DOMINO] Success!
[16_3_in_DOMINO] Success!
[32_3_in_3] Success!
[Main] Worker finished 41_4_in_DOMINO with score 5.0279184253713805[42_4_in_DOMINO] Starting (50000 attempts)

[Main] Worker finished 16_3_in_DOMINO with score 2.005224330196466
[Main] Worker finished 32_3_in_3 with score 5.97459412235061
[21_3_in_circle] Success!
[32_3_in_3] Starting (50000 attempts)
[16_3_in_DOMINO] Starting (50000 attempts)
[24_4_in_DOMINO] Success!
[Main] Worker finished 21_3_in_circle with score 2.459624797495953
[37_4_in_DOMINO] Starting (50000 attempts)
[Main] Worker finished 24_4_in_DOMINO with score 3.9241229167278884
[40_4_in_DOMINO] Success!
[21_3_in_circle] Starting (50000 attempts)
[Main] Worker finished 40_4_in_DOMINO with score 4.943502864466721
[34_4_in_CIRCLE] Starting (50000 attempts)
[38_4_in_DOMINO] Success!
[Main] Worker finished 38_4_in_DOMINO with score 4.867215641034746
[29_4_in_CIRCLE] Starting (50000 attempts)
[21_4_in_CIRCLE] Success!
[Main] Worker finished 21_4_in_CIRCLE with score 3.1064519114939206
[38_4_in_DOMINO] Starting (50000 attempts)
[15_3_in_DOMINO] Success!
[10_3_in_DOMINO] Success!
[Main] Worker finished 15_3_in_DOMINO with score 1.9814258619960288
[23_4_in_DOMINO] Starting (50000 attempts)
[Main] Worker finished 10_3_in_DOMINO with score 1.7011773066844613
[20_3_in_DOMINO] Success!
[15_3_in_DOMINO] Starting (50000 attempts)
[Main] Worker finished 20_3_in_DOMINO with score 2.3465132305432332[17_3_in_DOMINO] Starting (50000 attempts)

[20_3_in_3] Success!
[Main] Worker finished 20_3_in_3 with score 4.912194872736637
[18_4_in_CIRCLE] Starting (50000 attempts)
[17_3_in_3] Starting (50000 attempts)
[14_3_in_DOMINO] Success!
[Main] Worker finished 14_3_in_DOMINO with score 1.911646754271575
[19_3_in_DOMINO] Success!
[Main] Worker finished 19_3_in_DOMINO with score 2.4901149670854683
[31_4_in_CIRCLE] Starting (50000 attempts)
[39_4_in_DOMINO] Starting (50000 attempts)
[33_4_in_DOMINO] Success!
[Main] Worker finished 33_4_in_DOMINO with score 4.475096077264324
[31_3_in_3] Success!
[26_4_in_CIRCLE] Success!
[23_4_in_CIRCLE] Success!
[Main] Worker finished 31_3_in_3 with score 6.04949978512713
[13_4_in_DOMINO] Starting (50000 attempts)
[Main] Worker finished 26_4_in_CIRCLE with score 3.265553306575606
[Main] Worker finished 23_4_in_CIRCLE with score 3.115803431953349
[11_3_in_3] Starting (50000 attempts)
[41_4_in_DOMINO] Starting (50000 attempts)
[30_4_in_CIRCLE] Success!
[16_4_in_CIRCLE] Success!
[Main] Worker finished 30_4_in_CIRCLE with score 3.5236257287305413
[40_4_in_DOMINO] Starting (50000 attempts)
[Main] Worker finished 16_4_in_CIRCLE with score 2.643847752583437
[10_3_in_DOMINO] Starting (50000 attempts)
[26_3_in_3] Success!
[Main] Worker finished 26_3_in_3 with score 5.610481630703065
[13_3_in_3] Starting (50000 attempts)
[25_4_in_CIRCLE] Success!
[Main] Worker finished 25_4_in_CIRCLE with score 3.2232942054853804[26_3_in_3] Starting (50000 attempts)

[44_3_in_3] Starting (50000 attempts)
[26_4_in_DOMINO] Success!
[Main] Worker finished 26_4_in_DOMINO with score 4.020360663309433
[22_3_in_DOMINO] Success!
[Main] Worker finished 22_3_in_DOMINO with score 2.6178995525689905
[24_4_in_DOMINO] Starting (50000 attempts)
[19_4_in_CIRCLE] Success!
[Main] Worker finished 19_4_in_CIRCLE with score 2.8776782496867814
[22_3_in_DOMINO] Starting (50000 attempts)
[21_4_in_CIRCLE] Starting (50000 attempts)
[34_4_in_DOMINO] Success!
[Main] Worker finished 34_4_in_DOMINO with score 4.510334332905153
[33_4_in_CIRCLE] Success!
[Main] Worker finished 33_4_in_CIRCLE with score 4.019565593893119
[20_3_in_3] Starting (50000 attempts)
[11_4_in_DOMINO] Success!
[Main] Worker finished 11_4_in_DOMINO with score 2.874818647722945[21_3_in_3] Starting (50000 attempts)

[33_4_in_DOMINO] Starting (50000 attempts)
[20_4_in_CIRCLE] Success!
[Main] Worker finished 20_4_in_CIRCLE with score 2.9479967602447665
[30_3_in_3] Starting (50000 attempts)
[22_4_in_DOMINO] Success!
[Main] Worker finished 22_4_in_DOMINO with score 3.7914164805615247
[26_4_in_CIRCLE] Starting (50000 attempts)
[25_4_in_DOMINO] Success!
[Main] Worker finished 25_4_in_DOMINO with score 4.014200476639972
[16_3_in_DOMINO] Success!
[Main] Worker finished 16_3_in_DOMINO with score 2.0092432104642475
[19_3_in_DOMINO] Starting (50000 attempts)
[16_3_in_DOMINO] Starting (50000 attempts)
[21_3_in_circle] Success!
[Main] Worker finished 21_3_in_circle with score 2.0340141568817938
[21_3_in_circle] Starting (50000 attempts)
[32_3_in_3] Success!
[Main] Worker finished 32_3_in_3 with score 5.984737071313207
[15_3_in_DOMINO] Success!
[Main] Worker finished 15_3_in_DOMINO with score 1.9812012749739183
[32_3_in_3] Starting (50000 attempts)
[17_3_in_DOMINO] Success!
[23_4_in_DOMINO] Success!
[Main] Worker finished 23_4_in_DOMINO with score 3.8688750047412386
[15_3_in_DOMINO] Starting (50000 attempts)
[Main] Worker finished 17_3_in_DOMINO with score 2.1599791937891735
[42_4_in_DOMINO] Success!
[34_4_in_CIRCLE] Success!
[30_4_in_CIRCLE] Starting (50000 attempts)
[29_4_in_CIRCLE] Success!
[Main] Worker finished 34_4_in_CIRCLE with score 3.789834932560656
[14_3_in_DOMINO] Starting (50000 attempts)
[Main] Worker finished 42_4_in_DOMINO with score 5.029602176115146
[18_4_in_CIRCLE] Success!
[37_4_in_DOMINO] Success!
[17_3_in_3] Success!
[Main] Worker finished 29_4_in_CIRCLE with score 3.631402274099691
[34_4_in_CIRCLE] Starting (50000 attempts)
[11_4_in_DOMINO] Starting (50000 attempts)
[Main] Worker finished 18_4_in_CIRCLE with score 2.8016697604273646
[23_4_in_CIRCLE] Starting (50000 attempts)
[Main] Worker finished 37_4_in_DOMINO with score 4.810812353443134
[Main] Worker finished 17_3_in_3 with score 4.467650196539758
[17_3_in_3] Starting (50000 attempts)
[38_3_in_3] Starting (50000 attempts)
[25_4_in_CIRCLE] Starting (50000 attempts)
[38_4_in_DOMINO] Success!
[Main] Worker finished 38_4_in_DOMINO with score 4.944104947796166
[38_4_in_DOMINO] Starting (50000 attempts)
[13_4_in_DOMINO] Success!
[Main] Worker finished 13_4_in_DOMINO with score 3.0104540932523642
[11_3_in_3] Success!
[Main] Worker finished 11_3_in_3 with score 3.746847963455798[16_4_in_CIRCLE] Starting (50000 attempts)

[10_3_in_DOMINO] Success!
[13_3_in_3] Success!
[Main] Worker finished 13_3_in_3 with score 4.020316954443297[26_4_in_DOMINO] Starting (50000 attempts)

[Main] Worker finished 10_3_in_DOMINO with score 1.7011773066844613
[34_4_in_DOMINO] Starting (50000 attempts)
[33_4_in_CIRCLE] Starting (50000 attempts)
[26_3_in_3] Success!
[Main] Worker finished 26_3_in_3 with score 5.719122467319307
[19_4_in_CIRCLE] Starting (50000 attempts)
[22_3_in_DOMINO] Success!
[Main] Worker finished 22_3_in_DOMINO with score 2.607969916037793
[31_4_in_CIRCLE] Success!
[Main] Worker finished 31_4_in_CIRCLE with score 3.7364237438117933
[20_4_in_CIRCLE] Starting (50000 attempts)
[42_4_in_DOMINO] Starting (50000 attempts)
[40_4_in_DOMINO] Success!
[Main] Worker finished 40_4_in_DOMINO with score 4.943502864466721
[39_4_in_DOMINO] Success!
[41_4_in_DOMINO] Success!
[Main] Worker finished 39_4_in_DOMINO with score 5.042168271527541
[37_4_in_DOMINO] Starting (50000 attempts)
[Main] Worker finished 41_4_in_DOMINO with score 5.0279184253713805
[29_4_in_CIRCLE] Starting (50000 attempts)
[24_4_in_DOMINO] Success!
[Main] Worker finished 24_4_in_DOMINO with score 3.9241229167278884[42_3_in_3] Starting (50000 attempts)

[21_4_in_CIRCLE] Success!
[Main] Worker finished 21_4_in_CIRCLE with score 3.1064519114939206
[23_4_in_DOMINO] Starting (50000 attempts)
[17_3_in_DOMINO] Starting (50000 attempts)
[20_3_in_3] Success!
[Main] Worker finished 20_3_in_3 with score 4.8790981671037965
[20_3_in_3] Starting (50000 attempts)
[21_3_in_3] Success!
[Main] Worker finished 21_3_in_3 with score 4.965465729046708
[10_3_in_DOMINO] Starting (50000 attempts)
[44_3_in_3] Success!
[Main] Worker finished 44_3_in_3 with score 7.015974820954202
[18_4_in_CIRCLE] Starting (50000 attempts)
[30_3_in_3] Success!
[Main] Worker finished 30_3_in_3 with score 5.908287007383343
[33_4_in_DOMINO] Success!
[Main] Worker finished 33_4_in_DOMINO with score 4.475096077264324
[30_3_in_3] Starting (50000 attempts)
[26_4_in_CIRCLE] Success!
[Main] Worker finished 26_4_in_CIRCLE with score 3.265553306575606
[31_4_in_CIRCLE] Starting (50000 attempts)
[13_4_in_DOMINO] Starting (50000 attempts)
[16_3_in_DOMINO] Success!
[Main] Worker finished 16_3_in_DOMINO with score 2.0092432104642475
[16_3_in_DOMINO] Starting (50000 attempts)
[19_3_in_DOMINO] Success!
[Main] Worker finished 19_3_in_DOMINO with score 2.4901149670854683
[39_4_in_DOMINO] Starting (50000 attempts)
[21_3_in_circle] Success!
[Main] Worker finished 21_3_in_circle with score 1.919683215418723
[21_3_in_circle] Starting (50000 attempts)
[15_3_in_DOMINO] Success!
[Main] Worker finished 15_3_in_DOMINO with score 1.981007190737486
[15_3_in_DOMINO] Starting (50000 attempts)
[14_3_in_DOMINO] Success!
[Main] Worker finished 14_3_in_DOMINO with score 1.911646754271575
[11_3_in_3] Starting (50000 attempts)
[11_4_in_DOMINO] Success!
[Main] Worker finished 11_4_in_DOMINO with score 2.848831780259015
[11_4_in_DOMINO] Starting (50000 attempts)
[30_4_in_CIRCLE] Success!
[Main] Worker finished 30_4_in_CIRCLE with score 3.5236257287305413
[22_4_in_DOMINO] Starting (50000 attempts)
[17_3_in_3] Success!
[Main] Worker finished 17_3_in_3 with score 4.494886494098264
[32_3_in_3] Success!
[Main] Worker finished 32_3_in_3 with score 5.984737071313207
[17_3_in_3] Starting (50000 attempts)
[23_4_in_CIRCLE] Success!
[Main] Worker finished 23_4_in_CIRCLE with score 3.115803431953349
[32_3_in_3] Starting (50000 attempts)
[34_4_in_CIRCLE] Success!
[Main] Worker finished 34_4_in_CIRCLE with score 3.69940484501468
[41_4_in_DOMINO] Starting (50000 attempts)
[34_4_in_CIRCLE] Starting (50000 attempts)
[25_4_in_CIRCLE] Success!
[Main] Worker finished 25_4_in_CIRCLE with score 3.2232942054853804
[40_4_in_DOMINO] Starting (50000 attempts)
[16_4_in_CIRCLE] Success!
[Main] Worker finished 16_4_in_CIRCLE with score 2.643847752583437
[25_4_in_DOMINO] Starting (50000 attempts)
[26_4_in_DOMINO] Success!
[Main] Worker finished 26_4_in_DOMINO with score 4.020360663309433
[38_3_in_3] Success!
[Main] Worker finished 38_3_in_3 with score 6.517165702091847
[13_3_in_3] Starting (50000 attempts)
[38_3_in_3] Starting (50000 attempts)
[38_4_in_DOMINO] Success!
[Main] Worker finished 38_4_in_DOMINO with score 4.867215641034746
[19_4_in_CIRCLE] Success!
[Main] Worker finished 19_4_in_CIRCLE with score 2.8776782496867814
[38_4_in_DOMINO] Starting (50000 attempts)
[44_3_in_3] Starting (50000 attempts)
[20_4_in_CIRCLE] Success!
[Main] Worker finished 20_4_in_CIRCLE with score 2.9479967602447665
[34_4_in_DOMINO] Success!
[Main] Worker finished 34_4_in_DOMINO with score 4.510334332905153
[24_4_in_DOMINO] Starting (50000 attempts)
[21_3_in_3] Starting (50000 attempts)
[33_4_in_CIRCLE] Success!
[Main] Worker finished 33_4_in_CIRCLE with score 4.019565593893119
[33_4_in_DOMINO] Starting (50000 attempts)
[17_3_in_DOMINO] Success!
[Main] Worker finished 17_3_in_DOMINO with score 2.1268884916136437
[23_4_in_DOMINO] Success!
[Main] Worker finished 23_4_in_DOMINO with score 3.8688750047412386
[17_3_in_DOMINO] Starting (50000 attempts)
[10_3_in_DOMINO] Success!
[Main] Worker finished 10_3_in_DOMINO with score 1.7011773066844613
[19_3_in_DOMINO] Starting (50000 attempts)
[20_3_in_3] Success!
[29_4_in_CIRCLE] Success!
[42_4_in_DOMINO] Success!
[Main] Worker finished 42_4_in_DOMINO with score 5.029602176115146
[14_3_in_DOMINO] Starting (50000 attempts)
[Main] Worker finished 20_3_in_3 with score 4.907233479221433
[Main] Worker finished 29_4_in_CIRCLE with score 3.631402274099691
[20_3_in_3] Starting (50000 attempts)
[31_3_in_3] Starting (50000 attempts)
[37_4_in_DOMINO] Success!
[Main] Worker finished 37_4_in_DOMINO with score 4.7768631259701175
[45_3_in_3] Starting (50000 attempts)
[37_4_in_DOMINO] Starting (50000 attempts)
[42_3_in_3] Success!
[Main] Worker finished 42_3_in_3 with score 6.944178033476889
[18_4_in_CIRCLE] Success!
[Main] Worker finished 18_4_in_CIRCLE with score 2.8016697604273646
[26_3_in_3] Starting (50000 attempts)
[26_4_in_DOMINO] Starting (50000 attempts)
[13_4_in_DOMINO] Success!
[Main] Worker finished 13_4_in_DOMINO with score 2.987276471408153
[13_4_in_DOMINO] Starting (50000 attempts)
[30_3_in_3] Success!
[Main] Worker finished 30_3_in_3 with score 5.945695637534557
[34_4_in_DOMINO] Starting (50000 attempts)
[31_4_in_CIRCLE] Success!
[Main] Worker finished 31_4_in_CIRCLE with score 3.7364237438117933
[23_4_in_DOMINO] Starting (50000 attempts)
[16_3_in_DOMINO] Success!
[Main] Worker finished 16_3_in_DOMINO with score 2.1054855467062894
[16_3_in_DOMINO] Starting (50000 attempts)
[11_3_in_3] Success!
[Main] Worker finished 11_3_in_3 with score 3.746847963455798
[21_3_in_circle] Success!
[15_3_in_DOMINO] Success!
[Main] Worker finished 21_3_in_circle with score 1.932475012484084
[10_3_in_DOMINO] Starting (50000 attempts)
[11_4_in_DOMINO] Success!
[Main] Worker finished 15_3_in_DOMINO with score 1.9808393805069824
[21_3_in_circle] Starting (50000 attempts)
[Main] Worker finished 11_4_in_DOMINO with score 2.8243294355462205
[15_3_in_DOMINO] Starting (50000 attempts)
[11_4_in_DOMINO] Starting (50000 attempts)
[17_3_in_3] Success!
[Main] Worker finished 17_3_in_3 with score 4.494886494098264
[39_4_in_DOMINO] Success!
[22_4_in_DOMINO] Success!
[Main] Worker finished 39_4_in_DOMINO with score 5.042168271527541
[17_3_in_3] Starting (50000 attempts)
[Main] Worker finished 22_4_in_DOMINO with score 3.7914164805615247
[22_4_in_DOMINO] Starting (50000 attempts)
[42_4_in_DOMINO] Starting (50000 attempts)
[32_3_in_3] Success!
[Main] Worker finished 32_3_in_3 with score 5.984737071313207
[32_3_in_3] Starting (50000 attempts)
[25_4_in_DOMINO] Success!
[Main] Worker finished 25_4_in_DOMINO with score 4.014200476639972
[42_3_in_3] Starting (50000 attempts)
[34_4_in_CIRCLE] Success!
[Main] Worker finished 34_4_in_CIRCLE with score 3.789834932560656
[13_3_in_3] Success!
[Main] Worker finished 13_3_in_3 with score 4.020316954443297
[34_4_in_CIRCLE] Starting (50000 attempts)
[37_3_in_3] Starting (50000 attempts)
[40_4_in_DOMINO] Success!
[Main] Worker finished 40_4_in_DOMINO with score 4.943502864466721
[41_4_in_DOMINO] Success!
[Main] Worker finished 41_4_in_DOMINO with score 5.0279184253713805
[29_3_in_3] Starting (50000 attempts)
[11_3_in_3] Starting (50000 attempts)
[24_4_in_DOMINO] Success!
[Main] Worker finished 24_4_in_DOMINO with score 3.9241229167278884
[21_3_in_3] Success!
[Main] Worker finished 21_3_in_3 with score 4.965465729046708
[21_3_in_DOMINO] Starting (50000 attempts)
[30_3_in_3] Starting (50000 attempts)
[38_3_in_3] Success!
[Main] Worker finished 38_3_in_3 with score 6.774593747324475
[39_4_in_DOMINO] Starting (50000 attempts)
[17_3_in_DOMINO] Success!
[Main] Worker finished 17_3_in_DOMINO with score 2.1565990371879975
[22_3_in_DOMINO] Starting (50000 attempts)
[33_4_in_DOMINO] Success!
[Main] Worker finished 33_4_in_DOMINO with score 4.475096077264324
[38_4_in_DOMINO] Success!
[Main] Worker finished 38_4_in_DOMINO with score 4.867215641034746
[41_3_in_3] Starting (50000 attempts)
[14_3_in_DOMINO] Success!
[19_3_in_DOMINO] Success!
[Main] Worker finished 19_3_in_DOMINO with score 2.4901149670854683
[38_4_in_DOMINO] Starting (50000 attempts)
[Main] Worker finished 14_3_in_DOMINO with score 1.911646754271575
[44_3_in_3] Success!
[25_4_in_DOMINO] Starting (50000 attempts)
[Main] Worker finished 44_3_in_3 with score 7.015974820954202[13_3_in_3] Starting (50000 attempts)

[40_4_in_DOMINO] Starting (50000 attempts)
[20_3_in_3] Success!
[Main] Worker finished 20_3_in_3 with score 4.907233479221433
[20_3_in_3] Starting (50000 attempts)
[13_4_in_DOMINO] Success!
[Main] Worker finished 13_4_in_DOMINO with score 3.0223172208985285
[41_4_in_DOMINO] Starting (50000 attempts)
[31_3_in_3] Success!
[Main] Worker finished 31_3_in_3 with score 6.0044857410723464
[24_4_in_DOMINO] Starting (50000 attempts)
[26_3_in_3] Success!
[Main] Worker finished 26_3_in_3 with score 5.719122467319307
[21_3_in_3] Starting (50000 attempts)
[26_4_in_DOMINO] Success!
[Main] Worker finished 26_4_in_DOMINO with score 4.020360663309433
[38_3_in_3] Starting (50000 attempts)
[37_4_in_DOMINO] Success!
[Main] Worker finished 37_4_in_DOMINO with score 5.015706282268623
[37_4_in_DOMINO] Starting (50000 attempts)
[16_3_in_DOMINO] Success!
[Main] Worker finished 16_3_in_DOMINO with score 2.0092432104642475
[45_3_in_3] Success!
[Main] Worker finished 45_3_in_3 with score 7.010415333922441
[33_4_in_DOMINO] Starting (50000 attempts)
[45_3_in_3] Starting (50000 attempts)
[10_3_in_DOMINO] Success!
[Main] Worker finished 10_3_in_DOMINO with score 1.7011773066844613
[23_4_in_DOMINO] Success!
[Main] Worker finished 23_4_in_DOMINO with score 3.8688750047412386
[19_3_in_DOMINO] Starting (50000 attempts)
[44_3_in_3] Starting (50000 attempts)
[34_4_in_DOMINO] Success!
[Main] Worker finished 34_4_in_DOMINO with score 4.510334332905153
[15_3_in_DOMINO] Success!
[Main] Worker finished 15_3_in_DOMINO with score 1.9806942234761449
[14_3_in_DOMINO] Starting (50000 attempts)
[11_4_in_DOMINO] Success!
[21_3_in_circle] Success!
[Main] Worker finished 11_4_in_DOMINO with score 2.874818647722945
[15_3_in_DOMINO] Starting (50000 attempts)
[Main] Worker finished 21_3_in_circle with score 1.932475012484084
[21_3_in_circle] Starting (50000 attempts)
[31_3_in_3] Starting (50000 attempts)
[17_3_in_3] Success!
[Main] Worker finished 17_3_in_3 with score 4.494886494098264
[17_3_in_3] Starting (50000 attempts)
[22_4_in_DOMINO] Success!
[Main] Worker finished 22_4_in_DOMINO with score 3.7914164805615247
[26_3_in_3] Starting (50000 attempts)
[11_3_in_3] Success!
[Main] Worker finished 11_3_in_3 with score 3.746847963455798
[26_4_in_DOMINO] Starting (50000 attempts)
[42_4_in_DOMINO] Success!
[Main] Worker finished 42_4_in_DOMINO with score 5.029602176115146
[21_3_in_DOMINO] Success!
[Main] Worker finished 21_3_in_DOMINO with score 2.5690036111969987
[17_3_in_DOMINO] Starting (50000 attempts)
[32_3_in_3] Success!
[34_4_in_CIRCLE] Success!
[Main] Worker finished 34_4_in_CIRCLE with score 3.69940484501468[21_3_in_DOMINO] Starting (50000 attempts)

[Main] Worker finished 32_3_in_3 with score 6.06037645787977
[29_3_in_3] Success!
[34_4_in_CIRCLE] Starting (50000 attempts)
[Main] Worker finished 29_3_in_3 with score 5.923622637634554
[10_3_in_DOMINO] Starting (50000 attempts)
[37_3_in_3] Success!
[22_3_in_DOMINO] Success!
[Main] Worker finished 37_3_in_3 with score 6.572252308246883
[34_4_in_DOMINO] Starting (50000 attempts)
[Main] Worker finished 22_3_in_DOMINO with score 2.614236874531333
[23_4_in_DOMINO] Starting (50000 attempts)
[42_3_in_3] Success!
[Main] Worker finished 42_3_in_3 with score 6.944178033476889
[11_4_in_DOMINO] Starting (50000 attempts)
[13_4_in_DOMINO] Starting (50000 attempts)
[30_3_in_3] Success!
[Main] Worker finished 30_3_in_3 with score 5.945695637534557
[22_4_in_DOMINO] Starting (50000 attempts)
[13_3_in_3] Success!
[Main] Worker finished 13_3_in_3 with score 4.020316954443297
[11_3_in_3] Starting (50000 attempts)
[25_4_in_DOMINO] Success!
[Main] Worker finished 25_4_in_DOMINO with score 4.014200476639972
[42_4_in_DOMINO] Starting (50000 attempts)
[39_4_in_DOMINO] Success!
[Main] Worker finished 39_4_in_DOMINO with score 5.042168271527541
[39_4_in_DOMINO] Starting (50000 attempts)
[20_3_in_3] Success!
[Main] Worker finished 20_3_in_3 with score 4.907233479221433
[20_3_in_3] Starting (50000 attempts)
[41_3_in_3] Success!
[Main] Worker finished 41_3_in_3 with score 6.959075514447739
[46_3_in_3] Starting (50000 attempts)
[38_4_in_DOMINO] Success!
[Main] Worker finished 38_4_in_DOMINO with score 5.034186680493225
[29_3_in_3] Starting (50000 attempts)
[24_4_in_DOMINO] Success!
[Main] Worker finished 24_4_in_DOMINO with score 3.9241229167278884
[40_4_in_DOMINO] Success!
[Main] Worker finished 40_4_in_DOMINO with score 4.943502864466721
[37_3_in_3] Starting (50000 attempts)
[21_3_in_3] Success!
[Main] Worker finished 21_3_in_3 with score 4.933484324725886
[22_3_in_DOMINO] Starting (50000 attempts)
[21_3_in_3] Starting (50000 attempts)
[41_4_in_DOMINO] Success!
[Main] Worker finished 41_4_in_DOMINO with score 5.0279184253713805
[42_3_in_3] Starting (50000 attempts)
[19_3_in_DOMINO] Success!
[Main] Worker finished 19_3_in_DOMINO with score 2.4901149670854683
[13_3_in_3] Starting (50000 attempts)
[37_4_in_DOMINO] Success!
[Main] Worker finished 37_4_in_DOMINO with score 4.800923285095721
[14_3_in_DOMINO] Success!
[38_3_in_3] Success!
[Main] Worker finished 14_3_in_DOMINO with score 1.911646754271575
[37_4_in_DOMINO] Starting (50000 attempts)
[Main] Worker finished 38_3_in_3 with score 6.84302398719644
[33_4_in_DOMINO] Success!
[25_4_in_DOMINO] Starting (50000 attempts)
[15_3_in_DOMINO] Success!
[Main] Worker finished 33_4_in_DOMINO with score 4.475096077264324
[30_3_in_3] Starting (50000 attempts)
[Main] Worker finished 15_3_in_DOMINO with score 1.980568613935525
[15_3_in_DOMINO] Starting (50000 attempts)
[21_3_in_circle] Success!
[Main] Worker finished 21_3_in_circle with score 1.932475012484084[41_3_in_3] Starting (50000 attempts)

[21_3_in_circle] Starting (50000 attempts)
[17_3_in_3] Success!
[Main] Worker finished 17_3_in_3 with score 4.527232011905023
[40_4_in_DOMINO] Starting (50000 attempts)
[31_3_in_3] Success!
[Main] Worker finished 31_3_in_3 with score 5.927325264360006
[45_3_in_3] Success!
[44_3_in_3] Success!
[Main] Worker finished 44_3_in_3 with score 7.015974820954202
[24_4_in_DOMINO] Starting (50000 attempts)
[Main] Worker finished 45_3_in_3 with score 7.030922742455542
[45_3_in_3] Starting (50000 attempts)
[41_4_in_DOMINO] Starting (50000 attempts)
[26_3_in_3] Success!
[Main] Worker finished 26_3_in_3 with score 5.719122467319307
[19_3_in_DOMINO] Starting (50000 attempts)
[21_3_in_DOMINO] Success!
[Main] Worker finished 21_3_in_DOMINO with score 2.5782691554546195
[14_3_in_DOMINO] Starting (50000 attempts)
[17_3_in_DOMINO] Success!
[Main] Worker finished 17_3_in_DOMINO with score 2.123921101777757
[17_3_in_DOMINO] Starting (50000 attempts)
[26_4_in_DOMINO] Success!
[Main] Worker finished 26_4_in_DOMINO with score 4.020360663309433
[10_3_in_DOMINO] Success!
[Main] Worker finished 10_3_in_DOMINO with score 1.7011773066844613
[33_4_in_DOMINO] Starting (50000 attempts)
[38_3_in_3] Starting (50000 attempts)
[11_4_in_DOMINO] Success!
[Main] Worker finished 11_4_in_DOMINO with score 2.848831780259015
[13_4_in_DOMINO] Success!
[Main] Worker finished 13_4_in_DOMINO with score 3.0223172208985285
[11_4_in_DOMINO] Starting (50000 attempts)
[23_4_in_DOMINO] Success!
[Main] Worker finished 23_4_in_DOMINO with score 3.8688750047412386
[39_3_in_3] Starting (50000 attempts)
[31_3_in_3] Starting (50000 attempts)
[11_3_in_3] Success!
[Main] Worker finished 11_3_in_3 with score 3.746847963455798
[22_4_in_DOMINO] Success!
[34_4_in_CIRCLE] Success!
[Main] Worker finished 34_4_in_CIRCLE with score 3.789834932560656
[44_3_in_3] Starting (50000 attempts)
[Main] Worker finished 22_4_in_DOMINO with score 3.9641227017335576
[26_3_in_3] Starting (50000 attempts)
[32_3_in_3] Starting (50000 attempts)
[34_4_in_DOMINO] Success!
[Main] Worker finished 34_4_in_DOMINO with score 4.510334332905153
[21_3_in_DOMINO] Starting (50000 attempts)
[20_3_in_3] Success!
[Main] Worker finished 20_3_in_3 with score 4.907233479221433
[38_4_in_DOMINO] Starting (50000 attempts)
[22_3_in_DOMINO] Success!
[Main] Worker finished 22_3_in_DOMINO with score 2.6178995525689905
[26_4_in_DOMINO] Starting (50000 attempts)
[39_4_in_DOMINO] Success!
[Main] Worker finished 39_4_in_DOMINO with score 5.042168271527541
[29_3_in_3] Success!
[Main] Worker finished 29_3_in_3 with score 6.038313795273007[10_3_in_DOMINO] Starting (50000 attempts)

[42_4_in_DOMINO] Success!
[Main] Worker finished 42_4_in_DOMINO with score 5.029602176115146
[16_3_in_DOMINO] Starting (50000 attempts)
[13_4_in_DOMINO] Starting (50000 attempts)
[21_3_in_3] Success!
[Main] Worker finished 21_3_in_3 with score 4.965254628867786
[21_3_in_3] Starting (50000 attempts)
[46_3_in_3] Success!
[Main] Worker finished 46_3_in_3 with score 7.409842021561194
[37_3_in_3] Success!
[13_3_in_3] Success!
[Main] Worker finished 13_3_in_3 with score 4.020316954443297[46_3_in_3] Starting (50000 attempts)

[Main] Worker finished 37_3_in_3 with score 6.805899464980523
[23_4_in_DOMINO] Starting (50000 attempts)
[11_3_in_3] Starting (50000 attempts)
[15_3_in_DOMINO] Success!
[Main] Worker finished 15_3_in_DOMINO with score 1.980459883945697
[15_3_in_DOMINO] Starting (50000 attempts)
[25_4_in_DOMINO] Success!
[Main] Worker finished 25_4_in_DOMINO with score 4.04727924129811
[34_4_in_DOMINO] Starting (50000 attempts)
[42_3_in_3] Success!
[Main] Worker finished 42_3_in_3 with score 6.904049767755655
[30_3_in_3] Success!
[21_3_in_circle] Success!
[37_4_in_DOMINO] Success!
[Main] Worker finished 30_3_in_3 with score 5.90714348330776[42_3_in_3] Starting (50000 attempts)

[Main] Worker finished 21_3_in_circle with score 1.932475012484084
[Main] Worker finished 37_4_in_DOMINO with score 4.767200724965682
[30_3_in_3] Starting (50000 attempts)
[37_4_in_DOMINO] Starting (50000 attempts)
[42_4_in_DOMINO] Starting (50000 attempts)
[24_4_in_DOMINO] Success!
[Main] Worker finished 24_4_in_DOMINO with score 3.9241229167278884
[29_3_in_3] Starting (50000 attempts)
[19_3_in_DOMINO] Success!
[Main] Worker finished 19_3_in_DOMINO with score 2.4901149670854683
[41_3_in_3] Success!
[Main] Worker finished 41_3_in_3 with score 7.012305785085151[39_4_in_DOMINO] Starting (50000 attempts)

[22_4_in_DOMINO] Starting (50000 attempts)
[14_3_in_DOMINO] Success!
[Main] Worker finished 14_3_in_DOMINO with score 1.911646754271575
[40_4_in_DOMINO] Success!
[Main] Worker finished 40_4_in_DOMINO with score 4.943502864466721
[37_3_in_3] Starting (50000 attempts)
[13_3_in_3] Starting (50000 attempts)
[17_3_in_DOMINO] Success!
[Main] Worker finished 17_3_in_DOMINO with score 2.1214706625569297
[17_3_in_DOMINO] Starting (50000 attempts)
[41_4_in_DOMINO] Success!
[Main] Worker finished 41_4_in_DOMINO with score 5.0279184253713805
[11_4_in_DOMINO] Success!
[Main] Worker finished 11_4_in_DOMINO with score 2.931723676723068
[25_4_in_DOMINO] Starting (50000 attempts)
[22_3_in_DOMINO] Starting (50000 attempts)
[45_3_in_3] Success!
[Main] Worker finished 45_3_in_3 with score 7.360936100618563
[20_3_in_3] Starting (50000 attempts)
[21_3_in_DOMINO] Success!
[Main] Worker finished 21_3_in_DOMINO with score 2.5666924325724576
[33_4_in_DOMINO] Success!
[Main] Worker finished 33_4_in_DOMINO with score 4.475096077264324
[21_3_in_DOMINO] Starting (50000 attempts)
[31_3_in_3] Success!
[Main] Worker finished 31_3_in_3 with score 5.927325264360006
[24_4_in_DOMINO] Starting (50000 attempts)
[38_3_in_3] Success!
[39_3_in_3] Success!
[Main] Worker finished 39_3_in_3 with score 6.940912390839882
[19_3_in_DOMINO] Starting (50000 attempts)
[Main] Worker finished 38_3_in_3 with score 6.84302398719644
[14_3_in_DOMINO] Starting (50000 attempts)
[41_3_in_3] Starting (50000 attempts)
[26_3_in_3] Success!
[Main] Worker finished 26_3_in_3 with score 5.564107975010114
[44_3_in_3] Success!
[Main] Worker finished 44_3_in_3 with score 7.015974820954202
[26_3_in_3] Starting (50000 attempts)
[40_4_in_DOMINO] Starting (50000 attempts)
[10_3_in_DOMINO] Success!
[Main] Worker finished 10_3_in_DOMINO with score 1.7011773066844613
[41_4_in_DOMINO] Starting (50000 attempts)
[16_3_in_DOMINO] Success!
[Main] Worker finished 16_3_in_DOMINO with score 2.0092432104642475
[13_4_in_DOMINO] Success!
[32_3_in_3] Success!
[Main] Worker finished 32_3_in_3 with score 6.020497735748146[11_4_in_DOMINO] Starting (50000 attempts)

[Main] Worker finished 13_4_in_DOMINO with score 3.0223172208985285
[26_4_in_DOMINO] Success!
[45_3_in_3] Starting (50000 attempts)
[21_3_in_3] Success!
[Main] Worker finished 21_3_in_3 with score 4.9332796669493
[20_3_in_DOMINO] Starting (50000 attempts)
[Main] Worker finished 26_4_in_DOMINO with score 4.020360663309433
[38_4_in_DOMINO] Success!
[21_3_in_3] Starting (50000 attempts)
[11_3_in_3] Success!
[Main] Worker finished 11_3_in_3 with score 3.746847963455798[33_4_in_DOMINO] Starting (50000 attempts)

[Main] Worker finished 38_4_in_DOMINO with score 5.034186680493225
[31_3_in_3] Starting (50000 attempts)
[23_4_in_DOMINO] Success!
[Main] Worker finished 23_4_in_DOMINO with score 3.8688750047412386
[38_3_in_3] Starting (50000 attempts)
[15_3_in_DOMINO] Success!
[Main] Worker finished 15_3_in_DOMINO with score 1.9803657386259614
[39_3_in_3] Starting (50000 attempts)
[15_3_in_DOMINO] Starting (50000 attempts)
[34_4_in_DOMINO] Success!
[Main] Worker finished 34_4_in_DOMINO with score 4.510334332905153
[30_3_in_3] Success!
[46_3_in_3] Success!
[Main] Worker finished 30_3_in_3 with score 5.944606738450671
[10_3_in_DOMINO] Starting (50000 attempts)
[Main] Worker finished 46_3_in_3 with score 7.1121657759317465
[46_3_in_3] Starting (50000 attempts)
[29_3_in_3] Success!
[37_4_in_DOMINO] Success!
[Main] Worker finished 37_4_in_DOMINO with score 4.955505153601827
[44_3_in_3] Starting (50000 attempts)
[Main] Worker finished 29_3_in_3 with score 5.923622637634554
[13_4_in_DOMINO] Starting (50000 attempts)
[42_3_in_3] Success!
[22_4_in_DOMINO] Success!
[Main] Worker finished 42_3_in_3 with score 6.871016169193654
[32_3_in_3] Starting (50000 attempts)
[Main] Worker finished 22_4_in_DOMINO with score 3.7914164805615247
[42_3_in_3] Starting (50000 attempts)
[13_3_in_3] Success!
[Main] Worker finished 13_3_in_3 with score 4.020316954443297[26_4_in_DOMINO] Starting (50000 attempts)

[11_3_in_3] Starting (50000 attempts)
[42_4_in_DOMINO] Success!
[Main] Worker finished 42_4_in_DOMINO with score 5.029602176115146
[23_4_in_DOMINO] Starting (50000 attempts)
[17_3_in_DOMINO] Success!
[Main] Worker finished 17_3_in_DOMINO with score 2.11942888816517
[22_3_in_DOMINO] Success!
[Main] Worker finished 22_3_in_DOMINO with score 2.621043074946997
[17_3_in_DOMINO] Starting (50000 attempts)
[34_4_in_DOMINO] Starting (50000 attempts)
[39_4_in_DOMINO] Success!
[Main] Worker finished 39_4_in_DOMINO with score 4.95827511687329
[25_4_in_DOMINO] Success!
[Main] Worker finished 25_4_in_DOMINO with score 3.9549382776918347[39_4_in_DOMINO] Starting (50000 attempts)

[37_3_in_3] Success!
[Main] Worker finished 37_3_in_3 with score 6.805899464980523
[25_4_in_DOMINO] Starting (50000 attempts)
[20_3_in_3] Success!
[Main] Worker finished 20_3_in_3 with score 4.907233479221433
[38_4_in_DOMINO] Starting (50000 attempts)
[29_3_in_3] Starting (50000 attempts)
[21_3_in_DOMINO] Success!
[Main] Worker finished 21_3_in_DOMINO with score 2.5764649083920936
[21_3_in_DOMINO] Starting (50000 attempts)
[24_4_in_DOMINO] Success!
[Main] Worker finished 24_4_in_DOMINO with score 3.9241229167278884
[14_3_in_DOMINO] Success!
[Main] Worker finished 14_3_in_DOMINO with score 1.911646754271575
[22_4_in_DOMINO] Starting (50000 attempts)
[19_3_in_DOMINO] Success!
[Main] Worker finished 19_3_in_DOMINO with score 2.4901149670854683
[13_3_in_3] Starting (50000 attempts)
[42_4_in_DOMINO] Starting (50000 attempts)
[26_3_in_3] Success!
[Main] Worker finished 26_3_in_3 with score 5.719122467319307
[16_3_in_DOMINO] Starting (50000 attempts)
[11_4_in_DOMINO] Success!
[Main] Worker finished 11_4_in_DOMINO with score 2.8012059274101717
[11_4_in_DOMINO] Starting (50000 attempts)
[41_3_in_3] Success!
[Main] Worker finished 41_3_in_3 with score 7.012305785085151
[30_3_in_3] Starting (50000 attempts)
[20_3_in_DOMINO] Success!
[Main] Worker finished 20_3_in_DOMINO with score 2.3465132305432332
[40_4_in_DOMINO] Success!
[Main] Worker finished 40_4_in_DOMINO with score 4.943502864466721
[37_4_in_DOMINO] Starting (50000 attempts)
[21_3_in_3] Success!
[41_4_in_DOMINO] Success!
[Main] Worker finished 41_4_in_DOMINO with score 5.0279184253713805
[37_3_in_3] Starting (50000 attempts)
[Main] Worker finished 21_3_in_3 with score 4.965060044085815
[21_3_in_3] Starting (50000 attempts)
[22_3_in_DOMINO] Starting (50000 attempts)
[31_3_in_3] Success!
[Main] Worker finished 31_3_in_3 with score 6.0044857410723464
[31_3_in_3] Starting (50000 attempts)
[15_3_in_DOMINO] Success!
[Main] Worker finished 15_3_in_DOMINO with score 1.9802842017554125
[15_3_in_DOMINO] Starting (50000 attempts)
[33_4_in_DOMINO] Success!
[Main] Worker finished 33_4_in_DOMINO with score 4.475096077264324
[24_4_in_DOMINO] Starting (50000 attempts)
[45_3_in_3] Success!
[Main] Worker finished 45_3_in_3 with score 7.030922742455542
[45_3_in_3] Starting (50000 attempts)
[10_3_in_DOMINO] Success!
[Main] Worker finished 10_3_in_DOMINO with score 1.7011773066844613
[19_3_in_DOMINO] Starting (50000 attempts)
[38_3_in_3] Success!
[Main] Worker finished 38_3_in_3 with score 6.84302398719644
[39_3_in_3] Success!
[Main] Worker finished 39_3_in_3 with score 6.809573200582781
[14_3_in_DOMINO] Starting (50000 attempts)
[26_3_in_3] Starting (50000 attempts)
[13_4_in_DOMINO] Success!
[Main] Worker finished 13_4_in_DOMINO with score 2.9979201021365647
[40_4_in_DOMINO] Starting (50000 attempts)
[11_3_in_3] Success!
[Main] Worker finished 11_3_in_3 with score 3.746847963455798
[41_4_in_DOMINO] Starting (50000 attempts)
[23_4_in_DOMINO] Success!
[Main] Worker finished 23_4_in_DOMINO with score 3.8688750047412386
[41_3_in_3] Starting (50000 attempts)
[26_4_in_DOMINO] Success!
[Main] Worker finished 26_4_in_DOMINO with score 4.020360663309433
[17_3_in_DOMINO] Success!
[32_3_in_3] Success!
[Main] Worker finished 17_3_in_DOMINO with score 2.117715721192686
[20_3_in_3] Starting (50000 attempts)
[Main] Worker finished 32_3_in_3 with score 5.984737071313207
[17_3_in_DOMINO] Starting (50000 attempts)
[33_4_in_DOMINO] Starting (50000 attempts)
[46_3_in_3] Success!
[Main] Worker finished 46_3_in_3 with score 7.467774064728334
[42_3_in_3] Success!
[44_3_in_3] Success!
[21_3_in_DOMINO] Success!
[Main] Worker finished 42_3_in_3 with score 7.0779489011835555
[20_3_in_DOMINO] Starting (50000 attempts)
[Main] Worker finished 21_3_in_DOMINO with score 2.5641268948435303
[Main] Worker finished 44_3_in_3 with score 7.015974820954202
[21_3_in_DOMINO] Starting (50000 attempts)
[25_4_in_DOMINO] Success!
[10_3_in_DOMINO] Starting (50000 attempts)
[Main] Worker finished 25_4_in_DOMINO with score 4.00437912608468
[38_3_in_3] Starting (50000 attempts)
[29_3_in_3] Success!
[34_4_in_DOMINO] Success!
[Main] Worker finished 34_4_in_DOMINO with score 4.510334332905153
[25_4_in_DOMINO] Starting (50000 attempts)
[Main] Worker finished 29_3_in_3 with score 5.977930657320277
[23_4_in_DOMINO] Starting (50000 attempts)
[38_4_in_DOMINO] Success!
[Main] Worker finished 38_4_in_DOMINO with score 4.867215641034746
[39_3_in_3] Starting (50000 attempts)
[39_4_in_DOMINO] Success!
[Main] Worker finished 39_4_in_DOMINO with score 5.042168271527541
[26_4_in_DOMINO] Starting (50000 attempts)
[13_3_in_3] Success!
[Main] Worker finished 13_3_in_3 with score 4.020316954443297
[13_4_in_DOMINO] Starting (50000 attempts)
[11_3_in_3] Starting (50000 attempts)
[22_4_in_DOMINO] Success!
[Main] Worker finished 22_4_in_DOMINO with score 3.7914164805615247
[32_3_in_3] Starting (50000 attempts)
[16_3_in_DOMINO] Success!
[Main] Worker finished 16_3_in_DOMINO with score 2.1054855467062894
[11_4_in_DOMINO] Success!
[Main] Worker finished 11_4_in_DOMINO with score 2.931723676723068
[42_3_in_3] Starting (50000 attempts)
[46_3_in_3] Starting (50000 attempts)
[42_4_in_DOMINO] Success!
[Main] Worker finished 42_4_in_DOMINO with score 5.029602176115146
[44_3_in_3] Starting (50000 attempts)
[22_3_in_DOMINO] Success!
[Main] Worker finished 22_3_in_DOMINO with score 2.6255028609113724
[50_3_in_3] Starting (50000 attempts)
[30_3_in_3] Success!
[Main] Worker finished 30_3_in_3 with score 5.944606738450671
[30_3_in_3] Starting (50000 attempts)
[21_3_in_3] Success!
[Main] Worker finished 21_3_in_3 with score 4.965060044085815
[34_4_in_DOMINO] Starting (50000 attempts)
[15_3_in_DOMINO] Success!
[Main] Worker finished 15_3_in_DOMINO with score 1.9802135698611723
[15_3_in_DOMINO] Starting (50000 attempts)
[37_3_in_3] Success!
[Main] Worker finished 37_3_in_3 with score 6.450588289129487
[37_3_in_3] Starting (50000 attempts)
[24_4_in_DOMINO] Success!
[Main] Worker finished 24_4_in_DOMINO with score 3.9241229167278884
[37_4_in_DOMINO] Success!
[Main] Worker finished 37_4_in_DOMINO with score 5.0055607612139665
[29_3_in_3] Starting (50000 attempts)
[37_4_in_DOMINO] Starting (50000 attempts)
[31_3_in_3] Success!
[Main] Worker finished 31_3_in_3 with score 6.099537022430237
[39_4_in_DOMINO] Starting (50000 attempts)
[19_3_in_DOMINO] Success!
[Main] Worker finished 19_3_in_DOMINO with score 2.4901149670854683
[14_3_in_DOMINO] Success!
[Main] Worker finished 14_3_in_DOMINO with score 1.911646754271575
[22_4_in_DOMINO] Starting (50000 attempts)
[42_4_in_DOMINO] Starting (50000 attempts)
[26_3_in_3] Success!
[Main] Worker finished 26_3_in_3 with score 5.661931242646113
[26_3_in_3] Starting (50000 attempts)
[45_3_in_3] Success!
[Main] Worker finished 45_3_in_3 with score 7.030922742455542
[17_3_in_DOMINO] Success!
[20_3_in_3] Success!
[Main] Worker finished 17_3_in_DOMINO with score 2.116270301921705
[38_4_in_DOMINO] Starting (50000 attempts)
[Main] Worker finished 20_3_in_3 with score 4.874268976650741
[20_3_in_3] Starting (50000 attempts)
[21_3_in_DOMINO] Success!
[Main] Worker finished 21_3_in_DOMINO with score 2.586791924647552
[17_3_in_DOMINO] Starting (50000 attempts)
[13_3_in_3] Starting (50000 attempts)
[40_4_in_DOMINO] Success!
[Main] Worker finished 40_4_in_DOMINO with score 4.943502864466721
[10_3_in_DOMINO] Success!
[20_3_in_DOMINO] Success!
[Main] Worker finished 20_3_in_DOMINO with score 2.310142639898692
[16_3_in_DOMINO] Starting (50000 attempts)
[Main] Worker finished 10_3_in_DOMINO with score 1.7011773066844613
[20_3_in_DOMINO] Starting (50000 attempts)
[41_4_in_DOMINO] Success!
[Main] Worker finished 41_4_in_DOMINO with score 5.0279184253713805
[24_4_in_DOMINO] Starting (50000 attempts)
[19_3_in_DOMINO] Starting (50000 attempts)
[33_4_in_DOMINO] Success!
[Main] Worker finished 33_4_in_DOMINO with score 4.475096077264324
[25_4_in_DOMINO] Success!
[Main] Worker finished 25_4_in_DOMINO with score 3.973861928861215
[14_3_in_DOMINO] Starting (50000 attempts)
[25_4_in_DOMINO] Starting (50000 attempts)
[13_4_in_DOMINO] Success!
[Main] Worker finished 13_4_in_DOMINO with score 3.0223172208985285
[11_3_in_3] Success!
[41_3_in_3] Success!
[Main] Worker finished 41_3_in_3 with score 7.012305785085151
[31_3_in_3] Starting (50000 attempts)
[Main] Worker finished 11_3_in_3 with score 3.746847963455798
[23_4_in_DOMINO] Success!
[45_3_in_3] Starting (50000 attempts)
[Main] Worker finished 23_4_in_DOMINO with score 3.8688750047412386
[22_3_in_DOMINO] Starting (50000 attempts)
[26_4_in_DOMINO] Success!
[Main] Worker finished 26_4_in_DOMINO with score 4.020360663309433[11_4_in_DOMINO] Starting (50000 attempts)

[40_4_in_DOMINO] Starting (50000 attempts)
[38_3_in_3] Success!
[Main] Worker finished 38_3_in_3 with score 6.84302398719644
[18_3_in_DOMINO] Starting (50000 attempts)
[32_3_in_3] Success!
[Main] Worker finished 32_3_in_3 with score 5.984737071313207
[10_3_in_DOMINO] Starting (50000 attempts)
[39_3_in_3] Success!
[Main] Worker finished 39_3_in_3 with score 6.809573200582781
[42_3_in_3] Success!
[46_3_in_3] Success!
[Main] Worker finished 46_3_in_3 with score 7.467774064728334
[41_4_in_DOMINO] Starting (50000 attempts)
[Main] Worker finished 42_3_in_3 with score 7.0202148158818884
[33_4_in_DOMINO] Starting (50000 attempts)
[21_3_in_3] Starting (50000 attempts)
[15_3_in_DOMINO] Success!
[Main] Worker finished 15_3_in_DOMINO with score 1.980152373334403
[15_3_in_DOMINO] Starting (50000 attempts)
[44_3_in_3] Success!
[Main] Worker finished 44_3_in_3 with score 7.015974820954202
[30_3_in_3] Success!
[Main] Worker finished 30_3_in_3 with score 5.870922579805827
[41_3_in_3] Starting (50000 attempts)
[34_4_in_DOMINO] Success!
[Main] Worker finished 34_4_in_DOMINO with score 4.510334332905153
[30_3_in_3] Starting (50000 attempts)
[23_4_in_DOMINO] Starting (50000 attempts)
[50_3_in_3] Success!
[Main] Worker finished 50_3_in_3 with score 7.729663867521279
[26_4_in_DOMINO] Starting (50000 attempts)
[29_3_in_3] Success!
[Main] Worker finished 29_3_in_3 with score 6.038313795273007
[38_3_in_3] Starting (50000 attempts)
[22_4_in_DOMINO] Success!
[Main] Worker finished 22_4_in_DOMINO with score 3.8212838145946755
[13_4_in_DOMINO] Starting (50000 attempts)
[37_3_in_3] Success!
[Main] Worker finished 37_3_in_3 with score 6.773117703585962
[37_4_in_DOMINO] Success!
[Main] Worker finished 37_4_in_DOMINO with score 5.0055607612139665[39_3_in_3] Starting (50000 attempts)

[11_3_in_3] Starting (50000 attempts)
[39_4_in_DOMINO] Success!
[Main] Worker finished 39_4_in_DOMINO with score 4.8866188255227225
[42_4_in_DOMINO] Success!
[Main] Worker finished 42_4_in_DOMINO with score 5.029602176115146
[39_4_in_DOMINO] Starting (50000 attempts)
[42_3_in_3] Starting (50000 attempts)
[26_3_in_3] Success!
[Main] Worker finished 26_3_in_3 with score 5.719122467319307
[44_3_in_3] Starting (50000 attempts)
[17_3_in_DOMINO] Success!
[Main] Worker finished 17_3_in_DOMINO with score 2.115045337206107
[13_3_in_3] Success!
[Main] Worker finished 13_3_in_3 with score 4.020316954443297[17_3_in_DOMINO] Starting (50000 attempts)

[20_3_in_3] Success!
[Main] Worker finished 20_3_in_3 with score 4.869760005254777[34_4_in_DOMINO] Starting (50000 attempts)

[16_3_in_DOMINO] Success!
[Main] Worker finished 16_3_in_DOMINO with score 2.0844306912392265
[20_3_in_3] Starting (50000 attempts)
[16_3_in_DOMINO] Starting (50000 attempts)
[20_3_in_DOMINO] Success!
[Main] Worker finished 20_3_in_DOMINO with score 2.3421438299204427
[29_3_in_3] Starting (50000 attempts)
[19_3_in_DOMINO] Success!
[Main] Worker finished 19_3_in_DOMINO with score 2.4901149670854683
[37_3_in_3] Starting (50000 attempts)
[14_3_in_DOMINO] Success!
[Main] Worker finished 14_3_in_DOMINO with score 1.911646754271575
[24_4_in_DOMINO] Success!
[Main] Worker finished 24_4_in_DOMINO with score 3.9241229167278884
[22_4_in_DOMINO] Starting (50000 attempts)
[32_3_in_3] Starting (50000 attempts)
[22_3_in_DOMINO] Success!
[Main] Worker finished 22_3_in_DOMINO with score 2.6147598003438044
[42_4_in_DOMINO] Starting (50000 attempts)
[38_4_in_DOMINO] Success!
[Main] Worker finished 38_4_in_DOMINO with score 4.867215641034746
[25_4_in_DOMINO] Success!
[Main] Worker finished 25_4_in_DOMINO with score 4.00437912608468[46_3_in_3] Starting (50000 attempts)

[25_4_in_DOMINO] Starting (50000 attempts)
[11_4_in_DOMINO] Success!
[Main] Worker finished 11_4_in_DOMINO with score 2.848831780259015
[13_3_in_3] Starting (50000 attempts)
[31_3_in_3] Success!
[Main] Worker finished 31_3_in_3 with score 6.099537022430237
[26_3_in_3] Starting (50000 attempts)
[10_3_in_DOMINO] Success!
[Main] Worker finished 10_3_in_DOMINO with score 1.7011773066844613
[43_3_in_3] Starting (50000 attempts)
[18_3_in_DOMINO] Success!
[Main] Worker finished 18_3_in_DOMINO with score 2.205379219764513
[37_4_in_DOMINO] Starting (50000 attempts)
[40_4_in_DOMINO] Success!
[Main] Worker finished 40_4_in_DOMINO with score 4.943502864466721
[19_3_in_DOMINO] Starting (50000 attempts)
[45_3_in_3] Success!
[Main] Worker finished 45_3_in_3 with score 7.030922742455542
[14_3_in_DOMINO] Starting (50000 attempts)
[21_3_in_3] Success!
[Main] Worker finished 21_3_in_3 with score 4.965060044085815
[21_3_in_3] Starting (50000 attempts)
[15_3_in_DOMINO] Success!
[Main] Worker finished 15_3_in_DOMINO with score 1.9800993433975598
[15_3_in_DOMINO] Starting (50000 attempts)
[33_4_in_DOMINO] Success!
[Main] Worker finished 33_4_in_DOMINO with score 4.475096077264324
[38_4_in_DOMINO] Starting (50000 attempts)
[41_4_in_DOMINO] Success!
[Main] Worker finished 41_4_in_DOMINO with score 4.993029491890905
[41_4_in_DOMINO] Starting (50000 attempts)
[23_4_in_DOMINO] Success!
[Main] Worker finished 23_4_in_DOMINO with score 3.8688750047412386
[24_4_in_DOMINO] Starting (50000 attempts)
[13_4_in_DOMINO] Success!
[Main] Worker finished 13_4_in_DOMINO with score 3.0223172208985285
[30_3_in_3] Success!
[Main] Worker finished 30_3_in_3 with score 5.996957272103385
[31_3_in_3] Starting (50000 attempts)
[10_3_in_DOMINO] Starting (50000 attempts)
[26_4_in_DOMINO] Success!
[Main] Worker finished 26_4_in_DOMINO with score 4.020360663309433
[50_3_in_3] Starting (50000 attempts)
[11_3_in_3] Success!
[Main] Worker finished 11_3_in_3 with score 3.746847963455798
[41_3_in_3] Success!
[Main] Worker finished 41_3_in_3 with score 6.959075514447739[40_4_in_DOMINO] Starting (50000 attempts)

[45_3_in_3] Starting (50000 attempts)
[38_3_in_3] Success!
[Main] Worker finished 38_3_in_3 with score 6.84302398719644
[22_3_in_DOMINO] Starting (50000 attempts)
[17_3_in_DOMINO] Success!
[Main] Worker finished 17_3_in_DOMINO with score 2.1454772115767358
[39_3_in_3] Success!
[Main] Worker finished 39_3_in_3 with score 6.940912390839882[11_4_in_DOMINO] Starting (50000 attempts)

[33_4_in_DOMINO] Starting (50000 attempts)
[16_3_in_DOMINO] Success!
[Main] Worker finished 16_3_in_DOMINO with score 2.0092432104642475
[20_3_in_3] Success!
[Main] Worker finished 20_3_in_3 with score 4.865553552550122
[18_3_in_DOMINO] Starting (50000 attempts)
[20_3_in_3] Starting (50000 attempts)
[39_4_in_DOMINO] Success!
[Main] Worker finished 39_4_in_DOMINO with score 4.877667952465768
[39_4_in_DOMINO] Starting (50000 attempts)
[42_3_in_3] Success!
[Main] Worker finished 42_3_in_3 with score 7.0202148158818884
[29_3_in_3] Success!
[Main] Worker finished 29_3_in_3 with score 5.977930657320277
[23_4_in_DOMINO] Starting (50000 attempts)
[29_3_in_3] Starting (50000 attempts)
[34_4_in_DOMINO] Success!
[Main] Worker finished 34_4_in_DOMINO with score 4.510334332905153
[44_3_in_3] Success!
[22_4_in_DOMINO] Success!
[Main] Worker finished 22_4_in_DOMINO with score 3.9641227017335576
[26_4_in_DOMINO] Starting (50000 attempts)
[Main] Worker finished 44_3_in_3 with score 7.015974820954202
[38_3_in_3] Starting (50000 attempts)
[37_3_in_3] Success!
[Main] Worker finished 37_3_in_3 with score 6.773117703585962
[41_3_in_3] Starting (50000 attempts)
[13_3_in_3] Success!
[Main] Worker finished 13_3_in_3 with score 4.020316954443297[37_3_in_3] Starting (50000 attempts)

[39_3_in_3] Starting (50000 attempts)
[25_4_in_DOMINO] Success!
[Main] Worker finished 25_4_in_DOMINO with score 4.00437912608468
[32_3_in_3] Success!
[Main] Worker finished 32_3_in_3 with score 5.984737071313207
[13_4_in_DOMINO] Starting (50000 attempts)
[32_3_in_3] Starting (50000 attempts)
[26_3_in_3] Success!
[Main] Worker finished 26_3_in_3 with score 5.719122467319307
[11_3_in_3] Starting (50000 attempts)
[19_3_in_DOMINO] Success!
[Main] Worker finished 19_3_in_DOMINO with score 2.4901149670854683
[42_4_in_DOMINO] Success!
[Main] Worker finished 42_4_in_DOMINO with score 5.029602176115146
[42_3_in_3] Starting (50000 attempts)
[14_3_in_DOMINO] Success!
[46_3_in_3] Success!
[Main] Worker finished 46_3_in_3 with score 7.0057225950403
[21_3_in_DOMINO] Starting (50000 attempts)
[Main] Worker finished 14_3_in_DOMINO with score 1.911646754271575
[46_3_in_3] Starting (50000 attempts)
[34_4_in_DOMINO] Starting (50000 attempts)
[37_4_in_DOMINO] Success!
[Main] Worker finished 37_4_in_DOMINO with score 4.909436345194792
[44_3_in_3] Starting (50000 attempts)
[21_3_in_3] Success!
[Main] Worker finished 21_3_in_3 with score 4.965060044085815
[15_3_in_DOMINO] Success!
[43_3_in_3] Success!
[Main] Worker finished 15_3_in_DOMINO with score 1.980053383967158
[22_4_in_DOMINO] Starting (50000 attempts)
[Main] Worker finished 43_3_in_3 with score 6.9673699289329925
[15_3_in_DOMINO] Starting (50000 attempts)
[13_3_in_3] Starting (50000 attempts)
[10_3_in_DOMINO] Success!
[Main] Worker finished 10_3_in_DOMINO with score 1.7011773066844613
[38_4_in_DOMINO] Success!
[Main] Worker finished 38_4_in_DOMINO with score 4.944104947796166
[16_3_in_DOMINO] Starting (50000 attempts)
[24_4_in_DOMINO] Success!
[Main] Worker finished 24_4_in_DOMINO with score 3.9241229167278884
[38_4_in_DOMINO] Starting (50000 attempts)
[30_3_in_3] Starting (50000 attempts)
[22_3_in_DOMINO] Success!
[Main] Worker finished 22_3_in_DOMINO with score 2.6158059657922257
[41_4_in_DOMINO] Success!
[Main] Worker finished 41_4_in_DOMINO with score 5.019525795832946
[22_3_in_DOMINO] Starting (50000 attempts)
[41_4_in_DOMINO] Starting (50000 attempts)
[31_3_in_3] Success!
[Main] Worker finished 31_3_in_3 with score 6.04949978512713
[42_4_in_DOMINO] Starting (50000 attempts)
[11_4_in_DOMINO] Success!
[Main] Worker finished 11_4_in_DOMINO with score 2.931723676723068
[19_3_in_DOMINO] Starting (50000 attempts)
[18_3_in_DOMINO] Success!
[Main] Worker finished 18_3_in_DOMINO with score 2.1732168171907253
[20_3_in_3] Success!
[40_4_in_DOMINO] Success!
[Main] Worker finished 20_3_in_3 with score 4.8942446995982385
[18_3_in_DOMINO] Starting (50000 attempts)
[Main] Worker finished 40_4_in_DOMINO with score 4.943502864466721
[50_3_in_3] Success!
[20_3_in_3] Starting (50000 attempts)
[Main] Worker finished 50_3_in_3 with score 7.675106763760255
[14_3_in_DOMINO] Starting (50000 attempts)
[33_4_in_DOMINO] Success!
[45_3_in_3] Success!
[Main] Worker finished 33_4_in_DOMINO with score 4.475096077264324
[10_3_in_DOMINO] Starting (50000 attempts)
[23_4_in_DOMINO] Success!
[Main] Worker finished 45_3_in_3 with score 7.030922742455542
[45_3_in_3] Starting (50000 attempts)
[Main] Worker finished 23_4_in_DOMINO with score 3.8688750047412386
[24_4_in_DOMINO] Starting (50000 attempts)
[26_3_in_3] Starting (50000 attempts)
[29_3_in_3] Success!
[Main] Worker finished 29_3_in_3 with score 5.754406321831056
[26_4_in_DOMINO] Success!
[Main] Worker finished 26_4_in_DOMINO with score 4.020360663309433[29_3_in_3] Starting (50000 attempts)

[31_3_in_3] Starting (50000 attempts)
[13_4_in_DOMINO] Success!
[Main] Worker finished 13_4_in_DOMINO with score 3.0482570050526587
[43_3_in_3] Starting (50000 attempts)
[39_4_in_DOMINO] Success!
[Main] Worker finished 39_4_in_DOMINO with score 5.023275579401488
[38_3_in_3] Success!
[Main] Worker finished 38_3_in_3 with score 6.84302398719644
[20_3_in_DOMINO] Starting (50000 attempts)
[11_3_in_3] Success!
[Main] Worker finished 11_3_in_3 with score 3.746847963455798
[37_4_in_DOMINO] Starting (50000 attempts)
[40_4_in_DOMINO] Starting (50000 attempts)
[21_3_in_DOMINO] Success!
[Main] Worker finished 21_3_in_DOMINO with score 2.564639797156564
[21_3_in_DOMINO] Starting (50000 attempts)
[37_3_in_3] Success!
[Main] Worker finished 37_3_in_3 with score 6.773117703585962
[41_3_in_3] Success!
[32_3_in_3] Success!
[Main] Worker finished 32_3_in_3 with score 6.154741511348901
[37_3_in_3] Starting (50000 attempts)
[Main] Worker finished 41_3_in_3 with score 7.208212168436233
[33_4_in_DOMINO] Starting (50000 attempts)
[50_3_in_3] Starting (50000 attempts)
[39_3_in_3] Success!
[Main] Worker finished 39_3_in_3 with score 6.940912390839882
[23_4_in_DOMINO] Starting (50000 attempts)
[15_3_in_DOMINO] Success!
[Main] Worker finished 15_3_in_DOMINO with score 1.9800135476303262
[15_3_in_DOMINO] Starting (50000 attempts)
[22_4_in_DOMINO] Success!
[Main] Worker finished 22_4_in_DOMINO with score 3.9641227017335576
[13_3_in_3] Success!
[Main] Worker finished 13_3_in_3 with score 4.020316954443297[26_4_in_DOMINO] Starting (50000 attempts)

[11_4_in_DOMINO] Starting (50000 attempts)
[34_4_in_DOMINO] Success!
[Main] Worker finished 34_4_in_DOMINO with score 4.510334332905153
[42_3_in_3] Success!
[Main] Worker finished 42_3_in_3 with score 7.0202148158818884
[38_3_in_3] Starting (50000 attempts)
[39_4_in_DOMINO] Starting (50000 attempts)
[16_3_in_DOMINO] Success!
[Main] Worker finished 16_3_in_DOMINO with score 2.0092432104642475
[44_3_in_3] Success!
[Main] Worker finished 44_3_in_3 with score 7.015974820954202
[13_4_in_DOMINO] Starting (50000 attempts)
[46_3_in_3] Success!
[Main] Worker finished 46_3_in_3 with score 7.356008724792315[11_3_in_3] Starting (50000 attempts)

[22_3_in_DOMINO] Success!
[Main] Worker finished 22_3_in_DOMINO with score 2.607187603299471
[32_3_in_3] Starting (50000 attempts)
[22_3_in_DOMINO] Starting (50000 attempts)
[30_3_in_3] Success!
[Main] Worker finished 30_3_in_3 with score 5.910206157614971
[30_3_in_3] Starting (50000 attempts)
[38_4_in_DOMINO] Success!
[Main] Worker finished 38_4_in_DOMINO with score 5.034186680493225
[41_3_in_3] Starting (50000 attempts)
[19_3_in_DOMINO] Success!
[Main] Worker finished 19_3_in_DOMINO with score 2.4901149670854683
[39_3_in_3] Starting (50000 attempts)
[41_4_in_DOMINO] Success!
[Main] Worker finished 41_4_in_DOMINO with score 5.019525795832946
[41_4_in_DOMINO] Starting (50000 attempts)
[18_3_in_DOMINO] Success!
[Main] Worker finished 18_3_in_DOMINO with score 2.2046973975212936
[10_3_in_DOMINO] Success!
[14_3_in_DOMINO] Success!
[42_4_in_DOMINO] Success!
[Main] Worker finished 10_3_in_DOMINO with score 1.7011773066844613
[34_4_in_DOMINO] Starting (50000 attempts)
[Main] Worker finished 14_3_in_DOMINO with score 1.911646754271575
[Main] Worker finished 42_4_in_DOMINO with score 5.029602176115146
[44_3_in_3] Starting (50000 attempts)
[42_3_in_3] Starting (50000 attempts)
[20_3_in_3] Success!
[Main] Worker finished 20_3_in_3 with score 4.8942446995982385
[22_4_in_DOMINO] Starting (50000 attempts)
[25_4_in_DOMINO] Starting (50000 attempts)
[24_4_in_DOMINO] Success!
[Main] Worker finished 24_4_in_DOMINO with score 3.9241229167278884
[13_3_in_3] Starting (50000 attempts)
[26_3_in_3] Success!
[Main] Worker finished 26_3_in_3 with score 5.719122467319307
[16_3_in_DOMINO] Starting (50000 attempts)
[29_3_in_3] Success!
[Main] Worker finished 29_3_in_3 with score 5.923622637634554
[20_3_in_DOMINO] Success!
[21_3_in_DOMINO] Success!
[Main] Worker finished 21_3_in_DOMINO with score 2.5648962867852427
[29_3_in_3] Starting (50000 attempts)
[45_3_in_3] Success!
[Main] Worker finished 20_3_in_DOMINO with score 2.3421438299204427
[20_3_in_DOMINO] Starting (50000 attempts)
[31_3_in_3] Success!
[Main] Worker finished 31_3_in_3 with score 6.0044857410723464
[21_3_in_DOMINO] Starting (50000 attempts)
[Main] Worker finished 45_3_in_3 with score 7.030922742455542
[10_3_in_DOMINO] Starting (50000 attempts)
[38_4_in_DOMINO] Starting (50000 attempts)
[43_3_in_3] Success!
[Main] Worker finished 43_3_in_3 with score 6.9673699289329925
[21_3_in_3] Starting (50000 attempts)
[37_4_in_DOMINO] Success!
[Main] Worker finished 37_4_in_DOMINO with score 5.0055607612139665
[23_4_in_DOMINO] Success!
[Main] Worker finished 23_4_in_DOMINO with score 3.8688750047412386[42_4_in_DOMINO] Starting (50000 attempts)

[40_4_in_DOMINO] Success!
[Main] Worker finished 40_4_in_DOMINO with score 4.943502864466721
[19_3_in_DOMINO] Starting (50000 attempts)
[37_3_in_3] Success!
[Main] Worker finished 37_3_in_3 with score 6.590620171674847
[14_3_in_DOMINO] Starting (50000 attempts)
[26_3_in_3] Starting (50000 attempts)
[33_4_in_DOMINO] Success!
[Main] Worker finished 33_4_in_DOMINO with score 4.475096077264324
[17_3_in_DOMINO] Starting (50000 attempts)
[15_3_in_DOMINO] Success!
[Main] Worker finished 15_3_in_DOMINO with score 1.9799790150916394
[15_3_in_DOMINO] Starting (50000 attempts)
[11_4_in_DOMINO] Success!
[Main] Worker finished 11_4_in_DOMINO with score 2.931723676723068
[18_3_in_DOMINO] Starting (50000 attempts)
[26_4_in_DOMINO] Success!
[Main] Worker finished 26_4_in_DOMINO with score 4.020360663309433
[50_3_in_3] Success!
[Main] Worker finished 50_3_in_3 with score 7.625358682018297
[31_3_in_3] Starting (50000 attempts)
[13_4_in_DOMINO] Success!
[11_3_in_3] Success!
[Main] Worker finished 11_3_in_3 with score 3.746847963455798
[50_3_in_3] Starting (50000 attempts)
[Main] Worker finished 13_4_in_DOMINO with score 3.0223172208985285
[45_3_in_3] Starting (50000 attempts)
[22_3_in_DOMINO] Success!
[Main] Worker finished 22_3_in_DOMINO with score 2.592627431234506
[43_3_in_3] Starting (50000 attempts)
[22_3_in_DOMINO] Starting (50000 attempts)
[38_3_in_3] Success!
[Main] Worker finished 38_3_in_3 with score 6.84302398719644
[39_4_in_DOMINO] Success!
[Main] Worker finished 39_4_in_DOMINO with score 5.023275579401488
[38_3_in_3] Starting (50000 attempts)
[39_4_in_DOMINO] Starting (50000 attempts)
[32_3_in_3] Success!
[Main] Worker finished 32_3_in_3 with score 5.984737071313207
[37_3_in_3] Starting (50000 attempts)
[30_3_in_3] Success!
[Main] Worker finished 30_3_in_3 with score 5.996957272103385
[11_3_in_3] Starting (50000 attempts)
[41_3_in_3] Success!
[Main] Worker finished 41_3_in_3 with score 7.012305785085151
[41_3_in_3] Starting (50000 attempts)
[22_4_in_DOMINO] Success!
[Main] Worker finished 22_4_in_DOMINO with score 3.887615286150665
[39_3_in_3] Success!
[13_3_in_3] Success!
[Main] Worker finished 13_3_in_3 with score 4.020316954443297
[32_3_in_3] Starting (50000 attempts)
[Main] Worker finished 39_3_in_3 with score 6.809573200582781
[25_4_in_DOMINO] Success!
[39_3_in_3] Starting (50000 attempts)
[34_4_in_DOMINO] Success!
[Main] Worker finished 25_4_in_DOMINO with score 4.00437912608468
[13_3_in_3] Starting (50000 attempts)
[Main] Worker finished 34_4_in_DOMINO with score 4.510334332905153
[41_4_in_DOMINO] Success!
[30_3_in_3] Starting (50000 attempts)
[16_3_in_DOMINO] Success!
[Main] Worker finished 41_4_in_DOMINO with score 5.019525795832946[6_3_in_3] Starting (5000 attempts)

[Main] Worker finished 16_3_in_DOMINO with score 2.0092432104642475
[21_3_in_DOMINO] Success!
[16_3_in_DOMINO] Starting (50000 attempts)
[Main] Worker finished 21_3_in_DOMINO with score 2.5546566825113874
[41_4_in_DOMINO] Starting (50000 attempts)
[44_3_in_3] Success!
[42_3_in_3] Success!
[10_3_in_DOMINO] Success!
[Main] Worker finished 44_3_in_3 with score 7.015974820954202
[21_3_in_DOMINO] Starting (50000 attempts)
[Main] Worker finished 42_3_in_3 with score 6.968419612588819
[Main] Worker finished 10_3_in_DOMINO with score 1.7011773066844613
[20_3_in_DOMINO] Success!
[42_3_in_3] Starting (50000 attempts)
[29_3_in_3] Success!
[10_3_in_DOMINO] Starting (50000 attempts)
[Main] Worker finished 20_3_in_DOMINO with score 2.3063373218716916[44_3_in_3] Starting (50000 attempts)

[Main] Worker finished 29_3_in_3 with score 6.038313795273007
[20_3_in_DOMINO] Starting (50000 attempts)
[29_3_in_3] Starting (50000 attempts)
[21_3_in_3] Success!
[Main] Worker finished 21_3_in_3 with score 4.965060044085815
[14_3_in_DOMINO] Success!
[Main] Worker finished 14_3_in_DOMINO with score 1.911646754271575
[21_3_in_3] Starting (50000 attempts)
[14_3_in_DOMINO] Starting (50000 attempts)
[38_4_in_DOMINO] Success!
[Main] Worker finished 38_4_in_DOMINO with score 5.034186680493225
[19_3_in_DOMINO] Success!
[Main] Worker finished 19_3_in_DOMINO with score 2.4901149670854683
[5_3_in_DOMINO] Starting (5000 attempts)
[19_3_in_DOMINO] Starting (50000 attempts)
[17_3_in_DOMINO] Success!
[Main] Worker finished 17_3_in_DOMINO with score 2.1454772115767358
[17_3_in_DOMINO] Starting (50000 attempts)
[15_3_in_DOMINO] Success!
[Main] Worker finished 15_3_in_DOMINO with score 1.9799490775574375
[26_3_in_3] Success!
[Main] Worker finished 26_3_in_3 with score 5.719122467319307
[15_3_in_DOMINO] Starting (50000 attempts)
[26_3_in_3] Starting (50000 attempts)
[18_3_in_DOMINO] Success!
[Main] Worker finished 18_3_in_DOMINO with score 2.2046973975212936
[18_3_in_DOMINO] Starting (50000 attempts)
[22_3_in_DOMINO] Success!
[Main] Worker finished 22_3_in_DOMINO with score 2.6165908645564837
[22_3_in_DOMINO] Starting (50000 attempts)
[42_4_in_DOMINO] Success!
[Main] Worker finished 42_4_in_DOMINO with score 5.029602176115146
[6_3_in_DOMINO] Starting (5000 attempts)
[31_3_in_3] Success!
[Main] Worker finished 31_3_in_3 with score 6.04949978512713
[31_3_in_3] Starting (50000 attempts)
[11_3_in_3] Success!
[Main] Worker finished 11_3_in_3 with score 3.746847963455798
[11_3_in_3] Starting (50000 attempts)
[38_3_in_3] Success!
[Main] Worker finished 38_3_in_3 with score 6.84302398719644
[43_3_in_3] Success!
[Main] Worker finished 43_3_in_3 with score 6.9673699289329925
[4_3_in_DOMINO] Starting (5000 attempts)
[39_4_in_DOMINO] Success!
[Main] Worker finished 39_4_in_DOMINO with score 4.979968567667918
[3_3_in_DOMINO] Starting (5000 attempts)
[9_3_in_DOMINO] Starting (50000 attempts)
[45_3_in_3] Success!
[Main] Worker finished 45_3_in_3 with score 7.030922742455542
[50_3_in_3] Success!
[Main] Worker finished 50_3_in_3 with score 7.624050835826761
[18_CIRCLE_in_CIRCLE] Starting (50000 attempts)
[37_3_in_3] Success!
[Main] Worker finished 37_3_in_3 with score 6.773117703585962
[50_3_in_3] Starting (50000 attempts)
[20_CIRCLE_in_CIRCLE] Starting (50000 attempts)
[13_3_in_3] Success!
[Main] Worker finished 13_3_in_3 with score 4.020316954443297
[14_CIRCLE_in_3] Starting (50000 attempts)
[6_3_in_3] Success!
[Main] Worker finished 6_3_in_3 with score 2.9858356422063896
[22_3_in_circle] Starting (50000 attempts)
[21_3_in_DOMINO] Success!
[Main] Worker finished 21_3_in_DOMINO with score 2.5561483972087777
[16_3_in_DOMINO] Success!
[32_3_in_3] Success!
[Main] Worker finished 32_3_in_3 with score 5.984737071313207[21_3_in_DOMINO] Starting (50000 attempts)

[Main] Worker finished 16_3_in_DOMINO with score 2.0092432104642475
[16_3_in_DOMINO] Starting (50000 attempts)
[28_3_in_circle] Starting (50000 attempts)
[30_3_in_3] Success!
[Main] Worker finished 30_3_in_3 with score 5.996957272103385
[41_3_in_3] Success!
[Main] Worker finished 41_3_in_3 with score 6.866970338907654
[27_3_in_circle] Starting (50000 attempts)
[41_3_in_3] Starting (50000 attempts)
[10_3_in_DOMINO] Success!
[Main] Worker finished 10_3_in_DOMINO with score 1.7011773066844613
[10_3_in_DOMINO] Starting (50000 attempts)
[39_3_in_3] Success!
[Main] Worker finished 39_3_in_3 with score 6.940912390839882
[29_3_in_circle] Starting (50000 attempts)
[20_3_in_DOMINO] Success!
[Main] Worker finished 20_3_in_DOMINO with score 2.3386033177776575
[20_3_in_DOMINO] Starting (50000 attempts)
[41_4_in_DOMINO] Success!
[Main] Worker finished 41_4_in_DOMINO with score 5.019525795832946
[29_3_in_3] Success!
[Main] Worker finished 29_3_in_3 with score 5.923622637634554
[23_3_in_circle] Starting (50000 attempts)
[29_3_in_3] Starting (50000 attempts)
[14_3_in_DOMINO] Success!
[Main] Worker finished 14_3_in_DOMINO with score 1.911646754271575
[5_3_in_DOMINO] Success!
[Main] Worker finished 5_3_in_DOMINO with score 1.2631707571078108
[14_3_in_DOMINO] Starting (50000 attempts)
[21_3_in_3] Success!
[Main] Worker finished 21_3_in_3 with score 4.965060044085815
[26_3_in_circle] Starting (50000 attempts)
[30_3_in_circle] Starting (50000 attempts)
[42_3_in_3] Success!
[Main] Worker finished 42_3_in_3 with score 6.968419612588819
[42_3_in_3] Starting (50000 attempts)
[44_3_in_3] Success!
[Main] Worker finished 44_3_in_3 with score 7.015974820954202
[19_3_in_DOMINO] Success!
[17_3_in_DOMINO] Success!
[Main] Worker finished 19_3_in_DOMINO with score 2.4901149670854683
[7_3_in_DOMINO] Starting (5000 attempts)
[Main] Worker finished 17_3_in_DOMINO with score 2.1454772115767358
[15_3_in_DOMINO] Success!
[19_3_in_DOMINO] Starting (50000 attempts)
[Main] Worker finished 15_3_in_DOMINO with score 1.9799231216142221
[17_3_in_DOMINO] Starting (50000 attempts)
[15_3_in_DOMINO] Starting (50000 attempts)
[22_3_in_DOMINO] Success!
[Main] Worker finished 22_3_in_DOMINO with score 2.618161368705861
[18_3_in_DOMINO] Success!
[26_3_in_3] Success!
[Main] Worker finished 26_3_in_3 with score 5.719122467319307
[22_3_in_DOMINO] Starting (50000 attempts)
[Main] Worker finished 18_3_in_DOMINO with score 2.2046973975212936
[18_3_in_DOMINO] Starting (50000 attempts)
[6_3_in_DOMINO] Success!
[Main] Worker finished 6_3_in_DOMINO with score 1.3763322075192148
[25_3_in_circle] Starting (50000 attempts)
[5_3_in_DOMINO] Starting (5000 attempts)
[4_3_in_DOMINO] Success!
[Main] Worker finished 4_3_in_DOMINO with score 1.1204680284017543
[11_3_in_3] Success!
[3_3_in_DOMINO] Success!
[Main] Worker finished 3_3_in_DOMINO with score 0.9680088680085646
[31_3_in_circle] Starting (50000 attempts)
[Main] Worker finished 11_3_in_3 with score 3.746847963455798
[31_3_in_3] Success!
[8_3_in_DOMINO] Starting (50000 attempts)
[9_3_in_DOMINO] Success!
[Main] Worker finished 9_3_in_DOMINO with score 1.7141192426593264
[13_CIRCLE_in_3] Starting (50000 attempts)
[Main] Worker finished 31_3_in_3 with score 6.099537022430237
[18_CIRCLE_in_CIRCLE] Success!
[15_CIRCLE_in_CIRCLE] Starting (50000 attempts)
[Main] Worker finished 18_CIRCLE_in_CIRCLE with score 4.883494798545663
[12_CIRCLE_in_CIRCLE] Starting (50000 attempts)
[20_CIRCLE_in_CIRCLE] Success!
[Main] Worker finished 20_CIRCLE_in_CIRCLE with score 5.143321280120154[17_CIRCLE_in_CIRCLE] Starting (50000 attempts)

[14_CIRCLE_in_CIRCLE] Starting (50000 attempts)
[22_3_in_circle] Success!
[Main] Worker finished 22_3_in_circle with score 2.6272004337398296
[14_CIRCLE_in_3] Success!
[Main] Worker finished 14_CIRCLE_in_3 with score 11.471632991608798[16_CIRCLE_in_CIRCLE] Starting (50000 attempts)

[11_3_in_DOMINO] Starting (50000 attempts)
[21_3_in_DOMINO] Success!
[Main] Worker finished 21_3_in_DOMINO with score 2.5694756560891565
[28_3_in_circle] Success!
[Main] Worker finished 28_3_in_circle with score 3.013863697418503
[21_3_in_DOMINO] Starting (50000 attempts)
[27_3_in_circle] Success!
[Main] Worker finished 27_3_in_circle with score 2.9504831544307137
[6_3_in_DOMINO] Starting (5000 attempts)
[27_3_in_circle] Starting (50000 attempts)
[16_3_in_DOMINO] Success!
[Main] Worker finished 16_3_in_DOMINO with score 2.1054855467062894
[16_3_in_DOMINO] Starting (50000 attempts)
[10_3_in_DOMINO] Success!
[Main] Worker finished 10_3_in_DOMINO with score 1.7011773066844613
[29_3_in_circle] Success!
[50_3_in_3] Success!
[Main] Worker finished 50_3_in_3 with score 7.53608085216413
[10_3_in_DOMINO] Starting (50000 attempts)
[Main] Worker finished 29_3_in_circle with score 3.067750268627813
[50_3_in_3] Starting (50000 attempts)
[4_3_in_DOMINO] Starting (5000 attempts)
[23_3_in_circle] Success!
[Main] Worker finished 23_3_in_circle with score 2.702889059020112
[20_3_in_DOMINO] Success!
[Main] Worker finished 20_3_in_DOMINO with score 2.303224821411376
[3_3_in_DOMINO] Starting (5000 attempts)
[20_3_in_DOMINO] Starting (50000 attempts)
[41_3_in_3] Success!
[Main] Worker finished 41_3_in_3 with score 6.959075514447739
[26_3_in_circle] Success!
[Main] Worker finished 26_3_in_circle with score 2.8820937842681316
[22_3_in_circle] Starting (50000 attempts)
[30_3_in_circle] Success!
[Main] Worker finished 30_3_in_circle with score 3.118604399571491
[26_3_in_circle] Starting (50000 attempts)
[14_3_in_DOMINO] Success!
[Main] Worker finished 14_3_in_DOMINO with score 1.911646754271575
[28_3_in_circle] Starting (50000 attempts)
[7_3_in_DOMINO] Success!
[Main] Worker finished 7_3_in_DOMINO with score 1.490840291646784
[14_3_in_DOMINO] Starting (50000 attempts)
[29_3_in_3] Success!
[Main] Worker finished 29_3_in_3 with score 5.977930657320277
[9_3_in_DOMINO] Starting (50000 attempts)
[18_CIRCLE_in_CIRCLE] Starting (50000 attempts)
[22_3_in_DOMINO] Success!
[Main] Worker finished 22_3_in_DOMINO with score 2.598077942403763
[17_3_in_DOMINO] Success!
[15_3_in_DOMINO] Success!
[19_3_in_DOMINO] Success!
[Main] Worker finished 17_3_in_DOMINO with score 2.1140034221892554
[22_3_in_DOMINO] Starting (50000 attempts)
[Main] Worker finished 15_3_in_DOMINO with score 1.9799006162303154
[Main] Worker finished 19_3_in_DOMINO with score 2.4901149670854683
[17_3_in_DOMINO] Starting (50000 attempts)
[15_3_in_DOMINO] Starting (50000 attempts)
[5_3_in_DOMINO] Success!
[25_3_in_circle] Success!
[Main] Worker finished 25_3_in_circle with score 2.8368134405343537
[19_3_in_DOMINO] Starting (50000 attempts)
[Main] Worker finished 5_3_in_DOMINO with score 1.2631707571078108
[18_3_in_DOMINO] Success!
[29_3_in_circle] Starting (50000 attempts)
[Main] Worker finished 18_3_in_DOMINO with score 2.2046973975212936
[23_3_in_circle] Starting (50000 attempts)
[18_3_in_DOMINO] Starting (50000 attempts)
[42_3_in_3] Success!
[Main] Worker finished 42_3_in_3 with score 7.0779489011835555
[30_3_in_circle] Starting (50000 attempts)
[31_3_in_circle] Success!
[Main] Worker finished 31_3_in_circle with score 3.16076288991657
[7_3_in_DOMINO] Starting (5000 attempts)
[8_3_in_DOMINO] Success!
[Main] Worker finished 8_3_in_DOMINO with score 1.56307865221544
[13_CIRCLE_in_3] Success!
[Main] Worker finished 13_CIRCLE_in_3 with score 11.413488992180232
[20_CIRCLE_in_CIRCLE] Starting (50000 attempts)
[14_CIRCLE_in_3] Starting (50000 attempts)
[15_CIRCLE_in_CIRCLE] Success!
[Main] Worker finished 15_CIRCLE_in_CIRCLE with score 4.538260254000323
[8_3_in_circle] Starting (50000 attempts)
[12_CIRCLE_in_CIRCLE] Success!
[Main] Worker finished 12_CIRCLE_in_CIRCLE with score 4.044636069278394
[11_3_in_circle] Starting (50000 attempts)
[17_CIRCLE_in_CIRCLE] Success!
[Main] Worker finished 17_CIRCLE_in_CIRCLE with score 4.809960188594904
[10_3_in_circle] Starting (50000 attempts)
[14_CIRCLE_in_CIRCLE] Success!
[Main] Worker finished 14_CIRCLE_in_CIRCLE with score 4.345096413036063
[25_3_in_circle] Starting (50000 attempts)
[16_CIRCLE_in_CIRCLE] Success!
[Main] Worker finished 16_CIRCLE_in_CIRCLE with score 4.63348722009616
[5_3_in_DOMINO] Starting (5000 attempts)
[11_3_in_DOMINO] Success!
[Main] Worker finished 11_3_in_DOMINO with score 1.7530469032987281
[12_3_in_circle] Starting (50000 attempts)
[21_3_in_DOMINO] Success!
[Main] Worker finished 21_3_in_DOMINO with score 2.561266065853562
[21_3_in_DOMINO] Starting (50000 attempts)
[6_3_in_DOMINO] Success!
[Main] Worker finished 6_3_in_DOMINO with score 1.3763322075192148
[31_3_in_circle] Starting (50000 attempts)
[27_3_in_circle] Success!
[Main] Worker finished 27_3_in_circle with score 2.936354065765234
[27_3_in_circle] Starting (50000 attempts)
[4_3_in_DOMINO] Success!
[Main] Worker finished 4_3_in_DOMINO with score 1.1204680284017543
[10_3_in_DOMINO] Success!
[16_3_in_DOMINO] Success!
[Main] Worker finished 16_3_in_DOMINO with score 2.0092432104642475
[8_3_in_DOMINO] Starting (50000 attempts)
[Main] Worker finished 10_3_in_DOMINO with score 1.7011773066844613
[3_3_in_DOMINO] Success!
[10_3_in_DOMINO] Starting (50000 attempts)
[Main] Worker finished 3_3_in_DOMINO with score 0.9680088680085646[16_3_in_DOMINO] Starting (50000 attempts)

[22_3_in_circle] Success!
[Main] Worker finished 22_3_in_circle with score 2.620116206362302
[13_CIRCLE_in_3] Starting (50000 attempts)
[26_3_in_circle] Success!
[28_3_in_circle] Success!
[Main] Worker finished 28_3_in_circle with score 3.009346065058362
[22_3_in_circle] Starting (50000 attempts)
[Main] Worker finished 26_3_in_circle with score 2.868579052234093
[20_3_in_DOMINO] Success!
[26_3_in_circle] Starting (50000 attempts)
[Main] Worker finished 20_3_in_DOMINO with score 2.3006501546154943
[15_CIRCLE_in_CIRCLE] Starting (50000 attempts)
[14_3_in_DOMINO] Success!
[18_CIRCLE_in_CIRCLE] Success!
[9_3_in_DOMINO] Success!
[Main] Worker finished 18_CIRCLE_in_CIRCLE with score 4.883494798545663
[20_3_in_DOMINO] Starting (50000 attempts)
[Main] Worker finished 14_3_in_DOMINO with score 1.911646754271575
[Main] Worker finished 9_3_in_DOMINO with score 1.7141192426593264
[14_3_in_DOMINO] Starting (50000 attempts)
[22_3_in_DOMINO] Success!
[6_3_in_DOMINO] Starting (5000 attempts)
[Main] Worker finished 22_3_in_DOMINO with score 2.6100572311528354
[4_3_in_DOMINO] Starting (5000 attempts)
[22_3_in_DOMINO] Starting (50000 attempts)
[15_3_in_DOMINO] Success!
[Main] Worker finished 15_3_in_DOMINO with score 1.9798811015693805
[17_3_in_DOMINO] Success!
[29_3_in_circle] Success!
[Main] Worker finished 29_3_in_circle with score 3.0509231178639427
[15_3_in_DOMINO] Starting (50000 attempts)
[Main] Worker finished 17_3_in_DOMINO with score 2.1444914350264472
[50_3_in_3] Success!
[17_3_in_DOMINO] Starting (50000 attempts)
[23_3_in_circle] Success!
[19_3_in_DOMINO] Success!
[Main] Worker finished 23_3_in_circle with score 2.6706466197264906[29_3_in_circle] Starting (50000 attempts)

[Main] Worker finished 19_3_in_DOMINO with score 2.4901149670854683
[Main] Worker finished 50_3_in_3 with score 7.912884894772335
[23_3_in_circle] Starting (50000 attempts)
[19_3_in_DOMINO] Starting (50000 attempts)
[30_3_in_circle] Success!
[18_3_in_DOMINO] Success!
[Main] Worker finished 18_3_in_DOMINO with score 2.172599983054192
[28_3_in_circle] Starting (50000 attempts)
[Main] Worker finished 30_3_in_circle with score 3.110817237216916
[18_3_in_DOMINO] Starting (50000 attempts)
[30_3_in_circle] Starting (50000 attempts)
[7_3_in_DOMINO] Success!
[Main] Worker finished 7_3_in_DOMINO with score 1.490840291646784
[3_3_in_DOMINO] Starting (5000 attempts)
[20_CIRCLE_in_CIRCLE] Success!
[Main] Worker finished 20_CIRCLE_in_CIRCLE with score 5.143321280120154
[9_3_in_DOMINO] Starting (50000 attempts)
[14_CIRCLE_in_3] Success!
[Main] Worker finished 14_CIRCLE_in_3 with score 11.471632991608798
[12_CIRCLE_in_CIRCLE] Starting (50000 attempts)
[8_3_in_circle] Success!
[Main] Worker finished 8_3_in_circle with score 1.2748051192828511
[17_CIRCLE_in_CIRCLE] Starting (50000 attempts)
[11_3_in_circle] Success!
[Main] Worker finished 11_3_in_circle with score 1.4830513649835477
[14_CIRCLE_in_CIRCLE] Starting (50000 attempts)
[10_3_in_circle] Success!
[Main] Worker finished 10_3_in_circle with score 1.4007623159126743
[25_3_in_circle] Success!
[Main] Worker finished 25_3_in_circle with score 2.8257708630015443
[16_CIRCLE_in_CIRCLE] Starting (50000 attempts)
[18_CIRCLE_in_CIRCLE] Starting (50000 attempts)
[5_3_in_DOMINO] Success!
[Main] Worker finished 5_3_in_DOMINO with score 1.2631707571078108
[11_3_in_DOMINO] Starting (50000 attempts)
[21_3_in_DOMINO] Success!
[Main] Worker finished 21_3_in_DOMINO with score 2.580806825835459
[12_3_in_circle] Success!
[31_3_in_circle] Success!
[Main] Worker finished 31_3_in_circle with score 3.1715283128702185
[21_3_in_DOMINO] Starting (50000 attempts)
[Main] Worker finished 12_3_in_circle with score 1.5230514075566917
[7_3_in_DOMINO] Starting (5000 attempts)
[18_3_in_circle] Starting (50000 attempts)
[27_3_in_circle] Success!
[Main] Worker finished 27_3_in_circle with score 2.9481235938772463
[20_CIRCLE_in_CIRCLE] Starting (50000 attempts)
[8_3_in_DOMINO] Success!
[Main] Worker finished 8_3_in_DOMINO with score 1.56307865221544
[14_CIRCLE_in_3] Starting (50000 attempts)
[10_3_in_DOMINO] Success!
[Main] Worker finished 10_3_in_DOMINO with score 1.7011773066844613
[10_3_in_DOMINO] Starting (50000 attempts)
[13_CIRCLE_in_3] Success!
[Main] Worker finished 13_CIRCLE_in_3 with score 11.413488992180232
[8_3_in_circle] Starting (50000 attempts)
[16_3_in_DOMINO] Success!
[Main] Worker finished 16_3_in_DOMINO with score 2.0092432104642475
[22_3_in_circle] Success!
[Main] Worker finished 22_3_in_circle with score 2.6167120982355048
[16_3_in_DOMINO] Starting (50000 attempts)
[25_3_in_circle] Starting (50000 attempts)
[26_3_in_circle] Success!
[Main] Worker finished 26_3_in_circle with score 2.8930671254675895
[5_3_in_DOMINO] Starting (5000 attempts)
[15_CIRCLE_in_CIRCLE] Success!
[Main] Worker finished 15_CIRCLE_in_CIRCLE with score 4.538260254000323
[11_3_in_circle] Starting (50000 attempts)
[6_3_in_DOMINO] Success!
[Main] Worker finished 6_3_in_DOMINO with score 1.3763322075192148
[22_3_in_DOMINO] Success!
[4_3_in_DOMINO] Success!
[14_3_in_DOMINO] Success!
[Main] Worker finished 14_3_in_DOMINO with score 1.911646754271575
[31_3_in_circle] Starting (50000 attempts)
[Main] Worker finished 22_3_in_DOMINO with score 2.6100572311528354
[Main] Worker finished 4_3_in_DOMINO with score 1.1204680284017543
[20_3_in_DOMINO] Success!
[22_3_in_DOMINO] Starting (50000 attempts)
[14_3_in_DOMINO] Starting (50000 attempts)
[Main] Worker finished 20_3_in_DOMINO with score 2.3332803056569675
[27_3_in_circle] Starting (50000 attempts)
[8_3_in_DOMINO] Starting (50000 attempts)
[29_3_in_circle] Success!
[Main] Worker finished 29_3_in_circle with score 3.0686707778040994
[15_3_in_DOMINO] Success!
[Main] Worker finished 15_3_in_DOMINO with score 1.9798641793532867
[13_CIRCLE_in_3] Starting (50000 attempts)
[23_3_in_circle] Success!
[Main] Worker finished 23_3_in_circle with score 2.7107938448930144
[15_3_in_DOMINO] Starting (50000 attempts)
[17_3_in_DOMINO] Success!
[Main] Worker finished 17_3_in_DOMINO with score 2.1444914350264472
[22_3_in_circle] Starting (50000 attempts)
[28_3_in_circle] Success!
[Main] Worker finished 28_3_in_circle with score 2.9964330142723488
[17_3_in_DOMINO] Starting (50000 attempts)
[28_3_in_circle] Starting (50000 attempts)
[30_3_in_circle] Success!
[Main] Worker finished 30_3_in_circle with score 3.1139297660882153
[26_3_in_circle] Starting (50000 attempts)
[19_3_in_DOMINO] Success!
[Main] Worker finished 19_3_in_DOMINO with score 2.4901149670854683
[19_3_in_DOMINO] Starting (50000 attempts)
[18_3_in_DOMINO] Success!
[Main] Worker finished 18_3_in_DOMINO with score 2.204112100045143
[18_3_in_DOMINO] Starting (50000 attempts)
[3_3_in_DOMINO] Success!
[Main] Worker finished 3_3_in_DOMINO with score 0.9680088680085646
[6_3_in_DOMINO] Starting (5000 attempts)
[9_3_in_DOMINO] Success!
[Main] Worker finished 9_3_in_DOMINO with score 1.7141192426593264
[12_CIRCLE_in_CIRCLE] Success!
[Main] Worker finished 12_CIRCLE_in_CIRCLE with score 4.044636069278394[4_3_in_DOMINO] Starting (5000 attempts)

[29_3_in_circle] Starting (50000 attempts)
[17_CIRCLE_in_CIRCLE] Success!
[Main] Worker finished 17_CIRCLE_in_CIRCLE with score 4.809960188594904
[14_CIRCLE_in_CIRCLE] Success!
[Main] Worker finished 14_CIRCLE_in_CIRCLE with score 4.345096413036063[15_CIRCLE_in_CIRCLE] Starting (50000 attempts)

[23_3_in_circle] Starting (50000 attempts)
[16_CIRCLE_in_CIRCLE] Success!
[Main] Worker finished 16_CIRCLE_in_CIRCLE with score 4.63348722009616
[18_CIRCLE_in_CIRCLE] Success!
[Main] Worker finished 18_CIRCLE_in_CIRCLE with score 4.883494798545663
[10_3_in_circle] Starting (50000 attempts)
[12_3_in_circle] Starting (50000 attempts)
[11_3_in_DOMINO] Success!
[Main] Worker finished 11_3_in_DOMINO with score 1.7530469032987281
[30_3_in_circle] Starting (50000 attempts)
[21_3_in_DOMINO] Success!
[Main] Worker finished 21_3_in_DOMINO with score 2.5831307137677437
[7_3_in_DOMINO] Success!
[Main] Worker finished 7_3_in_DOMINO with score 1.490840291646784[15_3_in_circle] Starting (50000 attempts)

[16_3_in_circle] Starting (50000 attempts)
[20_CIRCLE_in_CIRCLE] Success!
[Main] Worker finished 20_CIRCLE_in_CIRCLE with score 5.143321280120154
[19_3_in_circle] Starting (50000 attempts)
[18_3_in_circle] Success!
[Main] Worker finished 18_3_in_circle with score 1.8204190752494187
[20_3_in_circle] Starting (50000 attempts)
[14_CIRCLE_in_3] Success!
[Main] Worker finished 14_CIRCLE_in_3 with score 11.471632991608798
[12_CIRCLE_in_CIRCLE] Starting (50000 attempts)
[10_3_in_DOMINO] Success!
[Main] Worker finished 10_3_in_DOMINO with score 1.7011773066844613
[8_3_in_circle] Success!
[Main] Worker finished 8_3_in_circle with score 1.2748051192828511
[17_CIRCLE_in_CIRCLE] Starting (50000 attempts)
[14_CIRCLE_in_CIRCLE] Starting (50000 attempts)
[25_3_in_circle] Success!
[Main] Worker finished 25_3_in_circle with score 2.831711514351985
[16_CIRCLE_in_CIRCLE] Starting (50000 attempts)
[5_3_in_DOMINO] Success!
[Main] Worker finished 5_3_in_DOMINO with score 1.2631707571078108
[16_3_in_DOMINO] Success!
[Main] Worker finished 16_3_in_DOMINO with score 2.1054855467062894
[18_CIRCLE_in_CIRCLE] Starting (50000 attempts)
[11_3_in_circle] Success!
[Main] Worker finished 11_3_in_circle with score 1.4830513649835477[21_4_in_CIRCLE] Starting (50000 attempts)

[26_4_in_CIRCLE] Starting (50000 attempts)
[31_3_in_circle] Success!
[Main] Worker finished 31_3_in_circle with score 3.1610789978163516
[22_3_in_DOMINO] Success!
[Main] Worker finished 22_3_in_DOMINO with score 2.604581588617785
[31_3_in_circle] Starting (50000 attempts)
[22_3_in_DOMINO] Starting (50000 attempts)
[27_3_in_circle] Success!
[Main] Worker finished 27_3_in_circle with score 2.940762122486379
[27_3_in_circle] Starting (50000 attempts)
[14_3_in_DOMINO] Success!
[Main] Worker finished 14_3_in_DOMINO with score 1.911646754271575
[8_3_in_DOMINO] Success!
[Main] Worker finished 8_3_in_DOMINO with score 1.56307865221544
[20_CIRCLE_in_CIRCLE] Starting (50000 attempts)
[13_CIRCLE_in_3] Success!
[22_3_in_circle] Success!
[Main] Worker finished 13_CIRCLE_in_3 with score 11.413488992180232[14_CIRCLE_in_3] Starting (50000 attempts)

[Main] Worker finished 22_3_in_circle with score 2.6219510215594384
[22_3_in_circle] Starting (50000 attempts)
[25_3_in_circle] Starting (50000 attempts)
[28_3_in_circle] Success!
[Main] Worker finished 28_3_in_circle with score 2.9994310959842085
[15_3_in_DOMINO] Success!
[26_3_in_circle] Success!
[Main] Worker finished 26_3_in_circle with score 2.8786371732749907
[28_3_in_circle] Starting (50000 attempts)
[Main] Worker finished 15_3_in_DOMINO with score 1.9798495045522577
[26_3_in_circle] Starting (50000 attempts)
[15_3_in_DOMINO] Starting (50000 attempts)
[17_3_in_DOMINO] Success!
[Main] Worker finished 17_3_in_DOMINO with score 2.1444914350264472
[6_3_in_DOMINO] Success!
[Main] Worker finished 6_3_in_DOMINO with score 1.3763322075192148
[17_3_in_DOMINO] Starting (50000 attempts)
[8_3_in_circle] Starting (50000 attempts)
[4_3_in_DOMINO] Success!
[Main] Worker finished 4_3_in_DOMINO with score 1.1204680284017543
[11_3_in_circle] Starting (50000 attempts)
[19_3_in_DOMINO] Success!
[Main] Worker finished 19_3_in_DOMINO with score 2.4901149670854683
[29_3_in_circle] Success!
[18_3_in_DOMINO] Success!
[Main] Worker finished 18_3_in_DOMINO with score 2.1720699727402595[18_3_in_circle] Starting (50000 attempts)

[Main] Worker finished 29_3_in_circle with score 3.058866236712607
[23_3_in_circle] Success!
[29_3_in_circle] Starting (50000 attempts)
[15_CIRCLE_in_CIRCLE] Success!
[Main] Worker finished 15_CIRCLE_in_CIRCLE with score 4.538260254000323
[18_3_in_DOMINO] Starting (50000 attempts)
[Main] Worker finished 23_3_in_circle with score 2.686773627172595
[23_3_in_circle] Starting (50000 attempts)
[13_CIRCLE_in_3] Starting (50000 attempts)
[10_3_in_circle] Success!
[Main] Worker finished 10_3_in_circle with score 1.4007623159126743
[12_3_in_circle] Success!
[Main] Worker finished 12_3_in_circle with score 1.5230514075566917
[30_4_in_CIRCLE] Starting (50000 attempts)
[30_3_in_circle] Success!
[Main] Worker finished 30_3_in_circle with score 3.10242894055125
[23_4_in_CIRCLE] Starting (50000 attempts)
[30_3_in_circle] Starting (50000 attempts)
[15_3_in_circle] Success!
[Main] Worker finished 15_3_in_circle with score 1.6549223038095542
[25_4_in_CIRCLE] Starting (50000 attempts)
[16_3_in_circle] Success!
[Main] Worker finished 16_3_in_circle with score 1.7029189896133312
[19_3_in_circle] Success!
[Main] Worker finished 19_3_in_circle with score 1.8582158012495773
[16_4_in_CIRCLE] Starting (50000 attempts)
[33_4_in_CIRCLE] Starting (50000 attempts)
[20_3_in_circle] Success!
[Main] Worker finished 20_3_in_circle with score 1.8958192025625156
[12_CIRCLE_in_CIRCLE] Success!
[Main] Worker finished 12_CIRCLE_in_CIRCLE with score 4.044636069278394
[19_4_in_CIRCLE] Starting (50000 attempts)
[20_4_in_CIRCLE] Starting (50000 attempts)
[17_CIRCLE_in_CIRCLE] Success!
[Main] Worker finished 17_CIRCLE_in_CIRCLE with score 4.809960188594904
[15_CIRCLE_in_CIRCLE] Starting (50000 attempts)
[14_CIRCLE_in_CIRCLE] Success!
[Main] Worker finished 14_CIRCLE_in_CIRCLE with score 4.345096413036063
[29_4_in_CIRCLE] Starting (50000 attempts)
[16_CIRCLE_in_CIRCLE] Success!
[Main] Worker finished 16_CIRCLE_in_CIRCLE with score 4.63348722009616
[10_3_in_circle] Starting (50000 attempts)
[18_CIRCLE_in_CIRCLE] Success!
[Main] Worker finished 18_CIRCLE_in_CIRCLE with score 4.883494798545663
[12_3_in_circle] Starting (50000 attempts)
[21_4_in_CIRCLE] Success!
[Main] Worker finished 21_4_in_CIRCLE with score 3.1064519114939206
[31_3_in_circle] Success!
[22_3_in_DOMINO] Success!
[Main] Worker finished 31_3_in_circle with score 3.1579193409248223
[18_4_in_CIRCLE] Starting (50000 attempts)
[Main] Worker finished 22_3_in_DOMINO with score 2.6147598003438044
[27_3_in_circle] Success!
[31_3_in_circle] Starting (50000 attempts)
[Main] Worker finished 27_3_in_circle with score 2.925801669210812
[15_3_in_circle] Starting (50000 attempts)
[20_CIRCLE_in_CIRCLE] Success!
[26_4_in_CIRCLE] Success!
[Main] Worker finished 20_CIRCLE_in_CIRCLE with score 5.143321280120154
[27_3_in_circle] Starting (50000 attempts)
[Main] Worker finished 26_4_in_CIRCLE with score 3.265553306575606
[14_CIRCLE_in_3] Success!
[22_3_in_circle] Success!
[12_CIRCLE_in_CIRCLE] Starting (50000 attempts)
[25_3_in_circle] Success!
[Main] Worker finished 22_3_in_circle with score 2.640634054257627
[16_3_in_circle] Starting (50000 attempts)
[Main] Worker finished 14_CIRCLE_in_3 with score 11.471632991608798
[Main] Worker finished 25_3_in_circle with score 2.822946363396399
[25_3_in_circle] Starting (50000 attempts)
[28_3_in_circle] Success!
[26_3_in_circle] Success!
[17_CIRCLE_in_CIRCLE] Starting (50000 attempts)
[Main] Worker finished 26_3_in_circle with score 2.881517394332216
[14_CIRCLE_in_CIRCLE] Starting (50000 attempts)
[Main] Worker finished 28_3_in_circle with score 3.0030327539478465
[28_3_in_circle] Starting (50000 attempts)
[15_3_in_DOMINO] Success!
[Main] Worker finished 15_3_in_DOMINO with score 1.9798367782138848
[26_3_in_circle] Starting (50000 attempts)
[8_3_in_circle] Success!
[Main] Worker finished 8_3_in_circle with score 1.2748051192828511
[15_3_in_DOMINO] Starting (50000 attempts)
[16_CIRCLE_in_CIRCLE] Starting (50000 attempts)
[17_3_in_DOMINO] Success!
[Main] Worker finished 17_3_in_DOMINO with score 2.11311454464044
[17_3_in_DOMINO] Starting (50000 attempts)
[11_3_in_circle] Success!
[Main] Worker finished 11_3_in_circle with score 1.4830513649835477
[18_CIRCLE_in_CIRCLE] Starting (50000 attempts)
[29_3_in_circle] Success!
[Main] Worker finished 29_3_in_circle with score 3.0600900891551035
[29_3_in_circle] Starting (50000 attempts)
[18_3_in_circle] Success!
[Main] Worker finished 18_3_in_circle with score 1.8204190752494187
[22_3_in_circle] Starting (50000 attempts)
[23_3_in_circle] Success!
[Main] Worker finished 23_3_in_circle with score 2.6322527897590025
[18_3_in_DOMINO] Success!
[Main] Worker finished 18_3_in_DOMINO with score 2.2036089104428545
[23_3_in_circle] Starting (50000 attempts)
[18_3_in_DOMINO] Starting (50000 attempts)
[13_CIRCLE_in_3] Success!
[Main] Worker finished 13_CIRCLE_in_3 with score 11.413488992180232
[20_CIRCLE_in_CIRCLE] Starting (50000 attempts)
[30_3_in_circle] Success!
[Main] Worker finished 30_3_in_circle with score 3.111128350051921
[30_3_in_circle] Starting (50000 attempts)
[23_4_in_CIRCLE] Success!
[Main] Worker finished 23_4_in_CIRCLE with score 3.115803431953349
[14_CIRCLE_in_3] Starting (50000 attempts)
[30_4_in_CIRCLE] Success!
[Main] Worker finished 30_4_in_CIRCLE with score 3.5236257287305413
[8_3_in_circle] Starting (50000 attempts)
[16_4_in_CIRCLE] Success!
[Main] Worker finished 16_4_in_CIRCLE with score 2.643847752583437
[25_4_in_CIRCLE] Success!
[Main] Worker finished 25_4_in_CIRCLE with score 3.2232942054853804
[19_3_in_circle] Starting (50000 attempts)
[19_4_in_CIRCLE] Success!
[15_CIRCLE_in_CIRCLE] Success!
[Main] Worker finished 19_4_in_CIRCLE with score 2.8776782496867814
[11_3_in_circle] Starting (50000 attempts)
[Main] Worker finished 15_CIRCLE_in_CIRCLE with score 4.538260254000323
[20_4_in_CIRCLE] Success!
[18_3_in_circle] Starting (50000 attempts)
[Main] Worker finished 20_4_in_CIRCLE with score 2.9479967602447665
[31_4_in_CIRCLE] Starting (50000 attempts)
[10_3_in_circle] Success!
[Main] Worker finished 10_3_in_circle with score 1.4007623159126743[20_3_in_circle] Starting (50000 attempts)

[21_4_in_CIRCLE] Starting (50000 attempts)
[12_3_in_circle] Success!
[Main] Worker finished 12_3_in_circle with score 1.5230514075566917
[33_4_in_CIRCLE] Success!
[Main] Worker finished 33_4_in_CIRCLE with score 4.019565593893119
[13_CIRCLE_in_3] Starting (50000 attempts)
[26_4_in_CIRCLE] Starting (50000 attempts)
[29_4_in_CIRCLE] Success!
[Main] Worker finished 29_4_in_CIRCLE with score 3.631402274099691
[23_4_in_CIRCLE] Starting (50000 attempts)
[31_3_in_circle] Success!
[Main] Worker finished 31_3_in_circle with score 3.1785137055483523
[30_4_in_CIRCLE] Starting (50000 attempts)
[18_4_in_CIRCLE] Success!
[Main] Worker finished 18_4_in_CIRCLE with score 2.8016697604273646
[27_3_in_circle] Success!
[15_3_in_circle] Success!
[Main] Worker finished 15_3_in_circle with score 1.6549223038095542
[16_4_in_CIRCLE] Starting (50000 attempts)
[Main] Worker finished 27_3_in_circle with score 2.9501763284455955
[12_CIRCLE_in_CIRCLE] Success!
[25_4_in_CIRCLE] Starting (50000 attempts)
[25_3_in_circle] Success!
[Main] Worker finished 12_CIRCLE_in_CIRCLE with score 4.044636069278394
[19_4_in_CIRCLE] Starting (50000 attempts)
[Main] Worker finished 25_3_in_circle with score 2.8254882859152444
[25_3_in_circle] Starting (50000 attempts)
[16_3_in_circle] Success!
[17_CIRCLE_in_CIRCLE] Success!
[14_CIRCLE_in_CIRCLE] Success!
[Main] Worker finished 17_CIRCLE_in_CIRCLE with score 4.809960188594904[15_CIRCLE_in_CIRCLE] Starting (50000 attempts)

[Main] Worker finished 14_CIRCLE_in_CIRCLE with score 4.345096413036063
[Main] Worker finished 16_3_in_circle with score 1.7029189896133312
[28_3_in_circle] Success!
[26_3_in_circle] Success!
[10_3_in_circle] Starting (50000 attempts)
[12_3_in_circle] Starting (50000 attempts)
[Main] Worker finished 28_3_in_circle with score 3.00543626160326
[33_4_in_CIRCLE] Starting (50000 attempts)
[Main] Worker finished 26_3_in_circle with score 2.893356461113701
[28_3_in_circle] Starting (50000 attempts)
[31_3_in_circle] Starting (50000 attempts)
[16_CIRCLE_in_CIRCLE] Success!
[Main] Worker finished 16_CIRCLE_in_CIRCLE with score 4.63348722009616
[15_3_in_DOMINO] Success!
[Main] Worker finished 15_3_in_DOMINO with score 1.9798257412707072
[20_4_in_CIRCLE] Starting (50000 attempts)
[15_3_in_DOMINO] Starting (50000 attempts)
[18_CIRCLE_in_CIRCLE] Success!
[Main] Worker finished 18_CIRCLE_in_CIRCLE with score 4.883494798545663
[27_3_in_circle] Starting (50000 attempts)
[17_3_in_DOMINO] Success!
[Main] Worker finished 17_3_in_DOMINO with score 2.1123543372136946
[29_3_in_circle] Success!
[Main] Worker finished 29_3_in_circle with score 3.0616205933203187
[17_3_in_DOMINO] Starting (50000 attempts)
[22_3_in_circle] Success!
[Main] Worker finished 22_3_in_circle with score 2.611744817291966
[12_CIRCLE_in_CIRCLE] Starting (50000 attempts)
[22_3_in_circle] Starting (50000 attempts)
[20_CIRCLE_in_CIRCLE] Success!
[Main] Worker finished 20_CIRCLE_in_CIRCLE with score 5.143321280120154
[17_CIRCLE_in_CIRCLE] Starting (50000 attempts)
[18_3_in_DOMINO] Success!
[Main] Worker finished 18_3_in_DOMINO with score 2.2036089104428545
[30_3_in_circle] Success!
[Main] Worker finished 30_3_in_circle with score 3.1070863089874066[14_CIRCLE_in_CIRCLE] Starting (50000 attempts)

[30_3_in_circle] Starting (50000 attempts)
[23_3_in_circle] Success!
[Main] Worker finished 23_3_in_circle with score 2.5594005342947432
[23_3_in_circle] Starting (50000 attempts)
[14_CIRCLE_in_3] Success!
[Main] Worker finished 14_CIRCLE_in_3 with score 11.471632991608798
[26_3_in_circle] Starting (50000 attempts)
[8_3_in_circle] Success!
[Main] Worker finished 8_3_in_circle with score 1.2748051192828511
[16_CIRCLE_in_CIRCLE] Starting (50000 attempts)
[11_3_in_circle] Success!
[Main] Worker finished 11_3_in_circle with score 1.4830513649835477
[19_3_in_circle] Success!
[Main] Worker finished 19_3_in_circle with score 1.8582158012495773
[18_CIRCLE_in_CIRCLE] Starting (50000 attempts)
[15_3_in_circle] Starting (50000 attempts)
[18_3_in_circle] Success!
[Main] Worker finished 18_3_in_circle with score 1.8204190752494187
[29_3_in_circle] Starting (50000 attempts)
[13_CIRCLE_in_3] Success!
[Main] Worker finished 13_CIRCLE_in_3 with score 11.413488992180232
[20_3_in_circle] Success!
[Main] Worker finished 20_3_in_circle with score 1.8958192025625156[16_3_in_circle] Starting (50000 attempts)

[20_CIRCLE_in_CIRCLE] Starting (50000 attempts)
[21_4_in_CIRCLE] Success!
[Main] Worker finished 21_4_in_CIRCLE with score 3.1064519114939206
[29_4_in_CIRCLE] Starting (50000 attempts)
[31_4_in_CIRCLE] Success!
[Main] Worker finished 31_4_in_CIRCLE with score 3.7364237438117933
[18_4_in_CIRCLE] Starting (50000 attempts)
[26_4_in_CIRCLE] Success!
[Main] Worker finished 26_4_in_CIRCLE with score 3.265553306575606
[16_4_in_CIRCLE] Success!
[23_4_in_CIRCLE] Success!
[25_3_in_circle] Success!
[Main] Worker finished 16_4_in_CIRCLE with score 2.643847752583437
[34_4_in_CIRCLE] Starting (50000 attempts)
[Main] Worker finished 25_3_in_circle with score 2.832844482185521
[Main] Worker finished 23_4_in_CIRCLE with score 3.115803431953349
[15_CIRCLE_in_CIRCLE] Success!
[14_CIRCLE_in_3] Starting (50000 attempts)
[19_4_in_CIRCLE] Success!
[8_3_in_circle] Starting (50000 attempts)
[30_4_in_CIRCLE] Success!
[12_3_in_circle] Success!
[Main] Worker finished 30_4_in_CIRCLE with score 3.5236257287305413[11_3_in_circle] Starting (50000 attempts)

[Main] Worker finished 12_3_in_circle with score 1.5230514075566917
[10_3_in_circle] Success!
[Main] Worker finished 15_CIRCLE_in_CIRCLE with score 4.538260254000323
[Main] Worker finished 19_4_in_CIRCLE with score 2.8776782496867814
[28_3_in_circle] Success!
[25_4_in_CIRCLE] Success!
[13_CIRCLE_in_3] Starting (50000 attempts)
[18_3_in_circle] Starting (50000 attempts)
[31_3_in_circle] Success!
[19_3_in_circle] Starting (50000 attempts)
[Main] Worker finished 31_3_in_circle with score 3.1715283128702185
[20_3_in_circle] Starting (50000 attempts)
[Main] Worker finished 28_3_in_circle with score 2.9952346208406353
[Main] Worker finished 10_3_in_circle with score 1.4007623159126743
[Main] Worker finished 25_4_in_CIRCLE with score 3.2232942054853804
[28_3_in_circle] Starting (50000 attempts)
[27_3_in_circle] Success!
[31_4_in_CIRCLE] Starting (50000 attempts)
[15_3_in_DOMINO] Success!
[20_4_in_CIRCLE] Success!
[21_4_in_CIRCLE] Starting (50000 attempts)
[12_CIRCLE_in_CIRCLE] Success!
[22_3_in_circle] Success!
[Main] Worker finished 15_3_in_DOMINO with score 1.97981616918965
[26_4_in_CIRCLE] Starting (50000 attempts)
[Main] Worker finished 12_CIRCLE_in_CIRCLE with score 4.044636069278394
[Main] Worker finished 27_3_in_circle with score 2.933113981249712
[Main] Worker finished 20_4_in_CIRCLE with score 2.9479967602447665
[Main] Worker finished 22_3_in_circle with score 2.6093951869651835
[33_4_in_CIRCLE] Success!
[17_3_in_DOMINO] Success!
[22_3_in_circle] Starting (50000 attempts)
[27_3_in_circle] Starting (50000 attempts)
[17_CIRCLE_in_CIRCLE] Success!
[15_3_in_DOMINO] Starting (50000 attempts)
[25_3_in_circle] Starting (50000 attempts)
[14_CIRCLE_in_CIRCLE] Success!
[Main] Worker finished 17_3_in_DOMINO with score 2.111702820220189
[15_CIRCLE_in_CIRCLE] Starting (50000 attempts)
[Main] Worker finished 33_4_in_CIRCLE with score 4.019565593893119
[Main] Worker finished 17_CIRCLE_in_CIRCLE with score 4.809960188594904
[Main] Worker finished 14_CIRCLE_in_CIRCLE with score 4.345096413036063
[30_3_in_circle] Success!
[17_3_in_DOMINO] Starting (50000 attempts)
[10_3_in_circle] Starting (50000 attempts)
[26_3_in_circle] Success!
[12_3_in_circle] Starting (50000 attempts)
[Main] Worker finished 26_3_in_circle with score 2.889019463130233
[30_4_in_CIRCLE] Starting (50000 attempts)
[Main] Worker finished 30_3_in_circle with score 3.0987080727433094
[26_3_in_circle] Starting (50000 attempts)
[30_3_in_circle] Starting (50000 attempts)
[16_CIRCLE_in_CIRCLE] Success!
[Main] Worker finished 16_CIRCLE_in_CIRCLE with score 4.63348722009616
[23_3_in_circle] Success!
[Main] Worker finished 23_3_in_circle with score 2.077898779161433
[12_CIRCLE_in_CIRCLE] Starting (50000 attempts)
[23_3_in_circle] Starting (50000 attempts)
[18_CIRCLE_in_CIRCLE] Success!
[Main] Worker finished 18_CIRCLE_in_CIRCLE with score 4.883494798545663
[23_4_in_CIRCLE] Starting (50000 attempts)
[29_3_in_circle] Success!
[Main] Worker finished 29_3_in_circle with score 3.0674434936009503
[15_3_in_circle] Success!
[Main] Worker finished 15_3_in_circle with score 1.6549223038095542
[29_3_in_circle] Starting (50000 attempts)
[25_4_in_CIRCLE] Starting (50000 attempts)
[20_CIRCLE_in_CIRCLE] Success!
[Main] Worker finished 20_CIRCLE_in_CIRCLE with score 5.143321280120154
[16_4_in_CIRCLE] Starting (50000 attempts)
[16_3_in_circle] Success!
[Main] Worker finished 16_3_in_circle with score 1.7029189896133312
[17_CIRCLE_in_CIRCLE] Starting (50000 attempts)
[18_4_in_CIRCLE] Success!
[Main] Worker finished 18_4_in_CIRCLE with score 2.8016697604273646
[14_CIRCLE_in_CIRCLE] Starting (50000 attempts)
[29_4_in_CIRCLE] Success!
[Main] Worker finished 29_4_in_CIRCLE with score 3.631402274099691
[14_CIRCLE_in_3] Success!
[Main] Worker finished 14_CIRCLE_in_3 with score 11.471632991608798[33_4_in_CIRCLE] Starting (50000 attempts)

[8_3_in_circle] Success!
[Main] Worker finished 8_3_in_circle with score 1.2748051192828511
[19_4_in_CIRCLE] Starting (50000 attempts)
[11_3_in_circle] Success!
[Main] Worker finished 11_3_in_circle with score 1.4830513649835477[16_CIRCLE_in_CIRCLE] Starting (50000 attempts)

[13_CIRCLE_in_3] Success!
[Main] Worker finished 13_CIRCLE_in_3 with score 11.413488992180232
[20_4_in_CIRCLE] Starting (50000 attempts)
[18_CIRCLE_in_CIRCLE] Starting (50000 attempts)
[18_3_in_circle] Success!
[Main] Worker finished 18_3_in_circle with score 1.8204190752494187
[28_3_in_circle] Success!
[34_4_in_CIRCLE] Success!
[19_3_in_circle] Success!
[Main] Worker finished 34_4_in_CIRCLE with score 3.8281160934956127
[35_4_in_CIRCLE] Starting (50000 attempts)
[Main] Worker finished 19_3_in_circle with score 1.8582158012495773
[Main] Worker finished 28_3_in_circle with score 3.001231384690335
[20_3_in_circle] Success!
[20_CIRCLE_in_CIRCLE] Starting (50000 attempts)
[15_3_in_circle] Starting (50000 attempts)
[Main] Worker finished 20_3_in_circle with score 1.8958192025625156
[16_3_in_circle] Starting (50000 attempts)
[18_4_in_CIRCLE] Starting (50000 attempts)
[22_3_in_circle] Success!
[Main] Worker finished 22_3_in_circle with score 2.627463180057836
[27_3_in_circle] Success!
[Main] Worker finished 27_3_in_circle with score 2.9534234703673077[29_4_in_CIRCLE] Starting (50000 attempts)

[21_4_in_CIRCLE] Success!
[Main] Worker finished 21_4_in_CIRCLE with score 3.1064519114939206
[14_CIRCLE_in_3] Starting (50000 attempts)
[8_3_in_circle] Starting (50000 attempts)
[25_3_in_circle] Success!
[Main] Worker finished 25_3_in_circle with score 2.8345447839308484
[15_3_in_DOMINO] Success!
[26_4_in_CIRCLE] Success!
[Main] Worker finished 15_3_in_DOMINO with score 1.9798078673464947
[11_3_in_circle] Starting (50000 attempts)
[Main] Worker finished 26_4_in_CIRCLE with score 3.265553306575606
[31_4_in_CIRCLE] Success!
[15_CIRCLE_in_CIRCLE] Success!
[15_3_in_DOMINO] Starting (50000 attempts)
[Main] Worker finished 15_CIRCLE_in_CIRCLE with score 4.538260254000323
[13_CIRCLE_in_3] Starting (50000 attempts)
[Main] Worker finished 31_4_in_CIRCLE with score 3.7364237438117933
[18_3_in_circle] Starting (50000 attempts)
[10_3_in_circle] Success!
[Main] Worker finished 10_3_in_circle with score 1.4007623159126743
[19_3_in_circle] Starting (50000 attempts)
[17_3_in_DOMINO] Success!
[12_3_in_circle] Success!
[26_3_in_circle] Success!
[Main] Worker finished 26_3_in_circle with score 2.888152843958989[28_3_in_circle] Starting (50000 attempts)

[Main] Worker finished 12_3_in_circle with score 1.5230514075566917
[Main] Worker finished 17_3_in_DOMINO with score 2.1111434762143357
[30_3_in_circle] Success!
[17_3_in_DOMINO] Starting (50000 attempts)
[22_3_in_circle] Starting (50000 attempts)
[12_CIRCLE_in_CIRCLE] Success!
[Main] Worker finished 30_3_in_circle with score 3.1133070112742955
[27_3_in_circle] Starting (50000 attempts)
[Main] Worker finished 12_CIRCLE_in_CIRCLE with score 4.044636069278394
[20_3_in_circle] Starting (50000 attempts)
[21_4_in_CIRCLE] Starting (50000 attempts)
[30_4_in_CIRCLE] Success!
[Main] Worker finished 30_4_in_CIRCLE with score 3.5236257287305413
[34_4_in_CIRCLE] Starting (50000 attempts)
[23_3_in_circle] Success!
[Main] Worker finished 23_3_in_circle with score 1.9912869536787472
[23_3_in_circle] Starting (50000 attempts)
[29_3_in_circle] Success!
[Main] Worker finished 29_3_in_circle with score 3.0548920956459287
[29_3_in_circle] Starting (50000 attempts)
[23_4_in_CIRCLE] Success!
[Main] Worker finished 23_4_in_CIRCLE with score 3.115803431953349
[15_CIRCLE_in_CIRCLE] Starting (50000 attempts)
[17_CIRCLE_in_CIRCLE] Success!
[Main] Worker finished 17_CIRCLE_in_CIRCLE with score 4.809960188594904
[25_4_in_CIRCLE] Success!
[16_4_in_CIRCLE] Success!
[Main] Worker finished 16_4_in_CIRCLE with score 2.643847752583437
[10_3_in_circle] Starting (50000 attempts)
[Main] Worker finished 25_4_in_CIRCLE with score 3.2232942054853804
[12_3_in_circle] Starting (50000 attempts)
[31_4_in_CIRCLE] Starting (50000 attempts)
[14_CIRCLE_in_CIRCLE] Success!
[Main] Worker finished 14_CIRCLE_in_CIRCLE with score 4.345096413036063
[26_4_in_CIRCLE] Starting (50000 attempts)
[16_CIRCLE_in_CIRCLE] Success!
[Main] Worker finished 16_CIRCLE_in_CIRCLE with score 4.63348722009616
[40_4_in_DOMINO] Starting (50000 attempts)
[18_CIRCLE_in_CIRCLE] Success!
[Main] Worker finished 18_CIRCLE_in_CIRCLE with score 4.883494798545663
[19_4_in_CIRCLE] Success!
[Main] Worker finished 19_4_in_CIRCLE with score 2.8776782496867814
[12_CIRCLE_in_CIRCLE] Starting (50000 attempts)
[30_4_in_CIRCLE] Starting (50000 attempts)
[20_4_in_CIRCLE] Success!
[Main] Worker finished 20_4_in_CIRCLE with score 2.9479967602447665
[35_4_in_CIRCLE] Success!
[Main] Worker finished 35_4_in_CIRCLE with score 4.095949576448097
[24_4_in_DOMINO] Starting (50000 attempts)
[20_CIRCLE_in_CIRCLE] Success!
[Main] Worker finished 20_CIRCLE_in_CIRCLE with score 5.143321280120154
[33_4_in_DOMINO] Starting (50000 attempts)
[23_4_in_CIRCLE] Starting (50000 attempts)
[15_3_in_circle] Success!
[Main] Worker finished 15_3_in_circle with score 1.6549223038095542
[33_4_in_CIRCLE] Success!
[Main] Worker finished 33_4_in_CIRCLE with score 4.019565593893119
[17_CIRCLE_in_CIRCLE] Starting (50000 attempts)
[16_4_in_CIRCLE] Starting (50000 attempts)
[16_3_in_circle] Success!
[Main] Worker finished 16_3_in_circle with score 1.7029189896133312
[14_CIRCLE_in_3] Success!
[18_4_in_CIRCLE] Success!
[8_3_in_circle] Success!
[Main] Worker finished 18_4_in_CIRCLE with score 2.8016697604273646
[25_4_in_CIRCLE] Starting (50000 attempts)
[Main] Worker finished 14_CIRCLE_in_3 with score 11.471632991608798
[Main] Worker finished 8_3_in_circle with score 1.2748051192828511
[14_CIRCLE_in_CIRCLE] Starting (50000 attempts)
[16_CIRCLE_in_CIRCLE] Starting (50000 attempts)
[11_3_in_circle] Success!
[Main] Worker finished 11_3_in_circle with score 1.4830513649835477
[18_CIRCLE_in_CIRCLE] Starting (50000 attempts)
[13_CIRCLE_in_3] Success!
[29_4_in_CIRCLE] Success!
[Main] Worker finished 29_4_in_CIRCLE with score 3.631402274099691
[19_4_in_CIRCLE] Starting (50000 attempts)
[Main] Worker finished 13_CIRCLE_in_3 with score 11.413488992180232
[15_3_in_DOMINO] Success!
[20_4_in_CIRCLE] Starting (50000 attempts)
[18_3_in_circle] Success!
[28_3_in_circle] Success!
[Main] Worker finished 28_3_in_circle with score 3.005736835286789[35_4_in_CIRCLE] Starting (50000 attempts)

[Main] Worker finished 18_3_in_circle with score 1.8204190752494187
[Main] Worker finished 15_3_in_DOMINO with score 1.9798006670253354
[15_3_in_DOMINO] Starting (50000 attempts)
[22_3_in_circle] Success!
[19_3_in_circle] Success!
[20_CIRCLE_in_CIRCLE] Starting (50000 attempts)
[27_3_in_circle] Success!
[Main] Worker finished 22_3_in_circle with score 2.62982907971198[15_3_in_circle] Starting (50000 attempts)

[Main] Worker finished 19_3_in_circle with score 1.8582158012495773
[Main] Worker finished 27_3_in_circle with score 2.947522231565695
[17_3_in_DOMINO] Success!
[22_3_in_circle] Starting (50000 attempts)
[14_CIRCLE_in_3] Starting (50000 attempts)
[Main] Worker finished 17_3_in_DOMINO with score 2.14178013704162
[16_3_in_circle] Starting (50000 attempts)
[20_3_in_circle] Success!
[Main] Worker finished 20_3_in_circle with score 1.8958192025625156
[8_3_in_circle] Starting (50000 attempts)
[11_3_in_circle] Starting (50000 attempts)
[21_4_in_CIRCLE] Success!
[Main] Worker finished 21_4_in_CIRCLE with score 3.1064519114939206
[33_4_in_CIRCLE] Starting (50000 attempts)
[29_3_in_circle] Success!
[Main] Worker finished 29_3_in_circle with score 3.0628455477809493
[13_CIRCLE_in_3] Starting (50000 attempts)
[15_CIRCLE_in_CIRCLE] Success!
[Main] Worker finished 15_CIRCLE_in_CIRCLE with score 4.538260254000323
[23_3_in_circle] Success!
[Main] Worker finished 23_3_in_circle with score 2.0046994478381874
[28_3_in_circle] Starting (50000 attempts)
[23_3_in_circle] Starting (50000 attempts)
[10_3_in_circle] Success!
[Main] Worker finished 10_3_in_circle with score 1.4007623159126743
[12_3_in_circle] Success!
[Main] Worker finished 12_3_in_circle with score 1.5230514075566917
[18_3_in_circle] Starting (50000 attempts)
[29_4_in_CIRCLE] Starting (50000 attempts)
[34_4_in_CIRCLE] Success!
[Main] Worker finished 34_4_in_CIRCLE with score 3.789834932560656
[19_3_in_circle] Starting (50000 attempts)
[12_CIRCLE_in_CIRCLE] Success!
[Main] Worker finished 12_CIRCLE_in_CIRCLE with score 4.044636069278394
[26_4_in_CIRCLE] Success!
[Main] Worker finished 26_4_in_CIRCLE with score 3.265553306575606
[27_3_in_circle] Starting (50000 attempts)
[31_4_in_CIRCLE] Success!
[Main] Worker finished 31_4_in_CIRCLE with score 3.7364237438117933[18_4_in_CIRCLE] Starting (50000 attempts)

[20_3_in_circle] Starting (50000 attempts)
[17_CIRCLE_in_CIRCLE] Success!
[Main] Worker finished 17_CIRCLE_in_CIRCLE with score 4.809960188594904
[24_4_in_DOMINO] Success!
[Main] Worker finished 24_4_in_DOMINO with score 3.9241229167278884
[21_4_in_CIRCLE] Starting (50000 attempts)
[16_4_in_CIRCLE] Success!
[30_4_in_CIRCLE] Success!
[Main] Worker finished 16_4_in_CIRCLE with score 2.643847752583437[29_3_in_circle] Starting (50000 attempts)

[23_4_in_CIRCLE] Success!
[Main] Worker finished 30_4_in_CIRCLE with score 3.5236257287305413
[14_CIRCLE_in_CIRCLE] Success!
[40_4_in_DOMINO] Success!
[15_CIRCLE_in_CIRCLE] Starting (50000 attempts)
[16_CIRCLE_in_CIRCLE] Success!
[Main] Worker finished 14_CIRCLE_in_CIRCLE with score 4.345096413036063
[26_4_in_DOMINO] Starting (50000 attempts)
[Main] Worker finished 40_4_in_DOMINO with score 4.943502864466721
[Main] Worker finished 16_CIRCLE_in_CIRCLE with score 4.63348722009616
[33_4_in_DOMINO] Success!
[Main] Worker finished 23_4_in_CIRCLE with score 3.115803431953349
[18_CIRCLE_in_CIRCLE] Success!
[12_CIRCLE_in_CIRCLE] Starting (50000 attempts)
[10_3_in_circle] Starting (50000 attempts)
[25_4_in_CIRCLE] Success!
[12_3_in_circle] Starting (50000 attempts)
[35_4_in_CIRCLE] Success!
[Main] Worker finished 35_4_in_CIRCLE with score 4.123485959320918
[34_4_in_CIRCLE] Starting (50000 attempts)
[Main] Worker finished 33_4_in_DOMINO with score 4.475096077264324
[19_4_in_CIRCLE] Success!
[Main] Worker finished 18_CIRCLE_in_CIRCLE with score 4.883494798545663
[Main] Worker finished 25_4_in_CIRCLE with score 3.2232942054853804
[17_CIRCLE_in_CIRCLE] Starting (50000 attempts)
[20_4_in_CIRCLE] Success!
[15_3_in_DOMINO] Success!
[20_CIRCLE_in_CIRCLE] Success!
[31_4_in_CIRCLE] Starting (50000 attempts)
[26_4_in_CIRCLE] Starting (50000 attempts)
[Main] Worker finished 20_4_in_CIRCLE with score 2.9479967602447665
[34_4_in_DOMINO] Starting (50000 attempts)
[Main] Worker finished 15_3_in_DOMINO with score 1.9797944219572383
[Main] Worker finished 20_CIRCLE_in_CIRCLE with score 5.143321280120154
[Main] Worker finished 19_4_in_CIRCLE with score 2.8776782496867814
[22_3_in_circle] Success!
[15_3_in_circle] Success!
[14_CIRCLE_in_3] Success!
[15_3_in_DOMINO] Starting (50000 attempts)
[14_CIRCLE_in_CIRCLE] Starting (50000 attempts)
[8_3_in_circle] Success!
[30_4_in_CIRCLE] Starting (50000 attempts)
[16_3_in_circle] Success!
[Main] Worker finished 22_3_in_circle with score 2.616188781982979[16_4_in_CIRCLE] Starting (50000 attempts)

[Main] Worker finished 14_CIRCLE_in_3 with score 11.471632991608798
[Main] Worker finished 16_3_in_circle with score 1.7029189896133312
[Main] Worker finished 15_3_in_circle with score 1.6549223038095542
[Main] Worker finished 8_3_in_circle with score 1.2748051192828511
[11_3_in_circle] Success!
[16_CIRCLE_in_CIRCLE] Starting (50000 attempts)
[18_CIRCLE_in_CIRCLE] Starting (50000 attempts)
[23_4_in_CIRCLE] Starting (50000 attempts)
[35_4_in_CIRCLE] Starting (50000 attempts)
[Main] Worker finished 11_3_in_circle with score 1.4830513649835477
[42_4_in_DOMINO] Starting (50000 attempts)
[13_CIRCLE_in_3] Success!
[Main] Worker finished 13_CIRCLE_in_3 with score 11.413488992180232
[25_4_in_CIRCLE] Starting (50000 attempts)
[20_4_in_CIRCLE] Starting (50000 attempts)
[28_3_in_circle] Success!
[Main] Worker finished 28_3_in_circle with score 3.009346065058362
[37_4_in_DOMINO] Starting (50000 attempts)
[33_4_in_CIRCLE] Success!
[Main] Worker finished 33_4_in_CIRCLE with score 4.019565593893119
[20_CIRCLE_in_CIRCLE] Starting (50000 attempts)
[23_3_in_circle] Success!
[Main] Worker finished 23_3_in_circle with score 2.0046994478381874
[23_3_in_circle] Starting (50000 attempts)
[18_3_in_circle] Success!
[Main] Worker finished 18_3_in_circle with score 1.8204190752494187
[22_3_in_circle] Starting (50000 attempts)
[19_3_in_circle] Success!
[Main] Worker finished 19_3_in_circle with score 1.8582158012495773
[14_CIRCLE_in_3] Starting (50000 attempts)
[29_4_in_CIRCLE] Success!
[Main] Worker finished 29_4_in_CIRCLE with score 3.631402274099691
[16_3_in_circle] Starting (50000 attempts)
[27_3_in_circle] Success!
[Main] Worker finished 27_3_in_circle with score 2.936636006924171
[27_3_in_circle] Starting (50000 attempts)
[18_4_in_CIRCLE] Success!
[Main] Worker finished 18_4_in_CIRCLE with score 2.8016697604273646
[8_3_in_circle] Starting (50000 attempts)
[20_3_in_circle] Success!
[Main] Worker finished 20_3_in_circle with score 1.8958192025625156
[11_3_in_circle] Starting (50000 attempts)
[29_3_in_circle] Success!
[Main] Worker finished 29_3_in_circle with score 3.058866236712607
[29_3_in_circle] Starting (50000 attempts)
[15_CIRCLE_in_CIRCLE] Success!
[Main] Worker finished 15_CIRCLE_in_CIRCLE with score 4.538260254000323
[13_CIRCLE_in_3] Starting (50000 attempts)
[12_CIRCLE_in_CIRCLE] Success!
[Main] Worker finished 12_CIRCLE_in_CIRCLE with score 4.044636069278394
[21_4_in_CIRCLE] Success!
[Main] Worker finished 21_4_in_CIRCLE with score 3.1064519114939206
[15_3_in_circle] Starting (50000 attempts)
[26_4_in_DOMINO] Success!
[10_3_in_circle] Success!
[Main] Worker finished 26_4_in_DOMINO with score 4.020360663309433[33_4_in_CIRCLE] Starting (50000 attempts)

[Main] Worker finished 10_3_in_circle with score 1.4007623159126743
[12_3_in_circle] Success!
[18_3_in_circle] Starting (50000 attempts)
[17_CIRCLE_in_CIRCLE] Success!
[Main] Worker finished 17_CIRCLE_in_CIRCLE with score 4.809960188594904
[19_3_in_circle] Starting (50000 attempts)
[Main] Worker finished 12_3_in_circle with score 1.5230514075566917
[19_4_in_CIRCLE] Starting (50000 attempts)
[29_4_in_CIRCLE] Starting (50000 attempts)
[14_CIRCLE_in_CIRCLE] Success!
[Main] Worker finished 14_CIRCLE_in_CIRCLE with score 4.345096413036063
[15_3_in_DOMINO] Success!
[Main] Worker finished 15_3_in_DOMINO with score 2.008733336427987
[18_4_in_CIRCLE] Starting (50000 attempts)
[34_4_in_CIRCLE] Success!
[Main] Worker finished 34_4_in_CIRCLE with score 3.747067648153613
[20_3_in_circle] Starting (50000 attempts)
[26_4_in_CIRCLE] Success!
[Main] Worker finished 26_4_in_CIRCLE with score 3.265553306575606
[23_4_in_DOMINO] Starting (50000 attempts)
[15_CIRCLE_in_CIRCLE] Starting (50000 attempts)
[18_CIRCLE_in_CIRCLE] Success!
[Main] Worker finished 18_CIRCLE_in_CIRCLE with score 4.883494798545663
[16_CIRCLE_in_CIRCLE] Success!
[Main] Worker finished 16_CIRCLE_in_CIRCLE with score 4.63348722009616
[12_CIRCLE_in_CIRCLE] Starting (50000 attempts)
[16_4_in_CIRCLE] Success!
[35_4_in_CIRCLE] Success!
[Main] Worker finished 16_4_in_CIRCLE with score 2.643847752583437
[21_4_in_CIRCLE] Starting (50000 attempts)
[Main] Worker finished 35_4_in_CIRCLE with score 4.0943114423581095
[31_4_in_CIRCLE] Success!
[10_3_in_circle] Starting (50000 attempts)
[Main] Worker finished 31_4_in_CIRCLE with score 3.7364237438117933
[11_4_in_DOMINO] Starting (50000 attempts)
[34_4_in_DOMINO] Success!
[30_4_in_CIRCLE] Success!
[Main] Worker finished 34_4_in_DOMINO with score 4.510334332905153
[17_CIRCLE_in_CIRCLE] Starting (50000 attempts)
[Main] Worker finished 30_4_in_CIRCLE with score 3.5236257287305413
[23_4_in_CIRCLE] Success!
[14_CIRCLE_in_CIRCLE] Starting (50000 attempts)
[Main] Worker finished 23_4_in_CIRCLE with score 3.115803431953349
[12_3_in_circle] Starting (50000 attempts)
[13_4_in_DOMINO] Starting (50000 attempts)
[25_4_in_CIRCLE] Success!
[Main] Worker finished 25_4_in_CIRCLE with score 3.2232942054853804
[20_4_in_CIRCLE] Success!
[20_CIRCLE_in_CIRCLE] Success!
[Main] Worker finished 20_4_in_CIRCLE with score 2.9479967602447665
[34_4_in_CIRCLE] Starting (50000 attempts)
[Main] Worker finished 20_CIRCLE_in_CIRCLE with score 5.143321280120154
[18_CIRCLE_in_CIRCLE] Starting (50000 attempts)
[26_4_in_CIRCLE] Starting (50000 attempts)
[22_3_in_circle] Success!
[Main] Worker finished 22_3_in_circle with score 2.600537866433976
[42_4_in_DOMINO] Success!
[Main] Worker finished 42_4_in_DOMINO with score 5.029602176115146
[22_3_in_circle] Starting (50000 attempts)
[14_CIRCLE_in_3] Success!
[Main] Worker finished 14_CIRCLE_in_3 with score 11.471632991608798
[16_CIRCLE_in_CIRCLE] Starting (50000 attempts)
[23_3_in_circle] Success!
[Main] Worker finished 23_3_in_circle with score 2.0046994478381874
[16_4_in_CIRCLE] Starting (50000 attempts)
[23_3_in_circle] Starting (50000 attempts)
[37_4_in_DOMINO] Success!
[Main] Worker finished 37_4_in_DOMINO with score 4.86697455948945
[16_3_in_circle] Success!
[Main] Worker finished 16_3_in_circle with score 1.7029189896133312
[37_4_in_DOMINO] Starting (50000 attempts)
[27_3_in_circle] Success!
[Main] Worker finished 27_3_in_circle with score 2.943398381614131[31_4_in_CIRCLE] Starting (50000 attempts)

[30_4_in_CIRCLE] Starting (50000 attempts)
[8_3_in_circle] Success!
[Main] Worker finished 8_3_in_circle with score 1.2748051192828511
[23_4_in_CIRCLE] Starting (50000 attempts)
[11_3_in_circle] Success!
[Main] Worker finished 11_3_in_circle with score 1.4830513649835477
[29_3_in_circle] Success!
[Main] Worker finished 29_3_in_circle with score 3.0402630199916447
[25_4_in_CIRCLE] Starting (50000 attempts)
[29_3_in_circle] Starting (50000 attempts)
[13_CIRCLE_in_3] Success!
[Main] Worker finished 13_CIRCLE_in_3 with score 11.413488992180232
[20_CIRCLE_in_CIRCLE] Starting (50000 attempts)
[15_3_in_circle] Success!
[Main] Worker finished 15_3_in_circle with score 1.6549223038095542
[20_4_in_CIRCLE] Starting (50000 attempts)
[18_3_in_circle] Success!
[Main] Worker finished 18_3_in_circle with score 1.8204190752494187
[14_CIRCLE_in_3] Starting (50000 attempts)
[19_3_in_circle] Success!
[Main] Worker finished 19_3_in_circle with score 1.8582158012495773
[35_4_in_CIRCLE] Starting (50000 attempts)
[19_4_in_CIRCLE] Success!
[Main] Worker finished 19_4_in_CIRCLE with score 2.8776782496867814
[18_4_in_CIRCLE] Success!
[15_CIRCLE_in_CIRCLE] Success!
[Main] Worker finished 15_CIRCLE_in_CIRCLE with score 4.538260254000323
[22_4_in_DOMINO] Starting (50000 attempts)
[Main] Worker finished 18_4_in_CIRCLE with score 2.8016697604273646
[12_CIRCLE_in_CIRCLE] Success!
[33_4_in_CIRCLE] Success!
[16_3_in_circle] Starting (50000 attempts)
[Main] Worker finished 12_CIRCLE_in_CIRCLE with score 4.044636069278394
[40_4_in_DOMINO] Starting (50000 attempts)
[Main] Worker finished 33_4_in_CIRCLE with score 4.019565593893119
[20_3_in_circle] Success!
[8_3_in_circle] Starting (50000 attempts)
[23_4_in_DOMINO] Success!
[10_3_in_circle] Success!
[Main] Worker finished 20_3_in_circle with score 1.8958192025625156
[11_3_in_circle] Starting (50000 attempts)
[Main] Worker finished 23_4_in_DOMINO with score 3.8688750047412386
[29_4_in_CIRCLE] Success!
[11_4_in_DOMINO] Success!
[Main] Worker finished 10_3_in_circle with score 1.4007623159126743
[17_CIRCLE_in_CIRCLE] Success!
[21_4_in_CIRCLE] Success!
[13_CIRCLE_in_3] Starting (50000 attempts)
[14_CIRCLE_in_CIRCLE] Success!
[12_3_in_circle] Success!
[15_3_in_circle] Starting (50000 attempts)
[13_4_in_DOMINO] Success!
[Main] Worker finished 17_CIRCLE_in_CIRCLE with score 4.809960188594904
[38_4_in_DOMINO] Starting (50000 attempts)
[Main] Worker finished 21_4_in_CIRCLE with score 3.1064519114939206
[Main] Worker finished 11_4_in_DOMINO with score 2.931723676723068
[Main] Worker finished 29_4_in_CIRCLE with score 3.631402274099691
[Main] Worker finished 12_3_in_circle with score 1.5230514075566917
[Main] Worker finished 13_4_in_DOMINO with score 3.0223172208985285
[Main] Worker finished 14_CIRCLE_in_CIRCLE with score 4.345096413036063
[15_CIRCLE_in_CIRCLE] Starting (50000 attempts)
[12_CIRCLE_in_CIRCLE] Starting (50000 attempts)
[18_CIRCLE_in_CIRCLE] Success!
[18_3_in_circle] Starting (50000 attempts)
[19_3_in_circle] Starting (50000 attempts)
[22_3_in_circle] Success!
[33_4_in_CIRCLE] Starting (50000 attempts)
[19_4_in_CIRCLE] Starting (50000 attempts)
[16_CIRCLE_in_CIRCLE] Success!
[Main] Worker finished 22_3_in_circle with score 2.6154040038314315[18_4_in_CIRCLE] Starting (50000 attempts)

[Main] Worker finished 16_CIRCLE_in_CIRCLE with score 4.63348722009616
[Main] Worker finished 18_CIRCLE_in_CIRCLE with score 4.883494798545663
[22_3_in_circle] Starting (50000 attempts)
[10_3_in_circle] Starting (50000 attempts)
[26_4_in_CIRCLE] Success!
[Main] Worker finished 26_4_in_CIRCLE with score 3.265553306575606
[20_3_in_circle] Starting (50000 attempts)
[16_4_in_CIRCLE] Success!
[34_4_in_CIRCLE] Success!
[Main] Worker finished 16_4_in_CIRCLE with score 2.643847752583437
[17_CIRCLE_in_CIRCLE] Starting (50000 attempts)
[Main] Worker finished 34_4_in_CIRCLE with score 3.789834932560656
[23_3_in_circle] Success!
[21_4_in_CIRCLE] Starting (50000 attempts)
[Main] Worker finished 23_3_in_circle with score 2.0046994478381874
[25_4_in_DOMINO] Starting (50000 attempts)
[29_4_in_CIRCLE] Starting (50000 attempts)
[30_4_in_CIRCLE] Success!
[Main] Worker finished 30_4_in_CIRCLE with score 3.5236257287305413
[31_4_in_CIRCLE] Success!
[29_3_in_circle] Success!
[Main] Worker finished 29_3_in_circle with score 3.057891434880465
[12_3_in_circle] Starting (50000 attempts)
[Main] Worker finished 31_4_in_CIRCLE with score 3.7364237438117933
[20_CIRCLE_in_CIRCLE] Success!
[23_4_in_CIRCLE] Success!
[14_CIRCLE_in_CIRCLE] Starting (50000 attempts)
[37_4_in_DOMINO] Success!
[Main] Worker finished 37_4_in_DOMINO with score 4.955505153601827
[44_3_in_3] Starting (50000 attempts)
[Main] Worker finished 23_4_in_CIRCLE with score 3.115803431953349
[Main] Worker finished 20_CIRCLE_in_CIRCLE with score 5.143321280120154
[37_4_in_DOMINO] Starting (50000 attempts)
[16_CIRCLE_in_CIRCLE] Starting (50000 attempts)
[25_4_in_CIRCLE] Success!
[Main] Worker finished 25_4_in_CIRCLE with score 3.2232942054853804
[18_CIRCLE_in_CIRCLE] Starting (50000 attempts)
[26_4_in_CIRCLE] Starting (50000 attempts)
[20_4_in_CIRCLE] Success!
[Main] Worker finished 20_4_in_CIRCLE with score 2.9479967602447665
[16_4_in_CIRCLE] Starting (50000 attempts)
[14_CIRCLE_in_3] Success!
[Main] Worker finished 14_CIRCLE_in_3 with score 11.471632991608798
[34_4_in_CIRCLE] Starting (50000 attempts)
[35_4_in_CIRCLE] Success!
[Main] Worker finished 35_4_in_CIRCLE with score 4.099227811142753
[24_4_in_DOMINO] Starting (50000 attempts)
[8_3_in_circle] Success!
[Main] Worker finished 8_3_in_circle with score 1.2748051192828511
[30_4_in_CIRCLE] Starting (50000 attempts)
[16_3_in_circle] Success!
[Main] Worker finished 16_3_in_circle with score 1.7029189896133312
[22_4_in_DOMINO] Success!
[11_3_in_circle] Success!
[Main] Worker finished 11_3_in_circle with score 1.4830513649835477
[33_4_in_DOMINO] Starting (50000 attempts)
[Main] Worker finished 22_4_in_DOMINO with score 3.887615286150665
[13_CIRCLE_in_3] Success!
[31_4_in_CIRCLE] Starting (50000 attempts)
[Main] Worker finished 13_CIRCLE_in_3 with score 11.413488992180232[45_3_in_3] Starting (50000 attempts)

[23_4_in_CIRCLE] Starting (50000 attempts)
[15_3_in_circle] Success!
[Main] Worker finished 15_3_in_circle with score 1.6549223038095542
[20_CIRCLE_in_CIRCLE] Starting (50000 attempts)
[12_CIRCLE_in_CIRCLE] Success!
[Main] Worker finished 12_CIRCLE_in_CIRCLE with score 4.044636069278394
[15_CIRCLE_in_CIRCLE] Success!
[Main] Worker finished 15_CIRCLE_in_CIRCLE with score 4.538260254000323[25_4_in_CIRCLE] Starting (50000 attempts)

[20_4_in_CIRCLE] Starting (50000 attempts)
[18_3_in_circle] Success!
[Main] Worker finished 18_3_in_circle with score 1.8204190752494187
[40_4_in_DOMINO] Success!
[Main] Worker finished 40_4_in_DOMINO with score 4.943502864466721
[14_CIRCLE_in_3] Starting (50000 attempts)
[19_3_in_circle] Success!
[Main] Worker finished 19_3_in_circle with score 1.8582158012495773
[35_4_in_CIRCLE] Starting (50000 attempts)
[38_4_in_DOMINO] Success!
[Main] Worker finished 38_4_in_DOMINO with score 5.034186680493225
[8_3_in_circle] Starting (50000 attempts)
[22_3_in_circle] Success!
[19_4_in_CIRCLE] Success!
[18_4_in_CIRCLE] Success!
[Main] Worker finished 19_4_in_CIRCLE with score 2.8776782496867814
[16_3_in_circle] Starting (50000 attempts)
[Main] Worker finished 18_4_in_CIRCLE with score 2.8016697604273646
[10_3_in_circle] Success!
[Main] Worker finished 22_3_in_circle with score 2.6272004337398296
[22_3_in_circle] Starting (50000 attempts)
[17_CIRCLE_in_CIRCLE] Success!
[13_CIRCLE_in_3] Starting (50000 attempts)
[Main] Worker finished 10_3_in_circle with score 1.4007623159126743
[11_3_in_circle] Starting (50000 attempts)
[Main] Worker finished 17_CIRCLE_in_CIRCLE with score 4.809960188594904
[12_CIRCLE_in_CIRCLE] Starting (50000 attempts)
[20_3_in_circle] Success!
[Main] Worker finished 20_3_in_circle with score 1.8958192025625156
[15_3_in_circle] Starting (50000 attempts)
[15_CIRCLE_in_CIRCLE] Starting (50000 attempts)
[33_4_in_CIRCLE] Success!
[Main] Worker finished 33_4_in_CIRCLE with score 4.019565593893119
[21_4_in_CIRCLE] Success!
[Main] Worker finished 21_4_in_CIRCLE with score 3.1064519114939206
[18_3_in_circle] Starting (50000 attempts)
[25_4_in_DOMINO] Success!
[Main] Worker finished 25_4_in_DOMINO with score 4.037277676108749
[38_3_in_3] Starting (50000 attempts)
[19_3_in_circle] Starting (50000 attempts)
[29_4_in_CIRCLE] Success!
[Main] Worker finished 29_4_in_CIRCLE with score 3.631402274099691
[12_3_in_circle] Success!
[14_CIRCLE_in_CIRCLE] Success!
[Main] Worker finished 14_CIRCLE_in_CIRCLE with score 4.345096413036063
[43_3_in_3] Starting (50000 attempts)
[Main] Worker finished 12_3_in_circle with score 1.5230514075566917
[19_4_in_CIRCLE] Starting (50000 attempts)
[18_4_in_CIRCLE] Starting (50000 attempts)
[16_CIRCLE_in_CIRCLE] Success!
[Main] Worker finished 16_CIRCLE_in_CIRCLE with score 4.63348722009616
[18_CIRCLE_in_CIRCLE] Success!
[Main] Worker finished 18_CIRCLE_in_CIRCLE with score 4.883494798545663
[26_4_in_DOMINO] Starting (50000 attempts)
[10_3_in_circle] Starting (50000 attempts)
[26_4_in_CIRCLE] Success!
[Main] Worker finished 26_4_in_CIRCLE with score 3.265553306575606
[17_CIRCLE_in_CIRCLE] Starting (50000 attempts)
[16_4_in_CIRCLE] Success!
[Main] Worker finished 16_4_in_CIRCLE with score 2.643847752583437
[20_3_in_circle] Starting (50000 attempts)
[37_4_in_DOMINO] Success!
[Main] Worker finished 37_4_in_DOMINO with score 4.955505153601827
[33_4_in_CIRCLE] Starting (50000 attempts)
[44_3_in_3] Success!
[Main] Worker finished 44_3_in_3 with score 7.015974820954202
[24_4_in_DOMINO] Success!
[Main] Worker finished 24_4_in_DOMINO with score 3.9241229167278884
[21_4_in_CIRCLE] Starting (50000 attempts)
[34_4_in_DOMINO] Starting (50000 attempts)
[34_4_in_CIRCLE] Success!
[Main] Worker finished 34_4_in_CIRCLE with score 3.646430789996679
[34_4_in_CIRCLE] Starting (50000 attempts)
[20_CIRCLE_in_CIRCLE] Success!
[Main] Worker finished 20_CIRCLE_in_CIRCLE with score 5.143321280120154
[30_4_in_CIRCLE] Success!
[Main] Worker finished 30_4_in_CIRCLE with score 3.5236257287305413
[14_CIRCLE_in_CIRCLE] Starting (50000 attempts)
[12_3_in_circle] Starting (50000 attempts)
[23_4_in_CIRCLE] Success!
[Main] Worker finished 23_4_in_CIRCLE with score 3.115803431953349
[16_CIRCLE_in_CIRCLE] Starting (50000 attempts)
[33_4_in_DOMINO] Success!
[Main] Worker finished 33_4_in_DOMINO with score 4.475096077264324
[14_CIRCLE_in_3] Success!
[31_4_in_CIRCLE] Success!
[Main] Worker finished 31_4_in_CIRCLE with score 3.7364237438117933
[18_CIRCLE_in_CIRCLE] Starting (50000 attempts)
[Main] Worker finished 14_CIRCLE_in_3 with score 11.471632991608798
[35_4_in_CIRCLE] Success!
[20_4_in_CIRCLE] Success!
[29_4_in_CIRCLE] Starting (50000 attempts)
[Main] Worker finished 35_4_in_CIRCLE with score 4.123898349155834
[26_4_in_CIRCLE] Starting (50000 attempts)
[8_3_in_circle] Success!
[25_4_in_CIRCLE] Success!
[Main] Worker finished 20_4_in_CIRCLE with score 2.9479967602447665
[16_4_in_CIRCLE] Starting (50000 attempts)
[22_3_in_circle] Success!
[16_3_in_circle] Success!
[Main] Worker finished 22_3_in_circle with score 2.62982907971198
[42_4_in_DOMINO] Starting (50000 attempts)
[Main] Worker finished 16_3_in_circle with score 1.7029189896133312
[Main] Worker finished 25_4_in_CIRCLE with score 3.2232942054853804
[45_3_in_3] Success!
[13_CIRCLE_in_3] Success!
[Main] Worker finished 8_3_in_circle with score 1.2748051192828511
[20_CIRCLE_in_CIRCLE] Starting (50000 attempts)
[30_4_in_CIRCLE] Starting (50000 attempts)
[12_CIRCLE_in_CIRCLE] Success!
[11_3_in_circle] Success!
[23_4_in_DOMINO] Starting (50000 attempts)
[Main] Worker finished 12_CIRCLE_in_CIRCLE with score 4.044636069278394
[11_4_in_DOMINO] Starting (50000 attempts)
[15_CIRCLE_in_CIRCLE] Success!
[Main] Worker finished 13_CIRCLE_in_3 with score 11.413488992180232
[Main] Worker finished 11_3_in_circle with score 1.4830513649835477
[Main] Worker finished 45_3_in_3 with score 7.030922742455542
[15_3_in_circle] Success!
[14_CIRCLE_in_3] Starting (50000 attempts)
[31_4_in_CIRCLE] Starting (50000 attempts)
[23_4_in_CIRCLE] Starting (50000 attempts)
[Main] Worker finished 15_3_in_circle with score 1.6549223038095542
[37_3_in_3] Starting (50000 attempts)
[Main] Worker finished 15_CIRCLE_in_CIRCLE with score 4.538260254000323
[18_3_in_circle] Success!
[20_4_in_CIRCLE] Starting (50000 attempts)
[Main] Worker finished 18_3_in_circle with score 1.8204190752494187[35_4_in_CIRCLE] Starting (50000 attempts)

[19_3_in_circle] Success!
[Main] Worker finished 19_3_in_circle with score 1.8582158012495773
[39_3_in_3] Starting (50000 attempts)
[16_3_in_circle] Starting (50000 attempts)
[38_3_in_3] Success!
[Main] Worker finished 38_3_in_3 with score 6.84302398719644
[19_4_in_CIRCLE] Success!
[10_3_in_circle] Success!
[Main] Worker finished 19_4_in_CIRCLE with score 2.8776782496867814
[25_4_in_CIRCLE] Starting (50000 attempts)
[Main] Worker finished 10_3_in_circle with score 1.4007623159126743
[12_CIRCLE_in_CIRCLE] Starting (50000 attempts)
[8_3_in_circle] Starting (50000 attempts)
[18_4_in_CIRCLE] Success!
[Main] Worker finished 18_4_in_CIRCLE with score 2.8016697604273646
[13_CIRCLE_in_3] Starting (50000 attempts)
[26_4_in_DOMINO] Success!
[Main] Worker finished 26_4_in_DOMINO with score 4.020360663309433
[17_CIRCLE_in_CIRCLE] Success!
[43_3_in_3] Success!
[Main] Worker finished 17_CIRCLE_in_CIRCLE with score 4.809960188594904
[11_3_in_circle] Starting (50000 attempts)
[Main] Worker finished 43_3_in_3 with score 6.9673699289329925
[15_3_in_circle] Starting (50000 attempts)
[39_4_in_DOMINO] Starting (50000 attempts)
[20_3_in_circle] Success!
[Main] Worker finished 20_3_in_circle with score 1.8958192025625156
[15_CIRCLE_in_CIRCLE] Starting (50000 attempts)
[21_4_in_CIRCLE] Success!
[Main] Worker finished 21_4_in_CIRCLE with score 3.1064519114939206
[18_3_in_circle] Starting (50000 attempts)
[14_CIRCLE_in_CIRCLE] Success!
[Main] Worker finished 14_CIRCLE_in_CIRCLE with score 4.345096413036063
[33_4_in_CIRCLE] Success!
[Main] Worker finished 33_4_in_CIRCLE with score 4.019565593893119
[19_3_in_circle] Starting (50000 attempts)
[12_3_in_circle] Success!
[Main] Worker finished 12_3_in_circle with score 1.5230514075566917
[13_4_in_DOMINO] Starting (50000 attempts)
[34_4_in_DOMINO] Success!
[16_CIRCLE_in_CIRCLE] Success!
[Main] Worker finished 16_CIRCLE_in_CIRCLE with score 4.63348722009616
[19_4_in_CIRCLE] Starting (50000 attempts)
[Main] Worker finished 34_4_in_DOMINO with score 4.510334332905153
[34_4_in_CIRCLE] Success!
[18_CIRCLE_in_CIRCLE] Success!
[10_3_in_circle] Starting (50000 attempts)
[Main] Worker finished 18_CIRCLE_in_CIRCLE with score 4.883494798545663
[18_4_in_CIRCLE] Starting (50000 attempts)
[Main] Worker finished 34_4_in_CIRCLE with score 3.747067648153613
[34_4_in_CIRCLE] Starting (50000 attempts)
[17_CIRCLE_in_CIRCLE] Starting (50000 attempts)
[20_CIRCLE_in_CIRCLE] Success!
[Main] Worker finished 20_CIRCLE_in_CIRCLE with score 5.143321280120154
[16_4_in_CIRCLE] Success!
[Main] Worker finished 16_4_in_CIRCLE with score 2.643847752583437
[22_4_in_DOMINO] Starting (50000 attempts)
[26_4_in_CIRCLE] Success!
[Main] Worker finished 26_4_in_CIRCLE with score 3.265553306575606
[20_3_in_circle] Starting (50000 attempts)
[21_4_in_CIRCLE] Starting (50000 attempts)
[11_4_in_DOMINO] Success!
[Main] Worker finished 11_4_in_DOMINO with score 2.931723676723068
[29_4_in_CIRCLE] Success!
[14_CIRCLE_in_3] Success!
[Main] Worker finished 14_CIRCLE_in_3 with score 11.471632991608798
[14_CIRCLE_in_CIRCLE] Starting (50000 attempts)
[Main] Worker finished 29_4_in_CIRCLE with score 3.631402274099691
[12_3_in_circle] Starting (50000 attempts)
[23_4_in_DOMINO] Success!
[Main] Worker finished 23_4_in_DOMINO with score 3.8688750047412386
[33_4_in_CIRCLE] Starting (50000 attempts)
[16_CIRCLE_in_CIRCLE] Starting (50000 attempts)
[30_4_in_CIRCLE] Success!
[Main] Worker finished 30_4_in_CIRCLE with score 3.5236257287305413
[41_4_in_DOMINO] Starting (50000 attempts)
[23_4_in_CIRCLE] Success!
[Main] Worker finished 23_4_in_CIRCLE with score 3.115803431953349
[35_4_in_CIRCLE] Success!
[Main] Worker finished 35_4_in_CIRCLE with score 4.122661303363914
[18_CIRCLE_in_CIRCLE] Starting (50000 attempts)
[42_4_in_DOMINO] Success!
[Main] Worker finished 42_4_in_DOMINO with score 5.029602176115146
[35_4_in_CIRCLE] Starting (50000 attempts)
[20_CIRCLE_in_CIRCLE] Starting (50000 attempts)
[20_4_in_CIRCLE] Success!
[Main] Worker finished 20_4_in_CIRCLE with score 2.9479967602447665
[16_4_in_CIRCLE] Starting (50000 attempts)
[16_3_in_circle] Success!
[Main] Worker finished 16_3_in_circle with score 1.7029189896133312
[26_4_in_CIRCLE] Starting (50000 attempts)
[31_4_in_CIRCLE] Success!
[Main] Worker finished 31_4_in_CIRCLE with score 3.7364237438117933
[40_4_in_DOMINO] Starting (50000 attempts)
[37_3_in_3] Success!
[Main] Worker finished 37_3_in_3 with score 6.773117703585962
[12_CIRCLE_in_CIRCLE] Success!
[Main] Worker finished 12_CIRCLE_in_CIRCLE with score 4.044636069278394
[14_CIRCLE_in_3] Starting (50000 attempts)
[8_3_in_circle] Success!
[39_3_in_3] Success!
[Main] Worker finished 39_3_in_3 with score 6.940912390839882
[29_4_in_CIRCLE] Starting (50000 attempts)
[Main] Worker finished 8_3_in_circle with score 1.2748051192828511
[13_CIRCLE_in_3] Success!
[30_4_in_CIRCLE] Starting (50000 attempts)
[Main] Worker finished 13_CIRCLE_in_3 with score 11.413488992180232[32_3_in_3] Starting (50000 attempts)

[25_4_in_CIRCLE] Success!
[Main] Worker finished 25_4_in_CIRCLE with score 3.2232942054853804
[23_4_in_CIRCLE] Starting (50000 attempts)
[38_4_in_DOMINO] Starting (50000 attempts)
[11_3_in_circle] Success!
[Main] Worker finished 11_3_in_circle with score 1.4830513649835477
[25_4_in_DOMINO] Starting (50000 attempts)
[15_3_in_circle] Success!
[Main] Worker finished 15_3_in_circle with score 1.6549223038095542
[20_4_in_CIRCLE] Starting (50000 attempts)
[15_CIRCLE_in_CIRCLE] Success!
[Main] Worker finished 15_CIRCLE_in_CIRCLE with score 4.538260254000323
[16_3_in_circle] Starting (50000 attempts)
[18_3_in_circle] Success!
[Main] Worker finished 18_3_in_circle with score 1.8204190752494187
[31_4_in_CIRCLE] Starting (50000 attempts)
[39_4_in_DOMINO] Success!
[Main] Worker finished 39_4_in_DOMINO with score 5.023275579401488
[13_3_in_3] Starting (50000 attempts)
[13_4_in_DOMINO] Success!
[Main] Worker finished 13_4_in_DOMINO with score 3.0482570050526587
[19_3_in_circle] Success!
[Main] Worker finished 19_3_in_circle with score 1.8582158012495773
[12_CIRCLE_in_CIRCLE] Starting (50000 attempts)
[10_3_in_circle] Success!
[19_4_in_CIRCLE] Success!
[Main] Worker finished 19_4_in_CIRCLE with score 2.8776782496867814[44_3_in_3] Starting (50000 attempts)

[Main] Worker finished 10_3_in_circle with score 1.4007623159126743
[13_CIRCLE_in_3] Starting (50000 attempts)
[8_3_in_circle] Starting (50000 attempts)
[17_CIRCLE_in_CIRCLE] Success!
[Main] Worker finished 17_CIRCLE_in_CIRCLE with score 4.809960188594904
[18_4_in_CIRCLE] Success!
[Main] Worker finished 18_4_in_CIRCLE with score 2.8016697604273646
[25_4_in_CIRCLE] Starting (50000 attempts)
[11_3_in_circle] Starting (50000 attempts)
[14_CIRCLE_in_CIRCLE] Success!
[Main] Worker finished 14_CIRCLE_in_CIRCLE with score 4.345096413036063
[20_3_in_circle] Success!
[Main] Worker finished 20_3_in_circle with score 1.8958192025625156
[15_3_in_circle] Starting (50000 attempts)
[21_4_in_CIRCLE] Success!
[22_4_in_DOMINO] Success!
[12_3_in_circle] Success!
[Main] Worker finished 12_3_in_circle with score 1.5230514075566917
[15_CIRCLE_in_CIRCLE] Starting (50000 attempts)
[Main] Worker finished 21_4_in_CIRCLE with score 3.1064519114939206
[Main] Worker finished 22_4_in_DOMINO with score 3.9641227017335576
[16_CIRCLE_in_CIRCLE] Success!
[18_3_in_circle] Starting (50000 attempts)
[34_4_in_CIRCLE] Success!
[24_4_in_DOMINO] Starting (50000 attempts)
[18_CIRCLE_in_CIRCLE] Success!
[35_4_in_CIRCLE] Success!
[Main] Worker finished 34_4_in_CIRCLE with score 3.8281160934956127[21_3_in_3] Starting (50000 attempts)

[Main] Worker finished 16_CIRCLE_in_CIRCLE with score 4.63348722009616
[Main] Worker finished 35_4_in_CIRCLE with score 4.108256491675653
[Main] Worker finished 18_CIRCLE_in_CIRCLE with score 4.883494798545663
[20_CIRCLE_in_CIRCLE] Success!
[17_CIRCLE_in_CIRCLE] Starting (50000 attempts)
[10_3_in_circle] Starting (50000 attempts)
[33_4_in_CIRCLE] Success!
[16_4_in_CIRCLE] Success!
[19_3_in_circle] Starting (50000 attempts)
[Main] Worker finished 20_CIRCLE_in_CIRCLE with score 5.143321280120154
[19_4_in_CIRCLE] Starting (50000 attempts)
[Main] Worker finished 33_4_in_CIRCLE with score 4.019565593893119
[Main] Worker finished 16_4_in_CIRCLE with score 2.643847752583437
[41_4_in_DOMINO] Success!
[14_CIRCLE_in_CIRCLE] Starting (50000 attempts)
[18_4_in_CIRCLE] Starting (50000 attempts)
[Main] Worker finished 41_4_in_DOMINO with score 5.019525795832946
[20_3_in_circle] Starting (50000 attempts)
[14_CIRCLE_in_3] Success!
[Main] Worker finished 14_CIRCLE_in_3 with score 11.471632991608798[12_3_in_circle] Starting (50000 attempts)

[26_4_in_CIRCLE] Success!
[Main] Worker finished 26_4_in_CIRCLE with score 3.265553306575606[21_4_in_CIRCLE] Starting (50000 attempts)

[33_4_in_DOMINO] Starting (50000 attempts)
[29_4_in_CIRCLE] Success!
[Main] Worker finished 29_4_in_CIRCLE with score 3.631402274099691
[23_4_in_CIRCLE] Success!
[Main] Worker finished 23_4_in_CIRCLE with score 3.115803431953349
[30_3_in_3] Starting (50000 attempts)
[32_3_in_3] Success!
[Main] Worker finished 32_3_in_3 with score 6.06037645787977
[16_CIRCLE_in_CIRCLE] Starting (50000 attempts)
[40_4_in_DOMINO] Success!
[30_4_in_CIRCLE] Success!
[Main] Worker finished 30_4_in_CIRCLE with score 3.5236257287305413
[31_3_in_3] Starting (50000 attempts)
[Main] Worker finished 40_4_in_DOMINO with score 4.943502864466721
[18_CIRCLE_in_CIRCLE] Starting (50000 attempts)
[20_CIRCLE_in_CIRCLE] Starting (50000 attempts)
[25_4_in_DOMINO] Success!
[Main] Worker finished 25_4_in_DOMINO with score 4.00437912608468
[33_4_in_CIRCLE] Starting (50000 attempts)
[20_4_in_CIRCLE] Success!
[Main] Worker finished 20_4_in_CIRCLE with score 2.9479967602447665
[16_3_in_circle] Success!
[Main] Worker finished 16_3_in_circle with score 1.7029189896133312
[16_4_in_CIRCLE] Starting (50000 attempts)
[45_3_in_3] Starting (50000 attempts)
[38_4_in_DOMINO] Success!
[Main] Worker finished 38_4_in_DOMINO with score 4.867215641034746
[38_4_in_DOMINO] Starting (50000 attempts)
[13_3_in_3] Success!
[Main] Worker finished 13_3_in_3 with score 4.020316954443297
[14_CIRCLE_in_3] Starting (50000 attempts)
[12_CIRCLE_in_CIRCLE] Success!
[Main] Worker finished 12_CIRCLE_in_CIRCLE with score 4.044636069278394
[29_4_in_CIRCLE] Starting (50000 attempts)
[13_CIRCLE_in_3] Success!
[Main] Worker finished 13_CIRCLE_in_3 with score 11.413488992180232
[26_4_in_CIRCLE] Starting (50000 attempts)
[8_3_in_circle] Success!
[Main] Worker finished 8_3_in_circle with score 1.2748051192828511
[23_4_in_CIRCLE] Starting (50000 attempts)
[31_4_in_CIRCLE] Success!
[Main] Worker finished 31_4_in_CIRCLE with score 3.7364237438117933
[11_3_in_circle] Success!
[Main] Worker finished 11_3_in_circle with score 1.4830513649835477
[30_4_in_CIRCLE] Starting (50000 attempts)
[38_3_in_3] Starting (50000 attempts)
[15_CIRCLE_in_CIRCLE] Success!
[Main] Worker finished 15_CIRCLE_in_CIRCLE with score 4.538260254000323
[15_3_in_circle] Success!
[25_4_in_CIRCLE] Success!
[Main] Worker finished 15_3_in_circle with score 1.6549223038095542
[26_3_in_3] Starting (50000 attempts)
[Main] Worker finished 25_4_in_CIRCLE with score 3.2232942054853804
[44_3_in_3] Success!
[16_3_in_circle] Starting (50000 attempts)
[18_3_in_circle] Success!
[Main] Worker finished 18_3_in_circle with score 1.8204190752494187
[20_4_in_CIRCLE] Starting (50000 attempts)
[Main] Worker finished 44_3_in_3 with score 7.015974820954202
[43_3_in_3] Starting (50000 attempts)
[17_CIRCLE_in_CIRCLE] Success!
[Main] Worker finished 17_CIRCLE_in_CIRCLE with score 4.809960188594904
[26_4_in_DOMINO] Starting (50000 attempts)
[24_4_in_DOMINO] Success!
[Main] Worker finished 24_4_in_DOMINO with score 3.9241229167278884
[12_CIRCLE_in_CIRCLE] Starting (50000 attempts)
[10_3_in_circle] Success!
[21_3_in_3] Success!
[Main] Worker finished 21_3_in_3 with score 4.965060044085815
[13_CIRCLE_in_3] Starting (50000 attempts)
[Main] Worker finished 10_3_in_circle with score 1.4007623159126743
[14_CIRCLE_in_CIRCLE] Success!
[8_3_in_circle] Starting (50000 attempts)
[19_3_in_circle] Success!
[Main] Worker finished 14_CIRCLE_in_CIRCLE with score 4.345096413036063
[31_4_in_CIRCLE] Starting (50000 attempts)
[Main] Worker finished 19_3_in_circle with score 1.8582158012495773
[15_CIRCLE_in_CIRCLE] Starting (50000 attempts)
[19_4_in_CIRCLE] Success!
[12_3_in_circle] Success!
[Main] Worker finished 12_3_in_circle with score 1.5230514075566917
[11_3_in_circle] Starting (50000 attempts)
[Main] Worker finished 19_4_in_CIRCLE with score 2.8776782496867814
[18_4_in_CIRCLE] Success!
[20_3_in_circle] Success!
[15_3_in_circle] Starting (50000 attempts)
[Main] Worker finished 18_4_in_CIRCLE with score 2.8016697604273646
[25_4_in_CIRCLE] Starting (50000 attempts)
[Main] Worker finished 20_3_in_circle with score 1.8958192025625156
[21_4_in_CIRCLE] Success!
[18_3_in_circle] Starting (50000 attempts)
[Main] Worker finished 21_4_in_CIRCLE with score 3.1064519114939206
[34_4_in_DOMINO] Starting (50000 attempts)
[17_CIRCLE_in_CIRCLE] Starting (50000 attempts)
[16_CIRCLE_in_CIRCLE] Success!
[Main] Worker finished 16_CIRCLE_in_CIRCLE with score 4.63348722009616
[42_4_in_DOMINO] Starting (50000 attempts)
[33_4_in_DOMINO] Success!
[Main] Worker finished 33_4_in_DOMINO with score 4.475096077264324
[18_CIRCLE_in_CIRCLE] Success!
[Main] Worker finished 18_CIRCLE_in_CIRCLE with score 4.883494798545663
[34_4_in_CIRCLE] Starting (50000 attempts)
[10_3_in_circle] Starting (50000 attempts)
[20_CIRCLE_in_CIRCLE] Success!
[Main] Worker finished 20_CIRCLE_in_CIRCLE with score 5.143321280120154
[14_CIRCLE_in_CIRCLE] Starting (50000 attempts)
[16_4_in_CIRCLE] Success!
[Main] Worker finished 16_4_in_CIRCLE with score 2.643847752583437
[30_3_in_3] Success!
[Main] Worker finished 30_3_in_3 with score 6.047215182458681
[19_3_in_circle] Starting (50000 attempts)
[31_3_in_3] Success!
[Main] Worker finished 31_3_in_3 with score 5.927325264360006
[12_3_in_circle] Starting (50000 attempts)
[31_3_in_3] Starting (50000 attempts)
[33_4_in_CIRCLE] Success!
[Main] Worker finished 33_4_in_CIRCLE with score 4.019565593893119
[14_CIRCLE_in_3] Success!
[Main] Worker finished 14_CIRCLE_in_3 with score 11.471632991608798
[19_4_in_CIRCLE] Starting (50000 attempts)
[18_4_in_CIRCLE] Starting (50000 attempts)
[29_4_in_CIRCLE] Success!
[Main] Worker finished 29_4_in_CIRCLE with score 3.631402274099691
[38_4_in_DOMINO] Success!
[Main] Worker finished 38_4_in_DOMINO with score 4.867215641034746
[20_3_in_circle] Starting (50000 attempts)
[45_3_in_3] Success!
[26_4_in_CIRCLE] Success!
[Main] Worker finished 45_3_in_3 with score 7.030922742455542
[38_4_in_DOMINO] Starting (50000 attempts)
[Main] Worker finished 26_4_in_CIRCLE with score 3.265553306575606
[16_CIRCLE_in_CIRCLE] Starting (50000 attempts)
[18_CIRCLE_in_CIRCLE] Starting (50000 attempts)
[23_4_in_CIRCLE] Success!
[Main] Worker finished 23_4_in_CIRCLE with score 3.115803431953349
[20_CIRCLE_in_CIRCLE] Starting (50000 attempts)
[30_4_in_CIRCLE] Success!
[Main] Worker finished 30_4_in_CIRCLE with score 3.5236257287305413
[21_4_in_CIRCLE] Starting (50000 attempts)
[16_3_in_circle] Success!
[Main] Worker finished 16_3_in_circle with score 1.7029189896133312
[16_4_in_CIRCLE] Starting (50000 attempts)
[38_3_in_3] Success!
[Main] Worker finished 38_3_in_3 with score 6.84302398719644
[42_3_in_3] Starting (50000 attempts)
[20_4_in_CIRCLE] Success!
[Main] Worker finished 20_4_in_CIRCLE with score 2.9479967602447665
[26_3_in_3] Success!
[12_CIRCLE_in_CIRCLE] Success!
[Main] Worker finished 26_3_in_3 with score 5.661931242646113[33_4_in_CIRCLE] Starting (50000 attempts)

[Main] Worker finished 12_CIRCLE_in_CIRCLE with score 4.044636069278394
[13_CIRCLE_in_3] Success!
[26_3_in_3] Starting (50000 attempts)
[Main] Worker finished 13_CIRCLE_in_3 with score 11.413488992180232
[14_CIRCLE_in_3] Starting (50000 attempts)
[29_4_in_CIRCLE] Starting (50000 attempts)
[8_3_in_circle] Success!
[Main] Worker finished 8_3_in_circle with score 1.2748051192828511
[26_4_in_DOMINO] Success!
[Main] Worker finished 26_4_in_DOMINO with score 4.020360663309433
[23_4_in_DOMINO] Starting (50000 attempts)
[26_4_in_CIRCLE] Starting (50000 attempts)
[15_CIRCLE_in_CIRCLE] Success!
[Main] Worker finished 15_CIRCLE_in_CIRCLE with score 4.538260254000323
[23_4_in_CIRCLE] Starting (50000 attempts)
[11_3_in_circle] Success!
[Main] Worker finished 11_3_in_circle with score 1.4830513649835477
[30_4_in_CIRCLE] Starting (50000 attempts)
[15_3_in_circle] Success!
[Main] Worker finished 15_3_in_circle with score 1.6549223038095542
[43_3_in_3] Success!
[Main] Worker finished 43_3_in_3 with score 6.9673699289329925
[16_3_in_circle] Starting (50000 attempts)
[11_4_in_DOMINO] Starting (50000 attempts)
[31_4_in_CIRCLE] Success!
[Main] Worker finished 31_4_in_CIRCLE with score 3.7364237438117933
[20_4_in_CIRCLE] Starting (50000 attempts)
[18_3_in_circle] Success!
[Main] Worker finished 18_3_in_circle with score 1.8204190752494187
[17_CIRCLE_in_CIRCLE] Success!
[Main] Worker finished 17_CIRCLE_in_CIRCLE with score 4.809960188594904[37_3_in_3] Starting (50000 attempts)

[12_CIRCLE_in_CIRCLE] Starting (50000 attempts)
[25_4_in_CIRCLE] Success!
[Main] Worker finished 25_4_in_CIRCLE with score 3.2232942054853804
[13_CIRCLE_in_3] Starting (50000 attempts)
[10_3_in_circle] Success!
[Main] Worker finished 10_3_in_circle with score 1.4007623159126743
[8_3_in_circle] Starting (50000 attempts)
[14_CIRCLE_in_CIRCLE] Success!
[Main] Worker finished 14_CIRCLE_in_CIRCLE with score 4.345096413036063
[41_3_in_3] Starting (50000 attempts)
[34_4_in_DOMINO] Success!
[Main] Worker finished 34_4_in_DOMINO with score 4.510334332905153
[15_CIRCLE_in_CIRCLE] Starting (50000 attempts)
[19_3_in_circle] Success!
[Main] Worker finished 19_3_in_circle with score 1.8582158012495773
[12_3_in_circle] Success!
[42_4_in_DOMINO] Success!
[Main] Worker finished 12_3_in_circle with score 1.5230514075566917
[11_3_in_circle] Starting (50000 attempts)
[Main] Worker finished 42_4_in_DOMINO with score 5.029602176115146
[34_4_in_CIRCLE] Success!
[15_3_in_circle] Starting (50000 attempts)
[Main] Worker finished 34_4_in_CIRCLE with score 3.8281160934956127
[39_3_in_3] Starting (50000 attempts)
[31_4_in_CIRCLE] Starting (50000 attempts)
[31_3_in_3] Success!
[Main] Worker finished 31_3_in_3 with score 5.927325264360006
[19_4_in_CIRCLE] Success!
[Main] Worker finished 19_4_in_CIRCLE with score 2.8776782496867814[31_3_in_3] Starting (50000 attempts)

[17_CIRCLE_in_CIRCLE] Starting (50000 attempts)
[18_4_in_CIRCLE] Success!
[Main] Worker finished 18_4_in_CIRCLE with score 2.8016697604273646
[18_3_in_circle] Starting (50000 attempts)
[16_CIRCLE_in_CIRCLE] Success!
[Main] Worker finished 16_CIRCLE_in_CIRCLE with score 4.63348722009616
[18_CIRCLE_in_CIRCLE] Success!
[Main] Worker finished 18_CIRCLE_in_CIRCLE with score 4.883494798545663
[10_3_in_circle] Starting (50000 attempts)
[20_3_in_circle] Success!
[Main] Worker finished 20_3_in_circle with score 1.8958192025625156[14_CIRCLE_in_CIRCLE] Starting (50000 attempts)

[25_4_in_CIRCLE] Starting (50000 attempts)
[20_CIRCLE_in_CIRCLE] Success!
[Main] Worker finished 20_CIRCLE_in_CIRCLE with score 5.143321280120154
[19_3_in_circle] Starting (50000 attempts)
[38_4_in_DOMINO] Success!
[Main] Worker finished 38_4_in_DOMINO with score 5.085037051003258
[21_4_in_CIRCLE] Success!
[Main] Worker finished 21_4_in_CIRCLE with score 3.1064519114939206[12_3_in_circle] Starting (50000 attempts)

[16_4_in_CIRCLE] Success!
[14_CIRCLE_in_3] Success!
[Main] Worker finished 16_4_in_CIRCLE with score 2.643847752583437[21_3_in_circle] Starting (50000 attempts)

[Main] Worker finished 14_CIRCLE_in_3 with score 11.471632991608798
[39_4_in_DOMINO] Starting (50000 attempts)
[13_4_in_DOMINO] Starting (50000 attempts)
[26_3_in_3] Success!
[Main] Worker finished 26_3_in_3 with score 5.719122467319307
[19_4_in_CIRCLE] Starting (50000 attempts)
[23_4_in_DOMINO] Success!
[Main] Worker finished 23_4_in_DOMINO with score 3.8688750047412386
[18_4_in_CIRCLE] Starting (50000 attempts)
[33_4_in_CIRCLE] Success!
[Main] Worker finished 33_4_in_CIRCLE with score 4.019565593893119
[26_4_in_CIRCLE] Success!
[Main] Worker finished 26_4_in_CIRCLE with score 3.265553306575606
[16_CIRCLE_in_CIRCLE] Starting (50000 attempts)
[29_4_in_CIRCLE] Success!
[42_3_in_3] Success!
[23_4_in_CIRCLE] Success!
[Main] Worker finished 42_3_in_3 with score 7.0779489011835555
[18_CIRCLE_in_CIRCLE] Starting (50000 attempts)
[Main] Worker finished 29_4_in_CIRCLE with score 3.631402274099691
[Main] Worker finished 23_4_in_CIRCLE with score 3.115803431953349
[16_3_in_circle] Success!
[11_4_in_DOMINO] Success!
[20_CIRCLE_in_CIRCLE] Starting (50000 attempts)
[11_3_in_3] Starting (50000 attempts)
[Main] Worker finished 16_3_in_circle with score 1.7029189896133312
[22_4_in_DOMINO] Starting (50000 attempts)
[Main] Worker finished 11_4_in_DOMINO with score 2.9024064399558376
[11_4_in_DOMINO] Starting (50000 attempts)
[30_4_in_CIRCLE] Success!
[12_CIRCLE_in_CIRCLE] Success!
[Main] Worker finished 30_4_in_CIRCLE with score 3.5236257287305413[41_4_in_DOMINO] Starting (50000 attempts)

[Main] Worker finished 12_CIRCLE_in_CIRCLE with score 4.044636069278394
[14_CIRCLE_in_3] Starting (50000 attempts)
[20_4_in_CIRCLE] Success!
[13_CIRCLE_in_3] Success!
[Main] Worker finished 13_CIRCLE_in_3 with score 11.413488992180232
[40_4_in_DOMINO] Starting (50000 attempts)
[Main] Worker finished 20_4_in_CIRCLE with score 2.9479967602447665
[8_3_in_circle] Success!
[33_4_in_CIRCLE] Starting (50000 attempts)
[Main] Worker finished 8_3_in_circle with score 1.2748051192828511[20_3_in_circle] Starting (50000 attempts)

[32_3_in_3] Starting (50000 attempts)
[15_CIRCLE_in_CIRCLE] Success!
[Main] Worker finished 15_CIRCLE_in_CIRCLE with score 4.538260254000323
[25_4_in_DOMINO] Starting (50000 attempts)
[37_3_in_3] Success!
[Main] Worker finished 37_3_in_3 with score 6.773117703585962
[29_4_in_CIRCLE] Starting (50000 attempts)
[11_3_in_circle] Success!
[Main] Worker finished 11_3_in_circle with score 1.4830513649835477
[13_3_in_3] Starting (50000 attempts)
[15_3_in_circle] Success!
[Main] Worker finished 15_3_in_circle with score 1.6549223038095542
[16_3_in_circle] Starting (50000 attempts)
[41_3_in_3] Success!
[Main] Worker finished 41_3_in_3 with score 6.910804457618678
[41_3_in_3] Starting (50000 attempts)
[17_CIRCLE_in_CIRCLE] Success!
[Main] Worker finished 17_CIRCLE_in_CIRCLE with score 4.809960188594904
[44_3_in_3] Starting (50000 attempts)
[18_3_in_circle] Success!
[Main] Worker finished 18_3_in_circle with score 1.8204190752494187
[31_4_in_CIRCLE] Success!
[Main] Worker finished 31_4_in_CIRCLE with score 3.7364237438117933
[12_CIRCLE_in_CIRCLE] Starting (50000 attempts)
[13_CIRCLE_in_3] Starting (50000 attempts)
[14_CIRCLE_in_CIRCLE] Success!
[Main] Worker finished 14_CIRCLE_in_CIRCLE with score 4.345096413036063
[10_3_in_circle] Success!
[Main] Worker finished 10_3_in_circle with score 1.4007623159126743
[24_4_in_DOMINO] Starting (50000 attempts)
[8_3_in_circle] Starting (50000 attempts)
[39_3_in_3] Success!
[Main] Worker finished 39_3_in_3 with score 6.809573200582781
[31_3_in_3] Success!
[Main] Worker finished 31_3_in_3 with score 5.927325264360006
[39_3_in_3] Starting (50000 attempts)
[31_3_in_3] Starting (50000 attempts)
[19_3_in_circle] Success!
[Main] Worker finished 19_3_in_circle with score 1.8582158012495773
[15_CIRCLE_in_CIRCLE] Starting (50000 attempts)
[25_4_in_CIRCLE] Success!
[Main] Worker finished 25_4_in_CIRCLE with score 3.2232942054853804
[11_3_in_circle] Starting (50000 attempts)
[12_3_in_circle] Success!
[Main] Worker finished 12_3_in_circle with score 1.5230514075566917
[15_3_in_circle] Starting (50000 attempts)
[13_4_in_DOMINO] Success!
[Main] Worker finished 13_4_in_DOMINO with score 3.0223172208985285
[21_3_in_circle] Success!
[Main] Worker finished 21_3_in_circle with score 1.932475012484084
[13_4_in_DOMINO] Starting (50000 attempts)
[17_CIRCLE_in_CIRCLE] Starting (50000 attempts)
[16_CIRCLE_in_CIRCLE] Success!
[Main] Worker finished 16_CIRCLE_in_CIRCLE with score 4.63348722009616
[18_3_in_circle] Starting (50000 attempts)
[18_CIRCLE_in_CIRCLE] Success!
[Main] Worker finished 18_CIRCLE_in_CIRCLE with score 4.883494798545663
[19_4_in_CIRCLE] Success!
[Main] Worker finished 19_4_in_CIRCLE with score 2.8776782496867814
[14_CIRCLE_in_CIRCLE] Starting (50000 attempts)
[18_4_in_CIRCLE] Success!
[20_CIRCLE_in_CIRCLE] Success!
[11_3_in_3] Success!
[Main] Worker finished 11_3_in_3 with score 3.746847963455798
[10_3_in_circle] Starting (50000 attempts)
[Main] Worker finished 18_4_in_CIRCLE with score 2.8016697604273646
[Main] Worker finished 20_CIRCLE_in_CIRCLE with score 5.143321280120154
[39_4_in_DOMINO] Success!
[11_4_in_DOMINO] Success!
[31_4_in_CIRCLE] Starting (50000 attempts)
[19_3_in_circle] Starting (50000 attempts)
[Main] Worker finished 39_4_in_DOMINO with score 5.023275579401488
[21_4_in_CIRCLE] Starting (50000 attempts)
[14_CIRCLE_in_3] Success!
[Main] Worker finished 11_4_in_DOMINO with score 2.848831780259015
[11_4_in_DOMINO] Starting (50000 attempts)
[Main] Worker finished 14_CIRCLE_in_3 with score 11.471632991608798
[12_3_in_circle] Starting (50000 attempts)
[21_3_in_3] Starting (50000 attempts)
[22_4_in_DOMINO] Success!
[Main] Worker finished 22_4_in_DOMINO with score 3.7914164805615247
[22_4_in_DOMINO] Starting (50000 attempts)
[20_3_in_circle] Success!
[Main] Worker finished 20_3_in_circle with score 1.8958192025625156
[16_CIRCLE_in_CIRCLE] Starting (50000 attempts)
[41_4_in_DOMINO] Success!
[Main] Worker finished 41_4_in_DOMINO with score 5.019525795832946
[18_CIRCLE_in_CIRCLE] Starting (50000 attempts)
[32_3_in_3] Success!
[Main] Worker finished 32_3_in_3 with score 6.020497735748146
[32_3_in_3] Starting (50000 attempts)
[13_3_in_3] Success!
[Main] Worker finished 13_3_in_3 with score 4.020316954443297
[33_4_in_DOMINO] Starting (50000 attempts)
[25_4_in_DOMINO] Success!
[Main] Worker finished 25_4_in_DOMINO with score 4.00437912608468
[30_3_in_3] Starting (50000 attempts)
[40_4_in_DOMINO] Success!
[Main] Worker finished 40_4_in_DOMINO with score 4.943502864466721
[16_3_in_circle] Success!
[33_4_in_CIRCLE] Success!
[Main] Worker finished 16_3_in_circle with score 1.7029189896133312
[20_CIRCLE_in_CIRCLE] Starting (50000 attempts)
[Main] Worker finished 33_4_in_CIRCLE with score 4.019565593893119
[26_4_in_CIRCLE] Starting (50000 attempts)
[30_4_in_CIRCLE] Starting (50000 attempts)
[29_4_in_CIRCLE] Success!
[Main] Worker finished 29_4_in_CIRCLE with score 3.631402274099691
[14_CIRCLE_in_3] Starting (50000 attempts)
[13_CIRCLE_in_3] Success!
[Main] Worker finished 13_CIRCLE_in_3 with score 11.413488992180232
[12_CIRCLE_in_CIRCLE] Success!
[Main] Worker finished 12_CIRCLE_in_CIRCLE with score 4.044636069278394
[23_4_in_CIRCLE] Starting (50000 attempts)
[45_3_in_3] Starting (50000 attempts)
[8_3_in_circle] Success!
[Main] Worker finished 8_3_in_circle with score 1.2748051192828511
[38_3_in_3] Starting (50000 attempts)
[24_4_in_DOMINO] Success!
[Main] Worker finished 24_4_in_DOMINO with score 3.9241229167278884
[25_4_in_CIRCLE] Starting (50000 attempts)
[15_CIRCLE_in_CIRCLE] Success!
[Main] Worker finished 15_CIRCLE_in_CIRCLE with score 4.538260254000323
[41_3_in_3] Success!
[Main] Worker finished 41_3_in_3 with score 6.959075514447739
[43_3_in_3] Starting (50000 attempts)
[41_3_in_3] Starting (50000 attempts)
[44_3_in_3] Success!
[Main] Worker finished 44_3_in_3 with score 7.015974820954202
[16_4_in_CIRCLE] Starting (50000 attempts)
[11_3_in_circle] Success!
[Main] Worker finished 11_3_in_circle with score 1.4830513649835477
[31_3_in_3] Success!
[Main] Worker finished 31_3_in_3 with score 6.155257820131821
[16_3_in_circle] Starting (50000 attempts)
[26_4_in_DOMINO] Starting (50000 attempts)
[15_3_in_circle] Success!
[Main] Worker finished 15_3_in_circle with score 1.6549223038095542
[39_3_in_3] Success!
[Main] Worker finished 39_3_in_3 with score 6.940912390839882
[34_4_in_DOMINO] Starting (50000 attempts)
[13_4_in_DOMINO] Success!
[17_CIRCLE_in_CIRCLE] Success!
[Main] Worker finished 17_CIRCLE_in_CIRCLE with score 4.809960188594904
[13_CIRCLE_in_3] Starting (50000 attempts)
[Main] Worker finished 13_4_in_DOMINO with score 3.0223172208985285
[12_CIRCLE_in_CIRCLE] Starting (50000 attempts)
[8_3_in_circle] Starting (50000 attempts)
[14_CIRCLE_in_CIRCLE] Success!
[Main] Worker finished 14_CIRCLE_in_CIRCLE with score 4.345096413036063
[18_3_in_circle] Success!
[Main] Worker finished 18_3_in_circle with score 1.8204190752494187
[33_4_in_CIRCLE] Starting (50000 attempts)
[10_3_in_circle] Success!
[Main] Worker finished 10_3_in_circle with score 1.4007623159126743[15_CIRCLE_in_CIRCLE] Starting (50000 attempts)

[19_4_in_CIRCLE] Starting (50000 attempts)
[11_4_in_DOMINO] Success!
[Main] Worker finished 11_4_in_DOMINO with score 2.9024064399558376
[12_3_in_circle] Success!
[Main] Worker finished 12_3_in_circle with score 1.5230514075566917
[11_4_in_DOMINO] Starting (50000 attempts)
[19_3_in_circle] Success!
[Main] Worker finished 19_3_in_circle with score 1.8582158012495773
[11_3_in_circle] Starting (50000 attempts)
[21_4_in_CIRCLE] Success!
[Main] Worker finished 21_4_in_CIRCLE with score 3.1064519114939206
[20_4_in_CIRCLE] Starting (50000 attempts)
[15_3_in_circle] Starting (50000 attempts)
[21_3_in_3] Success!
[Main] Worker finished 21_3_in_3 with score 4.965060044085815
[42_4_in_DOMINO] Starting (50000 attempts)
[16_CIRCLE_in_CIRCLE] Success!
[Main] Worker finished 16_CIRCLE_in_CIRCLE with score 4.63348722009616
[22_4_in_DOMINO] Success!
[31_4_in_CIRCLE] Success!
[Main] Worker finished 31_4_in_CIRCLE with score 3.7364237438117933
[17_CIRCLE_in_CIRCLE] Starting (50000 attempts)
[Main] Worker finished 22_4_in_DOMINO with score 3.9641227017335576
[14_CIRCLE_in_CIRCLE] Starting (50000 attempts)
[35_4_in_CIRCLE] Starting (50000 attempts)
[18_CIRCLE_in_CIRCLE] Success!
[Main] Worker finished 18_CIRCLE_in_CIRCLE with score 4.883494798545663
[18_3_in_circle] Starting (50000 attempts)
[20_CIRCLE_in_CIRCLE] Success!
[Main] Worker finished 20_CIRCLE_in_CIRCLE with score 5.143321280120154
[10_3_in_circle] Starting (50000 attempts)
[30_3_in_3] Success!
[Main] Worker finished 30_3_in_3 with score 6.102824021708157
[14_CIRCLE_in_3] Success!
[32_3_in_3] Success!
[Main] Worker finished 32_3_in_3 with score 5.984737071313207
[37_4_in_DOMINO] Starting (50000 attempts)
[Main] Worker finished 14_CIRCLE_in_3 with score 11.471632991608798
[12_3_in_circle] Starting (50000 attempts)
[50_3_in_3] Starting (50000 attempts)
[26_4_in_CIRCLE] Success!
[Main] Worker finished 26_4_in_CIRCLE with score 3.265553306575606
[33_4_in_DOMINO] Success!
[Main] Worker finished 33_4_in_DOMINO with score 4.475096077264324
[34_4_in_CIRCLE] Starting (50000 attempts)
[30_4_in_CIRCLE] Success!
[Main] Worker finished 30_4_in_CIRCLE with score 3.5236257287305413
[29_4_in_CIRCLE] Starting (50000 attempts)
[16_CIRCLE_in_CIRCLE] Starting (50000 attempts)
[23_4_in_CIRCLE] Success!
[Main] Worker finished 23_4_in_CIRCLE with score 3.115803431953349
[42_3_in_3] Starting (50000 attempts)
[25_4_in_CIRCLE] Success!
[Main] Worker finished 25_4_in_CIRCLE with score 3.2232942054853804
[23_4_in_DOMINO] Starting (50000 attempts)
[16_4_in_CIRCLE] Success!
[Main] Worker finished 16_4_in_CIRCLE with score 2.643847752583437
[18_CIRCLE_in_CIRCLE] Starting (50000 attempts)
[16_3_in_circle] Success!
[Main] Worker finished 16_3_in_circle with score 1.7029189896133312
[38_3_in_3] Success!
[45_3_in_3] Success!
[Main] Worker finished 45_3_in_3 with score 7.030922742455542[20_CIRCLE_in_CIRCLE] Starting (50000 attempts)

[Main] Worker finished 38_3_in_3 with score 6.84302398719644
[18_4_in_CIRCLE] Starting (50000 attempts)
[13_CIRCLE_in_3] Success!
[26_4_in_DOMINO] Success!
[Main] Worker finished 26_4_in_DOMINO with score 4.020360663309433
[37_3_in_3] Starting (50000 attempts)
[Main] Worker finished 13_CIRCLE_in_3 with score 11.413488992180232
[14_CIRCLE_in_3] Starting (50000 attempts)
[12_CIRCLE_in_CIRCLE] Success!
[Main] Worker finished 12_CIRCLE_in_CIRCLE with score 4.044636069278394
[31_4_in_CIRCLE] Starting (50000 attempts)
[8_3_in_circle] Success!
[Main] Worker finished 8_3_in_circle with score 1.2748051192828511
[29_3_in_3] Starting (50000 attempts)
[43_3_in_3] Success!
[Main] Worker finished 43_3_in_3 with score 6.9673699289329925
[21_3_in_circle] Starting (50000 attempts)
[41_3_in_3] Success!
[Main] Worker finished 41_3_in_3 with score 6.866970338907654
[39_4_in_DOMINO] Starting (50000 attempts)
[15_CIRCLE_in_CIRCLE] Success!
[Main] Worker finished 15_CIRCLE_in_CIRCLE with score 4.538260254000323
[11_3_in_3] Starting (50000 attempts)
[41_4_in_DOMINO] Starting (50000 attempts)
[19_4_in_CIRCLE] Success!
[Main] Worker finished 19_4_in_CIRCLE with score 2.8776782496867814
[16_3_in_circle] Starting (50000 attempts)
[34_4_in_DOMINO] Success!
[Main] Worker finished 34_4_in_DOMINO with score 4.510334332905153
[11_4_in_DOMINO] Success!
[Main] Worker finished 11_4_in_DOMINO with score 2.9024064399558376
[40_4_in_DOMINO] Starting (50000 attempts)
[11_4_in_DOMINO] Starting (50000 attempts)
[11_3_in_circle] Success!
[Main] Worker finished 11_3_in_circle with score 1.4830513649835477
[20_3_in_circle] Starting (50000 attempts)
[15_3_in_circle] Success!
[Main] Worker finished 15_3_in_circle with score 1.6549223038095542
[33_4_in_CIRCLE] Success!
[Main] Worker finished 33_4_in_CIRCLE with score 4.019565593893119[13_CIRCLE_in_3] Starting (50000 attempts)

[17_CIRCLE_in_CIRCLE] Success!
[20_4_in_CIRCLE] Success!
[Main] Worker finished 20_4_in_CIRCLE with score 2.9479967602447665[12_CIRCLE_in_CIRCLE] Starting (50000 attempts)

[Main] Worker finished 17_CIRCLE_in_CIRCLE with score 4.809960188594904
[14_CIRCLE_in_CIRCLE] Success!
[35_4_in_CIRCLE] Success!
[8_3_in_circle] Starting (50000 attempts)
[Main] Worker finished 14_CIRCLE_in_CIRCLE with score 4.345096413036063
[25_4_in_DOMINO] Starting (50000 attempts)
[Main] Worker finished 35_4_in_CIRCLE with score 4.118540496763505
[15_CIRCLE_in_CIRCLE] Starting (50000 attempts)
[13_3_in_3] Starting (50000 attempts)
[18_3_in_circle] Success!
[Main] Worker finished 18_3_in_circle with score 1.8204190752494187
[44_3_in_3] Starting (50000 attempts)
[10_3_in_circle] Success!
[Main] Worker finished 10_3_in_circle with score 1.4007623159126743
[28_3_in_circle] Starting (50000 attempts)
[42_4_in_DOMINO] Success!
[Main] Worker finished 42_4_in_DOMINO with score 5.029602176115146
[12_3_in_circle] Success!
[Main] Worker finished 12_3_in_circle with score 1.5230514075566917
[19_3_in_circle] Starting (50000 attempts)
[11_3_in_circle] Starting (50000 attempts)
[16_CIRCLE_in_CIRCLE] Success!
[Main] Worker finished 16_CIRCLE_in_CIRCLE with score 4.63348722009616
[15_3_in_circle] Starting (50000 attempts)
[37_4_in_DOMINO] Success!
[Main] Worker finished 37_4_in_DOMINO with score 5.0055607612139665
[29_4_in_CIRCLE] Success!
[34_4_in_CIRCLE] Success!
[Main] Worker finished 34_4_in_CIRCLE with score 3.8281160934956127
[24_4_in_DOMINO] Starting (50000 attempts)
[Main] Worker finished 29_4_in_CIRCLE with score 3.631402274099691
[17_CIRCLE_in_CIRCLE] Starting (50000 attempts)
[18_CIRCLE_in_CIRCLE] Success!
[Main] Worker finished 18_CIRCLE_in_CIRCLE with score 4.883494798545663
[21_4_in_CIRCLE] Starting (50000 attempts)
[14_CIRCLE_in_CIRCLE] Starting (50000 attempts)
[20_CIRCLE_in_CIRCLE] Success!
[Main] Worker finished 20_CIRCLE_in_CIRCLE with score 5.143321280120154
[21_3_in_3] Starting (50000 attempts)
[23_4_in_DOMINO] Success!
[Main] Worker finished 23_4_in_DOMINO with score 3.8688750047412386
[18_3_in_circle] Starting (50000 attempts)
[14_CIRCLE_in_3] Success!
[Main] Worker finished 14_CIRCLE_in_3 with score 11.471632991608798
[42_3_in_3] Success!
[50_3_in_3] Success!
[Main] Worker finished 50_3_in_3 with score 7.833756045824614
[10_3_in_circle] Starting (50000 attempts)
[Main] Worker finished 42_3_in_3 with score 7.142421307876803
[12_3_in_circle] Starting (50000 attempts)
[18_4_in_CIRCLE] Success!
[Main] Worker finished 18_4_in_CIRCLE with score 2.8016697604273646
[33_4_in_DOMINO] Starting (50000 attempts)
[16_CIRCLE_in_CIRCLE] Starting (50000 attempts)
[11_3_in_3] Success!
[Main] Worker finished 11_3_in_3 with score 3.746847963455798
[30_3_in_3] Starting (50000 attempts)
[21_3_in_circle] Success!
[Main] Worker finished 21_3_in_circle with score 1.932475012484084
[26_4_in_CIRCLE] Starting (50000 attempts)
[37_3_in_3] Success!
[Main] Worker finished 37_3_in_3 with score 6.773117703585962
[29_3_in_3] Success!
[31_4_in_CIRCLE] Success!
[Main] Worker finished 29_3_in_3 with score 5.977930657320277
[26_3_in_circle] Starting (50000 attempts)
[Main] Worker finished 31_4_in_CIRCLE with score 3.7364237438117933
[18_CIRCLE_in_CIRCLE] Starting (50000 attempts)
[16_3_in_circle] Success!
[Main] Worker finished 16_3_in_circle with score 1.7029189896133312[20_CIRCLE_in_CIRCLE] Starting (50000 attempts)

[39_4_in_DOMINO] Success!
[Main] Worker finished 39_4_in_DOMINO with score 5.023275579401488
[30_4_in_CIRCLE] Starting (50000 attempts)
[11_4_in_DOMINO] Success!
[Main] Worker finished 11_4_in_DOMINO with score 2.848831780259015
[14_CIRCLE_in_3] Starting (50000 attempts)
[11_4_in_DOMINO] Starting (50000 attempts)
[13_CIRCLE_in_3] Success!
[Main] Worker finished 13_CIRCLE_in_3 with score 11.413488992180232
[23_4_in_CIRCLE] Starting (50000 attempts)
[20_3_in_circle] Success!
[Main] Worker finished 20_3_in_circle with score 1.8958192025625156
[12_CIRCLE_in_CIRCLE] Success!
[Main] Worker finished 12_CIRCLE_in_CIRCLE with score 4.044636069278394[45_3_in_3] Starting (50000 attempts)

[8_3_in_circle] Success!
[Main] Worker finished 8_3_in_circle with score 1.2748051192828511
[38_3_in_3] Starting (50000 attempts)
[41_4_in_DOMINO] Success!
[Main] Worker finished 41_4_in_DOMINO with score 5.019525795832946
[26_3_in_3] Starting (50000 attempts)
[25_4_in_CIRCLE] Starting (50000 attempts)
[15_CIRCLE_in_CIRCLE] Success!
[Main] Worker finished 15_CIRCLE_in_CIRCLE with score 4.538260254000323
[43_3_in_3] Starting (50000 attempts)
[40_4_in_DOMINO] Success!
[Main] Worker finished 40_4_in_DOMINO with score 4.943502864466721
[16_4_in_CIRCLE] Starting (50000 attempts)
[13_3_in_3] Success!
[Main] Worker finished 13_3_in_3 with score 4.020316954443297
[16_3_in_circle] Starting (50000 attempts)
[28_3_in_circle] Success!
[Main] Worker finished 28_3_in_circle with score 2.997631887181299
[25_4_in_DOMINO] Success!
[Main] Worker finished 25_4_in_DOMINO with score 3.973861928861215
[26_4_in_DOMINO] Starting (50000 attempts)
[25_4_in_DOMINO] Starting (50000 attempts)
[11_3_in_circle] Success!
[Main] Worker finished 11_3_in_circle with score 1.4830513649835477
[19_3_in_circle] Success!
[Main] Worker finished 19_3_in_circle with score 1.8582158012495773
[13_CIRCLE_in_3] Starting (50000 attempts)
[34_4_in_DOMINO] Starting (50000 attempts)
[15_3_in_circle] Success!
[Main] Worker finished 15_3_in_circle with score 1.6549223038095542
[44_3_in_3] Success!
[Main] Worker finished 44_3_in_3 with score 7.015974820954202
[12_CIRCLE_in_CIRCLE] Starting (50000 attempts)
[8_3_in_circle] Starting (50000 attempts)
[17_CIRCLE_in_CIRCLE] Success!
[Main] Worker finished 17_CIRCLE_in_CIRCLE with score 4.809960188594904
[33_4_in_CIRCLE] Starting (50000 attempts)
[14_CIRCLE_in_CIRCLE] Success!
[Main] Worker finished 14_CIRCLE_in_CIRCLE with score 4.345096413036063
[15_CIRCLE_in_CIRCLE] Starting (50000 attempts)
[24_4_in_DOMINO] Success!
[Main] Worker finished 24_4_in_DOMINO with score 3.9241229167278884
[19_4_in_CIRCLE] Starting (50000 attempts)
[21_4_in_CIRCLE] Success!
[Main] Worker finished 21_4_in_CIRCLE with score 3.1064519114939206
[20_4_in_CIRCLE] Starting (50000 attempts)
[21_3_in_3] Success!
[Main] Worker finished 21_3_in_3 with score 4.965060044085815
[10_3_in_circle] Success!
[18_3_in_circle] Success!
[12_3_in_circle] Success!
[Main] Worker finished 18_3_in_circle with score 1.8204190752494187
[42_4_in_DOMINO] Starting (50000 attempts)
[Main] Worker finished 12_3_in_circle with score 1.5230514075566917
[16_CIRCLE_in_CIRCLE] Success!
[Main] Worker finished 10_3_in_circle with score 1.4007623159126743
[11_3_in_circle] Starting (50000 attempts)
[35_4_in_CIRCLE] Starting (50000 attempts)
[Main] Worker finished 16_CIRCLE_in_CIRCLE with score 4.63348722009616
[37_4_in_DOMINO] Starting (50000 attempts)
[15_3_in_circle] Starting (50000 attempts)
[26_3_in_circle] Success!
[Main] Worker finished 26_3_in_circle with score 2.8457208316848197
[18_CIRCLE_in_CIRCLE] Success!
[Main] Worker finished 18_CIRCLE_in_CIRCLE with score 4.883494798545663
[26_3_in_circle] Starting (50000 attempts)
[33_4_in_DOMINO] Success!
[Main] Worker finished 33_4_in_DOMINO with score 4.475096077264324
[17_CIRCLE_in_CIRCLE] Starting (50000 attempts)
[20_CIRCLE_in_CIRCLE] Success!
[Main] Worker finished 20_CIRCLE_in_CIRCLE with score 5.143321280120154
[14_CIRCLE_in_CIRCLE] Starting (50000 attempts)
[50_3_in_3] Starting (50000 attempts)
[30_3_in_3] Success!
[Main] Worker finished 30_3_in_3 with score 5.996957272103385
[14_CIRCLE_in_3] Success!
[Main] Worker finished 14_CIRCLE_in_3 with score 11.471632991608798
[34_4_in_CIRCLE] Starting (50000 attempts)
[26_4_in_CIRCLE] Success!
[Main] Worker finished 26_4_in_CIRCLE with score 3.265553306575606[29_4_in_CIRCLE] Starting (50000 attempts)

[11_4_in_DOMINO] Success!
[Main] Worker finished 11_4_in_DOMINO with score 2.931723676723068[18_3_in_circle] Starting (50000 attempts)

[12_3_in_circle] Starting (50000 attempts)
[30_4_in_CIRCLE] Success!
[Main] Worker finished 30_4_in_CIRCLE with score 3.5236257287305413
[23_4_in_CIRCLE] Success!
[Main] Worker finished 23_4_in_CIRCLE with score 3.115803431953349
[10_3_in_circle] Starting (50000 attempts)
[16_CIRCLE_in_CIRCLE] Starting (50000 attempts)
[26_3_in_3] Success!
[Main] Worker finished 26_3_in_3 with score 5.719122467319307
[25_4_in_CIRCLE] Success!
[Main] Worker finished 25_4_in_CIRCLE with score 3.2232942054853804
[42_3_in_3] Starting (50000 attempts)
[18_CIRCLE_in_CIRCLE] Starting (50000 attempts)
[16_4_in_CIRCLE] Success!
[Main] Worker finished 16_4_in_CIRCLE with score 2.643847752583437
[16_3_in_circle] Success!
[Main] Worker finished 16_3_in_circle with score 1.7029189896133312
[23_4_in_DOMINO] Starting (50000 attempts)
[20_CIRCLE_in_CIRCLE] Starting (50000 attempts)
[38_3_in_3] Success!
[Main] Worker finished 38_3_in_3 with score 6.84302398719644
[45_3_in_3] Success!
[Main] Worker finished 45_3_in_3 with score 7.030922742455542
[18_4_in_CIRCLE] Starting (50000 attempts)
[14_CIRCLE_in_3] Starting (50000 attempts)
[25_4_in_DOMINO] Success!
[Main] Worker finished 25_4_in_DOMINO with score 4.00437912608468
[26_4_in_DOMINO] Success!
[Main] Worker finished 26_4_in_DOMINO with score 4.020360663309433
[25_4_in_DOMINO] Starting (50000 attempts)
[37_3_in_3] Starting (50000 attempts)
[13_CIRCLE_in_3] Success!
[Main] Worker finished 13_CIRCLE_in_3 with score 11.413488992180232
[31_4_in_CIRCLE] Starting (50000 attempts)
[43_3_in_3] Success!
[Main] Worker finished 43_3_in_3 with score 6.9673699289329925
[12_CIRCLE_in_CIRCLE] Success!
[Main] Worker finished 12_CIRCLE_in_CIRCLE with score 4.044636069278394
[39_3_in_3] Starting (50000 attempts)
[29_3_in_3] Starting (50000 attempts)
[8_3_in_circle] Success!
[Main] Worker finished 8_3_in_circle with score 1.2748051192828511
[21_3_in_circle] Starting (50000 attempts)
[34_4_in_DOMINO] Success!
[Main] Worker finished 34_4_in_DOMINO with score 4.510334332905153
[39_4_in_DOMINO] Starting (50000 attempts)
[15_CIRCLE_in_CIRCLE] Success!
[Main] Worker finished 15_CIRCLE_in_CIRCLE with score 4.538260254000323
[13_4_in_DOMINO] Starting (50000 attempts)
[19_4_in_CIRCLE] Success!
[Main] Worker finished 19_4_in_CIRCLE with score 2.8776782496867814
[11_3_in_3] Starting (50000 attempts)
[11_3_in_circle] Success!
[Main] Worker finished 11_3_in_circle with score 1.4830513649835477
[20_4_in_CIRCLE] Success!
[Main] Worker finished 20_4_in_CIRCLE with score 2.9479967602447665
[22_4_in_DOMINO] Starting (50000 attempts)
[35_4_in_CIRCLE] Success!
[Main] Worker finished 35_4_in_CIRCLE with score 4.083271160528228
[10_3_in_DOMINO] Starting (50000 attempts)
[33_4_in_CIRCLE] Success!
[Main] Worker finished 33_4_in_CIRCLE with score 4.019565593893119
[35_4_in_CIRCLE] Starting (50000 attempts)
[13_CIRCLE_in_3] Starting (50000 attempts)
[26_3_in_circle] Success!
[Main] Worker finished 26_3_in_circle with score 2.890862057652783
[15_3_in_circle] Success!
[Main] Worker finished 15_3_in_circle with score 1.6549223038095542[26_3_in_circle] Starting (50000 attempts)

[17_CIRCLE_in_CIRCLE] Success!
[14_CIRCLE_in_CIRCLE] Success!
[Main] Worker finished 14_CIRCLE_in_CIRCLE with score 4.345096413036063
[12_CIRCLE_in_CIRCLE] Starting (50000 attempts)
[Main] Worker finished 17_CIRCLE_in_CIRCLE with score 4.809960188594904
[8_3_in_circle] Starting (50000 attempts)
[41_4_in_DOMINO] Starting (50000 attempts)
[42_4_in_DOMINO] Success!
[Main] Worker finished 42_4_in_DOMINO with score 5.029602176115146
[15_CIRCLE_in_CIRCLE] Starting (50000 attempts)
[37_4_in_DOMINO] Success!
[Main] Worker finished 37_4_in_DOMINO with score 5.0055607612139665
[12_3_in_circle] Success!
[Main] Worker finished 12_3_in_circle with score 1.5230514075566917
[40_4_in_DOMINO] Starting (50000 attempts)
[18_3_in_circle] Success!
[Main] Worker finished 18_3_in_circle with score 1.8204190752494187
[11_3_in_circle] Starting (50000 attempts)
[16_3_in_circle] Starting (50000 attempts)
[10_3_in_circle] Success!
[Main] Worker finished 10_3_in_circle with score 1.4007623159126743
[20_3_in_circle] Starting (50000 attempts)
[29_4_in_CIRCLE] Success!
[Main] Worker finished 29_4_in_CIRCLE with score 3.631402274099691
[16_CIRCLE_in_CIRCLE] Success!
[Main] Worker finished 16_CIRCLE_in_CIRCLE with score 4.63348722009616[32_3_in_3] Starting (50000 attempts)

[34_4_in_CIRCLE] Success!
[Main] Worker finished 34_4_in_CIRCLE with score 3.8281160934956127
[38_4_in_DOMINO] Starting (50000 attempts)
[18_CIRCLE_in_CIRCLE] Success!
[Main] Worker finished 18_CIRCLE_in_CIRCLE with score 4.883494798545663
[15_3_in_circle] Starting (50000 attempts)
[14_CIRCLE_in_CIRCLE] Starting (50000 attempts)
[20_CIRCLE_in_CIRCLE] Success!
[Main] Worker finished 20_CIRCLE_in_CIRCLE with score 5.143321280120154
[17_CIRCLE_in_CIRCLE] Starting (50000 attempts)
[50_3_in_3] Success!
[Main] Worker finished 50_3_in_3 with score 7.912884894772335
[13_3_in_3] Starting (50000 attempts)
[23_4_in_DOMINO] Success!
[Main] Worker finished 23_4_in_DOMINO with score 3.8688750047412386
[14_CIRCLE_in_3] Success!
[Main] Worker finished 14_CIRCLE_in_3 with score 11.471632991608798
[30_3_in_circle] Starting (50000 attempts)
[12_3_in_circle] Starting (50000 attempts)
[18_4_in_CIRCLE] Success!
[Main] Worker finished 18_4_in_CIRCLE with score 2.8016697604273646
[18_3_in_circle] Starting (50000 attempts)
[42_3_in_3] Success!
[Main] Worker finished 42_3_in_3 with score 7.142421307876803
[10_3_in_circle] Starting (50000 attempts)
[25_4_in_DOMINO] Success!
[Main] Worker finished 25_4_in_DOMINO with score 4.00437912608468
[25_3_in_circle] Starting (50000 attempts)
[37_3_in_3] Success!
[Main] Worker finished 37_3_in_3 with score 6.773117703585962
[31_4_in_CIRCLE] Success!
[Main] Worker finished 31_4_in_CIRCLE with score 3.7364237438117933
[16_CIRCLE_in_CIRCLE] Starting (50000 attempts)
[21_3_in_circle] Success!
[Main] Worker finished 21_3_in_circle with score 1.932475012484084
[44_3_in_3] Starting (50000 attempts)
[29_3_in_3] Success!
[Main] Worker finished 29_3_in_3 with score 6.038313795273007
[18_CIRCLE_in_CIRCLE] Starting (50000 attempts)
[20_CIRCLE_in_CIRCLE] Starting (50000 attempts)
[39_3_in_3] Success!
[Main] Worker finished 39_3_in_3 with score 6.940912390839882
[13_4_in_DOMINO] Success!
[Main] Worker finished 13_4_in_DOMINO with score 3.0223172208985285
[28_3_in_circle] Starting (50000 attempts)
[19_3_in_circle] Starting (50000 attempts)
[11_3_in_3] Success!
[Main] Worker finished 11_3_in_3 with score 3.746847963455798
[14_CIRCLE_in_3] Starting (50000 attempts)
[10_3_in_DOMINO] Success!
[Main] Worker finished 10_3_in_DOMINO with score 1.7011773066844613
[24_4_in_DOMINO] Starting (50000 attempts)
[35_4_in_CIRCLE] Success!
[Main] Worker finished 35_4_in_CIRCLE with score 4.122661303363914
[39_4_in_DOMINO] Success!
[13_CIRCLE_in_3] Success!
[Main] Worker finished 13_CIRCLE_in_3 with score 11.413488992180232
[21_4_in_CIRCLE] Starting (50000 attempts)
[Main] Worker finished 39_4_in_DOMINO with score 5.070335836588167
[22_4_in_DOMINO] Success!
[21_3_in_3] Starting (50000 attempts)
[26_3_in_circle] Success!
[Main] Worker finished 26_3_in_circle with score 2.85066998025137
[33_4_in_DOMINO] Starting (50000 attempts)
[Main] Worker finished 22_4_in_DOMINO with score 3.9641227017335576
[26_3_in_circle] Starting (50000 attempts)
[12_CIRCLE_in_CIRCLE] Success!
[Main] Worker finished 12_CIRCLE_in_CIRCLE with score 4.044636069278394
[30_3_in_3] Starting (50000 attempts)
[26_4_in_CIRCLE] Starting (50000 attempts)
[8_3_in_circle] Success!
[Main] Worker finished 8_3_in_circle with score 1.2748051192828511
[30_4_in_CIRCLE] Starting (50000 attempts)
[15_CIRCLE_in_CIRCLE] Success!
[Main] Worker finished 15_CIRCLE_in_CIRCLE with score 4.538260254000323
[23_4_in_CIRCLE] Starting (50000 attempts)
[11_3_in_circle] Success!
[Main] Worker finished 11_3_in_circle with score 1.4830513649835477
[45_3_in_3] Starting (50000 attempts)
[16_3_in_circle] Success!
[Main] Worker finished 16_3_in_circle with score 1.7029189896133312
[38_3_in_3] Starting (50000 attempts)
[20_3_in_circle] Success!
[Main] Worker finished 20_3_in_circle with score 1.8958192025625156
[26_3_in_3] Starting (50000 attempts)
[14_CIRCLE_in_CIRCLE] Success!
[Main] Worker finished 14_CIRCLE_in_CIRCLE with score 4.345096413036063
[15_3_in_circle] Success!
[41_4_in_DOMINO] Success!
[Main] Worker finished 15_3_in_circle with score 1.6549223038095542
[13_CIRCLE_in_3] Starting (50000 attempts)
[Main] Worker finished 41_4_in_DOMINO with score 5.019525795832946
[17_CIRCLE_in_CIRCLE] Success!
[25_4_in_CIRCLE] Starting (50000 attempts)
[Main] Worker finished 17_CIRCLE_in_CIRCLE with score 4.809960188594904[43_3_in_3] Starting (50000 attempts)

[32_3_in_3] Success!
[Main] Worker finished 32_3_in_3 with score 6.06037645787977
[16_4_in_CIRCLE] Starting (50000 attempts)
[30_3_in_circle] Success!
[40_4_in_DOMINO] Success!
[Main] Worker finished 40_4_in_DOMINO with score 4.943502864466721
[12_CIRCLE_in_CIRCLE] Starting (50000 attempts)
[Main] Worker finished 30_3_in_circle with score 3.10957309695862
[13_3_in_3] Success!
[30_3_in_circle] Starting (50000 attempts)
[12_3_in_circle] Success!
[Main] Worker finished 13_3_in_3 with score 4.020316954443297
[15_CIRCLE_in_CIRCLE] Starting (50000 attempts)
[Main] Worker finished 12_3_in_circle with score 1.5230514075566917
[8_3_in_circle] Starting (50000 attempts)
[38_4_in_DOMINO] Success!
[Main] Worker finished 38_4_in_DOMINO with score 5.034186680493225
[11_3_in_circle] Starting (50000 attempts)
[26_4_in_DOMINO] Starting (50000 attempts)
[10_3_in_circle] Success!
[Main] Worker finished 10_3_in_circle with score 1.4007623159126743
[18_3_in_circle] Success!
[Main] Worker finished 18_3_in_circle with score 1.8204190752494187
[14_CIRCLE_in_CIRCLE] Starting (50000 attempts)
[34_4_in_DOMINO] Starting (50000 attempts)
[25_3_in_circle] Success!
[Main] Worker finished 25_3_in_circle with score 2.8305789996376083
[33_4_in_CIRCLE] Starting (50000 attempts)
[16_CIRCLE_in_CIRCLE] Success!
[Main] Worker finished 16_CIRCLE_in_CIRCLE with score 4.63348722009616
[17_CIRCLE_in_CIRCLE] Starting (50000 attempts)
[18_CIRCLE_in_CIRCLE] Success!
[Main] Worker finished 18_CIRCLE_in_CIRCLE with score 4.883494798545663
[20_CIRCLE_in_CIRCLE] Success!
[Main] Worker finished 20_CIRCLE_in_CIRCLE with score 5.143321280120154
[19_4_in_CIRCLE] Starting (50000 attempts)
[20_4_in_CIRCLE] Starting (50000 attempts)
[28_3_in_circle] Success!
[Main] Worker finished 28_3_in_circle with score 2.9791031414963522
[28_3_in_circle] Starting (50000 attempts)
[14_CIRCLE_in_3] Success!
[Main] Worker finished 14_CIRCLE_in_3 with score 11.471632991608798
[42_4_in_DOMINO] Starting (50000 attempts)
[19_3_in_circle] Success!
[Main] Worker finished 19_3_in_circle with score 1.8582158012495773
[12_3_in_circle] Starting (50000 attempts)
[24_4_in_DOMINO] Success!
[Main] Worker finished 24_4_in_DOMINO with score 3.9241229167278884
[26_3_in_circle] Success!
[Main] Worker finished 26_3_in_circle with score 2.8712699048551023
[37_4_in_DOMINO] Starting (50000 attempts)
[21_4_in_CIRCLE] Success!
[Main] Worker finished 21_4_in_CIRCLE with score 3.1064519114939206[26_3_in_circle] Starting (50000 attempts)

[21_3_in_3] Success!
[Main] Worker finished 21_3_in_3 with score 4.965060044085815
[44_3_in_3] Success!
[10_3_in_circle] Starting (50000 attempts)
[Main] Worker finished 44_3_in_3 with score 7.015974820954202
[50_3_in_3] Starting (50000 attempts)
[16_CIRCLE_in_CIRCLE] Starting (50000 attempts)
[26_4_in_CIRCLE] Success!
[Main] Worker finished 26_4_in_CIRCLE with score 3.265553306575606
[18_CIRCLE_in_CIRCLE] Starting (50000 attempts)
[30_4_in_CIRCLE] Success!
[Main] Worker finished 30_4_in_CIRCLE with score 3.5236257287305413
[30_3_in_3] Success!
[Main] Worker finished 30_3_in_3 with score 5.996957272103385
[20_CIRCLE_in_CIRCLE] Starting (50000 attempts)
[33_4_in_DOMINO] Success!
[Main] Worker finished 33_4_in_DOMINO with score 4.475096077264324
[34_4_in_CIRCLE] Starting (50000 attempts)
[23_4_in_CIRCLE] Success!
[Main] Worker finished 23_4_in_CIRCLE with score 3.115803431953349
[14_CIRCLE_in_3] Starting (50000 attempts)
[29_4_in_CIRCLE] Starting (50000 attempts)
[13_CIRCLE_in_3] Success!
[Main] Worker finished 13_CIRCLE_in_3 with score 11.413488992180232
[42_3_in_3] Starting (50000 attempts)
[26_3_in_3] Success!
[Main] Worker finished 26_3_in_3 with score 5.661931242646113
[26_3_in_3] Starting (50000 attempts)
[12_CIRCLE_in_CIRCLE] Success!
[Main] Worker finished 12_CIRCLE_in_CIRCLE with score 4.044636069278394
[30_3_in_circle] Success!
[Main] Worker finished 30_3_in_circle with score 3.11237311256701
[23_4_in_DOMINO] Starting (50000 attempts)
[18_4_in_CIRCLE] Starting (50000 attempts)
[16_4_in_CIRCLE] Success!
[Main] Worker finished 16_4_in_CIRCLE with score 2.643847752583437
[15_CIRCLE_in_CIRCLE] Success!
[25_4_in_CIRCLE] Success!
[38_3_in_3] Success!
[8_3_in_circle] Success!
[45_3_in_3] Success!
[Main] Worker finished 25_4_in_CIRCLE with score 3.2232942054853804
[15_3_in_circle] Starting (50000 attempts)
[Main] Worker finished 8_3_in_circle with score 1.2748051192828511
[Main] Worker finished 38_3_in_3 with score 6.713610917012635
[11_3_in_circle] Success!
[Main] Worker finished 45_3_in_3 with score 7.030922742455542
[Main] Worker finished 15_CIRCLE_in_CIRCLE with score 4.538260254000323
[38_3_in_3] Starting (50000 attempts)
[37_3_in_3] Starting (50000 attempts)
[41_3_in_3] Starting (50000 attempts)
[14_CIRCLE_in_CIRCLE] Success!
[31_4_in_CIRCLE] Starting (50000 attempts)
[Main] Worker finished 11_3_in_circle with score 1.4830513649835477
[39_3_in_3] Starting (50000 attempts)
[Main] Worker finished 14_CIRCLE_in_CIRCLE with score 4.345096413036063
[26_4_in_DOMINO] Success!
[13_CIRCLE_in_3] Starting (50000 attempts)
[Main] Worker finished 26_4_in_DOMINO with score 4.020360663309433[22_3_in_circle] Starting (50000 attempts)

[12_CIRCLE_in_CIRCLE] Starting (50000 attempts)
[43_3_in_3] Success!
[Main] Worker finished 43_3_in_3 with score 6.9673699289329925
[29_3_in_3] Starting (50000 attempts)
[17_CIRCLE_in_CIRCLE] Success!
[Main] Worker finished 17_CIRCLE_in_CIRCLE with score 4.809960188594904
[21_3_in_circle] Starting (50000 attempts)
[19_4_in_CIRCLE] Success!
[Main] Worker finished 19_4_in_CIRCLE with score 2.8776782496867814
[28_3_in_circle] Success!
[Main] Worker finished 28_3_in_circle with score 2.9961919916537174
[39_4_in_DOMINO] Starting (50000 attempts)
[34_4_in_DOMINO] Success!
[20_4_in_CIRCLE] Success!
[Main] Worker finished 34_4_in_DOMINO with score 4.510334332905153
[28_3_in_circle] Starting (50000 attempts)
[Main] Worker finished 20_4_in_CIRCLE with score 2.9479967602447665
[8_3_in_circle] Starting (50000 attempts)
[13_4_in_DOMINO] Starting (50000 attempts)
[33_4_in_CIRCLE] Success!
[Main] Worker finished 33_4_in_CIRCLE with score 4.019565593893119
[12_3_in_circle] Success!
[Main] Worker finished 12_3_in_circle with score 1.5230514075566917
[15_CIRCLE_in_CIRCLE] Starting (50000 attempts)
[11_3_in_circle] Starting (50000 attempts)
[26_3_in_circle] Success!
[Main] Worker finished 26_3_in_circle with score 2.8661060097272406
[14_CIRCLE_in_CIRCLE] Starting (50000 attempts)
[10_3_in_circle] Success!
[Main] Worker finished 10_3_in_circle with score 1.4007623159126743
[11_3_in_3] Starting (50000 attempts)
[16_CIRCLE_in_CIRCLE] Success!
[Main] Worker finished 16_CIRCLE_in_CIRCLE with score 4.63348722009616
[27_3_in_circle] Starting (50000 attempts)
[42_4_in_DOMINO] Success!
[Main] Worker finished 42_4_in_DOMINO with score 5.029602176115146
[17_CIRCLE_in_CIRCLE] Starting (50000 attempts)
[18_CIRCLE_in_CIRCLE] Success!
[Main] Worker finished 18_CIRCLE_in_CIRCLE with score 4.883494798545663
[18_3_in_circle] Starting (50000 attempts)
[20_CIRCLE_in_CIRCLE] Success!
[Main] Worker finished 20_CIRCLE_in_CIRCLE with score 5.143321280120154
[37_4_in_DOMINO] Success!
[Main] Worker finished 37_4_in_DOMINO with score 4.955505153601827
[22_4_in_DOMINO] Starting (50000 attempts)
[14_CIRCLE_in_3] Success!
[Main] Worker finished 14_CIRCLE_in_3 with score 11.471632991608798
[10_3_in_DOMINO] Starting (50000 attempts)
[41_4_in_DOMINO] Starting (50000 attempts)
[29_4_in_CIRCLE] Success!
[Main] Worker finished 29_4_in_CIRCLE with score 3.631402274099691
[34_4_in_CIRCLE] Success!
[Main] Worker finished 34_4_in_CIRCLE with score 3.8281160934956127
[40_4_in_DOMINO] Starting (50000 attempts)
[50_3_in_3] Success!
[Main] Worker finished 50_3_in_3 with score 7.5421889218163365
[12_3_in_circle] Starting (50000 attempts)
[16_3_in_circle] Starting (50000 attempts)
[23_4_in_DOMINO] Success!
[Main] Worker finished 23_4_in_DOMINO with score 3.8688750047412386
[18_4_in_CIRCLE] Success!
[Main] Worker finished 18_4_in_CIRCLE with score 2.8016697604273646
[10_3_in_circle] Starting (50000 attempts)
[15_3_in_circle] Success!
[26_3_in_3] Success!
[Main] Worker finished 15_3_in_circle with score 1.6549223038095542
[16_CIRCLE_in_CIRCLE] Starting (50000 attempts)
[Main] Worker finished 26_3_in_3 with score 5.719122467319307
[18_CIRCLE_in_CIRCLE] Starting (50000 attempts)
[20_3_in_circle] Starting (50000 attempts)
[22_3_in_circle] Success!
[Main] Worker finished 22_3_in_circle with score 2.62982907971198
[13_CIRCLE_in_3] Success!
[Main] Worker finished 13_CIRCLE_in_3 with score 11.413488992180232
[20_CIRCLE_in_CIRCLE] Starting (50000 attempts)
[12_CIRCLE_in_CIRCLE] Success!
[42_3_in_3] Success!
[Main] Worker finished 12_CIRCLE_in_CIRCLE with score 4.044636069278394
[32_3_in_3] Starting (50000 attempts)
[Main] Worker finished 42_3_in_3 with score 7.0202148158818884
[42_3_in_3] Starting (50000 attempts)
[14_CIRCLE_in_3] Starting (50000 attempts)
[37_3_in_3] Success!
[Main] Worker finished 37_3_in_3 with score 6.773117703585962
[38_4_in_DOMINO] Starting (50000 attempts)
[21_3_in_circle] Success!
[Main] Worker finished 21_3_in_circle with score 1.932475012484084
[13_3_in_3] Starting (50000 attempts)
[38_3_in_3] Success!
[Main] Worker finished 38_3_in_3 with score 6.84302398719644
[31_4_in_CIRCLE] Success!
[Main] Worker finished 31_4_in_CIRCLE with score 3.7364237438117933
[25_3_in_circle] Starting (50000 attempts)
[29_3_in_3] Success!
[41_3_in_3] Success!
[39_3_in_3] Success!
[Main] Worker finished 29_3_in_3 with score 5.977930657320277
[44_3_in_3] Starting (50000 attempts)
[Main] Worker finished 41_3_in_3 with score 6.866970338907654
[Main] Worker finished 39_3_in_3 with score 6.940912390839882
[41_3_in_3] Starting (50000 attempts)
[28_3_in_circle] Success!
[16_3_in_DOMINO] Starting (50000 attempts)
[Main] Worker finished 28_3_in_circle with score 2.9982901652333753
[19_3_in_circle] Starting (50000 attempts)
[8_3_in_circle] Success!
[Main] Worker finished 8_3_in_circle with score 1.2748051192828511
[28_3_in_circle] Starting (50000 attempts)
[13_CIRCLE_in_3] Starting (50000 attempts)
[13_4_in_DOMINO] Success!
[Main] Worker finished 13_4_in_DOMINO with score 3.0223172208985285
[15_CIRCLE_in_CIRCLE] Success!
[Main] Worker finished 15_CIRCLE_in_CIRCLE with score 4.538260254000323
[13_4_in_DOMINO] Starting (50000 attempts)
[12_CIRCLE_in_CIRCLE] Starting (50000 attempts)
[11_3_in_circle] Success!
[Main] Worker finished 11_3_in_circle with score 1.4830513649835477
[24_4_in_DOMINO] Starting (50000 attempts)
[14_CIRCLE_in_CIRCLE] Success!
[Main] Worker finished 14_CIRCLE_in_CIRCLE with score 4.345096413036063
[21_4_in_CIRCLE] Starting (50000 attempts)
[11_3_in_3] Success!
[Main] Worker finished 11_3_in_3 with score 3.746847963455798
[39_4_in_DOMINO] Success!
[Main] Worker finished 39_4_in_DOMINO with score 4.979968567667918
[21_3_in_3] Starting (50000 attempts)
[27_3_in_circle] Success!
[Main] Worker finished 27_3_in_circle with score 2.934874465756689
[39_4_in_DOMINO] Starting (50000 attempts)
[27_3_in_circle] Starting (50000 attempts)
[17_CIRCLE_in_CIRCLE] Success!
[Main] Worker finished 17_CIRCLE_in_CIRCLE with score 4.809960188594904
[33_4_in_DOMINO] Starting (50000 attempts)
[18_3_in_circle] Success!
[Main] Worker finished 18_3_in_circle with score 1.8204190752494187
[10_3_in_DOMINO] Success!
[Main] Worker finished 10_3_in_DOMINO with score 1.7011773066844613[30_3_in_3] Starting (50000 attempts)

[8_3_in_circle] Starting (50000 attempts)
[22_4_in_DOMINO] Success!
[Main] Worker finished 22_4_in_DOMINO with score 3.9641227017335576
[26_4_in_CIRCLE] Starting (50000 attempts)
[12_3_in_circle] Success!
[Main] Worker finished 12_3_in_circle with score 1.5230514075566917
[15_CIRCLE_in_CIRCLE] Starting (50000 attempts)
[16_3_in_circle] Success!
[Main] Worker finished 16_3_in_circle with score 1.7029189896133312
[10_3_in_circle] Success!
[16_CIRCLE_in_CIRCLE] Success!
[18_CIRCLE_in_CIRCLE] Success!
[Main] Worker finished 16_CIRCLE_in_CIRCLE with score 4.63348722009616
[11_3_in_circle] Starting (50000 attempts)
[Main] Worker finished 18_CIRCLE_in_CIRCLE with score 4.883494798545663
[Main] Worker finished 10_3_in_circle with score 1.4007623159126743
[14_CIRCLE_in_CIRCLE] Starting (50000 attempts)
[19_3_in_DOMINO] Starting (50000 attempts)
[41_4_in_DOMINO] Success!
[Main] Worker finished 41_4_in_DOMINO with score 5.019525795832946
[31_3_in_circle] Starting (50000 attempts)
[20_CIRCLE_in_CIRCLE] Success!
[Main] Worker finished 20_CIRCLE_in_CIRCLE with score 5.143321280120154
[30_4_in_CIRCLE] Starting (50000 attempts)
[20_3_in_circle] Success!
[Main] Worker finished 20_3_in_circle with score 1.8958192025625156
[17_CIRCLE_in_CIRCLE] Starting (50000 attempts)
[14_3_in_DOMINO] Starting (50000 attempts)
[14_CIRCLE_in_3] Success!
[Main] Worker finished 14_CIRCLE_in_3 with score 11.471632991608798
[23_4_in_CIRCLE] Starting (50000 attempts)
[40_4_in_DOMINO] Success!
[Main] Worker finished 40_4_in_DOMINO with score 4.943502864466721
[25_3_in_circle] Success!
[Main] Worker finished 25_3_in_circle with score 2.805777949047444
[31_3_in_3] Starting (50000 attempts)
[13_3_in_3] Success!
[Main] Worker finished 13_3_in_3 with score 4.020316954443297
[25_3_in_circle] Starting (50000 attempts)
[12_3_in_circle] Starting (50000 attempts)
[32_3_in_3] Success!
[Main] Worker finished 32_3_in_3 with score 5.984737071313207
[32_3_in_3] Starting (50000 attempts)
[28_3_in_circle] Success!
[Main] Worker finished 28_3_in_circle with score 2.99140167822014
[13_CIRCLE_in_3] Success!
[16_3_in_DOMINO] Success!
[Main] Worker finished 16_3_in_DOMINO with score 2.0092432104642475
[28_3_in_circle] Starting (50000 attempts)
[Main] Worker finished 13_CIRCLE_in_3 with score 11.413488992180232
[16_3_in_DOMINO] Starting (50000 attempts)
[19_3_in_circle] Success!
[12_CIRCLE_in_CIRCLE] Success!
[Main] Worker finished 19_3_in_circle with score 1.8582158012495773
[16_CIRCLE_in_CIRCLE] Starting (50000 attempts)
[Main] Worker finished 12_CIRCLE_in_CIRCLE with score 4.044636069278394
[13_4_in_DOMINO] Success!
[18_CIRCLE_in_CIRCLE] Starting (50000 attempts)
[42_3_in_3] Success!
[Main] Worker finished 13_4_in_DOMINO with score 3.0223172208985285
[20_CIRCLE_in_CIRCLE] Starting (50000 attempts)
[Main] Worker finished 42_3_in_3 with score 7.0202148158818884
[42_3_in_3] Starting (50000 attempts)
[38_4_in_DOMINO] Success!
[Main] Worker finished 38_4_in_DOMINO with score 5.034186680493225
[14_CIRCLE_in_3] Starting (50000 attempts)
[44_3_in_3] Success!
[Main] Worker finished 44_3_in_3 with score 7.015974820954202
[10_3_in_circle] Starting (50000 attempts)
[45_3_in_3] Starting (50000 attempts)
[24_4_in_DOMINO] Success!
[Main] Worker finished 24_4_in_DOMINO with score 3.9241229167278884
[25_4_in_CIRCLE] Starting (50000 attempts)
[41_3_in_3] Success!
[Main] Worker finished 41_3_in_3 with score 7.208212168436233
[43_3_in_3] Starting (50000 attempts)
[27_3_in_circle] Success!
[Main] Worker finished 27_3_in_circle with score 2.9181924361397336
[27_3_in_circle] Starting (50000 attempts)
[21_4_in_CIRCLE] Success!
[Main] Worker finished 21_4_in_CIRCLE with score 3.1064519114939206
[13_CIRCLE_in_3] Starting (50000 attempts)
[21_3_in_3] Success!
[Main] Worker finished 21_3_in_3 with score 4.965060044085815
[16_4_in_CIRCLE] Starting (50000 attempts)
[39_4_in_DOMINO] Success!
[Main] Worker finished 39_4_in_DOMINO with score 4.869223251334232
[8_3_in_circle] Success!
[Main] Worker finished 8_3_in_circle with score 1.2748051192828511
[39_4_in_DOMINO] Starting (50000 attempts)
[12_CIRCLE_in_CIRCLE] Starting (50000 attempts)
[33_4_in_DOMINO] Success!
[Main] Worker finished 33_4_in_DOMINO with score 4.475096077264324
[26_4_in_DOMINO] Starting (50000 attempts)
[30_3_in_3] Success!
[Main] Worker finished 30_3_in_3 with score 6.047215182458681
[26_4_in_CIRCLE] Success!
[Main] Worker finished 26_4_in_CIRCLE with score 3.265553306575606
[34_4_in_DOMINO] Starting (50000 attempts)
[15_CIRCLE_in_CIRCLE] Success!
[Main] Worker finished 15_CIRCLE_in_CIRCLE with score 4.538260254000323[33_4_in_CIRCLE] Starting (50000 attempts)

[19_4_in_CIRCLE] Starting (50000 attempts)
[11_3_in_circle] Success!
[Main] Worker finished 11_3_in_circle with score 1.4830513649835477
[14_CIRCLE_in_CIRCLE] Success!
[Main] Worker finished 14_CIRCLE_in_CIRCLE with score 4.345096413036063
[20_4_in_CIRCLE] Starting (50000 attempts)
[31_3_in_circle] Success!
[Main] Worker finished 31_3_in_circle with score 3.145941420985364
[42_4_in_DOMINO] Starting (50000 attempts)
[31_3_in_circle] Starting (50000 attempts)
[17_CIRCLE_in_CIRCLE] Success!
[Main] Worker finished 17_CIRCLE_in_CIRCLE with score 4.809960188594904
[19_3_in_DOMINO] Success!
[Main] Worker finished 19_3_in_DOMINO with score 2.4901149670854683
[35_4_in_CIRCLE] Starting (50000 attempts)
[37_4_in_DOMINO] Starting (50000 attempts)
[14_3_in_DOMINO] Success!
[Main] Worker finished 14_3_in_DOMINO with score 1.911646754271575
[8_3_in_circle] Starting (50000 attempts)
[30_4_in_CIRCLE] Success!
[Main] Worker finished 30_4_in_CIRCLE with score 3.5236257287305413
[50_3_in_3] Starting (50000 attempts)
[25_3_in_circle] Success!
[Main] Worker finished 25_3_in_circle with score 2.8085852707918346
[23_4_in_CIRCLE] Success!
[Main] Worker finished 23_4_in_CIRCLE with score 3.115803431953349
[25_3_in_circle] Starting (50000 attempts)
[34_4_in_CIRCLE] Starting (50000 attempts)
[12_3_in_circle] Success!
[Main] Worker finished 12_3_in_circle with score 1.5230514075566917
[15_CIRCLE_in_CIRCLE] Starting (50000 attempts)
[28_3_in_circle] Success!
[Main] Worker finished 28_3_in_circle with score 3.0024909213491315
[11_3_in_circle] Starting (50000 attempts)
[16_CIRCLE_in_CIRCLE] Success!
[Main] Worker finished 16_CIRCLE_in_CIRCLE with score 4.63348722009616
[31_3_in_3] Success!
[16_3_in_DOMINO] Success!
[Main] Worker finished 16_3_in_DOMINO with score 2.0092432104642475
[14_CIRCLE_in_CIRCLE] Starting (50000 attempts)
[18_CIRCLE_in_CIRCLE] Success!
[Main] Worker finished 31_3_in_3 with score 5.927325264360006
[17_CIRCLE_in_CIRCLE] Starting (50000 attempts)
[20_CIRCLE_in_CIRCLE] Success!
[32_3_in_3] Success!
[Main] Worker finished 32_3_in_3 with score 6.273323828468141
[29_4_in_CIRCLE] Starting (50000 attempts)
[Main] Worker finished 20_CIRCLE_in_CIRCLE with score 5.143321280120154
[Main] Worker finished 18_CIRCLE_in_CIRCLE with score 4.883494798545663
[14_CIRCLE_in_3] Success!
[23_4_in_DOMINO] Starting (50000 attempts)
[10_3_in_circle] Success!
[18_4_in_CIRCLE] Starting (50000 attempts)
[Main] Worker finished 14_CIRCLE_in_3 with score 11.471632991608798
[15_3_in_circle] Starting (50000 attempts)
[Main] Worker finished 10_3_in_circle with score 1.4007623159126743
[37_3_in_3] Starting (50000 attempts)
[31_4_in_CIRCLE] Starting (50000 attempts)
[27_3_in_circle] Success!
[Main] Worker finished 27_3_in_circle with score 2.9392028504524017
[12_3_in_circle] Starting (50000 attempts)
[13_CIRCLE_in_3] Success!
[Main] Worker finished 13_CIRCLE_in_3 with score 11.413488992180232
[39_3_in_3] Starting (50000 attempts)
[25_4_in_CIRCLE] Success!
[Main] Worker finished 25_4_in_CIRCLE with score 3.2232942054853804
[16_4_in_CIRCLE] Success!
[Main] Worker finished 16_4_in_CIRCLE with score 2.643847752583437
[16_CIRCLE_in_CIRCLE] Starting (50000 attempts)
[42_3_in_3] Success!
[Main] Worker finished 42_3_in_3 with score 7.0202148158818884
[22_3_in_circle] Starting (50000 attempts)
[42_3_in_3] Starting (50000 attempts)
[12_CIRCLE_in_CIRCLE] Success!
[Main] Worker finished 12_CIRCLE_in_CIRCLE with score 4.044636069278394
[45_3_in_3] Success!
[43_3_in_3] Success!
[Main] Worker finished 45_3_in_3 with score 7.030922742455542
[29_3_in_3] Starting (50000 attempts)
[Main] Worker finished 43_3_in_3 with score 6.9673699289329925
[18_CIRCLE_in_CIRCLE] Starting (50000 attempts)
[20_CIRCLE_in_CIRCLE] Starting (50000 attempts)
[39_4_in_DOMINO] Success!
[Main] Worker finished 39_4_in_DOMINO with score 4.895082620292106
[26_4_in_DOMINO] Success!
[Main] Worker finished 26_4_in_DOMINO with score 4.020360663309433
[39_4_in_DOMINO] Starting (50000 attempts)
[14_CIRCLE_in_3] Starting (50000 attempts)
[19_4_in_CIRCLE] Success!
[Main] Worker finished 19_4_in_CIRCLE with score 2.8776782496867814
[10_3_in_circle] Starting (50000 attempts)
[31_3_in_circle] Success!
[Main] Worker finished 31_3_in_circle with score 3.171211160038931
[20_4_in_CIRCLE] Success!
[Main] Worker finished 20_4_in_CIRCLE with score 2.9479967602447665
[13_CIRCLE_in_3] Starting (50000 attempts)
[35_4_in_CIRCLE] Success!
[Main] Worker finished 35_4_in_CIRCLE with score 4.123485959320918
[21_3_in_circle] Starting (50000 attempts)
[34_4_in_DOMINO] Success!
[Main] Worker finished 34_4_in_DOMINO with score 4.510334332905153
[11_3_in_3] Starting (50000 attempts)
[33_4_in_CIRCLE] Success!
[8_3_in_circle] Success!
[Main] Worker finished 33_4_in_CIRCLE with score 4.019565593893119
[21_3_in_DOMINO] Starting (50000 attempts)
[Main] Worker finished 8_3_in_circle with score 1.2748051192828511
[12_CIRCLE_in_CIRCLE] Starting (50000 attempts)
[18_3_in_circle] Starting (50000 attempts)
[25_3_in_circle] Success!
[Main] Worker finished 25_3_in_circle with score 2.8294469378611717
[25_3_in_circle] Starting (50000 attempts)
[42_4_in_DOMINO] Success!
[Main] Worker finished 42_4_in_DOMINO with score 5.029602176115146
[15_CIRCLE_in_CIRCLE] Success!
[Main] Worker finished 15_CIRCLE_in_CIRCLE with score 4.538260254000323
[22_4_in_DOMINO] Starting (50000 attempts)
[10_3_in_DOMINO] Starting (50000 attempts)
[11_3_in_circle] Success!
[Main] Worker finished 11_3_in_circle with score 1.4830513649835477
[37_4_in_DOMINO] Success!
[Main] Worker finished 37_4_in_DOMINO with score 5.0055607612139665
[41_4_in_DOMINO] Starting (50000 attempts)
[14_CIRCLE_in_CIRCLE] Success!
[17_CIRCLE_in_CIRCLE] Success!
[Main] Worker finished 17_CIRCLE_in_CIRCLE with score 4.809960188594904
[40_4_in_DOMINO] Starting (50000 attempts)
[Main] Worker finished 14_CIRCLE_in_CIRCLE with score 4.345096413036063
[16_3_in_circle] Starting (50000 attempts)
[20_3_in_circle] Starting (50000 attempts)
[34_4_in_CIRCLE] Success!
[Main] Worker finished 34_4_in_CIRCLE with score 3.747067648153613
[34_4_in_CIRCLE] Starting (50000 attempts)
[50_3_in_3] Success!
[Main] Worker finished 50_3_in_3 with score 7.5421889218163365
[15_3_in_circle] Success!
[23_4_in_DOMINO] Success!
[Main] Worker finished 23_4_in_DOMINO with score 3.8688750047412386[50_3_in_3] Starting (50000 attempts)

[Main] Worker finished 15_3_in_circle with score 1.6549223038095542
[18_4_in_CIRCLE] Success!
[8_3_in_circle] Starting (50000 attempts)
[Main] Worker finished 18_4_in_CIRCLE with score 2.8016697604273646
[38_4_in_DOMINO] Starting (50000 attempts)
[29_4_in_CIRCLE] Success!
[Main] Worker finished 29_4_in_CIRCLE with score 3.631402274099691
[25_4_in_DOMINO] Starting (50000 attempts)
[12_3_in_circle] Success!
[Main] Worker finished 12_3_in_circle with score 1.5230514075566917
[15_CIRCLE_in_CIRCLE] Starting (50000 attempts)
[11_3_in_circle] Starting (50000 attempts)
[16_CIRCLE_in_CIRCLE] Success!
[Main] Worker finished 16_CIRCLE_in_CIRCLE with score 4.63348722009616
[22_3_in_circle] Success!
[Main] Worker finished 22_3_in_circle with score 2.621164514908879[13_3_in_3] Starting (50000 attempts)

[17_CIRCLE_in_CIRCLE] Starting (50000 attempts)
[37_3_in_3] Success!
[Main] Worker finished 37_3_in_3 with score 6.773117703585962
[14_CIRCLE_in_CIRCLE] Starting (50000 attempts)
[31_4_in_CIRCLE] Success!
[Main] Worker finished 31_4_in_CIRCLE with score 3.7364237438117933
[30_3_in_circle] Starting (50000 attempts)
[18_CIRCLE_in_CIRCLE] Success!
[Main] Worker finished 18_CIRCLE_in_CIRCLE with score 4.883494798545663
[20_CIRCLE_in_CIRCLE] Success!
[Main] Worker finished 20_CIRCLE_in_CIRCLE with score 5.143321280120154
[44_3_in_3] Starting (50000 attempts)
[19_3_in_circle] Starting (50000 attempts)
[39_3_in_3] Success!
[Main] Worker finished 39_3_in_3 with score 6.940912390839882
[24_4_in_DOMINO] Starting (50000 attempts)
[42_3_in_3] Success!
[Main] Worker finished 42_3_in_3 with score 7.2145669776533365
[29_3_in_3] Success!
[Main] Worker finished 29_3_in_3 with score 5.977930657320277
[21_4_in_CIRCLE] Starting (50000 attempts)
[14_CIRCLE_in_3] Success!
[Main] Worker finished 14_CIRCLE_in_3 with score 11.471632991608798
[21_3_in_3] Starting (50000 attempts)
[10_3_in_circle] Success!
[Main] Worker finished 10_3_in_circle with score 1.4007623159126743
[33_4_in_DOMINO] Starting (50000 attempts)
[13_CIRCLE_in_3] Success!
[Main] Worker finished 13_CIRCLE_in_3 with score 11.413488992180232[16_CIRCLE_in_CIRCLE] Starting (50000 attempts)

[30_3_in_3] Starting (50000 attempts)
[21_3_in_DOMINO] Success!
[Main] Worker finished 21_3_in_DOMINO with score 2.5658807274584468
[11_3_in_3] Success!
[21_3_in_circle] Success!
[Main] Worker finished 21_3_in_circle with score 1.932475012484084
[21_3_in_DOMINO] Starting (50000 attempts)
[Main] Worker finished 11_3_in_3 with score 3.746847963455798
[12_CIRCLE_in_CIRCLE] Success!
[18_CIRCLE_in_CIRCLE] Starting (50000 attempts)
[Main] Worker finished 12_CIRCLE_in_CIRCLE with score 4.044636069278394
[26_4_in_CIRCLE] Starting (50000 attempts)
[25_3_in_circle] Success!
[Main] Worker finished 25_3_in_circle with score 2.8195606902840153
[20_CIRCLE_in_CIRCLE] Starting (50000 attempts)
[18_3_in_circle] Success!
[Main] Worker finished 18_3_in_circle with score 1.8204190752494187
[25_3_in_circle] Starting (50000 attempts)
[10_3_in_DOMINO] Success!
[Main] Worker finished 10_3_in_DOMINO with score 1.7011773066844613
[19_3_in_DOMINO] Starting (50000 attempts)
[39_4_in_DOMINO] Success!
[Main] Worker finished 39_4_in_DOMINO with score 4.895082620292106[30_4_in_CIRCLE] Starting (50000 attempts)

[39_4_in_DOMINO] Starting (50000 attempts)
[22_4_in_DOMINO] Success!
[Main] Worker finished 22_4_in_DOMINO with score 3.9641227017335576
[14_CIRCLE_in_3] Starting (50000 attempts)
[16_3_in_circle] Success!
[Main] Worker finished 16_3_in_circle with score 1.7029189896133312
[13_CIRCLE_in_3] Starting (50000 attempts)
[20_3_in_circle] Success!
[Main] Worker finished 20_3_in_circle with score 1.8958192025625156
[10_3_in_circle] Starting (50000 attempts)
[8_3_in_circle] Success!
[Main] Worker finished 8_3_in_circle with score 1.2748051192828511
[14_3_in_DOMINO] Starting (50000 attempts)
[15_CIRCLE_in_CIRCLE] Success!
[Main] Worker finished 15_CIRCLE_in_CIRCLE with score 4.538260254000323
[40_4_in_DOMINO] Success!
[41_4_in_DOMINO] Success!
[Main] Worker finished 40_4_in_DOMINO with score 4.943502864466721
[23_4_in_CIRCLE] Starting (50000 attempts)
[Main] Worker finished 41_4_in_DOMINO with score 5.019525795832946
[12_CIRCLE_in_CIRCLE] Starting (50000 attempts)
[11_3_in_circle] Success!
[Main] Worker finished 11_3_in_circle with score 1.4830513649835477
[31_3_in_3] Starting (50000 attempts)
[34_4_in_CIRCLE] Success!
[Main] Worker finished 34_4_in_CIRCLE with score 3.789834932560656
[12_3_in_circle] Starting (50000 attempts)
[13_3_in_3] Success!
[Main] Worker finished 13_3_in_3 with score 4.020316954443297
[34_4_in_CIRCLE] Starting (50000 attempts)
[25_4_in_DOMINO] Success!
[17_CIRCLE_in_CIRCLE] Success!
[Main] Worker finished 17_CIRCLE_in_CIRCLE with score 4.809960188594904
[29_3_in_circle] Starting (50000 attempts)
[Main] Worker finished 25_4_in_DOMINO with score 4.037277676108749
[14_CIRCLE_in_CIRCLE] Success!
[45_3_in_3] Starting (50000 attempts)
[38_4_in_DOMINO] Success!
[Main] Worker finished 38_4_in_DOMINO with score 4.867215641034746
[38_3_in_3] Starting (50000 attempts)
[Main] Worker finished 14_CIRCLE_in_CIRCLE with score 4.345096413036063
[8_3_in_circle] Starting (50000 attempts)
[26_3_in_3] Starting (50000 attempts)
[30_3_in_circle] Success!
[Main] Worker finished 30_3_in_circle with score 3.102118697657195
[15_CIRCLE_in_CIRCLE] Starting (50000 attempts)
[50_3_in_3] Success!
[Main] Worker finished 50_3_in_3 with score 7.912884894772335
[25_4_in_CIRCLE] Starting (50000 attempts)
[19_3_in_circle] Success!
[Main] Worker finished 19_3_in_circle with score 1.8582158012495773
[43_3_in_3] Starting (50000 attempts)
[24_4_in_DOMINO] Success!
[Main] Worker finished 24_4_in_DOMINO with score 3.9241229167278884
[11_3_in_circle] Starting (50000 attempts)
[21_4_in_CIRCLE] Success!
[Main] Worker finished 21_4_in_CIRCLE with score 3.1064519114939206
[16_CIRCLE_in_CIRCLE] Success!
[Main] Worker finished 16_CIRCLE_in_CIRCLE with score 4.63348722009616
[16_4_in_CIRCLE] Starting (50000 attempts)
[21_3_in_3] Success!
[Main] Worker finished 21_3_in_3 with score 4.965060044085815
[26_4_in_DOMINO] Starting (50000 attempts)
[44_3_in_3] Success!
[Main] Worker finished 44_3_in_3 with score 7.015974820954202
[17_CIRCLE_in_CIRCLE] Starting (50000 attempts)
[21_3_in_DOMINO] Success!
[Main] Worker finished 21_3_in_DOMINO with score 2.584422666684662
[34_4_in_DOMINO] Starting (50000 attempts)
[18_CIRCLE_in_CIRCLE] Success!
[Main] Worker finished 18_CIRCLE_in_CIRCLE with score 4.883494798545663
[33_4_in_CIRCLE] Starting (50000 attempts)
[14_CIRCLE_in_CIRCLE] Starting (50000 attempts)
[33_4_in_DOMINO] Success!
[Main] Worker finished 33_4_in_DOMINO with score 4.475096077264324
[20_CIRCLE_in_CIRCLE] Success!
[Main] Worker finished 20_CIRCLE_in_CIRCLE with score 5.143321280120154
[19_4_in_CIRCLE] Starting (50000 attempts)
[25_3_in_circle] Success!
[30_3_in_3] Success!
[Main] Worker finished 30_3_in_3 with score 5.872751699072401
[20_4_in_CIRCLE] Starting (50000 attempts)
[Main] Worker finished 25_3_in_circle with score 2.831711514351985
[30_3_in_3] Starting (50000 attempts)
[42_4_in_DOMINO] Starting (50000 attempts)
[26_4_in_CIRCLE] Success!
[Main] Worker finished 26_4_in_CIRCLE with score 3.265553306575606
[35_4_in_CIRCLE] Starting (50000 attempts)
[19_3_in_DOMINO] Success!
[Main] Worker finished 19_3_in_DOMINO with score 2.4901149670854683
[16_CIRCLE_in_CIRCLE] Starting (50000 attempts)
[14_CIRCLE_in_3] Success!
[Main] Worker finished 14_CIRCLE_in_3 with score 11.471632991608798
[37_4_in_DOMINO] Starting (50000 attempts)
[30_4_in_CIRCLE] Success!
[Main] Worker finished 30_4_in_CIRCLE with score 3.5236257287305413
[13_CIRCLE_in_3] Success!
[Main] Worker finished 13_CIRCLE_in_3 with score 11.413488992180232
[29_4_in_CIRCLE] Starting (50000 attempts)
[23_4_in_DOMINO] Starting (50000 attempts)
[10_3_in_circle] Success!
[Main] Worker finished 10_3_in_circle with score 1.4007623159126743
[18_CIRCLE_in_CIRCLE] Starting (50000 attempts)
[14_3_in_DOMINO] Success!
[Main] Worker finished 14_3_in_DOMINO with score 1.911646754271575
[39_4_in_DOMINO] Success!
[12_CIRCLE_in_CIRCLE] Success!
[Main] Worker finished 39_4_in_DOMINO with score 5.014618690199851
[18_4_in_CIRCLE] Starting (50000 attempts)
[Main] Worker finished 12_CIRCLE_in_CIRCLE with score 4.044636069278394
[20_CIRCLE_in_CIRCLE] Starting (50000 attempts)
[15_3_in_circle] Starting (50000 attempts)
[12_3_in_circle] Success!
[Main] Worker finished 12_3_in_circle with score 1.5230514075566917
[29_3_in_circle] Success!
[23_4_in_CIRCLE] Success!
[Main] Worker finished 23_4_in_CIRCLE with score 3.115803431953349
[37_3_in_3] Starting (50000 attempts)
[Main] Worker finished 29_3_in_circle with score 3.06830648206665
[41_3_in_3] Starting (50000 attempts)
[31_4_in_CIRCLE] Starting (50000 attempts)
[8_3_in_circle] Success!
[Main] Worker finished 8_3_in_circle with score 1.2748051192828511
[14_CIRCLE_in_3] Starting (50000 attempts)
[15_CIRCLE_in_CIRCLE] Success!
[Main] Worker finished 15_CIRCLE_in_CIRCLE with score 4.538260254000323
[39_3_in_3] Starting (50000 attempts)
[31_3_in_3] Success!
[Main] Worker finished 31_3_in_3 with score 6.155257820131821
[34_4_in_CIRCLE] Success!
[13_CIRCLE_in_3] Starting (50000 attempts)
[Main] Worker finished 34_4_in_CIRCLE with score 3.8281160934956127
[26_3_in_3] Success!
[Main] Worker finished 26_3_in_3 with score 5.719122467319307[10_3_in_circle] Starting (50000 attempts)

[22_3_in_circle] Starting (50000 attempts)
[38_3_in_3] Success!
[Main] Worker finished 38_3_in_3 with score 6.527548335136139
[25_4_in_CIRCLE] Success!
[Main] Worker finished 25_4_in_CIRCLE with score 3.2232942054853804[38_3_in_3] Starting (50000 attempts)

[12_CIRCLE_in_CIRCLE] Starting (50000 attempts)
[11_3_in_circle] Success!
[Main] Worker finished 11_3_in_circle with score 1.4830513649835477
[45_3_in_3] Success!
[Main] Worker finished 45_3_in_3 with score 7.030922742455542
[29_3_in_3] Starting (50000 attempts)
[21_3_in_circle] Starting (50000 attempts)
[17_CIRCLE_in_CIRCLE] Success!
[Main] Worker finished 17_CIRCLE_in_CIRCLE with score 4.809960188594904
[16_4_in_CIRCLE] Success!
[Main] Worker finished 16_4_in_CIRCLE with score 2.643847752583437
[13_4_in_DOMINO] Starting (50000 attempts)
[8_3_in_circle] Starting (50000 attempts)
[14_CIRCLE_in_CIRCLE] Success!
[Main] Worker finished 14_CIRCLE_in_CIRCLE with score 4.345096413036063
[15_CIRCLE_in_CIRCLE] Starting (50000 attempts)
[43_3_in_3] Success!
[Main] Worker finished 43_3_in_3 with score 6.9673699289329925
[11_3_in_3] Starting (50000 attempts)
[26_4_in_DOMINO] Success!
[Main] Worker finished 26_4_in_DOMINO with score 4.020360663309433
[18_3_in_circle] Starting (50000 attempts)
[19_4_in_CIRCLE] Success!
[Main] Worker finished 19_4_in_CIRCLE with score 2.8776782496867814
[20_4_in_CIRCLE] Success!
[Main] Worker finished 20_4_in_CIRCLE with score 2.9479967602447665
[22_4_in_DOMINO] Starting (50000 attempts)
[35_4_in_CIRCLE] Success!
[Main] Worker finished 35_4_in_CIRCLE with score 4.108256491675653
[10_3_in_DOMINO] Starting (50000 attempts)
[34_4_in_DOMINO] Success!
[Main] Worker finished 34_4_in_DOMINO with score 4.510334332905153
[35_4_in_CIRCLE] Starting (50000 attempts)
[16_CIRCLE_in_CIRCLE] Success!
[Main] Worker finished 16_CIRCLE_in_CIRCLE with score 4.63348722009616
[11_3_in_circle] Starting (50000 attempts)
[30_3_in_3] Success!
[33_4_in_CIRCLE] Success!
[Main] Worker finished 33_4_in_CIRCLE with score 4.019565593893119[41_4_in_DOMINO] Starting (50000 attempts)

[Main] Worker finished 30_3_in_3 with score 5.996957272103385
[17_CIRCLE_in_CIRCLE] Starting (50000 attempts)
[40_4_in_DOMINO] Starting (50000 attempts)
[18_CIRCLE_in_CIRCLE] Success!
[Main] Worker finished 18_CIRCLE_in_CIRCLE with score 4.883494798545663
[42_4_in_DOMINO] Success!
[Main] Worker finished 42_4_in_DOMINO with score 5.029602176115146
[14_CIRCLE_in_CIRCLE] Starting (50000 attempts)
[23_4_in_DOMINO] Success!
[Main] Worker finished 23_4_in_DOMINO with score 3.8688750047412386
[23_3_in_circle] Starting (50000 attempts)
[16_3_in_circle] Starting (50000 attempts)
[20_CIRCLE_in_CIRCLE] Success!
[Main] Worker finished 20_CIRCLE_in_CIRCLE with score 5.143321280120154
[37_4_in_DOMINO] Success!
[29_4_in_CIRCLE] Success!
[Main] Worker finished 37_4_in_DOMINO with score 4.86697455948945[20_3_in_circle] Starting (50000 attempts)

[18_4_in_CIRCLE] Success!
[Main] Worker finished 29_4_in_CIRCLE with score 3.631402274099691
[15_3_in_circle] Success!
[37_4_in_DOMINO] Starting (50000 attempts)
[Main] Worker finished 18_4_in_CIRCLE with score 2.8016697604273646[32_3_in_3] Starting (50000 attempts)

[Main] Worker finished 15_3_in_circle with score 1.6549223038095542
[16_CIRCLE_in_CIRCLE] Starting (50000 attempts)
[38_4_in_DOMINO] Starting (50000 attempts)
[14_CIRCLE_in_3] Success!
[Main] Worker finished 14_CIRCLE_in_3 with score 11.471632991608798
[25_4_in_DOMINO] Starting (50000 attempts)
[13_CIRCLE_in_3] Success!
[Main] Worker finished 13_CIRCLE_in_3 with score 11.413488992180232
[13_3_in_3] Starting (50000 attempts)
[22_3_in_circle] Success!
[Main] Worker finished 22_3_in_circle with score 2.611744817291966
[10_3_in_circle] Success!
[Main] Worker finished 10_3_in_circle with score 1.4007623159126743
[22_3_in_circle] Starting (50000 attempts)
[37_3_in_3] Success!
[Main] Worker finished 37_3_in_3 with score 6.773117703585962[18_CIRCLE_in_CIRCLE] Starting (50000 attempts)

[30_3_in_circle] Starting (50000 attempts)
[31_4_in_CIRCLE] Success!
[Main] Worker finished 31_4_in_CIRCLE with score 3.7364237438117933
[20_CIRCLE_in_CIRCLE] Starting (50000 attempts)
[12_CIRCLE_in_CIRCLE] Success!
[Main] Worker finished 12_CIRCLE_in_CIRCLE with score 4.044636069278394
[41_3_in_3] Success!
[Main] Worker finished 41_3_in_3 with score 6.866970338907654
[44_3_in_3] Starting (50000 attempts)
[41_3_in_3] Starting (50000 attempts)
[39_3_in_3] Success!
[Main] Worker finished 39_3_in_3 with score 6.940912390839882
[16_3_in_DOMINO] Starting (50000 attempts)
[21_3_in_circle] Success!
[Main] Worker finished 21_3_in_circle with score 1.932475012484084
[19_3_in_circle] Starting (50000 attempts)
[8_3_in_circle] Success!
[Main] Worker finished 8_3_in_circle with score 1.2748051192828511
[13_4_in_DOMINO] Success!
[15_CIRCLE_in_CIRCLE] Success!
[29_3_in_3] Success!
[38_3_in_3] Success!
[Main] Worker finished 38_3_in_3 with score 6.84302398719644
[14_CIRCLE_in_3] Starting (50000 attempts)
[Main] Worker finished 15_CIRCLE_in_CIRCLE with score 4.538260254000323
[Main] Worker finished 29_3_in_3 with score 5.977930657320277
[Main] Worker finished 13_4_in_DOMINO with score 3.0482570050526587
[11_3_in_3] Success!
[13_CIRCLE_in_3] Starting (50000 attempts)
[10_3_in_circle] Starting (50000 attempts)
[24_4_in_DOMINO] Starting (50000 attempts)
[18_3_in_circle] Success!
[Main] Worker finished 11_3_in_3 with score 3.746847963455798
[21_4_in_CIRCLE] Starting (50000 attempts)
[Main] Worker finished 18_3_in_circle with score 1.8204190752494187
[12_CIRCLE_in_CIRCLE] Starting (50000 attempts)
[21_3_in_3] Starting (50000 attempts)
[35_4_in_CIRCLE] Success!
[Main] Worker finished 35_4_in_CIRCLE with score 4.121424628648621
[10_3_in_DOMINO] Success!
[Main] Worker finished 10_3_in_DOMINO with score 1.7011773066844613
[33_4_in_DOMINO] Starting (50000 attempts)
[26_4_in_CIRCLE] Starting (50000 attempts)
[22_4_in_DOMINO] Success!
[Main] Worker finished 22_4_in_DOMINO with score 3.7914164805615247
[11_3_in_circle] Success!
[Main] Worker finished 11_3_in_circle with score 1.4830513649835477
[22_4_in_DOMINO] Starting (50000 attempts)
[17_CIRCLE_in_CIRCLE] Success!
[Main] Worker finished 17_CIRCLE_in_CIRCLE with score 4.809960188594904
[8_3_in_circle] Starting (50000 attempts)
[19_3_in_DOMINO] Starting (50000 attempts)
[14_CIRCLE_in_CIRCLE] Success!
[Main] Worker finished 14_CIRCLE_in_CIRCLE with score 4.345096413036063
[15_CIRCLE_in_CIRCLE] Starting (50000 attempts)
[16_3_in_circle] Success!
[Main] Worker finished 16_3_in_circle with score 1.7029189896133312
[31_3_in_circle] Starting (50000 attempts)
[23_3_in_circle] Success!
[Main] Worker finished 23_3_in_circle with score 2.0046994478381874
[41_4_in_DOMINO] Success!
[Main] Worker finished 41_4_in_DOMINO with score 5.019525795832946
[30_4_in_CIRCLE] Starting (50000 attempts)
[40_4_in_DOMINO] Success!
[Main] Worker finished 40_4_in_DOMINO with score 4.943502864466721
[14_3_in_DOMINO] Starting (50000 attempts)
[23_4_in_CIRCLE] Starting (50000 attempts)
[20_3_in_circle] Success!
[Main] Worker finished 20_3_in_circle with score 1.8958192025625156
[16_CIRCLE_in_CIRCLE] Success!
[Main] Worker finished 16_CIRCLE_in_CIRCLE with score 4.63348722009616
[31_3_in_3] Starting (50000 attempts)
[12_3_in_circle] Starting (50000 attempts)
slurmstepd: error: *** JOB 2407314 ON compute-34-07 CANCELLED AT 2026-08-06T06:04:50 DUE TO TIME LIMIT ***
