[Main] Starting parallel loop on 32 cores.
[7_3_in_5] Starting (5000 attempts)
[4_3_in_4] Starting (5000 attempts)
[9_6_in_4] Starting (50000 attempts)
[11_3_in_4] Starting (50000 attempts)
[23_4_in_3] Starting (50000 attempts)
[10_4_in_3] Starting (50000 attempts)
[14_4_in_3] Starting (50000 attempts)
[17_6_in_4] Starting (50000 attempts)
[21_6_in_4] Starting (50000 attempts)
[16_6_in_4] Starting (50000 attempts)
[18_4_in_3] Starting (50000 attempts)
[22_6_in_4] Starting (50000 attempts)
[19_6_in_4] Starting (50000 attempts)
[8_3_in_4] Starting (50000 attempts)
[19_4_in_3] Starting (50000 attempts)
[18_6_in_4] Starting (50000 attempts)
[25_6_in_4] Starting (50000 attempts)
[11_3_in_5] Starting (50000 attempts)
[11_3_in_3] Starting (50000 attempts)
[12_3_in_4] Starting (50000 attempts)
[26_6_in_4] Starting (50000 attempts)
[20_4_in_3] Starting (50000 attempts)
[23_6_in_4] Starting (50000 attempts)
[12_3_in_3] Starting (50000 attempts)
[29_4_in_3] Starting (50000 attempts)
[30_4_in_3] Starting (50000 attempts)
[24_4_in_3] Starting (50000 attempts)
[15_6_in_4] Starting (50000 attempts)
[13_3_in_5] Starting (50000 attempts)
[25_4_in_3] Starting (50000 attempts)
[24_6_in_4] Starting (50000 attempts)
[14_3_in_5] Starting (50000 attempts)
[21_6_in_4] Success!
[Main] Worker finished 21_6_in_4 with score 8.43048885754377
[8_3_in_4] Success!
[22_6_in_4] Success!
[18_6_in_4] Success!
[23_4_in_3] Success!
[19_6_in_4] Success!
[12_3_in_4] Success!
[19_4_in_3] Success!
[4_3_in_4] Success!
[Main] Worker finished 12_3_in_4 with score 2.7446635859551374
[9_3_in_4] Starting (50000 attempts)
[Main] Worker finished 18_6_in_4 with score 7.7379955374790645
[Main] Worker finished 4_3_in_4 with score 1.583711059565369
[Main] Worker finished 22_6_in_4 with score 8.583374246046413
[Main] Worker finished 19_4_in_3 with score 7.471317325000314
[9_6_in_4] Success!
[Main] Worker finished 19_6_in_4 with score 7.929378074021842
[Main] Worker finished 23_4_in_3 with score 8.472237346101952
[Main] Worker finished 8_3_in_4 with score 2.2397815410677104
[11_3_in_5] Success!
[11_3_in_3] Success!
[16_6_in_4] Success!
[11_3_in_4] Success!
[7_3_in_5] Success!
[10_4_in_3] Success!
[25_6_in_4] Success!
[26_6_in_4] Success!
[18_4_in_3] Success!
[14_4_in_3] Success!
[20_4_in_3] Success!
[4_3_in_5] Starting (5000 attempts)
[17_6_in_4] Success!
[12_3_in_3] Success!
[10_3_in_5] Starting (50000 attempts)
[23_6_in_4] Success!
[29_4_in_3] Success!
[30_4_in_3] Success!
[6_3_in_4] Starting (5000 attempts)
[13_4_in_3] Starting (50000 attempts)
[15_6_in_4] Success!
[10_3_in_4] Starting (50000 attempts)
[7_3_in_4] Starting (5000 attempts)
[24_4_in_3] Success!
[26_4_in_3] Starting (50000 attempts)
[25_4_in_3] Success!
[Main] Worker finished 9_6_in_4 with score 5.518597387761732
[15_3_in_4] Starting (50000 attempts)
[Main] Worker finished 15_6_in_4 with score 6.964000014504972
[Main] Worker finished 29_4_in_3 with score 9.310827711934628
[Main] Worker finished 20_4_in_3 with score 7.626450925723101
[Main] Worker finished 18_4_in_3 with score 7.465594074136727
[Main] Worker finished 11_3_in_3 with score 3.729640593560089
[Main] Worker finished 30_4_in_3 with score 9.541643379937524
[Main] Worker finished 16_6_in_4 with score 7.321045141554854
[Main] Worker finished 23_6_in_4 with score 8.661852189412814
[Main] Worker finished 11_3_in_4 with score 2.6298733853627354
[Main] Worker finished 25_6_in_4 with score 9.083749787439356
[Main] Worker finished 25_4_in_3 with score 8.620168250920733
[Main] Worker finished 10_4_in_3 with score 5.46460145615038
[Main] Worker finished 12_3_in_3 with score 3.881099749755177
[Main] Worker finished 24_4_in_3 with score 8.591953675831972
[Main] Worker finished 14_4_in_3 with score 6.467078494287158
[Main] Worker finished 26_6_in_4 with score 9.255840516534487
[Main] Worker finished 17_6_in_4 with score 7.606741618201064
[Main] Worker finished 11_3_in_5 with score 2.184012389940221
[Main] Worker finished 7_3_in_5 with score 1.7415210527927882
[9_3_in_5] Starting (50000 attempts)
[14_3_in_5] Success!
[4_3_in_4] Starting (5000 attempts)
[24_6_in_4] Success!
[11_3_in_4] Starting (50000 attempts)
[13_3_in_5] Success!
[23_4_in_3] Starting (50000 attempts)
[21_6_in_4] Starting (50000 attempts)
[18_4_in_3] Starting (50000 attempts)
[8_3_in_4] Starting (50000 attempts)
[18_6_in_4] Starting (50000 attempts)
[11_3_in_3] Starting (50000 attempts)
[12_3_in_4] Starting (50000 attempts)
[29_4_in_3] Starting (50000 attempts)
[30_4_in_3] Starting (50000 attempts)
[27_6_in_4] Starting (50000 attempts)
[13_3_in_3] Starting (50000 attempts)
[14_3_in_4] Starting (50000 attempts)
[10_3_in_3] Starting (50000 attempts)
[5_3_in_5] Starting (5000 attempts)
[20_6_in_4] Starting (50000 attempts)
[16_3_in_4] Starting (50000 attempts)
[Main] Worker finished 24_6_in_4 with score 8.812109068402295
[33_4_in_3] Starting (50000 attempts)
[Main] Worker finished 14_3_in_5 with score 2.464510295907062
[Main] Worker finished 13_3_in_5 with score 2.374406362007358
[25_6_in_4] Starting (50000 attempts)
[25_4_in_3] Starting (50000 attempts)
[32_4_in_3] Starting (50000 attempts)
[13_4_in_3] Success!
[Main] Worker finished 13_4_in_3 with score 6.464800161899369
[7_3_in_4] Success!
[Main] Worker finished 7_3_in_4 with score 2.095052900818078
[31_4_in_3] Starting (50000 attempts)
[4_3_in_5] Success!
[Main] Worker finished 4_3_in_5 with score 1.3168226749548522
[24_4_in_3] Starting (50000 attempts)
[10_3_in_5] Success!
[Main] Worker finished 10_3_in_5 with score 2.082961462235238
[38_4_in_3] Starting (50000 attempts)
[15_3_in_4] Success!
[9_3_in_4] Success!
[10_3_in_4] Success!
[4_3_in_4] Success!
[Main] Worker finished 9_3_in_4 with score 2.377142364865082
[Main] Worker finished 15_3_in_4 with score 3.0756382885430744
[26_6_in_4] Starting (50000 attempts)
[Main] Worker finished 10_3_in_4 with score 2.5058708098095974
[Main] Worker finished 4_3_in_4 with score 1.5837110595400408
[6_3_in_4] Success!
[11_3_in_4] Success!
[7_3_in_5] Starting (5000 attempts)
[9_3_in_5] Success!
[11_3_in_5] Starting (50000 attempts)
[17_3_in_4] Starting (50000 attempts)
[23_4_in_3] Success!
[Main] Worker finished 11_3_in_4 with score 2.627063518387486[37_4_in_3] Starting (50000 attempts)

[Main] Worker finished 9_3_in_5 with score 1.9746278835054172
[Main] Worker finished 6_3_in_4 with score 1.9403160823204826
[26_4_in_3] Success!
[Main] Worker finished 23_4_in_3 with score 8.469703524678517
[21_6_in_4] Success!
[13_3_in_5] Starting (50000 attempts)
[18_4_in_3] Success!
[14_3_in_5] Starting (50000 attempts)
[8_3_in_4] Success!
[13_4_in_3] Starting (50000 attempts)
[Main] Worker finished 21_6_in_4 with score 8.43048885754377
[7_3_in_4] Starting (5000 attempts)
[Main] Worker finished 26_4_in_3 with score 8.774947412252958
[Main] Worker finished 18_4_in_3 with score 7.387955541169579
[Main] Worker finished 8_3_in_4 with score 2.240492604517753
[12_3_in_4] Success!
[11_3_in_3] Success!
[10_3_in_5] Starting (50000 attempts)
[4_3_in_5] Starting (5000 attempts)
[9_3_in_4] Starting (50000 attempts)
[18_6_in_4] Success!
[27_6_in_4] Success!
[Main] Worker finished 11_3_in_3 with score 3.731855633710615
[15_3_in_4] Starting (50000 attempts)
[Main] Worker finished 12_3_in_4 with score 2.7441016751651715
[Main] Worker finished 18_6_in_4 with score 7.730063257741899
[Main] Worker finished 27_6_in_4 with score 9.492725968698753
[9_3_in_5] Starting (50000 attempts)
[4_3_in_4] Starting (5000 attempts)
[13_3_in_3] Success!
[29_4_in_3] Success!
[10_3_in_4] Starting (50000 attempts)
[Main] Worker finished 29_4_in_3 with score 9.31330480896625
[11_3_in_4] Starting (50000 attempts)
[Main] Worker finished 13_3_in_3 with score 4.000031403723894
[30_4_in_3] Success!
[10_3_in_3] Success!
[16_3_in_4] Success!
[6_3_in_4] Starting (5000 attempts)
[33_4_in_3] Success!
[Main] Worker finished 16_3_in_4 with score 3.1825511289968693
[23_4_in_3] Starting (50000 attempts)
[Main] Worker finished 33_4_in_3 with score 9.778001675551085
[Main] Worker finished 10_3_in_3 with score 3.5000315615295814
[Main] Worker finished 30_4_in_3 with score 9.399512651983235
[5_3_in_5] Success!
[21_6_in_4] Starting (50000 attempts)
[14_3_in_4] Success!
[18_4_in_3] Starting (50000 attempts)
[20_6_in_4] Success!
[25_6_in_4] Success!
[8_3_in_4] Starting (50000 attempts)
[Main] Worker finished 5_3_in_5 with score 1.4722107410112513
[26_4_in_3] Starting (50000 attempts)
[Main] Worker finished 14_3_in_4 with score 2.9700707477962434
[Main] Worker finished 25_6_in_4 with score 9.118021638826727
[Main] Worker finished 20_6_in_4 with score 8.007004166810876
[25_4_in_3] Success!
[18_6_in_4] Starting (50000 attempts)
[11_3_in_3] Starting (50000 attempts)
[32_4_in_3] Success!
[12_3_in_4] Starting (50000 attempts)
[Main] Worker finished 32_4_in_3 with score 9.749653181334807
[27_6_in_4] Starting (50000 attempts)
[Main] Worker finished 25_4_in_3 with score 8.620168250920733
[29_4_in_3] Starting (50000 attempts)
[13_3_in_3] Starting (50000 attempts)
[7_3_in_5] Success!
[Main] Worker finished 7_3_in_5 with score 1.7415210279474596
[11_3_in_5] Success!
[17_3_in_4] Success!
[Main] Worker finished 17_3_in_4 with score 3.2946279876108426
[15_4_in_3] Starting (50000 attempts)
[Main] Worker finished 11_3_in_5 with score 2.1840418155567236
[13_3_in_5] Success!
[21_3_in_4] Starting (50000 attempts)
[Main] Worker finished 13_3_in_5 with score 2.3758528333735964
[20_3_in_4] Starting (50000 attempts)
[37_4_in_3] Success!
[Main] Worker finished 37_4_in_3 with score 10.260221039654585
[30_4_in_3] Starting (50000 attempts)
[24_4_in_3] Success!
[Main] Worker finished 24_4_in_3 with score 8.591953675831972
[5_3_in_5] Starting (5000 attempts)
[26_6_in_4] Success!
[31_4_in_3] Success!
[Main] Worker finished 31_4_in_3 with score 9.617379286828163
[14_3_in_4] Starting (50000 attempts)
[Main] Worker finished 26_6_in_4 with score 9.255840516534487
[38_4_in_3] Success!
[13_4_in_3] Success!
[25_6_in_4] Starting (50000 attempts)
[10_3_in_5] Success!
[Main] Worker finished 10_3_in_5 with score 2.0820842883643
[20_6_in_4] Starting (50000 attempts)
[Main] Worker finished 38_4_in_3 with score 10.549071817935308
[Main] Worker finished 13_4_in_3 with score 6.4650137242969805
[7_3_in_5] Starting (5000 attempts)
[14_3_in_5] Success!
[7_3_in_4] Success!
[9_3_in_4] Success!
[25_4_in_3] Starting (50000 attempts)
[4_3_in_5] Success!
[Main] Worker finished 14_3_in_5 with score 2.4692645311271075
[16_3_in_4] Starting (50000 attempts)
[Main] Worker finished 9_3_in_4 with score 2.3762137055500516
[Main] Worker finished 7_3_in_4 with score 2.0950533698910805
[Main] Worker finished 4_3_in_5 with score 1.316465955982415
[9_3_in_5] Success!
[11_3_in_5] Starting (50000 attempts)
[10_3_in_4] Success!
[13_3_in_5] Starting (50000 attempts)
[17_3_in_4] Starting (50000 attempts)
[11_3_in_4] Success!
[23_4_in_3] Success!
[6_3_in_4] Success!
[Main] Worker finished 11_3_in_4 with score 2.6300157532099484
[Main] Worker finished 10_3_in_4 with score 2.5043480808823873
[33_4_in_3] Starting (50000 attempts)
[Main] Worker finished 9_3_in_5 with score 1.974804180727665
[Main] Worker finished 6_3_in_4 with score 1.9410712661561413
[Main] Worker finished 23_4_in_3 with score 8.419120872869083
[10_3_in_5] Starting (50000 attempts)
[15_3_in_4] Success!
[26_6_in_4] Starting (50000 attempts)
[24_4_in_3] Starting (50000 attempts)
[21_6_in_4] Success!
[32_4_in_3] Starting (50000 attempts)
[26_4_in_3] Success!
[8_3_in_4] Success!
[4_3_in_4] Success!
[Main] Worker finished 15_3_in_4 with score 3.0748670530215465
[21_4_in_3] Starting (50000 attempts)
[Main] Worker finished 4_3_in_4 with score 1.5837110595697916
[Main] Worker finished 26_4_in_3 with score 8.774947412252958
[Main] Worker finished 8_3_in_4 with score 2.240316421306101
[Main] Worker finished 21_6_in_4 with score 8.43048885754377
[14_3_in_5] Starting (50000 attempts)
[18_6_in_4] Success!
[11_3_in_3] Success!
[4_3_in_5] Starting (5000 attempts)
[18_4_in_3] Success!
[9_3_in_4] Starting (50000 attempts)
[13_4_in_3] Starting (50000 attempts)
[12_3_in_4] Success!
[Main] Worker finished 18_6_in_4 with score 7.763371982027166
[7_3_in_4] Starting (5000 attempts)
[Main] Worker finished 12_3_in_4 with score 2.744823742705364
[Main] Worker finished 11_3_in_3 with score 3.731855633710615
[Main] Worker finished 18_4_in_3 with score 7.4645934216366685
[9_3_in_5] Starting (50000 attempts)
[10_3_in_4] Starting (50000 attempts)
[11_3_in_4] Starting (50000 attempts)
[29_4_in_3] Success!
[27_6_in_4] Success!
[Main] Worker finished 29_4_in_3 with score 9.163796204927412
[Main] Worker finished 27_6_in_4 with score 9.474361225301514
[13_3_in_4] Starting (50000 attempts)
[23_4_in_3] Starting (50000 attempts)
[15_3_in_4] Starting (50000 attempts)
[13_3_in_3] Success!
[Main] Worker finished 13_3_in_3 with score 4.00002044007012
[22_3_in_4] Starting (50000 attempts)
[30_4_in_3] Success!
[Main] Worker finished 30_4_in_3 with score 9.471820892670447
[21_3_in_4] Success!
[5_3_in_5] Success!
[Main] Worker finished 5_3_in_5 with score 1.4733516403747606
[3_3_in_circle] Starting (5000 attempts)
[Main] Worker finished 21_3_in_4 with score 3.6853889412996548
[4_3_in_circle] Starting (5000 attempts)
[15_4_in_3] Success!
[14_3_in_4] Success!
[Main] Worker finished 14_3_in_4 with score 2.9663431825413
[8_3_in_circle] Starting (50000 attempts)
[Main] Worker finished 15_4_in_3 with score 6.589001389609748
[25_6_in_4] Success!
[11_3_in_circle] Starting (50000 attempts)
[Main] Worker finished 25_6_in_4 with score 9.100998092955923
[9_3_in_circle] Starting (50000 attempts)
[20_3_in_4] Success!
[7_3_in_5] Success!
[Main] Worker finished 20_3_in_4 with score 3.5931194064645244
[10_3_in_circle] Starting (50000 attempts)
[Main] Worker finished 7_3_in_5 with score 1.7415207651656734
[7_3_in_circle] Starting (5000 attempts)
[20_6_in_4] Success!
[16_3_in_4] Success!
[Main] Worker finished 16_3_in_4 with score 3.183971187774579
[12_3_in_circle] Starting (50000 attempts)
[Main] Worker finished 20_6_in_4 with score 8.089384994607542
[11_3_in_5] Success!
[17_3_in_4] Success!
[14_3_in_circle] Starting (50000 attempts)
[25_4_in_3] Success!
[Main] Worker finished 17_3_in_4 with score 3.275549959754686
[18_3_in_circle] Starting (50000 attempts)
[Main] Worker finished 11_3_in_5 with score 2.1839987480474385
[Main] Worker finished 25_4_in_3 with score 8.627146868055858
[5_3_in_5] Starting (5000 attempts)
[21_3_in_4] Starting (50000 attempts)
[10_3_in_5] Success!
[24_4_in_3] Success!
[Main] Worker finished 10_3_in_5 with score 2.0822363628735716
[13_3_in_circle] Starting (50000 attempts)
[Main] Worker finished 24_4_in_3 with score 8.568395832409651
[33_4_in_3] Success!
[13_3_in_5] Success!
[15_3_in_circle] Starting (50000 attempts)
[Main] Worker finished 33_4_in_3 with score 9.784109077071728
[Main] Worker finished 13_3_in_5 with score 2.3768802840970196
[16_3_in_circle] Starting (50000 attempts)
[4_3_in_5] Success!
[13_4_in_3] Success!
[20_3_in_4] Starting (50000 attempts)
[26_6_in_4] Success!
[14_3_in_5] Success!
[9_3_in_4] Success!
[32_4_in_3] Success!
[Main] Worker finished 13_4_in_3 with score 6.3985247233180775
[17_3_in_circle] Starting (50000 attempts)
[Main] Worker finished 26_6_in_4 with score 9.255840516534487
[Main] Worker finished 32_4_in_3 with score 9.748219324694178
[Main] Worker finished 9_3_in_4 with score 2.37693198531253
[Main] Worker finished 4_3_in_5 with score 1.3164659559825578
[Main] Worker finished 14_3_in_5 with score 2.4666251792462393
[7_3_in_5] Starting (5000 attempts)
[11_3_in_5] Starting (50000 attempts)
[21_4_in_3] Success!
[20_3_in_circle] Starting (50000 attempts)
[9_3_in_5] Success!
[7_3_in_4] Success!
[19_3_in_circle] Starting (50000 attempts)
[11_3_in_4] Success!
[21_3_in_circle] Starting (50000 attempts)
[13_3_in_4] Success!
[Main] Worker finished 21_4_in_3 with score 7.732760568035256
[22_3_in_circle] Starting (50000 attempts)
[Main] Worker finished 13_3_in_4 with score 2.859157705360689
[Main] Worker finished 9_3_in_5 with score 1.975237266888269
[Main] Worker finished 7_3_in_4 with score 2.095052988805135
[Main] Worker finished 11_3_in_4 with score 2.627080350493728
[10_3_in_5] Starting (50000 attempts)
[23_4_in_3] Success!
[13_3_in_5] Starting (50000 attempts)
[13_4_in_3] Starting (50000 attempts)
[15_3_in_4] Success!
[23_3_in_circle] Starting (50000 attempts)
[Main] Worker finished 15_3_in_4 with score 3.0757690700491134
[28_3_in_circle] Starting (50000 attempts)
[Main] Worker finished 23_4_in_3 with score 8.469111224383393
[21_6_in_4] Starting (50000 attempts)
[26_3_in_circle] Starting (50000 attempts)
[10_3_in_4] Success!
[Main] Worker finished 10_3_in_4 with score 2.5058205144032932
[9_3_in_4] Starting (50000 attempts)
[22_3_in_4] Success!
[Main] Worker finished 22_3_in_4 with score 3.7522305579070014
[4_3_in_5] Starting (5000 attempts)
[8_3_in_circle] Success!
[Main] Worker finished 8_3_in_circle with score 0.31050220350559343
[12_3_in_circle] Success!
[11_3_in_circle] Success!
[10_3_in_circle] Success!
[Main] Worker finished 10_3_in_circle with score 0.3476417646808438
[14_3_in_5] Starting (50000 attempts)
[Main] Worker finished 11_3_in_circle with score 0.3643955367096809
[Main] Worker finished 12_3_in_circle with score 0.3810694851309887
[3_3_in_circle] Success!
[4_3_in_circle] Success!
[9_3_in_5] Starting (50000 attempts)
[14_3_in_circle] Success!
[9_3_in_circle] Success!
[13_3_in_4] Starting (50000 attempts)
[18_3_in_circle] Success!
[7_3_in_circle] Success!
[13_3_in_circle] Success!
[5_3_in_5] Success!
[Main] Worker finished 14_3_in_circle with score 0.4131618835881327
[18_4_in_3] Starting (50000 attempts)
[Main] Worker finished 18_3_in_circle with score 0.47249514789325564
[Main] Worker finished 4_3_in_circle with score 0.21952954677596132
[Main] Worker finished 13_3_in_circle with score 0.3978073607019733
[Main] Worker finished 9_3_in_circle with score 0.3293291268523082
[Main] Worker finished 3_3_in_circle with score 0.1903302330049981
[Main] Worker finished 7_3_in_circle with score 0.29041941918017683
[Main] Worker finished 5_3_in_5 with score 1.473592975911772
[22_3_in_4] Starting (50000 attempts)
[10_3_in_4] Starting (50000 attempts)
[21_3_in_4] Success!
[16_3_in_circle] Success!
[7_3_in_4] Starting (5000 attempts)
[15_3_in_circle] Success!
[11_3_in_4] Starting (50000 attempts)
[20_3_in_4] Success!
[23_4_in_3] Starting (50000 attempts)
[27_3_in_circle] Starting (50000 attempts)
[30_3_in_circle] Starting (50000 attempts)
[20_3_in_circle] Success!
[Main] Worker finished 20_3_in_4 with score 3.589510263046053[25_3_in_circle] Starting (50000 attempts)

[Main] Worker finished 16_3_in_circle with score 0.44321897439766766
[Main] Worker finished 20_3_in_circle with score 0.49922748019539787
[Main] Worker finished 15_3_in_circle with score 0.4278344183483034
[Main] Worker finished 21_3_in_4 with score 3.6668482405360003
[22_3_in_circle] Success!
[7_3_in_5] Success!
[11_3_in_5] Success!
[8_3_in_4] Starting (50000 attempts)
[10_3_in_5] Success!
[13_3_in_5] Success!
[17_3_in_circle] Success!
[18_6_in_4] Starting (50000 attempts)
[13_4_in_3] Success!
[29_3_in_circle] Starting (50000 attempts)
[19_3_in_circle] Success!
[25_6_in_4] Starting (50000 attempts)
[23_3_in_circle] Success!
[Main] Worker finished 13_3_in_5 with score 2.375994947713352
[11_3_in_3] Starting (50000 attempts)
[Main] Worker finished 19_3_in_circle with score 0.4848529750398008
[Main] Worker finished 23_3_in_circle with score 0.5370746736105937
[Main] Worker finished 7_3_in_5 with score 1.741521302792327
[Main] Worker finished 17_3_in_circle with score 0.45866541406900113
[Main] Worker finished 22_3_in_circle with score 0.5239704197459295
[Main] Worker finished 13_4_in_3 with score 6.388553067875531
[21_3_in_circle] Success!
[Main] Worker finished 11_3_in_5 with score 2.1848278502100573
[Main] Worker finished 10_3_in_5 with score 2.081708646644342
[28_3_in_circle] Success!
[5_3_in_5] Starting (5000 attempts)
[20_3_in_4] Starting (50000 attempts)
[12_3_in_4] Starting (50000 attempts)
[26_6_in_4] Starting (50000 attempts)
[21_6_in_4] Success!
[31_3_in_circle] Starting (50000 attempts)
[26_4_in_3] Starting (50000 attempts)
[30_4_in_3] Starting (50000 attempts)
[26_3_in_circle] Success!
[24_4_in_3] Starting (50000 attempts)
[Main] Worker finished 28_3_in_circle with score 0.5948266991248219
[27_6_in_4] Starting (50000 attempts)
[Main] Worker finished 26_3_in_circle with score 0.5717907708754034
[Main] Worker finished 21_3_in_circle with score 0.5124752022192672
[Main] Worker finished 21_6_in_4 with score 8.43048885754377
[13_3_in_5] Starting (50000 attempts)
[21_3_in_4] Starting (50000 attempts)
[4_3_in_5] Success!
[13_3_in_3] Starting (50000 attempts)
[Main] Worker finished 4_3_in_5 with score 1.3163009374245223
[14_3_in_4] Starting (50000 attempts)
[7_3_in_5] Starting (5000 attempts)
[9_3_in_4] Success!
[Main] Worker finished 9_3_in_4 with score 2.3762121445582016
[25_4_in_3] Starting (50000 attempts)
[9_3_in_5] Success!
[Main] Worker finished 9_3_in_5 with score 1.977244102417355
[31_4_in_3] Starting (50000 attempts)
[22_3_in_4] Success!
[Main] Worker finished 22_3_in_4 with score 3.7739207300867563
[18_4_in_3] Success!
[Main] Worker finished 18_4_in_3 with score 7.465594074136727
[13_4_in_3] Starting (50000 attempts)
[11_3_in_5] Starting (50000 attempts)
[13_3_in_4] Success!
[Main] Worker finished 13_3_in_4 with score 2.8581630049691142
[10_3_in_5] Starting (50000 attempts)
[23_4_in_3] Success!
[Main] Worker finished 23_4_in_3 with score 8.472237346101952
[11_3_in_4] Success!
[29_3_in_circle] Success!
[Main] Worker finished 11_3_in_4 with score 2.628647036484799
[38_4_in_3] Starting (50000 attempts)
[Main] Worker finished 29_3_in_circle with score 0.6082924936957295
[10_3_in_4] Success!
[7_3_in_4] Success!
[27_3_in_circle] Success!
[18_3_in_4] Starting (50000 attempts)
[8_3_in_4] Success!
[30_3_in_circle] Success!
[18_6_in_4] Success!
[25_3_in_circle] Success!
[Main] Worker finished 10_3_in_4 with score 2.505916542574742
[15_3_in_5] Starting (50000 attempts)
[Main] Worker finished 27_3_in_circle with score 0.58483023021607
[Main] Worker finished 7_3_in_4 with score 2.0950530207193268
[14_3_in_5] Success!
[Main] Worker finished 8_3_in_4 with score 2.239781676209322
[Main] Worker finished 30_3_in_circle with score 0.617346801860307
[Main] Worker finished 18_6_in_4 with score 7.9061745767615585
[Main] Worker finished 25_3_in_circle with score 0.5608354617631697
[25_6_in_4] Success!
[9_3_in_5] Starting (50000 attempts)
[13_3_in_4] Starting (50000 attempts)
[11_3_in_3] Success!
[20_3_in_4] Success!
[22_3_in_4] Starting (50000 attempts)
[4_3_in_5] Starting (5000 attempts)
[9_3_in_4] Starting (50000 attempts)
[12_3_in_4] Success!
[5_3_in_5] Success!
[21_6_in_4] Starting (50000 attempts)
[26_6_in_4] Success!
[Main] Worker finished 25_6_in_4 with score 9.100998092955923[18_4_in_3] Starting (50000 attempts)

[Main] Worker finished 26_6_in_4 with score 9.255840516534487
[30_4_in_3] Success!
[Main] Worker finished 5_3_in_5 with score 1.4731234620871911
[Main] Worker finished 14_3_in_5 with score 2.471727720442517
[Main] Worker finished 11_3_in_3 with score 3.730146341100796
[Main] Worker finished 12_3_in_4 with score 2.744649852678113
[Main] Worker finished 20_3_in_4 with score 3.592660200598145
[10_3_in_4] Starting (50000 attempts)
[13_3_in_5] Success!
[7_3_in_4] Starting (5000 attempts)
[24_4_in_3] Success!
[11_3_in_4] Starting (50000 attempts)
[21_3_in_4] Success!
[8_3_in_4] Starting (50000 attempts)
[31_3_in_circle] Success!
[27_6_in_4] Success!
[26_4_in_3] Success!
[13_3_in_3] Success!
[37_4_in_3] Starting (50000 attempts)
[7_3_in_5] Success!
[15_4_in_3] Starting (50000 attempts)
[Main] Worker finished 24_4_in_3 with score 8.465628025883607
[27_4_in_3] Starting (50000 attempts)
[Main] Worker finished 27_6_in_4 with score 9.513940573292547
[Main] Worker finished 31_3_in_circle with score 0.6268951496455697
[Main] Worker finished 21_3_in_4 with score 3.672451258428368
[Main] Worker finished 13_3_in_5 with score 2.3758779215655306
[Main] Worker finished 13_3_in_3 with score 4.000031403723894
[Main] Worker finished 26_4_in_3 with score 8.778916948097294
[Main] Worker finished 30_4_in_3 with score 9.316077895406815
[Main] Worker finished 7_3_in_5 with score 1.7415210612661973
[14_3_in_5] Starting (50000 attempts)
[5_3_in_5] Starting (5000 attempts)
[18_6_in_4] Starting (50000 attempts)
[25_6_in_4] Starting (50000 attempts)
[11_3_in_3] Starting (50000 attempts)
[12_3_in_4] Starting (50000 attempts)
[26_6_in_4] Starting (50000 attempts)
[25_4_in_3] Success!
[14_3_in_4] Success!
[41_4_in_3] Starting (50000 attempts)
[Main] Worker finished 14_3_in_4 with score 2.9662761811943366
[22_3_in_5] Starting (50000 attempts)
[Main] Worker finished 25_4_in_3 with score 8.563014759510843
[20_3_in_4] Starting (50000 attempts)
[28_4_in_3] Starting (50000 attempts)
[31_4_in_3] Success!
[Main] Worker finished 31_4_in_3 with score 9.619043541412415
[19_3_in_4] Starting (50000 attempts)
[13_4_in_3] Success!
[Main] Worker finished 13_4_in_3 with score 6.3985247233180775
[15_3_in_4] Starting (50000 attempts)
[10_3_in_5] Success!
[Main] Worker finished 10_3_in_5 with score 2.0816293331876676
[21_3_in_4] Starting (50000 attempts)
[11_3_in_5] Success!
[Main] Worker finished 11_3_in_5 with score 2.18403099783649
[20_6_in_4] Starting (50000 attempts)
[4_3_in_5] Success!
[Main] Worker finished 4_3_in_5 with score 1.3164659559827
[9_3_in_5] Success!
[38_4_in_3] Success!
[13_3_in_4] Success!
[Main] Worker finished 13_3_in_4 with score 2.858567347498458
[24_4_in_3] Starting (50000 attempts)
[Main] Worker finished 9_3_in_5 with score 1.9752545368556242
[Main] Worker finished 38_4_in_3 with score 10.70322273284837
[18_4_in_3] Success!
[26_4_in_3] Starting (50000 attempts)
[11_3_in_4] Success!
[18_3_in_4] Success!
[22_3_in_4] Success!
[7_3_in_4] Success!
[15_3_in_5] Success!
[9_3_in_4] Success!
[40_4_in_3] Starting (50000 attempts)
[Main] Worker finished 9_3_in_4 with score 2.3762630872461368
[16_3_in_4] Starting (50000 attempts)
[Main] Worker finished 7_3_in_4 with score 2.0950533717089193
[Main] Worker finished 18_3_in_4 with score 3.3933718132892237
[Main] Worker finished 11_3_in_4 with score 2.627193459861542
[Main] Worker finished 22_3_in_4 with score 3.7709617491864336
[Main] Worker finished 18_4_in_3 with score 7.464363161550334
[Main] Worker finished 15_3_in_5 with score 2.5572902848576224
[21_6_in_4] Success!
[10_3_in_5] Starting (50000 attempts)
[10_3_in_4] Success!
[37_4_in_3] Success!
[8_3_in_4] Success!
[4_3_in_5] Starting (5000 attempts)
[13_4_in_3] Starting (50000 attempts)
[33_4_in_3] Starting (50000 attempts)
[27_4_in_3] Success!
[23_3_in_5] Starting (50000 attempts)
[27_6_in_4] Starting (50000 attempts)
[15_4_in_3] Success!
[Main] Worker finished 10_3_in_4 with score 2.5049661685659124
[32_4_in_3] Starting (50000 attempts)
[Main] Worker finished 37_4_in_3 with score 10.260221039654585
[Main] Worker finished 21_6_in_4 with score 8.443124506159597
[Main] Worker finished 27_4_in_3 with score 8.785229111502591
[Main] Worker finished 8_3_in_4 with score 2.2397800342331244
[Main] Worker finished 15_4_in_3 with score 6.589001389609748
[18_3_in_4] Starting (50000 attempts)
[5_3_in_5] Success!
[13_3_in_4] Starting (50000 attempts)
[18_6_in_4] Success!
[9_3_in_4] Starting (50000 attempts)
[14_3_in_5] Success!
[21_4_in_3] Starting (50000 attempts)
[12_3_in_4] Success!
[13_3_in_3] Starting (50000 attempts)
[25_6_in_4] Success!
[11_3_in_3] Success!
[Main] Worker finished 11_3_in_3 with score 3.730080275826743
[14_3_in_4] Starting (50000 attempts)
[Main] Worker finished 14_3_in_5 with score 2.4688235443491786
[Main] Worker finished 12_3_in_4 with score 2.744121490332418
[Main] Worker finished 5_3_in_5 with score 1.473059274172085
[Main] Worker finished 25_6_in_4 with score 9.149636321582882
[Main] Worker finished 18_6_in_4 with score 7.9061745767615585
[15_3_in_5] Starting (50000 attempts)
[22_3_in_4] Starting (50000 attempts)
[26_6_in_4] Success!
[20_3_in_4] Success!
[10_3_in_4] Starting (50000 attempts)
[41_4_in_3] Success!
[22_3_in_5] Success!
[18_4_in_3] Starting (50000 attempts)
[28_4_in_3] Success!
[25_4_in_3] Starting (50000 attempts)
[Main] Worker finished 41_4_in_3 with score 11.033543634549448
[23_3_in_4] Starting (50000 attempts)
[Main] Worker finished 26_6_in_4 with score 9.255840516534487
[Main] Worker finished 20_3_in_4 with score 3.580302403216132
[Main] Worker finished 22_3_in_5 with score 3.135899625277397
[Main] Worker finished 28_4_in_3 with score 8.778031375178879
[8_3_in_4] Starting (50000 attempts)
[31_4_in_3] Starting (50000 attempts)
[35_4_in_3] Starting (50000 attempts)
[20_3_in_3] Starting (50000 attempts)
[38_4_in_3] Starting (50000 attempts)
[15_3_in_4] Success!
[Main] Worker finished 15_3_in_4 with score 3.070724217306238
[39_4_in_3] Starting (50000 attempts)
[20_6_in_4] Success!
[Main] Worker finished 20_6_in_4 with score 8.012270166332785
[19_3_in_4] Success!
[Main] Worker finished 19_3_in_4 with score 3.4861063940478103[12_3_in_4] Starting (50000 attempts)

[17_3_in_4] Starting (50000 attempts)
[21_3_in_4] Success!
[Main] Worker finished 21_3_in_4 with score 3.6745234925352133
[34_4_in_3] Starting (50000 attempts)
[4_3_in_5] Success!
[Main] Worker finished 4_3_in_5 with score 1.3164659559824767
[13_4_in_3] Success!
[26_4_in_3] Success!
[Main] Worker finished 26_4_in_3 with score 8.774947412252958[37_4_in_3] Starting (50000 attempts)

[Main] Worker finished 13_4_in_3 with score 6.4650362367038205
[33_4_in_3] Success!
[15_4_in_3] Starting (50000 attempts)
[Main] Worker finished 33_4_in_3 with score 9.788162657043223
[27_4_in_3] Starting (50000 attempts)
[27_6_in_4] Success!
[24_4_in_3] Success!
[23_3_in_5] Success!
[Main] Worker finished 27_6_in_4 with score 9.492725968698753
[20_3_in_4] Starting (50000 attempts)
[Main] Worker finished 24_4_in_3 with score 8.618943737512904
[Main] Worker finished 23_3_in_5 with score 3.215084977865601
[16_3_in_4] Success!
[22_3_in_5] Starting (50000 attempts)
[10_3_in_5] Success!
[18_3_in_4] Success!
[24_3_in_5] Starting (50000 attempts)
[40_4_in_3] Success!
[13_3_in_4] Success!
[Main] Worker finished 16_3_in_4 with score 3.1765175671254675
[41_4_in_3] Starting (50000 attempts)
[Main] Worker finished 40_4_in_3 with score 10.795436940955522
[Main] Worker finished 13_3_in_4 with score 2.8584160818883
[Main] Worker finished 10_3_in_5 with score 2.0817926375004427
[Main] Worker finished 18_3_in_4 with score 3.3890754838253665
[19_3_in_4] Starting (50000 attempts)
[21_3_in_4] Starting (50000 attempts)
[26_4_in_3] Starting (50000 attempts)
[32_4_in_3] Success!
[20_3_in_5] Starting (50000 attempts)
[18_4_in_3] Success!
[Main] Worker finished 18_4_in_3 with score 7.387785192386595[16_3_in_5] Starting (50000 attempts)

[Main] Worker finished 32_4_in_3 with score 9.659578206958082
[13_3_in_3] Success!
[14_3_in_4] Success!
[21_4_in_3] Success!
[15_3_in_4] Starting (50000 attempts)
[9_3_in_4] Success!
[22_3_in_4] Success!
[25_4_in_3] Success!
[Main] Worker finished 22_3_in_4 with score 3.7762304920308356
[25_3_in_5] Starting (50000 attempts)
[Main] Worker finished 9_3_in_4 with score 2.3762529300189654
[Main] Worker finished 25_4_in_3 with score 8.620168250920733
[Main] Worker finished 21_4_in_3 with score 7.706933495854605
[Main] Worker finished 13_3_in_3 with score 4.000011360297772
[Main] Worker finished 14_3_in_4 with score 2.968138061229646
[10_3_in_4] Success!
[23_3_in_5] Starting (50000 attempts)
[13_3_in_4] Starting (50000 attempts)
[20_6_in_4] Starting (50000 attempts)
[15_3_in_5] Success!
[17_3_in_3] Starting (50000 attempts)
[40_4_in_3] Starting (50000 attempts)
[Main] Worker finished 15_3_in_5 with score 2.559404901744228
[26_3_in_5] Starting (50000 attempts)
[Main] Worker finished 10_3_in_4 with score 2.507246198946638
[23_3_in_4] Success!
[10_3_in_5] Starting (50000 attempts)
[20_3_in_3] Success!
[8_3_in_4] Success!
[Main] Worker finished 8_3_in_4 with score 2.240314051908625
[18_3_in_4] Starting (50000 attempts)
[Main] Worker finished 23_3_in_4 with score 3.8615365960474497
[Main] Worker finished 20_3_in_3 with score 4.913575152790237
[22_3_in_4] Starting (50000 attempts)
[35_4_in_3] Success!
[18_4_in_3] Starting (50000 attempts)
[Main] Worker finished 35_4_in_3 with score 10.043200894965349
[16_3_in_4] Starting (50000 attempts)
[38_4_in_3] Success!
[Main] Worker finished 38_4_in_3 with score 10.545614046363493
[33_4_in_3] Starting (50000 attempts)
[27_6_in_4] Starting (50000 attempts)
[31_4_in_3] Success!
[Main] Worker finished 31_4_in_3 with score 9.472120229746906
[32_4_in_3] Starting (50000 attempts)
[39_4_in_3] Success!
[Main] Worker finished 39_4_in_3 with score 10.609884416621348
[17_3_in_4] Success!
[Main] Worker finished 17_3_in_4 with score 3.288423328579587
[17_3_in_5] Starting (50000 attempts)
[34_4_in_3] Success!
[Main] Worker finished 34_4_in_3 with score 9.933537883294077
[43_4_in_3] Starting (50000 attempts)
[15_3_in_5] Starting (50000 attempts)
[15_4_in_3] Success!
[Main] Worker finished 15_4_in_3 with score 6.57626910209534
[12_3_in_4] Success!
[37_4_in_3] Success!
[Main] Worker finished 37_4_in_3 with score 10.249022276689933
[21_4_in_3] Starting (50000 attempts)
[Main] Worker finished 12_3_in_4 with score 2.745391482993965
[23_3_in_4] Starting (50000 attempts)
[8_3_in_4] Starting (50000 attempts)
[20_3_in_4] Success!
[Main] Worker finished 20_3_in_4 with score 3.5929239082440483
[13_3_in_3] Starting (50000 attempts)
[22_3_in_5] Success!
[Main] Worker finished 22_3_in_5 with score 3.1433477186960257
[41_4_in_3] Success!
[Main] Worker finished 41_4_in_3 with score 11.005520545002303
[14_3_in_4] Starting (50000 attempts)
[27_4_in_3] Success!
[20_3_in_5] Success!
[Main] Worker finished 27_4_in_3 with score 8.781400163141782
[27_3_in_5] Starting (50000 attempts)
[Main] Worker finished 20_3_in_5 with score 2.9872198645170185
[26_4_in_3] Success!
[21_3_in_4] Success!
[24_3_in_5] Success!
[31_4_in_3] Starting (50000 attempts)
[23_3_in_5] Success!
[19_3_in_4] Success!
[Main] Worker finished 23_3_in_5 with score 3.215101875913171
[35_4_in_3] Starting (50000 attempts)
[Main] Worker finished 19_3_in_4 with score 3.495637537673543
[Main] Worker finished 26_4_in_3 with score 8.774947412252958
[Main] Worker finished 24_3_in_5 with score 3.2721583439251436
[Main] Worker finished 21_3_in_4 with score 3.684109301245453
[15_3_in_4] Success!
[25_3_in_5] Success!
[20_3_in_3] Starting (50000 attempts)
[16_3_in_5] Success!
[38_4_in_3] Starting (50000 attempts)
[13_3_in_4] Success!
[39_4_in_3] Starting (50000 attempts)
[28_3_in_5] Starting (50000 attempts)
[Main] Worker finished 16_3_in_5 with score 2.6477540572719365
[17_3_in_4] Starting (50000 attempts)
[Main] Worker finished 25_3_in_5 with score 3.348637402642853
[Main] Worker finished 13_3_in_4 with score 2.8587145932973734
[Main] Worker finished 15_3_in_4 with score 3.0745141068942066
[22_3_in_5] Starting (50000 attempts)
[10_3_in_5] Success!
[18_3_in_4] Success!
[20_3_in_4] Starting (50000 attempts)
[34_4_in_3] Starting (50000 attempts)
[20_6_in_4] Success!
[Main] Worker finished 20_6_in_4 with score 7.9698125572835865
[37_4_in_3] Starting (50000 attempts)
[Main] Worker finished 18_3_in_4 with score 3.383287078666632
[Main] Worker finished 10_3_in_5 with score 2.082126178893064
[17_3_in_3] Success!
[20_3_in_5] Starting (50000 attempts)
[26_3_in_5] Success!
[40_4_in_3] Success!
[22_3_in_4] Success!
[19_3_in_4] Starting (50000 attempts)
[Main] Worker finished 17_3_in_3 with score 4.500691298235091
[23_3_in_5] Starting (50000 attempts)
[Main] Worker finished 40_4_in_3 with score 10.776309862715156
[Main] Worker finished 22_3_in_4 with score 3.764887590744982
[Main] Worker finished 26_3_in_5 with score 3.427464737180243
[16_3_in_4] Success!
[24_3_in_5] Starting (50000 attempts)
[16_3_in_5] Starting (50000 attempts)
[21_3_in_4] Starting (50000 attempts)
[Main] Worker finished 16_3_in_4 with score 3.1777204253213767
[28_3_in_4] Starting (50000 attempts)
[27_6_in_4] Success!
[Main] Worker finished 27_6_in_4 with score 9.462072503617636
[25_3_in_5] Starting (50000 attempts)
[13_3_in_4] Starting (50000 attempts)
[33_4_in_3] Success!
[Main] Worker finished 33_4_in_3 with score 9.785660742262635
[18_4_in_3] Success!
[Main] Worker finished 18_4_in_3 with score 7.387955541169579
[15_4_in_3] Starting (50000 attempts)
[27_4_in_3] Starting (50000 attempts)
[32_4_in_3] Success!
[Main] Worker finished 32_4_in_3 with score 9.780062142228132
[18_3_in_4] Starting (50000 attempts)
[43_4_in_3] Success!
[Main] Worker finished 43_4_in_3 with score 11.01851023958955
[10_3_in_5] Starting (50000 attempts)
[17_3_in_5] Success!
[Main] Worker finished 17_3_in_5 with score 2.7359169879299365
[41_4_in_3] Starting (50000 attempts)
[15_3_in_5] Success!
[Main] Worker finished 15_3_in_5 with score 2.560739397033766
[8_3_in_4] Success!
[Main] Worker finished 8_3_in_4 with score 2.2397824862218148
[21_3_in_5] Starting (50000 attempts)
[42_4_in_3] Starting (50000 attempts)
[21_4_in_3] Success!
[Main] Worker finished 21_4_in_3 with score 7.704694660844394
[26_3_in_5] Starting (50000 attempts)
[23_3_in_4] Success!
[Main] Worker finished 23_3_in_4 with score 3.867150847651688
[13_3_in_3] Success!
[Main] Worker finished 13_3_in_3 with score 4.000031403723894
[18_3_in_5] Starting (50000 attempts)
[39_4_in_3] Success!
[14_3_in_4] Success!
[Main] Worker finished 39_4_in_3 with score 10.599771163337323
[15_3_in_4] Starting (50000 attempts)
[Main] Worker finished 14_3_in_4 with score 2.970316346751517
[27_3_in_5] Success!
[18_4_in_3] Starting (50000 attempts)
[28_3_in_5] Success!
[35_4_in_3] Success!
[Main] Worker finished 28_3_in_5 with score 3.5635552116099527
[29_3_in_4] Starting (50000 attempts)
[Main] Worker finished 27_3_in_5 with score 3.494803020119442
[Main] Worker finished 35_4_in_3 with score 10.014746702891259
[17_3_in_5] Starting (50000 attempts)
[31_4_in_3] Success!
[20_6_in_4] Starting (50000 attempts)
[20_3_in_4] Success!
[22_3_in_5] Success!
[Main] Worker finished 20_3_in_4 with score 3.5780130544820827
[17_3_in_3] Starting (50000 attempts)
[Main] Worker finished 22_3_in_5 with score 3.1344149107576995
[Main] Worker finished 31_4_in_3 with score 9.635390066119172
[20_3_in_5] Success!
[20_3_in_3] Success!
[15_3_in_5] Starting (50000 attempts)
[38_4_in_3] Success!
[34_4_in_3] Success!
[8_3_in_4] Starting (50000 attempts)
[17_3_in_4] Success!
[Main] Worker finished 20_3_in_5 with score 2.977875443176492
[40_4_in_3] Starting (50000 attempts)
[Main] Worker finished 20_3_in_3 with score 4.909613446492071
[Main] Worker finished 38_4_in_3 with score 10.317800236008802
[Main] Worker finished 17_3_in_4 with score 3.291387071328398
[Main] Worker finished 34_4_in_3 with score 9.862019677171345
[37_4_in_3] Success!
[23_3_in_4] Starting (50000 attempts)
[28_3_in_5] Starting (50000 attempts)
[19_3_in_4] Success!
[23_3_in_5] Success!
[16_3_in_4] Starting (50000 attempts)
[24_3_in_5] Success!
[33_4_in_3] Starting (50000 attempts)
[Main] Worker finished 23_3_in_5 with score 3.204777955353995
[24_3_in_4] Starting (50000 attempts)
[Main] Worker finished 19_3_in_4 with score 3.489877742172458
[Main] Worker finished 37_4_in_3 with score 10.260221039654585
[Main] Worker finished 24_3_in_5 with score 3.2822001192630457
[16_3_in_5] Success!
[21_3_in_4] Success!
[27_3_in_5] Starting (50000 attempts)
[25_3_in_5] Success!
[28_3_in_4] Success!
[22_3_in_5] Starting (50000 attempts)
[13_3_in_4] Success!
[15_4_in_3] Success!
[20_3_in_4] Starting (50000 attempts)
[Main] Worker finished 21_3_in_4 with score 3.673529704658293
[27_6_in_4] Starting (50000 attempts)
[Main] Worker finished 16_3_in_5 with score 2.6454047614376877
[Main] Worker finished 28_3_in_4 with score 4.281863024407737
[Main] Worker finished 25_3_in_5 with score 3.356327817708595
[Main] Worker finished 15_4_in_3 with score 6.538606514812582
[Main] Worker finished 13_3_in_4 with score 2.8576862092518813
[20_3_in_5] Starting (50000 attempts)
[27_4_in_3] Success!
[32_4_in_3] Starting (50000 attempts)
[25_3_in_4] Starting (50000 attempts)
[43_4_in_3] Starting (50000 attempts)
[21_4_in_3] Starting (50000 attempts)
[18_3_in_4] Success!
[Main] Worker finished 27_4_in_3 with score 8.78608841182452
[31_4_in_3] Starting (50000 attempts)
[Main] Worker finished 18_3_in_4 with score 3.3764695871292685
[19_3_in_4] Starting (50000 attempts)
[23_3_in_5] Starting (50000 attempts)
[21_3_in_5] Success!
[Main] Worker finished 21_3_in_5 with score 3.066190354950462
[42_4_in_3] Success!
[Main] Worker finished 42_4_in_3 with score 10.941341261088779
[35_4_in_3] Starting (50000 attempts)
[24_3_in_5] Starting (50000 attempts)
[10_3_in_5] Success!
[Main] Worker finished 10_3_in_5 with score 2.0821780685225413
[20_3_in_3] Starting (50000 attempts)
[41_4_in_3] Success!
[Main] Worker finished 41_4_in_3 with score 10.897851805187772
[18_3_in_5] Success!
[Main] Worker finished 18_3_in_5 with score 2.8145251367282262
[16_3_in_5] Starting (50000 attempts)
[26_3_in_5] Success!
[Main] Worker finished 26_3_in_5 with score 3.427400887778493
[28_3_in_4] Starting (50000 attempts)
[15_3_in_4] Success!
[Main] Worker finished 15_3_in_4 with score 3.075763053661215
[25_3_in_5] Starting (50000 attempts)
[29_3_in_5] Starting (50000 attempts)
[8_3_in_4] Success!
[Main] Worker finished 8_3_in_4 with score 2.239447822224145
[13_3_in_4] Starting (50000 attempts)
[17_3_in_3] Success!
[Main] Worker finished 17_3_in_3 with score 4.500213775121804
[29_3_in_4] Success!
[Main] Worker finished 29_3_in_4 with score 4.358912977072496
[21_3_in_3] Starting (50000 attempts)
[18_4_in_3] Success!
[Main] Worker finished 18_4_in_3 with score 7.4645934216366685
[18_3_in_4] Starting (50000 attempts)
[20_6_in_4] Success!
[17_3_in_5] Success!
[Main] Worker finished 20_6_in_4 with score 8.012270166332785
[21_3_in_5] Starting (50000 attempts)
[Main] Worker finished 17_3_in_5 with score 2.7385426487239286
[27_3_in_4] Starting (50000 attempts)
[15_3_in_5] Success!
[Main] Worker finished 15_3_in_5 with score 2.551699501567469
[39_4_in_3] Starting (50000 attempts)
[30_3_in_5] Starting (50000 attempts)
[24_3_in_4] Success!
[Main] Worker finished 24_3_in_4 with score 3.953518641092228
[33_4_in_3] Success!
[Main] Worker finished 33_4_in_3 with score 9.784109077071728
[18_3_in_5] Starting (50000 attempts)
[28_3_in_5] Success!
[Main] Worker finished 28_3_in_5 with score 3.560923725872107
[26_3_in_5] Starting (50000 attempts)
[27_3_in_5] Success!
[Main] Worker finished 27_3_in_5 with score 3.486779826180359
[17_3_in_4] Starting (50000 attempts)
[23_3_in_4] Success!
[16_3_in_4] Success!
[Main] Worker finished 16_3_in_4 with score 3.176693052289615
[8_3_in_4] Starting (50000 attempts)
[Main] Worker finished 23_3_in_4 with score 3.859412319098082
[40_4_in_3] Success!
[29_3_in_4] Starting (50000 attempts)
[22_3_in_5] Success!
[Main] Worker finished 40_4_in_3 with score 10.776309862715156
[31_3_in_4] Starting (50000 attempts)
[Main] Worker finished 22_3_in_5 with score 3.141553881464725
[25_3_in_4] Success!
[32_4_in_3] Success!
[20_3_in_5] Success!
[18_4_in_3] Starting (50000 attempts)
[Main] Worker finished 20_3_in_5 with score 2.9865242173792614
[34_4_in_3] Starting (50000 attempts)
[Main] Worker finished 32_4_in_3 with score 9.780062142228132
[Main] Worker finished 25_3_in_4 with score 4.039138799094713
[21_4_in_3] Success!
[24_3_in_4] Starting (50000 attempts)
[43_4_in_3] Success!
[17_3_in_5] Starting (50000 attempts)
[Main] Worker finished 43_4_in_3 with score 11.01851023958955
[15_3_in_5] Starting (50000 attempts)
[Main] Worker finished 21_4_in_3 with score 7.742742602208797
[20_3_in_4] Success!
[19_3_in_4] Success!
[28_3_in_5] Starting (50000 attempts)
[27_6_in_4] Success!
[Main] Worker finished 27_6_in_4 with score 9.492725968698753
[37_4_in_3] Starting (50000 attempts)
[Main] Worker finished 20_3_in_4 with score 3.588043319319475
[Main] Worker finished 19_3_in_4 with score 3.4855617213602152
[31_4_in_3] Success!
[23_3_in_4] Starting (50000 attempts)
[27_3_in_5] Starting (50000 attempts)
[Main] Worker finished 31_4_in_3 with score 9.472120229746906
[15_4_in_3] Starting (50000 attempts)
[30_3_in_4] Starting (50000 attempts)
[23_3_in_5] Success!
[Main] Worker finished 23_3_in_5 with score 3.2120923328890165
[22_3_in_5] Starting (50000 attempts)
[35_4_in_3] Success!
[Main] Worker finished 35_4_in_3 with score 10.024237774570201
[16_3_in_5] Success!
[Main] Worker finished 16_3_in_5 with score 2.6404232434766386
[20_3_in_5] Starting (50000 attempts)
[24_3_in_5] Success!
[Main] Worker finished 24_3_in_5 with score 3.253076672859039
[27_4_in_3] Starting (50000 attempts)
[25_3_in_4] Starting (50000 attempts)
[13_3_in_4] Success!
[Main] Worker finished 13_3_in_4 with score 2.859704061290361
[41_4_in_3] Starting (50000 attempts)
[25_3_in_5] Success!
[Main] Worker finished 25_3_in_5 with score 3.3583907562473723
[42_4_in_3] Starting (50000 attempts)
[28_3_in_4] Success!
[Main] Worker finished 28_3_in_4 with score 4.285996811656955
[21_3_in_3] Success!
[Main] Worker finished 21_3_in_3 with score 4.994112245033103
[19_3_in_5] Starting (50000 attempts)
[18_3_in_4] Success!
[Main] Worker finished 18_3_in_4 with score 3.393871389743138
[20_3_in_4] Starting (50000 attempts)
[19_3_in_4] Starting (50000 attempts)
[26_3_in_5] Success!
[Main] Worker finished 26_3_in_5 with score 3.426142132009958
[31_3_in_4] Success!
[Main] Worker finished 31_3_in_4 with score 4.5234279284318575
[36_4_in_3] Starting (50000 attempts)
[20_3_in_3] Success!
[30_3_in_5] Success!
[Main] Worker finished 30_3_in_5 with score 3.6925972599640935
[23_3_in_5] Starting (50000 attempts)
[Main] Worker finished 20_3_in_3 with score 4.901987310202369
[27_3_in_4] Success!
[29_3_in_5] Success!
[18_4_in_3] Success!
[17_3_in_5] Success!
[16_3_in_5] Starting (50000 attempts)
[29_3_in_4] Success!
[Main] Worker finished 29_3_in_5 with score 3.6176853219953258
[33_3_in_4] Starting (50000 attempts)
[Main] Worker finished 29_3_in_4 with score 4.3563096628278375
[Main] Worker finished 18_4_in_3 with score 7.387955541169579
[Main] Worker finished 27_3_in_4 with score 4.202529969998419
[Main] Worker finished 17_3_in_5 with score 2.733216840800537
[24_3_in_4] Success!
[28_3_in_4] Starting (50000 attempts)
[18_3_in_5] Success!
[24_3_in_5] Starting (50000 attempts)
[21_3_in_5] Success!
[8_3_in_4] Success!
[25_3_in_5] Starting (50000 attempts)
[39_4_in_3] Success!
[37_4_in_3] Success!
[17_3_in_4] Success!
[19_3_in_3] Starting (50000 attempts)
[34_4_in_3] Success!
[15_3_in_5] Success!
[Main] Worker finished 39_4_in_3 with score 10.599771163337323[17_3_in_3] Starting (50000 attempts)

[Main] Worker finished 37_4_in_3 with score 10.208937371323803
[Main] Worker finished 17_3_in_4 with score 3.290082532091716
[Main] Worker finished 24_3_in_4 with score 3.9472950607379396
[Main] Worker finished 34_4_in_3 with score 9.859456383527776
[Main] Worker finished 21_3_in_5 with score 3.054117979218463
[Main] Worker finished 15_3_in_5 with score 2.5579009428654467
[Main] Worker finished 18_3_in_5 with score 2.8157138379676256
[Main] Worker finished 8_3_in_4 with score 2.2397813845420638
[29_3_in_5] Starting (50000 attempts)
[23_3_in_4] Success!
[27_3_in_4] Starting (50000 attempts)
[30_3_in_5] Starting (50000 attempts)
[31_3_in_4] Starting (50000 attempts)
[27_3_in_5] Success!
[29_3_in_4] Starting (50000 attempts)
[26_3_in_5] Starting (50000 attempts)
[30_3_in_4] Success!
[18_4_in_3] Starting (50000 attempts)
[28_3_in_5] Success!
[40_4_in_3] Starting (50000 attempts)
[15_4_in_3] Success!
[Main] Worker finished 27_3_in_5 with score 3.4929529517084403
[16_3_in_4] Starting (50000 attempts)
[Main] Worker finished 15_4_in_3 with score 6.538606514812582
[Main] Worker finished 23_3_in_4 with score 3.8554386921364943
[Main] Worker finished 28_3_in_5 with score 3.5619500222107043
[Main] Worker finished 30_3_in_4 with score 4.432149864955195
[24_3_in_4] Starting (50000 attempts)
[17_3_in_5] Starting (50000 attempts)
[32_3_in_4] Starting (50000 attempts)
[43_4_in_3] Starting (50000 attempts)
[21_4_in_3] Starting (50000 attempts)
[22_3_in_5] Success!
[Main] Worker finished 22_3_in_5 with score 3.124687845302655
[31_4_in_3] Starting (50000 attempts)
[27_4_in_3] Success!
[Main] Worker finished 27_4_in_3 with score 8.787266326248679
[25_3_in_4] Success!
[Main] Worker finished 25_3_in_4 with score 4.039451142516504
[21_3_in_5] Starting (50000 attempts)
[20_3_in_5] Success!
[Main] Worker finished 20_3_in_5 with score 2.9723417706350803
[35_4_in_3] Starting (50000 attempts)
[41_4_in_3] Success!
[Main] Worker finished 41_4_in_3 with score 11.031769768280068[18_3_in_5] Starting (50000 attempts)

[19_3_in_4] Success!
[42_4_in_3] Success!
[Main] Worker finished 42_4_in_3 with score 10.947326139296766[20_3_in_3] Starting (50000 attempts)

[Main] Worker finished 19_3_in_4 with score 3.4736502211894735
[19_3_in_5] Success!
[27_3_in_5] Starting (50000 attempts)
[16_3_in_5] Success!
[23_3_in_5] Success!
[Main] Worker finished 23_3_in_5 with score 3.2125926575068484
[31_3_in_5] Starting (50000 attempts)
[Main] Worker finished 16_3_in_5 with score 2.647159439369757
[Main] Worker finished 19_3_in_5 with score 2.8953799477674367
[30_3_in_4] Starting (50000 attempts)
[20_3_in_4] Success!
[28_3_in_4] Success!
[36_4_in_3] Success!
[23_3_in_4] Starting (50000 attempts)
[25_3_in_5] Success!
[Main] Worker finished 20_3_in_4 with score 3.5792800432779974
[28_3_in_5] Starting (50000 attempts)
[Main] Worker finished 36_4_in_3 with score 9.941338147908723
[Main] Worker finished 25_3_in_5 with score 3.3565439062894566
[Main] Worker finished 28_3_in_4 with score 4.285350451397866
[25_3_in_4] Starting (50000 attempts)
[33_3_in_4] Success!
[19_3_in_3] Success!
[22_3_in_5] Starting (50000 attempts)
[20_3_in_5] Starting (50000 attempts)
[24_3_in_5] Success!
[Main] Worker finished 33_3_in_4 with score 4.6800343283729156
[21_3_in_3] Starting (50000 attempts)
[Main] Worker finished 19_3_in_3 with score 4.851070197588573
[Main] Worker finished 24_3_in_5 with score 3.2752675651763807
[19_3_in_4] Starting (50000 attempts)
[39_4_in_3] Starting (50000 attempts)
[17_3_in_3] Success!
[Main] Worker finished 17_3_in_3 with score 4.500274073756931
[17_3_in_4] Starting (50000 attempts)
[29_3_in_5] Success!
[26_3_in_5] Success!
[27_3_in_4] Success!
[Main] Worker finished 27_3_in_4 with score 4.2003145968833575
[23_3_in_5] Starting (50000 attempts)
[Main] Worker finished 26_3_in_5 with score 3.4237230312979197
[Main] Worker finished 29_3_in_5 with score 3.623220752369404
[18_4_in_3] Success!
[19_3_in_5] Starting (50000 attempts)
[16_3_in_5] Starting (50000 attempts)
[31_3_in_4] Success!
[24_3_in_4] Success!
[29_3_in_4] Success!
[17_3_in_5] Success!
[30_3_in_5] Success!
[Main] Worker finished 24_3_in_4 with score 3.9521811744497106
[20_3_in_4] Starting (50000 attempts)
[Main] Worker finished 17_3_in_5 with score 2.72343232721494
[Main] Worker finished 18_4_in_3 with score 7.387955541169579
[Main] Worker finished 31_3_in_4 with score 4.510776693180004
[Main] Worker finished 29_3_in_4 with score 4.355119335273237
[32_3_in_4] Success!
[Main] Worker finished 30_3_in_5 with score 3.686943926967855
[33_3_in_4] Starting (50000 attempts)
[40_4_in_3] Success!
[28_3_in_4] Starting (50000 attempts)
[24_3_in_5] Starting (50000 attempts)
[25_3_in_5] Starting (50000 attempts)
[21_4_in_3] Success!
[34_4_in_3] Starting (50000 attempts)
[16_3_in_4] Success!
[Main] Worker finished 16_3_in_4 with score 3.178647615939577
[37_4_in_3] Starting (50000 attempts)
[Main] Worker finished 21_4_in_3 with score 7.6282607946591146
[Main] Worker finished 32_3_in_4 with score 4.585247088179105
[Main] Worker finished 40_4_in_3 with score 10.776309862715156
[29_3_in_5] Starting (50000 attempts)
[27_3_in_4] Starting (50000 attempts)
[26_3_in_5] Starting (50000 attempts)
[32_3_in_5] Starting (50000 attempts)
[43_4_in_3] Success!
[Main] Worker finished 43_4_in_3 with score 11.01851023958955
[24_3_in_4] Starting (50000 attempts)
[31_4_in_3] Success!
[Main] Worker finished 31_4_in_3 with score 9.696853348498614
[17_3_in_5] Starting (50000 attempts)
[18_3_in_5] Success!
[Main] Worker finished 18_3_in_5 with score 2.8191145817416716
[27_3_in_5] Success!
[Main] Worker finished 27_3_in_5 with score 3.495182139443675[15_4_in_3] Starting (50000 attempts)

[20_3_in_3] Success!
[Main] Worker finished 20_3_in_3 with score 4.91094292387987
[31_3_in_4] Starting (50000 attempts)
[35_4_in_3] Success!
[28_3_in_5] Success!
[31_3_in_5] Success!
[Main] Worker finished 28_3_in_5 with score 3.538085155847098
[29_3_in_4] Starting (50000 attempts)
[Main] Worker finished 31_3_in_5 with score 3.760712414605338
[Main] Worker finished 35_4_in_3 with score 10.024237774570201
[30_3_in_5] Starting (50000 attempts)
[21_3_in_5] Success!
[37_3_in_4] Starting (50000 attempts)
[Main] Worker finished 21_3_in_5 with score 3.0645978089441765
[27_4_in_3] Starting (50000 attempts)
[30_3_in_4] Success!
[23_3_in_4] Success!
[Main] Worker finished 23_3_in_4 with score 3.824426873892656
[32_3_in_4] Starting (50000 attempts)
[Main] Worker finished 30_3_in_4 with score 4.448741751465956
[19_3_in_4] Success!
[20_3_in_5] Success!
[22_3_in_5] Success!
[41_4_in_3] Starting (50000 attempts)
[17_3_in_4] Success!
[Main] Worker finished 19_3_in_4 with score 3.4943667855086376[34_3_in_4] Starting (50000 attempts)

[Main] Worker finished 22_3_in_5 with score 3.1427098167937793
[Main] Worker finished 20_3_in_5 with score 2.9889679472057247
[Main] Worker finished 17_3_in_4 with score 3.2879847172315935
[25_3_in_4] Success!
[18_3_in_5] Starting (50000 attempts)
[27_3_in_5] Starting (50000 attempts)
[39_4_in_3] Success!
[42_4_in_3] Starting (50000 attempts)
[Main] Worker finished 39_4_in_3 with score 10.610015009081597
[36_3_in_4] Starting (50000 attempts)
[Main] Worker finished 25_3_in_4 with score 4.039807980712986
[21_3_in_3] Success!
[19_3_in_5] Success!
[16_3_in_5] Success!
[31_3_in_5] Starting (50000 attempts)
[20_3_in_4] Success!
[Main] Worker finished 16_3_in_5 with score 2.6472261339767904
[28_3_in_5] Starting (50000 attempts)
[Main] Worker finished 20_3_in_4 with score 3.588327345971987
[Main] Worker finished 21_3_in_3 with score 4.967430038190869
[Main] Worker finished 19_3_in_5 with score 2.899664964144068
[30_3_in_4] Starting (50000 attempts)
[28_3_in_4] Success!
[21_3_in_5] Starting (50000 attempts)
[33_3_in_4] Success!
[23_3_in_4] Starting (50000 attempts)
[23_3_in_5] Success!
[Main] Worker finished 23_3_in_5 with score 3.2141311408852036
[36_4_in_3] Starting (50000 attempts)
[Main] Worker finished 28_3_in_4 with score 4.278836147818602
[Main] Worker finished 33_3_in_4 with score 4.663050805632971
[24_3_in_5] Success!
[22_3_in_5] Starting (50000 attempts)
[37_4_in_3] Success!
[19_3_in_4] Starting (50000 attempts)
[34_4_in_3] Success!
[32_3_in_5] Success!
[27_3_in_4] Success!
[29_3_in_5] Success!
[Main] Worker finished 32_3_in_5 with score 3.8092324326471676
[26_3_in_4] Starting (50000 attempts)
[Main] Worker finished 34_4_in_3 with score 9.860409477809945
[Main] Worker finished 37_4_in_3 with score 10.355925179280892
[Main] Worker finished 24_3_in_5 with score 3.273175226205218
[Main] Worker finished 27_3_in_4 with score 4.198694551769393
[Main] Worker finished 29_3_in_5 with score 3.6272839523642926
[25_3_in_4] Starting (50000 attempts)
[16_3_in_5] Starting (50000 attempts)
[25_3_in_5] Success!
[20_3_in_4] Starting (50000 attempts)
[22_3_in_3] Starting (50000 attempts)
[38_3_in_4] Starting (50000 attempts)
[Main] Worker finished 25_3_in_5 with score 3.354667101747856
[19_3_in_3] Starting (50000 attempts)
[26_3_in_5] Success!
[Main] Worker finished 26_3_in_5 with score 3.4245115534496327
[19_3_in_5] Starting (50000 attempts)
[23_3_in_5] Starting (50000 attempts)
[24_3_in_4] Success!
[Main] Worker finished 24_3_in_4 with score 3.944545879728181
[28_3_in_4] Starting (50000 attempts)
[17_3_in_5] Success!
[Main] Worker finished 17_3_in_5 with score 2.720355498523032
[33_3_in_4] Starting (50000 attempts)
[37_3_in_4] Success!
[Main] Worker finished 37_3_in_4 with score 4.9515839740905125
[30_3_in_5] Success!
[Main] Worker finished 30_3_in_5 with score 3.6916157795895437
[32_3_in_5] Starting (50000 attempts)
[31_3_in_4] Success!
[Main] Worker finished 31_3_in_4 with score 4.514552048833226
[17_3_in_3] Starting (50000 attempts)
[32_3_in_4] Success!
[29_3_in_4] Success!
[Main] Worker finished 29_3_in_4 with score 4.362634638218359
[33_3_in_5] Starting (50000 attempts)
[Main] Worker finished 32_3_in_4 with score 4.595805827841091
[27_3_in_4] Starting (50000 attempts)
[40_4_in_3] Starting (50000 attempts)
[27_4_in_3] Success!
[Main] Worker finished 27_4_in_3 with score 8.861794685311292
[15_4_in_3] Success!
[Main] Worker finished 15_4_in_3 with score 6.5433052983084155
[29_3_in_5] Starting (50000 attempts)
[27_3_in_5] Success!
[41_4_in_3] Success!
[42_4_in_3] Success!
[36_3_in_4] Success!
[18_3_in_5] Success!
[Main] Worker finished 18_3_in_5 with score 2.819573485960064
[47_3_in_5] Starting (50000 attempts)
[Main] Worker finished 42_4_in_3 with score 11.057079850967028
[Main] Worker finished 41_4_in_3 with score 11.005520545002303
[Main] Worker finished 36_3_in_4 with score 4.922528763793943
[Main] Worker finished 27_3_in_5 with score 3.494777088744195
[34_3_in_4] Success!
[37_3_in_4] Starting (50000 attempts)
[31_3_in_5] Success!
[28_3_in_5] Success!
[30_3_in_5] Starting (50000 attempts)
[26_3_in_5] Starting (50000 attempts)
[23_3_in_4] Success!
[24_3_in_4] Starting (50000 attempts)
[Main] Worker finished 23_3_in_4 with score 3.8619322108575296
[17_3_in_5] Starting (50000 attempts)
[Main] Worker finished 34_3_in_4 with score 4.752336420341546
[Main] Worker finished 28_3_in_5 with score 3.5631255856638395
[Main] Worker finished 31_3_in_5 with score 3.749761073010563
[32_3_in_4] Starting (50000 attempts)
[21_3_in_5] Success!
[31_3_in_4] Starting (50000 attempts)
[36_4_in_3] Success!
[30_3_in_4] Success!
[29_3_in_4] Starting (50000 attempts)
[Main] Worker finished 21_3_in_5 with score 3.0620970529338964
[35_3_in_4] Starting (50000 attempts)
[Main] Worker finished 36_4_in_3 with score 10.143929657656013
[Main] Worker finished 30_3_in_4 with score 4.434470511563462
[26_3_in_4] Success!
[19_3_in_4] Success!
[18_3_in_5] Starting (50000 attempts)
[16_3_in_4] Starting (50000 attempts)
[20_3_in_4] Success!
[Main] Worker finished 26_3_in_4 with score 4.121874131279828[34_3_in_5] Starting (50000 attempts)

[Main] Worker finished 20_3_in_4 with score 3.588226719959324
[Main] Worker finished 19_3_in_4 with score 3.488553940974676
[36_3_in_4] Starting (50000 attempts)
[22_3_in_5] Success!
[19_3_in_3] Success!
[27_3_in_5] Starting (50000 attempts)
[Main] Worker finished 22_3_in_5 with score 3.138493228763072
[Main] Worker finished 19_3_in_3 with score 4.851070197588573
[39_3_in_4] Starting (50000 attempts)
[22_3_in_3] Success!
[16_3_in_5] Success!
[34_3_in_4] Starting (50000 attempts)
[Main] Worker finished 16_3_in_5 with score 2.644500707751834
[23_3_in_4] Starting (50000 attempts)
[Main] Worker finished 22_3_in_3 with score 5.000067707885885
[31_3_in_5] Starting (50000 attempts)
[28_3_in_5] Starting (50000 attempts)
[19_3_in_5] Success!
[Main] Worker finished 19_3_in_5 with score 2.899382405290155
[25_3_in_4] Success!
[Main] Worker finished 25_3_in_4 with score 4.037177079703856
[21_3_in_5] Starting (50000 attempts)
[38_3_in_4] Success!
[Main] Worker finished 38_3_in_4 with score 5.047679713048365
[43_4_in_3] Starting (50000 attempts)
[30_3_in_4] Starting (50000 attempts)
[28_3_in_4] Success!
[Main] Worker finished 28_3_in_4 with score 4.273067536499561
[23_3_in_5] Success!
[33_3_in_4] Success!
[Main] Worker finished 33_3_in_4 with score 4.6585337754401674
[26_3_in_4] Starting (50000 attempts)
[Main] Worker finished 23_3_in_5 with score 3.2066828123661084
[19_3_in_4] Starting (50000 attempts)
[46_3_in_5] Starting (50000 attempts)
[27_3_in_4] Success!
[Main] Worker finished 27_3_in_4 with score 4.204249645321053
[32_3_in_5] Success!
[33_3_in_5] Success!
[17_3_in_3] Success!
[Main] Worker finished 33_3_in_5 with score 3.870080139998309
[35_4_in_3] Starting (50000 attempts)
[Main] Worker finished 32_3_in_5 with score 3.8101921298769303
[Main] Worker finished 17_3_in_3 with score 4.500213775121804
[29_3_in_5] Success!
[16_3_in_5] Starting (50000 attempts)
[17_3_in_5] Success!
[24_3_in_4] Success!
[20_3_in_3] Starting (50000 attempts)
[Main] Worker finished 24_3_in_4 with score 3.9536453097614173[21_3_in_3] Starting (50000 attempts)

[Main] Worker finished 17_3_in_5 with score 2.7375659104618713
[Main] Worker finished 29_3_in_5 with score 3.6274352621521446
[47_3_in_5] Success!
[32_3_in_4] Success!
[26_3_in_5] Success!
[38_3_in_4] Starting (50000 attempts)
[40_4_in_3] Success!
[37_3_in_4] Success!
[19_3_in_5] Starting (50000 attempts)
[Main] Worker finished 32_3_in_4 with score 4.598583090345484
[25_3_in_4] Starting (50000 attempts)
[Main] Worker finished 26_3_in_5 with score 3.428133251425639
[Main] Worker finished 40_4_in_3 with score 10.776309862715156
[Main] Worker finished 47_3_in_5 with score 4.741163990775763
[Main] Worker finished 37_3_in_4 with score 5.000630620844256
[33_3_in_5] Starting (50000 attempts)
[35_3_in_4] Success!
[33_3_in_4] Starting (50000 attempts)
[30_3_in_5] Success!
[31_3_in_4] Success!
[27_3_in_4] Starting (50000 attempts)
[28_3_in_4] Starting (50000 attempts)
[16_3_in_4] Success!
[29_3_in_4] Success!
[39_3_in_4] Success!
[18_3_in_5] Success!
[27_3_in_5] Success!
[Main] Worker finished 35_3_in_4 with score 4.834594736876403
[39_4_in_3] Starting (50000 attempts)
[34_3_in_4] Success!
[Main] Worker finished 16_3_in_4 with score 3.174557769380668
[Main] Worker finished 29_3_in_4 with score 4.365119956412466
[Main] Worker finished 18_3_in_5 with score 2.8222093921227107
[Main] Worker finished 30_3_in_5 with score 3.6912366111536032
[Main] Worker finished 31_3_in_4 with score 4.520348479104177
[Main] Worker finished 27_3_in_5 with score 3.4918101609751977
[Main] Worker finished 39_3_in_4 with score 5.100754308258733
[34_3_in_5] Success!
[36_3_in_4] Success!
[23_3_in_4] Success!
[32_3_in_5] Starting (50000 attempts)
[32_3_in_4] Starting (50000 attempts)
[29_3_in_5] Starting (50000 attempts)
[28_3_in_5] Success!
[21_3_in_5] Success!
[17_3_in_5] Starting (50000 attempts)
[31_3_in_3] Starting (50000 attempts)
[35_3_in_5] Starting (50000 attempts)
[30_3_in_4] Success!
[34_4_in_3] Starting (50000 attempts)
[43_4_in_3] Success!
[Main] Worker finished 23_3_in_4 with score 3.864595446011329
[18_3_in_3] Starting (50000 attempts)
[Main] Worker finished 28_3_in_5 with score 3.559874648772938
[Main] Worker finished 34_3_in_4 with score 4.759159245609078
[Main] Worker finished 30_3_in_4 with score 4.433006981208872
[Main] Worker finished 43_4_in_3 with score 11.01851023958955
[Main] Worker finished 34_3_in_5 with score 3.956454504327308
[Main] Worker finished 21_3_in_5 with score 3.0582616746703937
[Main] Worker finished 36_3_in_4 with score 4.912633739106287
[31_3_in_5] Success!
[47_3_in_5] Starting (50000 attempts)
[35_3_in_4] Starting (50000 attempts)
[37_3_in_4] Starting (50000 attempts)
[26_3_in_4] Success!
[30_3_in_5] Starting (50000 attempts)
[31_3_in_4] Starting (50000 attempts)
[15_4_in_3] Starting (50000 attempts)
[26_3_in_3] Starting (50000 attempts)
[Main] Worker finished 26_3_in_4 with score 4.114248940780505
[41_4_in_3] Starting (50000 attempts)
[Main] Worker finished 31_3_in_5 with score 3.754738896730835
[39_3_in_4] Starting (50000 attempts)
[19_3_in_4] Success!
[46_3_in_5] Success!
[Main] Worker finished 19_3_in_4 with score 3.459691251320536
[49_3_in_5] Starting (50000 attempts)
[Main] Worker finished 46_3_in_5 with score 4.68018003596336
[28_3_in_5] Starting (50000 attempts)
[47_3_in_4] Starting (50000 attempts)
[38_3_in_4] Success!
[Main] Worker finished 38_3_in_4 with score 5.081476676876344
[34_3_in_4] Starting (50000 attempts)
[35_4_in_3] Success!
[Main] Worker finished 35_4_in_3 with score 9.993868339689268
[30_3_in_4] Starting (50000 attempts)
[33_3_in_4] Success!
[Main] Worker finished 33_3_in_4 with score 4.680405588390705
[20_3_in_3] Success!
[25_3_in_4] Success!
[21_3_in_3] Success!
[Main] Worker finished 20_3_in_3 with score 4.910363382997087
[50_3_in_5] Starting (50000 attempts)
[Main] Worker finished 25_3_in_4 with score 4.037718132575301
[Main] Worker finished 21_3_in_3 with score 4.996424173479028
[34_3_in_5] Starting (50000 attempts)
[32_3_in_4] Success!
[19_3_in_5] Success!
[36_3_in_4] Starting (50000 attempts)
[16_3_in_5] Success!
[Main] Worker finished 32_3_in_4 with score 4.596535121809708
[21_3_in_5] Starting (50000 attempts)
[Main] Worker finished 19_3_in_5 with score 2.9092032907256167
[Main] Worker finished 16_3_in_5 with score 2.651226105457336
[26_3_in_4] Starting (50000 attempts)
[39_4_in_3] Success!
[31_3_in_5] Starting (50000 attempts)
[33_3_in_5] Success!
[17_3_in_5] Success!
[27_3_in_4] Success!
[28_3_in_4] Success!
[Main] Worker finished 33_3_in_5 with score 3.892521826822933
[19_3_in_4] Starting (50000 attempts)
[Main] Worker finished 27_3_in_4 with score 4.203755638119018
[Main] Worker finished 17_3_in_5 with score 2.7362673378981377
[Main] Worker finished 39_4_in_3 with score 10.599771163337323
[Main] Worker finished 28_3_in_4 with score 4.283492659312374
[18_3_in_3] Success!
[31_3_in_3] Success!
[46_3_in_5] Starting (50000 attempts)
[30_3_in_5] Success!
[35_3_in_4] Success!
[35_3_in_5] Success!
[32_3_in_5] Success!
[38_3_in_4] Starting (50000 attempts)
[37_3_in_4] Success!
[34_4_in_3] Success!
[29_3_in_5] Success!
[33_3_in_4] Starting (50000 attempts)
[47_3_in_5] Success!
[42_4_in_3] Starting (50000 attempts)
[Main] Worker finished 35_3_in_4 with score 4.8086431463564985
[Main] Worker finished 35_3_in_5 with score 4.015817229434117
[15_4_in_3] Success!
[Main] Worker finished 34_4_in_3 with score 9.945952382877353
[40_3_in_4] Starting (50000 attempts)
[Main] Worker finished 37_3_in_4 with score 4.9556894964809315
[Main] Worker finished 18_3_in_3 with score 4.501187039771029
[Main] Worker finished 30_3_in_5 with score 3.6900136585431866
[Main] Worker finished 47_3_in_5 with score 4.888755149763693
[Main] Worker finished 29_3_in_5 with score 3.618891276191829
[Main] Worker finished 32_3_in_5 with score 3.8165085053580854
[Main] Worker finished 31_3_in_3 with score 6.002373102450412
[26_3_in_3] Success!
[33_3_in_5] Starting (50000 attempts)
[31_3_in_4] Success!
[19_3_in_5] Starting (50000 attempts)
[32_3_in_4] Starting (50000 attempts)
[25_3_in_4] Starting (50000 attempts)
[28_3_in_4] Starting (50000 attempts)
[46_3_in_4] Starting (50000 attempts)
[28_3_in_5] Success!
[49_3_in_5] Success!
[36_4_in_3] Starting (50000 attempts)
[41_4_in_3] Success!
[45_3_in_4] Starting (50000 attempts)
[41_3_in_4] Starting (50000 attempts)
[Main] Worker finished 15_4_in_3 with score 6.57626910209534
[48_3_in_4] Starting (50000 attempts)
[Main] Worker finished 31_3_in_4 with score 4.5152804301340534
[Main] Worker finished 41_4_in_3 with score 10.940553511555468
[Main] Worker finished 49_3_in_5 with score 4.985820981236973
[Main] Worker finished 26_3_in_3 with score 5.593885567852298
[Main] Worker finished 28_3_in_5 with score 3.5557707001598797
[39_3_in_4] Success!
[35_3_in_5] Starting (50000 attempts)
[35_3_in_4] Starting (50000 attempts)
[37_3_in_4] Starting (50000 attempts)
[30_3_in_5] Starting (50000 attempts)
[27_3_in_3] Starting (50000 attempts)
[Main] Worker finished 39_3_in_4 with score 5.143037194483781
[19_3_in_3] Starting (50000 attempts)
[47_3_in_4] Success!
[Main] Worker finished 47_3_in_4 with score 5.7822746045219455
[47_3_in_5] Starting (50000 attempts)
[17_3_in_3] Starting (50000 attempts)
[21_3_in_5] Success!
[Main] Worker finished 21_3_in_5 with score 3.0554812955125414
[34_3_in_4] Success!
[Main] Worker finished 34_3_in_4 with score 4.751172129860694[32_3_in_5] Starting (50000 attempts)

[50_3_in_5] Success!
[36_3_in_4] Success!
[Main] Worker finished 36_3_in_4 with score 4.918991752152422[44_3_in_5] Starting (50000 attempts)

[Main] Worker finished 50_3_in_5 with score 5.070686620602649
[26_3_in_4] Success!
[31_3_in_4] Starting (50000 attempts)
[31_3_in_5] Success!
[33_3_in_4] Success!
[Main] Worker finished 31_3_in_5 with score 3.758977101186074
[42_3_in_4] Starting (50000 attempts)
[Main] Worker finished 33_3_in_4 with score 4.649519475293014
[Main] Worker finished 26_3_in_4 with score 4.122288579039919
[38_3_in_4] Success!
[49_3_in_5] Starting (50000 attempts)
[40_4_in_3] Starting (50000 attempts)
[30_3_in_4] Success!
[34_3_in_5] Success!
[Main] Worker finished 30_3_in_4 with score 4.441139805924314
[16_3_in_4] Starting (50000 attempts)
[Main] Worker finished 38_3_in_4 with score 5.076672643865842
[Main] Worker finished 34_3_in_5 with score 3.9475778796850087
[47_3_in_4] Starting (50000 attempts)
[39_3_in_4] Starting (50000 attempts)
[40_3_in_4] Success!
[46_3_in_5] Success!
[Main] Worker finished 40_3_in_4 with score 5.255899565314644
[28_3_in_5] Starting (50000 attempts)
[Main] Worker finished 46_3_in_5 with score 4.7894560122898095
[19_3_in_5] Success!
[33_3_in_5] Success!
[34_3_in_4] Starting (50000 attempts)
[Main] Worker finished 33_3_in_5 with score 3.883971622498746
[48_3_in_5] Starting (50000 attempts)
[Main] Worker finished 19_3_in_5 with score 2.9049441872346113
[25_3_in_4] Success!
[19_3_in_4] Success!
[42_4_in_3] Success!
[32_3_in_4] Success!
[46_3_in_4] Success!
[50_3_in_5] Starting (50000 attempts)
[Main] Worker finished 19_3_in_4 with score 3.49527399018512
[36_3_in_4] Starting (50000 attempts)
[Main] Worker finished 32_3_in_4 with score 4.5970322416396225
[Main] Worker finished 42_4_in_3 with score 11.057079850967028
[Main] Worker finished 25_3_in_4 with score 4.037625009281933
[Main] Worker finished 46_3_in_4 with score 5.771006275969161
[26_3_in_4] Starting (50000 attempts)
[38_3_in_4] Starting (50000 attempts)
[28_3_in_4] Success!
[31_3_in_5] Starting (50000 attempts)
[37_3_in_4] Success!
[35_3_in_4] Success!
[33_3_in_4] Starting (50000 attempts)
[Main] Worker finished 35_3_in_4 with score 4.818005562436538
[43_4_in_3] Starting (50000 attempts)
[Main] Worker finished 37_3_in_4 with score 4.989160464713446
[Main] Worker finished 28_3_in_4 with score 4.283605932510743
[41_3_in_4] Success!
[40_3_in_4] Starting (50000 attempts)
[27_3_in_3] Success!
[34_3_in_5] Starting (50000 attempts)
[30_3_in_5] Success!
[36_4_in_3] Success!
[45_3_in_4] Success!
[Main] Worker finished 45_3_in_4 with score 5.662086560854177
[46_3_in_5] Starting (50000 attempts)
[Main] Worker finished 27_3_in_3 with score 5.503381837061723
[Main] Worker finished 41_3_in_4 with score 5.327142246105477
[Main] Worker finished 30_3_in_5 with score 3.689300635613459
[Main] Worker finished 36_4_in_3 with score 10.03779641185119
[48_3_in_4] Success!
[33_3_in_5] Starting (50000 attempts)
[35_3_in_5] Success!
[35_4_in_3] Starting (50000 attempts)
[20_3_in_3] Starting (50000 attempts)
[21_3_in_3] Starting (50000 attempts)
[19_3_in_3] Success!
[Main] Worker finished 19_3_in_3 with score 4.851070197588573
[39_4_in_3] Starting (50000 attempts)
[Main] Worker finished 35_3_in_5 with score 4.0095172278997975
[Main] Worker finished 48_3_in_4 with score 5.965306840487772
[47_3_in_5] Success!
[46_3_in_4] Starting (50000 attempts)
[17_3_in_3] Success!
[35_3_in_4] Starting (50000 attempts)
[Main] Worker finished 47_3_in_5 with score 4.833341558311521
[25_3_in_4] Starting (50000 attempts)
[Main] Worker finished 17_3_in_3 with score 4.500468044315581
[37_3_in_4] Starting (50000 attempts)
[28_3_in_4] Starting (50000 attempts)
[32_3_in_5] Success!
[Main] Worker finished 32_3_in_5 with score 3.815717913559669
[45_3_in_4] Starting (50000 attempts)
[40_4_in_3] Success!
[Main] Worker finished 40_4_in_3 with score 10.776309862715156
[44_3_in_5] Success!
[Main] Worker finished 44_3_in_5 with score 4.660130479685161
[31_3_in_3] Starting (50000 attempts)
[31_3_in_4] Success!
[42_3_in_4] Success!
[Main] Worker finished 31_3_in_4 with score 4.5113016974024776
[41_3_in_4] Starting (50000 attempts)
[Main] Worker finished 42_3_in_4 with score 5.404523436614526
[16_3_in_4] Success!
[36_3_in_5] Starting (50000 attempts)
[Main] Worker finished 16_3_in_4 with score 3.181902442562164
[43_3_in_4] Starting (50000 attempts)
[47_3_in_4] Success!
[39_3_in_4] Success!
[Main] Worker finished 39_3_in_4 with score 5.159510730794079
[26_3_in_3] Starting (50000 attempts)
[Main] Worker finished 47_3_in_4 with score 5.874269763163611
[26_3_in_4] Success!
[49_3_in_5] Success!
[50_3_in_5] Success!
[48_3_in_4] Starting (50000 attempts)
[36_3_in_4] Success!
[34_3_in_4] Success!
[31_3_in_5] Success!
[Main] Worker finished 26_3_in_4 with score 4.123177965431933
[35_3_in_5] Starting (50000 attempts)
[Main] Worker finished 50_3_in_5 with score 5.098313459946513
[Main] Worker finished 49_3_in_5 with score 5.033097251641922
[Main] Worker finished 34_3_in_4 with score 4.758246630762927
[28_3_in_5] Success!
[Main] Worker finished 31_3_in_5 with score 3.7573873485979656
[Main] Worker finished 36_3_in_4 with score 4.927011729011038
[44_3_in_5] Starting (50000 attempts)
[48_3_in_5] Success!
[43_4_in_3] Success!
[47_3_in_5] Starting (50000 attempts)
[33_3_in_4] Success!
[46_3_in_5] Success!
[32_3_in_5] Starting (50000 attempts)
[38_3_in_4] Success!
[41_4_in_3] Starting (50000 attempts)
[35_4_in_3] Success!
[42_4_in_3] Starting (50000 attempts)
[33_3_in_5] Success!
[40_3_in_4] Success!
[Main] Worker finished 48_3_in_5 with score 4.938134349472098
[44_3_in_4] Starting (50000 attempts)
[Main] Worker finished 38_3_in_4 with score 5.020910742756499
[Main] Worker finished 35_4_in_3 with score 10.102256807489026
[Main] Worker finished 46_3_in_5 with score 4.702449902773762
[Main] Worker finished 40_3_in_4 with score 5.243520531777947
[Main] Worker finished 28_3_in_5 with score 3.5602715267535716
[Main] Worker finished 33_3_in_5 with score 3.8836979305714485
[Main] Worker finished 33_3_in_4 with score 4.6696142827646545
[Main] Worker finished 43_4_in_3 with score 11.01851023958955
[42_3_in_4] Starting (50000 attempts)
[34_3_in_5] Success!
[49_3_in_5] Starting (50000 attempts)
[20_3_in_3] Success!
[47_3_in_4] Starting (50000 attempts)
[21_3_in_3] Success!
[50_3_in_5] Starting (50000 attempts)
[46_3_in_4] Success!
[39_3_in_4] Starting (50000 attempts)
[34_3_in_4] Starting (50000 attempts)
[25_3_in_4] Success!
[35_3_in_4] Success!
[26_3_in_4] Starting (50000 attempts)
[37_3_in_4] Success!
[28_3_in_4] Success!
[31_3_in_5] Starting (50000 attempts)
[Main] Worker finished 21_3_in_3 with score 4.93394718759379[36_4_in_3] Starting (50000 attempts)

[Main] Worker finished 25_3_in_4 with score 4.03643008255956
[Main] Worker finished 37_3_in_4 with score 4.989697451147667
[Main] Worker finished 35_3_in_4 with score 4.828941079038734
[Main] Worker finished 20_3_in_3 with score 4.91094292387987
[Main] Worker finished 46_3_in_4 with score 5.756086645071661
[Main] Worker finished 34_3_in_5 with score 3.954937200354723
[Main] Worker finished 28_3_in_4 with score 4.276125082485528
[48_3_in_5] Starting (50000 attempts)
[39_4_in_3] Success!
[40_3_in_4] Starting (50000 attempts)
[46_3_in_5] Starting (50000 attempts)
[36_3_in_4] Starting (50000 attempts)
[38_3_in_4] Starting (50000 attempts)
[33_3_in_5] Starting (50000 attempts)
[42_3_in_5] Starting (50000 attempts)
[Main] Worker finished 39_4_in_3 with score 10.629098076349557
[43_3_in_5] Starting (50000 attempts)
[19_3_in_3] Starting (50000 attempts)
[45_3_in_4] Success!
[Main] Worker finished 45_3_in_4 with score 5.710268529417662
[31_3_in_3] Success!
[43_3_in_4] Success!
[41_3_in_4] Success!
[Main] Worker finished 43_3_in_4 with score 5.5470295389031685
[17_3_in_3] Starting (50000 attempts)
[Main] Worker finished 41_3_in_4 with score 5.30473040049928
[Main] Worker finished 31_3_in_3 with score 6.0003972994324615
[35_3_in_5] Success!
[44_3_in_5] Success!
[25_3_in_4] Starting (50000 attempts)
[48_3_in_4] Success!
[37_3_in_5] Starting (50000 attempts)
[Main] Worker finished 35_3_in_5 with score 4.016641778510792
[29_3_in_3] Starting (50000 attempts)
[Main] Worker finished 44_3_in_5 with score 4.6116291880582985
[Main] Worker finished 48_3_in_4 with score 5.909951852064155
[36_3_in_5] Success!
[26_3_in_3] Success!
[46_3_in_4] Starting (50000 attempts)
[35_3_in_4] Starting (50000 attempts)
[32_3_in_5] Success!
[47_3_in_5] Success!
[42_4_in_3] Success!
[Main] Worker finished 32_3_in_5 with score 3.804975325372318
[32_3_in_3] Starting (50000 attempts)
[Main] Worker finished 47_3_in_5 with score 4.834166854058425
[Main] Worker finished 36_3_in_5 with score 4.053228531295271
[Main] Worker finished 42_4_in_3 with score 11.044659619702836
[Main] Worker finished 26_3_in_3 with score 5.446783302208864
[44_3_in_4] Success!
[42_3_in_4] Success!
[43_3_in_4] Starting (50000 attempts)
[47_3_in_4] Success!
[41_4_in_3] Success!
[45_3_in_4] Starting (50000 attempts)
[34_3_in_5] Starting (50000 attempts)
[39_3_in_4] Success!
[28_3_in_4] Starting (50000 attempts)
[34_3_in_4] Success!
[Main] Worker finished 34_3_in_4 with score 4.756474332876029
[39_3_in_5] Starting (50000 attempts)
[Main] Worker finished 42_3_in_4 with score 5.414842593548908
[Main] Worker finished 47_3_in_4 with score 5.895463759604653
[Main] Worker finished 39_3_in_4 with score 5.141157659715252
[Main] Worker finished 44_3_in_4 with score 5.591723393651105
[Main] Worker finished 41_4_in_3 with score 11.051418833011057
[41_3_in_4] Starting (50000 attempts)
[49_3_in_5] Success!
[48_3_in_4] Starting (50000 attempts)
[50_3_in_5] Success!
[44_3_in_5] Starting (50000 attempts)
[36_4_in_3] Success!
[48_3_in_5] Success!
[46_3_in_5] Success!
[35_3_in_5] Starting (50000 attempts)
[31_3_in_5] Success!
[32_3_in_5] Starting (50000 attempts)
[Main] Worker finished 48_3_in_5 with score 4.929000756417977
[38_3_in_5] Starting (50000 attempts)
[Main] Worker finished 49_3_in_5 with score 5.026337041779723
[Main] Worker finished 50_3_in_5 with score 5.074008573784659
[Main] Worker finished 46_3_in_5 with score 4.742964878568384
[Main] Worker finished 31_3_in_5 with score 3.7573873485979656
[Main] Worker finished 36_4_in_3 with score 10.097240077527125
[26_3_in_4] Success!
[33_3_in_5] Success!
[36_3_in_5] Starting (50000 attempts)
[42_3_in_5] Success!
[42_3_in_4] Starting (50000 attempts)
[47_3_in_5] Starting (50000 attempts)
[40_3_in_4] Success!
[43_3_in_5] Success!
[21_3_in_3] Starting (50000 attempts)
[19_3_in_3] Success!
[30_3_in_3] Starting (50000 attempts)
[38_3_in_4] Success!
[Main] Worker finished 33_3_in_5 with score 3.8716498857127517
[31_3_in_3] Starting (50000 attempts)
[Main] Worker finished 19_3_in_3 with score 4.851070197588573
[Main] Worker finished 38_3_in_4 with score 5.075740362879084
[Main] Worker finished 42_3_in_5 with score 4.478111646292735
[Main] Worker finished 26_3_in_4 with score 4.121697458012153
[Main] Worker finished 43_3_in_5 with score 4.5471086147615
[Main] Worker finished 40_3_in_4 with score 5.235874043839695
[36_3_in_4] Success!
[44_3_in_4] Starting (50000 attempts)
[48_3_in_5] Starting (50000 attempts)
[49_3_in_5] Starting (50000 attempts)
[47_3_in_4] Starting (50000 attempts)
[50_3_in_5] Starting (50000 attempts)
[39_3_in_4] Starting (50000 attempts)
[Main] Worker finished 36_3_in_4 with score 4.907615771584827
[26_3_in_3] Starting (50000 attempts)
[46_3_in_5] Starting (50000 attempts)
[17_3_in_3] Success!
[Main] Worker finished 17_3_in_3 with score 4.500213775121804
[25_3_in_4] Success!
[Main] Worker finished 25_3_in_4 with score 4.036568334232731
[41_3_in_5] Starting (50000 attempts)
[46_3_in_4] Success!
[Main] Worker finished 46_3_in_4 with score 5.725585130039607
[40_3_in_5] Starting (50000 attempts)
[35_3_in_4] Success!
[Main] Worker finished 35_3_in_4 with score 4.842493763894582
[36_4_in_3] Starting (50000 attempts)
[19_3_in_3] Starting (50000 attempts)
[37_3_in_5] Success!
[Main] Worker finished 37_3_in_5 with score 4.139272693085462
[29_3_in_3] Success!
[45_3_in_4] Success!
[34_3_in_5] Success!
[Main] Worker finished 45_3_in_4 with score 5.686509075821817
[44_3_in_3] Starting (50000 attempts)
[Main] Worker finished 34_3_in_5 with score 3.9349807323211348
[Main] Worker finished 29_3_in_3 with score 5.800973214871754
[28_3_in_4] Success!
[42_3_in_5] Starting (50000 attempts)
[39_3_in_5] Success!
[32_3_in_3] Success!
[43_3_in_5] Starting (50000 attempts)
[43_3_in_4] Success!
[Main] Worker finished 43_3_in_4 with score 5.521016455349248
[Main] Worker finished 32_3_in_3 with score 6.000045144398807
[26_3_in_4] Starting (50000 attempts)
[Main] Worker finished 39_3_in_5 with score 4.2996418438427035
[44_3_in_5] Success!
[Main] Worker finished 28_3_in_4 with score 4.271796340335114
[40_3_in_4] Starting (50000 attempts)
[36_3_in_4] Starting (50000 attempts)
[48_3_in_4] Success!
[25_3_in_4] Starting (50000 attempts)
[Main] Worker finished 44_3_in_5 with score 4.6391100925870585[33_3_in_3] Starting (50000 attempts)

[Main] Worker finished 48_3_in_4 with score 5.86732332502171
[41_3_in_4] Success!
[46_3_in_4] Starting (50000 attempts)
[42_3_in_4] Success!
[35_3_in_5] Success!
[Main] Worker finished 41_3_in_4 with score 5.341452191045051
[45_3_in_5] Starting (50000 attempts)
[Main] Worker finished 42_3_in_4 with score 5.375729125944675
[Main] Worker finished 35_3_in_5 with score 4.021478964672763
[37_3_in_5] Starting (50000 attempts)
[32_3_in_5] Success!
[36_3_in_5] Success!
[45_3_in_4] Starting (50000 attempts)
[38_3_in_5] Success!
[Main] Worker finished 38_3_in_5 with score 4.222375790947403[34_3_in_5] Starting (50000 attempts)

[Main] Worker finished 32_3_in_5 with score 3.820084936704594
[Main] Worker finished 36_3_in_5 with score 4.094960973179626
[31_3_in_3] Success!
[43_3_in_4] Starting (50000 attempts)
[29_3_in_3] Starting (50000 attempts)
[44_3_in_4] Success!
[21_3_in_3] Success!
[Main] Worker finished 44_3_in_4 with score 5.535154661536032[32_3_in_3] Starting (50000 attempts)

[Main] Worker finished 31_3_in_3 with score 6.0003972994324615
[Main] Worker finished 21_3_in_3 with score 4.93394718759379
[47_3_in_5] Success!
[30_3_in_3] Success!
[48_3_in_5] Success!
[39_3_in_5] Starting (50000 attempts)
[47_3_in_4] Success!
[44_3_in_5] Starting (50000 attempts)
[Main] Worker finished 47_3_in_5 with score 4.831860226806961
[28_3_in_4] Starting (50000 attempts)
[Main] Worker finished 47_3_in_4 with score 5.851219388596868
[Main] Worker finished 48_3_in_5 with score 4.946423095332698
[Main] Worker finished 30_3_in_3 with score 5.916515309268356
[41_3_in_4] Starting (50000 attempts)
[49_3_in_5] Success!
[48_3_in_4] Starting (50000 attempts)
[42_3_in_4] Starting (50000 attempts)
[Main] Worker finished 49_3_in_5 with score 4.890860599666036
[35_3_in_5] Starting (50000 attempts)
[46_3_in_5] Success!
[Main] Worker finished 46_3_in_5 with score 4.741096075247791
[38_3_in_5] Starting (50000 attempts)
[38_3_in_3] Starting (50000 attempts)
[26_3_in_3] Success!
[Main] Worker finished 26_3_in_3 with score 5.593885567852298
[39_3_in_4] Success!
[Main] Worker finished 39_3_in_4 with score 5.15197701696613
[36_3_in_5] Starting (50000 attempts)
[50_3_in_5] Success!
[Main] Worker finished 50_3_in_5 with score 5.051499597962342
[44_3_in_4] Starting (50000 attempts)
[31_3_in_3] Starting (50000 attempts)
[40_3_in_5] Success!
[Main] Worker finished 40_3_in_5 with score 4.338925229654497
[19_3_in_3] Success!
[41_3_in_5] Success!
[25_3_in_4] Success!
[Main] Worker finished 41_3_in_5 with score 4.3810279136638925
[21_3_in_3] Starting (50000 attempts)
[Main] Worker finished 19_3_in_3 with score 4.808414913454218
[Main] Worker finished 25_3_in_4 with score 4.031076481739401
[33_3_in_3] Success!
[48_3_in_5] Starting (50000 attempts)
[26_3_in_4] Success!
[36_3_in_4] Success!
[47_3_in_4] Starting (50000 attempts)
[44_3_in_3] Success!
[40_3_in_4] Success!
[Main] Worker finished 33_3_in_3 with score 6.001644417168656
[42_3_in_3] Starting (50000 attempts)
[Main] Worker finished 36_3_in_4 with score 4.898092181690515
[Main] Worker finished 44_3_in_3 with score 7.003877512508083
[Main] Worker finished 40_3_in_4 with score 5.197685570039026
[Main] Worker finished 26_3_in_4 with score 4.119965747439988
[36_4_in_3] Success!
[43_3_in_5] Success!
[49_3_in_5] Starting (50000 attempts)
[42_3_in_5] Success!
[30_3_in_3] Starting (50000 attempts)
[37_3_in_5] Success!
[26_3_in_3] Starting (50000 attempts)
[37_3_in_3] Starting (50000 attempts)
[46_3_in_4] Success!
[34_3_in_5] Success!
[Main] Worker finished 36_4_in_3 with score 10.12146122489197[41_3_in_3] Starting (50000 attempts)

[Main] Worker finished 34_3_in_5 with score 3.963591523330593
[Main] Worker finished 46_3_in_4 with score 5.772068148337326
[Main] Worker finished 43_3_in_5 with score 4.585695578292129
[Main] Worker finished 42_3_in_5 with score 4.519941807971385
[Main] Worker finished 37_3_in_5 with score 4.155591264670261
[41_3_in_5] Starting (50000 attempts)
[40_3_in_5] Starting (50000 attempts)
[43_3_in_4] Success!
[45_3_in_5] Success!
[50_3_in_5] Starting (50000 attempts)
[32_3_in_3] Success!
[45_3_in_4] Success!
[25_3_in_4] Starting (50000 attempts)
[19_3_in_3] Starting (50000 attempts)
[39_3_in_5] Success!
[29_3_in_3] Success!
[Main] Worker finished 32_3_in_3 with score 6.000259536170223
[39_3_in_3] Starting (50000 attempts)[Main] Worker finished 43_3_in_4 with score 5.518796968382214

[Main] Worker finished 45_3_in_5 with score 4.759237666624055
[Main] Worker finished 45_3_in_4 with score 5.672015783127879
[Main] Worker finished 39_3_in_5 with score 4.255803643074515
[Main] Worker finished 29_3_in_3 with score 5.800973214871754
[35_3_in_5] Success!
[40_3_in_4] Starting (50000 attempts)
[28_3_in_4] Success!
[36_3_in_4] Starting (50000 attempts)
[38_3_in_5] Success!
[38_3_in_3] Success!
[44_3_in_3] Starting (50000 attempts)
[42_3_in_4] Success!
[44_3_in_5] Success!
[45_3_in_3] Starting (50000 attempts)
[43_3_in_3] Starting (50000 attempts)
[36_3_in_5] Success!
[48_3_in_4] Success!
[Main] Worker finished 44_3_in_5 with score 4.608548516006385
[50_3_in_3] Starting (50000 attempts)
[Main] Worker finished 38_3_in_5 with score 4.2065248685225916
[Main] Worker finished 36_3_in_5 with score 4.055671170721144
[Main] Worker finished 48_3_in_4 with score 5.9622688805178194
[Main] Worker finished 42_3_in_4 with score 5.33718192836322
[Main] Worker finished 38_3_in_3 with score 6.670108867679205
[Main] Worker finished 28_3_in_4 with score 4.277908157795
[Main] Worker finished 35_3_in_5 with score 4.0096686183707115
[41_3_in_4] Success!
[42_3_in_5] Starting (50000 attempts)
[43_3_in_5] Starting (50000 attempts)
[37_3_in_5] Starting (50000 attempts)
[45_3_in_5] Starting (50000 attempts)
[43_3_in_4] Starting (50000 attempts)
[46_3_in_4] Starting (50000 attempts)
[45_3_in_4] Starting (50000 attempts)
[31_3_in_3] Success!
[Main] Worker finished 41_3_in_4 with score 5.311346813901449
[32_3_in_3] Starting (50000 attempts)
[Main] Worker finished 31_3_in_3 with score 5.99192953919103
[39_3_in_5] Starting (50000 attempts)
[44_3_in_4] Success!
[Main] Worker finished 44_3_in_4 with score 5.5696101560901825
[29_3_in_3] Starting (50000 attempts)
[44_3_in_5] Starting (50000 attempts)
[37_3_in_3] Success!
[Main] Worker finished 37_3_in_3 with score 6.652766487536131
[48_3_in_5] Success!
[Main] Worker finished 48_3_in_5 with score 4.943440181171258[38_3_in_5] Starting (50000 attempts)

[47_3_in_4] Success!
[Main] Worker finished 47_3_in_4 with score 5.794113313948808
[36_3_in_5] Starting (50000 attempts)
[49_3_in_5] Success!
[Main] Worker finished 49_3_in_5 with score 5.013253540482748
[48_3_in_4] Starting (50000 attempts)
[42_3_in_3] Success!
[Main] Worker finished 42_3_in_3 with score 6.9415985252871755
[42_3_in_4] Starting (50000 attempts)
[30_3_in_3] Success!
[Main] Worker finished 30_3_in_3 with score 5.967739220261456
[38_3_in_3] Starting (50000 attempts)
[21_3_in_3] Success!
[40_3_in_5] Success!
[39_3_in_3] Success!
[26_3_in_3] Success!
[Main] Worker finished 21_3_in_3 with score 4.995604541746432
[28_3_in_4] Starting (50000 attempts)
[Main] Worker finished 39_3_in_3 with score 6.839421871225972
[Main] Worker finished 26_3_in_3 with score 5.593885567852298
[Main] Worker finished 40_3_in_5 with score 4.38026523750066
[41_3_in_5] Success!
[44_3_in_4] Starting (50000 attempts)
[41_3_in_3] Success!
[41_3_in_4] Starting (50000 attempts)
[25_3_in_4] Success!
[19_3_in_3] Success!
[35_3_in_5] Starting (50000 attempts)
[Main] Worker finished 41_3_in_3 with score 7.002154846474123
[31_3_in_3] Starting (50000 attempts)
[Main] Worker finished 25_3_in_4 with score 4.024752926798032
[Main] Worker finished 41_3_in_5 with score 4.4414935273977605
[Main] Worker finished 19_3_in_3 with score 4.851070197588573
[50_3_in_5] Success!
[40_3_in_4] Success!
[48_3_in_5] Starting (50000 attempts)
[37_3_in_3] Starting (50000 attempts)
[36_3_in_4] Success!
[46_3_in_3] Starting (50000 attempts)
[45_3_in_3] Success!
[Main] Worker finished 40_3_in_4 with score 5.126519174670583
[41_3_in_5] Starting (50000 attempts)
[Main] Worker finished 50_3_in_5 with score 5.148779870586544
[Main] Worker finished 36_3_in_4 with score 4.918305164102589
[Main] Worker finished 45_3_in_3 with score 7.424912596829384
[30_3_in_3] Starting (50000 attempts)
[43_3_in_3] Success!
[42_3_in_3] Starting (50000 attempts)
[37_3_in_5] Success!
[43_3_in_5] Success!
[39_3_in_3] Starting (50000 attempts)
[44_3_in_3] Success!
[43_3_in_4] Success!
[Main] Worker finished 43_3_in_4 with score 5.442721123160443
[40_3_in_5] Starting (50000 attempts)
[Main] Worker finished 43_3_in_3 with score 7.003906059108661
[Main] Worker finished 44_3_in_3 with score 7.003877512508083
[Main] Worker finished 43_3_in_5 with score 4.56964455101872
[Main] Worker finished 37_3_in_5 with score 4.153165592233845
[50_3_in_3] Success!
[25_3_in_4] Starting (50000 attempts)
[26_3_in_3] Starting (50000 attempts)
[41_3_in_3] Starting (50000 attempts)
[43_3_in_5] Starting (50000 attempts)
[32_3_in_3] Success!
[42_3_in_5] Success!
[Main] Worker finished 50_3_in_3 with score 7.740357666666721
[37_3_in_5] Starting (50000 attempts)
[Main] Worker finished 42_3_in_5 with score 4.488747876529763
[Main] Worker finished 32_3_in_3 with score 6.000259536170223
[40_3_in_4] Starting (50000 attempts)
[45_3_in_5] Success!
[42_3_in_5] Starting (50000 attempts)
[45_3_in_4] Success!
[Main] Worker finished 45_3_in_5 with score 4.659505373576158
[43_3_in_4] Starting (50000 attempts)
[Main] Worker finished 45_3_in_4 with score 5.650247326835063
[36_3_in_4] Starting (50000 attempts)
[45_3_in_3] Starting (50000 attempts)
[39_3_in_5] Success!
[Main] Worker finished 39_3_in_5 with score 4.282600862122904
[46_3_in_4] Success!
[Main] Worker finished 46_3_in_4 with score 5.754385120585343
[39_3_in_5] Starting (50000 attempts)
[43_3_in_3] Starting (50000 attempts)
[29_3_in_3] Success!
[Main] Worker finished 29_3_in_3 with score 5.881623376272442
[44_3_in_3] Starting (50000 attempts)
[44_3_in_5] Success!
[Main] Worker finished 44_3_in_5 with score 4.626307932661024
[45_3_in_5] Starting (50000 attempts)
[44_3_in_4] Success!
[Main] Worker finished 44_3_in_4 with score 5.578179629494518
[38_3_in_5] Success!
[48_3_in_4] Success!
[Main] Worker finished 48_3_in_4 with score 5.984674057448995
[44_3_in_4] Starting (50000 attempts)
[Main] Worker finished 38_3_in_5 with score 4.22399718119533
[28_3_in_4] Success!
[36_3_in_5] Success!
[50_3_in_3] Starting (50000 attempts)
[Main] Worker finished 36_3_in_5 with score 4.103035427035319
[38_3_in_5] Starting (50000 attempts)
[Main] Worker finished 28_3_in_4 with score 4.285895758903256
[31_3_in_3] Success!
[42_3_in_4] Success!
[41_3_in_4] Success!
[32_3_in_3] Starting (50000 attempts)
[Main] Worker finished 41_3_in_4 with score 5.346523212492716
[36_3_in_5] Starting (50000 attempts)
[Main] Worker finished 42_3_in_4 with score 5.378447259137774
[Main] Worker finished 31_3_in_3 with score 5.95228234154563
[37_3_in_3] Success!
[48_3_in_5] Success!
[46_3_in_4] Starting (50000 attempts)
[38_3_in_3] Success!
[35_3_in_5] Success!
[45_3_in_4] Starting (50000 attempts)
[Main] Worker finished 48_3_in_5 with score 4.988314173583206
[44_3_in_5] Starting (50000 attempts)
[Main] Worker finished 37_3_in_3 with score 6.752897812688078
[Main] Worker finished 35_3_in_5 with score 4.001018100762643
[Main] Worker finished 38_3_in_3 with score 6.670108867679205
[46_3_in_3] Success!
[29_3_in_3] Starting (50000 attempts)
[42_3_in_3] Success!
[41_3_in_5] Success!
[42_3_in_4] Starting (50000 attempts)
[39_3_in_3] Success!
[35_3_in_5] Starting (50000 attempts)
[Main] Worker finished 46_3_in_3 with score 7.389215428068609
[31_3_in_3] Starting (50000 attempts)
[Main] Worker finished 41_3_in_5 with score 4.45163931626776
[Main] Worker finished 39_3_in_3 with score 6.812285038961553
[Main] Worker finished 42_3_in_3 with score 6.9415985252871755
[30_3_in_3] Success!
[41_3_in_5] Starting (50000 attempts)
[38_3_in_3] Starting (50000 attempts)
[25_3_in_4] Success!
[41_3_in_3] Success!
[42_3_in_3] Starting (50000 attempts)
[40_3_in_5] Success!
[Main] Worker finished 30_3_in_3 with score 5.916515309268356
[37_3_in_3] Starting (50000 attempts)
[Main] Worker finished 40_3_in_5 with score 4.356534980497981
[Main] Worker finished 41_3_in_3 with score 6.961575033158833
[Main] Worker finished 25_3_in_4 with score 4.034814764364426
[43_3_in_5] Success!
[40_3_in_5] Starting (50000 attempts)
[37_3_in_5] Success!
[26_3_in_3] Success!
[43_3_in_4] Success!
[25_3_in_4] Starting (50000 attempts)
[30_3_in_3] Starting (50000 attempts)
[40_3_in_4] Success!
[36_3_in_4] Success!
[Main] Worker finished 36_3_in_4 with score 4.90173350960666
[41_3_in_3] Starting (50000 attempts)
[Main] Worker finished 37_3_in_5 with score 4.140325991712922
[Main] Worker finished 43_3_in_5 with score 4.551425509209976
[Main] Worker finished 26_3_in_3 with score 5.634454687140022
[Main] Worker finished 43_3_in_4 with score 5.480729527139683
[Main] Worker finished 40_3_in_4 with score 5.248882792288608
[39_3_in_3] Starting (50000 attempts)
[39_3_in_5] Success!
[46_3_in_3] Starting (50000 attempts)
[43_3_in_5] Starting (50000 attempts)
[37_3_in_5] Starting (50000 attempts)
[42_3_in_5] Success!
[43_3_in_4] Starting (50000 attempts)
[Main] Worker finished 42_3_in_5 with score 4.508673142459209[36_3_in_4] Starting (50000 attempts)

[Main] Worker finished 39_3_in_5 with score 4.266531123212985
[42_3_in_5] Starting (50000 attempts)
[39_3_in_5] Starting (50000 attempts)
[45_3_in_3] Success!
[Main] Worker finished 45_3_in_3 with score 7.399183534902634
[43_3_in_3] Success!
[Main] Worker finished 43_3_in_3 with score 7.004219438633266
[45_3_in_3] Starting (50000 attempts)
[44_3_in_3] Success!
[Main] Worker finished 44_3_in_3 with score 7.003877512508083
[43_3_in_3] Starting (50000 attempts)
[44_3_in_3] Starting (50000 attempts)
[45_3_in_5] Success!
[Main] Worker finished 45_3_in_5 with score 4.621558953698124
[45_3_in_5] Starting (50000 attempts)
[32_3_in_3] Success!
[Main] Worker finished 32_3_in_3 with score 6.000259536170223
[32_3_in_3] Starting (50000 attempts)
[36_3_in_5] Success!
[Main] Worker finished 36_3_in_5 with score 4.0839924009099215
[44_3_in_5] Success!
[Main] Worker finished 44_3_in_5 with score 4.644310240700544
[3_3_in_circle] Starting (5000 attempts)
[4_4_in_3] Starting (5000 attempts)
[44_3_in_4] Success!
[Main] Worker finished 44_3_in_4 with score 5.616279363943449
[29_3_in_3] Success!
[Main] Worker finished 29_3_in_3 with score 5.784131122714162[4_3_in_circle] Starting (5000 attempts)

[50_3_in_3] Success!
[Main] Worker finished 50_3_in_3 with score 7.740357666666721
[29_3_in_3] Starting (50000 attempts)
[38_3_in_5] Success!
[45_3_in_4] Success!
[Main] Worker finished 45_3_in_4 with score 5.704449507094224[50_3_in_3] Starting (50000 attempts)

[Main] Worker finished 38_3_in_5 with score 4.232610837986472
[38_3_in_5] Starting (50000 attempts)
[42_3_in_4] Success!
[46_3_in_4] Success!
[Main] Worker finished 46_3_in_4 with score 5.749813712062366
[45_3_in_4] Starting (50000 attempts)
[Main] Worker finished 42_3_in_4 with score 5.435501309788684
[38_3_in_3] Success!
[46_3_in_4] Starting (50000 attempts)
[Main] Worker finished 38_3_in_3 with score 6.670108867679205
[3_3_in_5] Starting (5000 attempts)
[38_3_in_3] Starting (50000 attempts)
[41_3_in_5] Success!
[Main] Worker finished 41_3_in_5 with score 4.445752378766835
[31_3_in_3] Success!
[42_3_in_3] Success!
[Main] Worker finished 42_3_in_3 with score 6.9415985252871755
[41_3_in_5] Starting (50000 attempts)
[Main] Worker finished 31_3_in_3 with score 6.000671067281086
[25_3_in_4] Success!
[35_3_in_5] Success!
[42_3_in_3] Starting (50000 attempts)
[Main] Worker finished 25_3_in_4 with score 4.025933366306584
[3_3_in_4] Starting (5000 attempts)
[Main] Worker finished 35_3_in_5 with score 4.031177549293715
[39_3_in_3] Success!
[40_3_in_5] Success!
[25_3_in_4] Starting (50000 attempts)
[30_3_in_3] Success!
[Main] Worker finished 30_3_in_3 with score 5.916515309268356
[7_4_in_3] Starting (5000 attempts)
[Main] Worker finished 39_3_in_3 with score 6.827949896182372
[Main] Worker finished 40_3_in_5 with score 4.306725294837952
[41_3_in_3] Success!
[40_3_in_5] Starting (50000 attempts)
[43_3_in_5] Success!
[30_3_in_3] Starting (50000 attempts)
[46_3_in_3] Success!
[37_3_in_5] Success!
[Main] Worker finished 41_3_in_3 with score 6.866435278289275
[39_3_in_3] Starting (50000 attempts)
[Main] Worker finished 46_3_in_3 with score 7.436644633348435
[Main] Worker finished 43_3_in_5 with score 4.557392542300272
[Main] Worker finished 37_3_in_5 with score 4.1324546215091384
[37_3_in_3] Success!
[37_3_in_5] Starting (50000 attempts)
[41_3_in_3] Starting (50000 attempts)
[46_3_in_3] Starting (50000 attempts)
[Main] Worker finished 37_3_in_3 with score 6.650952241363264
[5_4_in_3] Starting (5000 attempts)
[37_3_in_3] Starting (50000 attempts)
[43_3_in_4] Success!
[Main] Worker finished 43_3_in_4 with score 5.510147045733704
[43_3_in_4] Starting (50000 attempts)
[36_3_in_4] Success!
[Main] Worker finished 36_3_in_4 with score 4.918305164102589
[42_3_in_5] Success!
[44_3_in_3] Success!
[Main] Worker finished 44_3_in_3 with score 7.003877512508083
[3_6_in_4] Starting (5000 attempts)
[Main] Worker finished 42_3_in_5 with score 4.421881937187199
[42_3_in_5] Starting (50000 attempts)
[44_3_in_3] Starting (50000 attempts)
[45_3_in_3] Success!
[Main] Worker finished 45_3_in_3 with score 7.374499210937253
[45_3_in_3] Starting (50000 attempts)
[39_3_in_5] Success!
[Main] Worker finished 39_3_in_5 with score 4.275745822302719
[43_3_in_3] Success!
[Main] Worker finished 43_3_in_3 with score 7.0056348520542135
[39_3_in_5] Starting (50000 attempts)
[43_3_in_3] Starting (50000 attempts)
[45_3_in_5] Success!
[Main] Worker finished 45_3_in_5 with score 4.727338942991058
[45_3_in_5] Starting (50000 attempts)
[4_3_in_circle] Success!
[Main] Worker finished 4_3_in_circle with score 0.2195295457502529
[32_3_in_3] Success!
[4_4_in_3] Success!
[50_3_in_3] Success!
[Main] Worker finished 50_3_in_3 with score 7.869601854051851
[8_4_in_3] Starting (50000 attempts)
[Main] Worker finished 32_3_in_3 with score 6.000259536170223
[Main] Worker finished 4_4_in_3 with score 4.154707933020685
[38_3_in_3] Success!
[3_3_in_circle] Success!
[29_3_in_3] Success!
[45_3_in_4] Success!
[50_3_in_3] Starting (50000 attempts)
[3_3_in_5] Success!
[5_6_in_4] Starting (5000 attempts)
[Main] Worker finished 3_3_in_circle with score 0.19011816190626613
[3_4_in_3] Starting (5000 attempts)
[Main] Worker finished 38_3_in_3 with score 6.670108867679205
[Main] Worker finished 3_3_in_5 with score 1.1435295943053447
[Main] Worker finished 29_3_in_3 with score 5.784131122714162
[Main] Worker finished 45_3_in_4 with score 5.707343503622244
[38_3_in_5] Success!
[29_3_in_3] Starting (50000 attempts)
[38_3_in_3] Starting (50000 attempts)
[3_3_in_4] Success!
[46_3_in_4] Success!
[41_3_in_5] Success!
[25_3_in_4] Success!
[42_3_in_3] Success!
[7_4_in_3] Success!
[11_4_in_3] Starting (50000 attempts)
[6_6_in_4] Starting (5000 attempts)
[37_3_in_5] Success!
[Main] Worker finished 3_3_in_4 with score 1.4783993300089884
[6_3_in_3] Starting (5000 attempts)
[Main] Worker finished 37_3_in_5 with score 4.167243762522457
[Main] Worker finished 38_3_in_5 with score 4.231709989925213
[Main] Worker finished 7_4_in_3 with score 5.155344374810373
[Main] Worker finished 25_3_in_4 with score 4.0398655873715015
[Main] Worker finished 42_3_in_3 with score 6.9415985252871755
[Main] Worker finished 41_3_in_5 with score 4.450144753771026
[Main] Worker finished 46_3_in_4 with score 5.773367334754875
[39_3_in_3] Success!
[30_3_in_3] Success!
[40_3_in_5] Success!
[42_3_in_3] Starting (50000 attempts)
[41_3_in_3] Success!
[3_3_in_circle] Starting (5000 attempts)
[5_4_in_3] Success!
[37_3_in_3] Success!
[4_4_in_3] Starting (5000 attempts)
[43_3_in_4] Success!
[4_3_in_circle] Starting (5000 attempts)
[3_3_in_5] Starting (5000 attempts)
[46_3_in_3] Success!
[8_3_in_circle] Starting (50000 attempts)
[5_3_in_4] Starting (5000 attempts)
[Main] Worker finished 41_3_in_3 with score 6.866435278289275
[10_6_in_4] Starting (50000 attempts)
[Main] Worker finished 43_3_in_4 with score 5.432573568682812
[Main] Worker finished 30_3_in_3 with score 5.909524672483831
[Main] Worker finished 37_3_in_3 with score 6.4818090142671645
[Main] Worker finished 46_3_in_3 with score 7.3421123153878725
[Main] Worker finished 40_3_in_5 with score 4.352340590859089
[Main] Worker finished 39_3_in_3 with score 6.850157581093349
[Main] Worker finished 5_4_in_3 with score 4.309409782028365
[45_3_in_3] Success!
[43_3_in_4] Starting (50000 attempts)
[30_3_in_3] Starting (50000 attempts)
[37_3_in_3] Starting (50000 attempts)
[3_6_in_4] Success!
[41_3_in_3] Starting (50000 attempts)
[43_3_in_3] Success!
[44_3_in_3] Success!
[39_3_in_3] Starting (50000 attempts)
[46_3_in_3] Starting (50000 attempts)
[3_3_in_4] Starting (5000 attempts)
[Main] Worker finished 3_6_in_4 with score 3.491959731325357
[7_4_in_3] Starting (5000 attempts)
[Main] Worker finished 45_3_in_3 with score 7.349793206731684
[Main] Worker finished 43_3_in_3 with score 6.993287957642054
[Main] Worker finished 44_3_in_3 with score 7.003877512508083
[39_3_in_5] Success!
[42_3_in_5] Success!
[45_3_in_3] Starting (50000 attempts)
[43_3_in_3] Starting (50000 attempts)
[12_4_in_3] Starting (50000 attempts)
[Main] Worker finished 42_3_in_5 with score 4.502916278981712
[11_3_in_circle] Starting (50000 attempts)
[Main] Worker finished 39_3_in_5 with score 4.251302834683806
[42_3_in_5] Starting (50000 attempts)
[39_3_in_5] Starting (50000 attempts)
[45_3_in_5] Success!
[Main] Worker finished 45_3_in_5 with score 4.6314979312199895
[45_3_in_5] Starting (50000 attempts)
[11_4_in_3] Success!
[Main] Worker finished 11_4_in_3 with score 6.155976403489312
[38_3_in_3] Success!
[8_4_in_3] Success!
[5_6_in_4] Success!
[Main] Worker finished 8_4_in_3 with score 5.309456355946519
[11_6_in_4] Starting (50000 attempts)
[Main] Worker finished 5_6_in_4 with score 4.440722088808257
[Main] Worker finished 38_3_in_3 with score 6.659767022824357
[50_3_in_3] Success!
[38_3_in_3] Starting (50000 attempts)
[6_6_in_4] Success!
[29_3_in_3] Success!
[5_4_in_3] Starting (5000 attempts)
[3_4_in_3] Success!
[Main] Worker finished 3_4_in_3 with score 3.232052318453766
[3_6_in_4] Starting (5000 attempts)
[Main] Worker finished 50_3_in_3 with score 7.869601854051851
[Main] Worker finished 6_6_in_4 with score 4.81448320628354
[Main] Worker finished 29_3_in_3 with score 5.764495888647738
[42_3_in_3] Success!
[29_3_in_3] Starting (50000 attempts)
[3_3_in_5] Success!
[50_3_in_3] Starting (50000 attempts)
[9_3_in_circle] Starting (50000 attempts)
[Main] Worker finished 42_3_in_3 with score 6.9415985252871755
[10_3_in_circle] Starting (50000 attempts)
[Main] Worker finished 3_3_in_5 with score 1.143532401649942
[6_3_in_3] Success!
[16_4_in_3] Starting (50000 attempts)
[4_4_in_3] Success!
[Main] Worker finished 4_4_in_3 with score 4.154750717508222
[7_3_in_circle] Starting (5000 attempts)
[Main] Worker finished 6_3_in_3 with score 2.9771947200223887
[10_6_in_4] Success!
[8_4_in_3] Starting (50000 attempts)
[Main] Worker finished 10_6_in_4 with score 6.105434418841609
[11_4_in_3] Starting (50000 attempts)
[30_3_in_3] Success!
[5_3_in_4] Success!
[4_3_in_circle] Success!
[3_3_in_circle] Success!
[Main] Worker finished 3_3_in_circle with score 0.1901181619080221
[5_6_in_4] Starting (5000 attempts)
[Main] Worker finished 4_3_in_circle with score 0.21950593666702656
[Main] Worker finished 5_3_in_4 with score 1.8033637040984114
[Main] Worker finished 30_3_in_3 with score 5.916515309268356
[43_3_in_4] Success!
[8_3_in_circle] Success!
[30_3_in_3] Starting (50000 attempts)
[3_4_in_3] Starting (5000 attempts)
[6_6_in_4] Starting (5000 attempts)
[37_3_in_3] Success!
[Main] Worker finished 43_3_in_4 with score 5.532468990143864
[Main] Worker finished 8_3_in_circle with score 0.3106819119336018
[12_3_in_circle] Starting (50000 attempts)
[46_3_in_3] Success!
[Main] Worker finished 37_3_in_3 with score 6.746108813914012
[3_3_in_5] Starting (5000 attempts)
[17_4_in_3] Starting (50000 attempts)
[3_3_in_4] Success!
[Main] Worker finished 46_3_in_3 with score 7.424187273053399
[13_6_in_4] Starting (50000 attempts)
[Main] Worker finished 3_3_in_4 with score 1.4783984091177982
[39_3_in_3] Success!
[46_3_in_3] Starting (50000 attempts)
[41_3_in_3] Success!
[Main] Worker finished 41_3_in_3 with score 6.866435278289275
[4_4_in_3] Starting (5000 attempts)
[Main] Worker finished 39_3_in_3 with score 6.849508062244828
[7_4_in_3] Success!
[42_3_in_5] Success!
[41_3_in_3] Starting (50000 attempts)
[Main] Worker finished 42_3_in_5 with score 4.459821975122056
[3_3_in_circle] Starting (5000 attempts)
[Main] Worker finished 7_4_in_3 with score 5.155053785931084
[12_4_in_3] Success!
[45_3_in_3] Success!
[43_3_in_3] Success!
[42_3_in_5] Starting (50000 attempts)
[Main] Worker finished 45_3_in_3 with score 7.143501075123361
[4_3_in_circle] Starting (5000 attempts)
[Main] Worker finished 12_4_in_3 with score 6.309719735191199
[Main] Worker finished 43_3_in_3 with score 7.004219438633266
[45_3_in_3] Starting (50000 attempts)
[6_3_in_3] Starting (5000 attempts)
[39_3_in_5] Success!
[Main] Worker finished 39_3_in_5 with score 4.302795502670536
[8_3_in_circle] Starting (50000 attempts)
[5_3_in_4] Starting (5000 attempts)
[11_3_in_circle] Success!
[Main] Worker finished 11_3_in_circle with score 0.36421678892569476
[10_6_in_4] Starting (50000 attempts)
[45_3_in_5] Success!
[Main] Worker finished 45_3_in_5 with score 4.725300635757203
[3_3_in_4] Starting (5000 attempts)
[3_6_in_4] Success!
[Main] Worker finished 3_6_in_4 with score 3.491959014509597
[38_3_in_3] Success!
[5_4_in_3] Success!
[Main] Worker finished 5_4_in_3 with score 4.309409782028365
[6_4_in_3] Starting (5000 attempts)
[Main] Worker finished 38_3_in_3 with score 6.670108867679205
[9_4_in_3] Starting (50000 attempts)
[11_6_in_4] Success!
[Main] Worker finished 11_6_in_4 with score 6.339849586688972
[4_6_in_4] Starting (5000 attempts)
[7_4_in_3] Starting (5000 attempts)
[50_3_in_3] Success!
[Main] Worker finished 50_3_in_3 with score 7.869601854051851
[14_3_in_circle] Starting (50000 attempts)
[16_4_in_3] Success!
[Main] Worker finished 16_4_in_3 with score 7.15750196563385
[29_3_in_3] Success!
[Main] Worker finished 29_3_in_3 with score 5.800973214871754
[12_4_in_3] Starting (50000 attempts)
[29_3_in_3] Starting (50000 attempts)
[7_3_in_circle] Success!
[Main] Worker finished 7_3_in_circle with score 0.29041567456428374
[18_3_in_circle] Starting (50000 attempts)
[8_4_in_3] Success!
[Main] Worker finished 8_4_in_3 with score 5.309456355946519
[6_6_in_4] Success!
[12_3_in_circle] Success!
[11_4_in_3] Success!
[Main] Worker finished 11_4_in_3 with score 6.156421400406855
[11_3_in_circle] Starting (50000 attempts)
[Main] Worker finished 6_6_in_4 with score 4.814436351262699
[Main] Worker finished 12_3_in_circle with score 0.3814961709101651
[3_4_in_3] Success!
[5_4_in_3] Starting (5000 attempts)
[9_3_in_circle] Success!
[30_3_in_3] Success!
[10_3_in_circle] Success!
[3_6_in_4] Starting (5000 attempts)
[Main] Worker finished 10_3_in_circle with score 0.34729031670662436
[12_6_in_4] Starting (50000 attempts)
[Main] Worker finished 30_3_in_3 with score 5.916515309268356
[Main] Worker finished 9_3_in_circle with score 0.32957234113311945
[Main] Worker finished 3_4_in_3 with score 3.2320607503195915
[5_6_in_4] Success!
[11_6_in_4] Starting (50000 attempts)
[16_4_in_3] Starting (50000 attempts)
[3_3_in_circle] Success!
[22_4_in_3] Starting (50000 attempts)
[Main] Worker finished 5_6_in_4 with score 4.438943384678697
[9_6_in_4] Starting (50000 attempts)
[Main] Worker finished 3_3_in_circle with score 0.19011816189849567
[46_3_in_3] Success!
[13_6_in_4] Success!
[3_3_in_5] Success!
[7_3_in_circle] Starting (5000 attempts)
[17_4_in_3] Success!
[41_3_in_3] Success!
[Main] Worker finished 17_4_in_3 with score 7.309824033492363
[13_3_in_circle] Starting (50000 attempts)
[Main] Worker finished 3_3_in_5 with score 1.1435295943053447
[Main] Worker finished 41_3_in_3 with score 6.892224974608594
[Main] Worker finished 13_6_in_4 with score 6.764428342593895
[Main] Worker finished 46_3_in_3 with score 7.436644633348435
[4_4_in_3] Success!
[4_3_in_circle] Success!
[41_3_in_3] Starting (50000 attempts)
[6_3_in_3] Success!
[8_4_in_3] Starting (50000 attempts)
[11_4_in_3] Starting (50000 attempts)
[6_6_in_4] Starting (5000 attempts)
[Main] Worker finished 4_3_in_circle with score 0.21952954476815
[10_3_in_circle] Starting (50000 attempts)
[Main] Worker finished 4_4_in_3 with score 4.154750717508222
[Main] Worker finished 6_3_in_3 with score 2.977160322439396
[42_3_in_5] Success!
[10_6_in_4] Success!
[3_4_in_3] Starting (5000 attempts)
[8_3_in_circle] Success!
[45_3_in_3] Success!
[9_3_in_circle] Starting (50000 attempts)
[5_3_in_4] Success!
[Main] Worker finished 45_3_in_3 with score 7.463885837164645
[12_3_in_circle] Starting (50000 attempts)
[Main] Worker finished 8_3_in_circle with score 0.31058209539252196
[Main] Worker finished 42_3_in_5 with score 4.476009527793577
[Main] Worker finished 10_6_in_4 with score 6.104982492730227
[Main] Worker finished 5_3_in_4 with score 1.8033170663164695
[42_3_in_5] Starting (50000 attempts)
[3_3_in_circle] Starting (5000 attempts)
[3_3_in_5] Starting (5000 attempts)
[5_6_in_4] Starting (5000 attempts)
[17_4_in_3] Starting (50000 attempts)
[3_3_in_4] Success!
[Main] Worker finished 3_3_in_4 with score 1.4783984091177982
[13_6_in_4] Starting (50000 attempts)
[12_4_in_3] Success!
[Main] Worker finished 12_4_in_3 with score 6.309719735191199
[9_4_in_3] Success!
[7_4_in_3] Success!
[4_6_in_4] Success!
[6_4_in_3] Success!
[Main] Worker finished 6_4_in_3 with score 4.3094996669154355
[15_3_in_circle] Starting (50000 attempts)
[Main] Worker finished 4_6_in_4 with score 3.7250031912651163
[Main] Worker finished 9_4_in_3 with score 5.309910838673369
[Main] Worker finished 7_4_in_3 with score 5.155344374810373
[4_4_in_3] Starting (5000 attempts)
[4_3_in_circle] Starting (5000 attempts)
[14_3_in_circle] Success!
[6_3_in_3] Starting (5000 attempts)
[Main] Worker finished 14_3_in_circle with score 0.4138519432547351
[10_4_in_3] Starting (50000 attempts)
[29_3_in_3] Success!
[Main] Worker finished 29_3_in_3 with score 5.750775043117149[8_3_in_circle] Starting (50000 attempts)

[11_6_in_4] Success!
[11_3_in_circle] Success!
[Main] Worker finished 11_3_in_circle with score 0.3645069271944714
[29_3_in_3] Starting (50000 attempts)
[18_3_in_circle] Success!
[Main] Worker finished 11_6_in_4 with score 6.339849586688972
[5_4_in_3] Success!
[5_3_in_4] Starting (5000 attempts)
[16_4_in_3] Success!
[Main] Worker finished 5_4_in_3 with score 4.309409782028365
[10_6_in_4] Starting (50000 attempts)
[Main] Worker finished 18_3_in_circle with score 0.47225801493703645
[Main] Worker finished 16_4_in_3 with score 7.15750196563385
[3_6_in_4] Success!
[3_3_in_4] Starting (5000 attempts)
[12_6_in_4] Success!
[12_4_in_3] Starting (50000 attempts)
[7_3_in_circle] Success!
[6_4_in_3] Starting (5000 attempts)
[Main] Worker finished 3_6_in_4 with score 3.491959014509597
[Main] Worker finished 12_6_in_4 with score 6.388840407653808
[Main] Worker finished 7_3_in_circle with score 0.2904144923871441
[7_4_in_3] Starting (5000 attempts)
[22_4_in_3] Success!
[13_3_in_circle] Success!
[9_4_in_3] Starting (50000 attempts)
[Main] Worker finished 13_3_in_circle with score 0.39729302281814954
[4_6_in_4] Starting (5000 attempts)
[Main] Worker finished 22_4_in_3 with score 8.159343201959462
[14_3_in_circle] Starting (50000 attempts)
[3_4_in_3] Success!
[Main] Worker finished 3_4_in_3 with score 3.232066114699316
[14_4_in_3] Starting (50000 attempts)
[41_3_in_3] Success!
[9_6_in_4] Success!
[Main] Worker finished 41_3_in_3 with score 6.864963969939269
[11_3_in_circle] Starting (50000 attempts)
[Main] Worker finished 9_6_in_4 with score 5.518367766774567
[9_3_in_circle] Success!
[8_4_in_3] Success!
[11_4_in_3] Success!
[10_3_in_circle] Success!
[41_3_in_3] Starting (50000 attempts)
[Main] Worker finished 11_4_in_3 with score 6.155507768102454
[5_4_in_3] Starting (5000 attempts)
[Main] Worker finished 10_3_in_circle with score 0.3473968351785427
[Main] Worker finished 9_3_in_circle with score 0.32943784419706607
[42_3_in_5] Success!
[Main] Worker finished 8_4_in_3 with score 5.309456355946519
[12_3_in_circle] Success!
[3_6_in_4] Starting (5000 attempts)
[3_3_in_5] Success!
[6_6_in_4] Success!
[11_6_in_4] Starting (50000 attempts)
[16_4_in_3] Starting (50000 attempts)
[Main] Worker finished 6_6_in_4 with score 4.8151242401285455
[17_6_in_4] Starting (50000 attempts)
[Main] Worker finished 3_3_in_5 with score 1.143532401649942
[Main] Worker finished 12_3_in_circle with score 0.3807589849239849
[Main] Worker finished 42_3_in_5 with score 4.501108891407314
[3_4_in_3] Starting (5000 attempts)
[7_3_in_circle] Starting (5000 attempts)
[3_3_in_circle] Success!
[18_3_in_circle] Starting (50000 attempts)
[5_6_in_4] Success!
[Main] Worker finished 3_3_in_circle with score 0.1901181618981853
[12_6_in_4] Starting (50000 attempts)
[Main] Worker finished 5_6_in_4 with score 4.438938361146937
[17_4_in_3] Success!
[22_4_in_3] Starting (50000 attempts)
[Main] Worker finished 17_4_in_3 with score 7.309824033492363
[16_3_in_circle] Starting (50000 attempts)
[11_4_in_3] Starting (50000 attempts)
[13_6_in_4] Success!
[Main] Worker finished 13_6_in_4 with score 6.761533342910078
[10_3_in_circle] Starting (50000 attempts)
[6_3_in_3] Success!
[Main] Worker finished 6_3_in_3 with score 2.9772326063708436
[15_3_in_circle] Success!
[Main] Worker finished 15_3_in_circle with score 0.428533994469483
[9_3_in_circle] Starting (50000 attempts)
[4_4_in_3] Success!
[Main] Worker finished 4_4_in_3 with score 4.154750717508222
[8_4_in_3] Starting (50000 attempts)
[8_3_in_circle] Success!
[Main] Worker finished 8_3_in_circle with score 0.3105604903021367
[6_6_in_4] Starting (5000 attempts)
[5_3_in_4] Success!
[10_4_in_3] Success!
[Main] Worker finished 5_3_in_4 with score 1.8033170663164695
[3_3_in_5] Starting (5000 attempts)
[Main] Worker finished 10_4_in_3 with score 5.464261083124018
[4_3_in_circle] Success!
[12_3_in_circle] Starting (50000 attempts)
[3_3_in_4] Success!
[Main] Worker finished 3_3_in_4 with score 1.4783997932735071
[16_6_in_4] Starting (50000 attempts)
[Main] Worker finished 4_3_in_circle with score 0.21960583829797517
[12_4_in_3] Success!
[3_3_in_circle] Starting (5000 attempts)
[29_3_in_3] Success!
[Main] Worker finished 29_3_in_3 with score 5.802560013254032
[5_6_in_4] Starting (5000 attempts)
[Main] Worker finished 12_4_in_3 with score 6.309719735191199
[6_4_in_3] Success!
[17_4_in_3] Starting (50000 attempts)
[Main] Worker finished 6_4_in_3 with score 4.3094996669154355
[13_6_in_4] Starting (50000 attempts)
[10_6_in_4] Success!
[Main] Worker finished 10_6_in_4 with score 6.105491953617294
[6_3_in_3] Starting (5000 attempts)
[9_6_in_4] Starting (50000 attempts)
[7_4_in_3] Success!
[Main] Worker finished 7_4_in_3 with score 5.155403441090606
[14_3_in_circle] Success!
[Main] Worker finished 14_3_in_circle with score 0.41389686698096495
[13_3_in_circle] Starting (50000 attempts)
[9_4_in_3] Success!
[14_4_in_3] Success!
[Main] Worker finished 14_4_in_3 with score 6.465828989260902[8_3_in_circle] Starting (50000 attempts)

[Main] Worker finished 9_4_in_3 with score 5.309910838673369
[4_6_in_4] Success!
[22_6_in_4] Starting (50000 attempts)
[5_4_in_3] Success!
[41_3_in_3] Success!
[Main] Worker finished 4_6_in_4 with score 3.7250031912651163
[15_3_in_circle] Starting (50000 attempts)
[Main] Worker finished 5_4_in_3 with score 4.309409782028365
[Main] Worker finished 41_3_in_3 with score 6.962636027238767
[17_3_in_circle] Starting (50000 attempts)
[11_3_in_circle] Success!
[10_4_in_3] Starting (50000 attempts)
[3_6_in_4] Success!
[3_4_in_3] Success!
[Main] Worker finished 3_6_in_4 with score 3.491959731325357
[20_3_in_circle] Starting (50000 attempts)
[Main] Worker finished 3_4_in_3 with score 3.232052318453766
[Main] Worker finished 11_3_in_circle with score 0.3648188899061274
[16_4_in_3] Success!
[10_6_in_4] Starting (50000 attempts)
[12_4_in_3] Starting (50000 attempts)
[Main] Worker finished 16_4_in_3 with score 7.15750196563385
[6_4_in_3] Starting (5000 attempts)
[18_3_in_circle] Success!
[11_6_in_4] Success!
[16_3_in_circle] Success!
[Main] Worker finished 16_3_in_circle with score 0.441746733316688
[19_6_in_4] Starting (50000 attempts)
[Main] Worker finished 18_3_in_circle with score 0.47092736075795416
[Main] Worker finished 11_6_in_4 with score 6.339849586688972
[9_4_in_3] Starting (50000 attempts)
[17_6_in_4] Success!
[14_3_in_circle] Starting (50000 attempts)
[22_4_in_3] Success!
[Main] Worker finished 17_6_in_4 with score 7.6651078665839885
[14_4_in_3] Starting (50000 attempts)
[Main] Worker finished 22_4_in_3 with score 8.169777396534393
[7_3_in_circle] Success!
[12_6_in_4] Success!
[5_4_in_3] Starting (5000 attempts)
[Main] Worker finished 7_3_in_circle with score 0.2904129418828604
[4_6_in_4] Starting (5000 attempts)
[Main] Worker finished 12_6_in_4 with score 6.387462699883303
[19_3_in_circle] Starting (50000 attempts)
[19_4_in_3] Starting (50000 attempts)
[11_4_in_3] Success!
[Main] Worker finished 11_4_in_3 with score 6.154772890366584
[3_4_in_3] Starting (5000 attempts)
[10_3_in_circle] Success!
[Main] Worker finished 10_3_in_circle with score 0.3470965518126944
[11_3_in_circle] Starting (50000 attempts)
[3_3_in_5] Success!
[Main] Worker finished 3_3_in_5 with score 1.143532401649942
[16_4_in_3] Starting (50000 attempts)
[12_3_in_circle] Success!
[Main] Worker finished 12_3_in_circle with score 0.38125550978677386
[8_4_in_3] Success!
[Main] Worker finished 8_4_in_3 with score 5.309456355946519
[16_3_in_circle] Starting (50000 attempts)
[3_3_in_circle] Success!
[16_6_in_4] Success!
[6_6_in_4] Success!
[5_6_in_4] Success!
[Main] Worker finished 3_3_in_circle with score 0.19011816189883776
[18_3_in_circle] Starting (50000 attempts)
[Main] Worker finished 6_6_in_4 with score 4.813853256562242
[Main] Worker finished 16_6_in_4 with score 7.320812168678768
[Main] Worker finished 5_6_in_4 with score 4.440722088808257
[9_3_in_circle] Success!
[11_6_in_4] Starting (50000 attempts)
[7_3_in_circle] Starting (5000 attempts)
[17_6_in_4] Starting (50000 attempts)
[Main] Worker finished 9_3_in_circle with score 0.32941615166854915[22_4_in_3] Starting (50000 attempts)

[12_6_in_4] Starting (50000 attempts)
[17_4_in_3] Success!
[Main] Worker finished 17_4_in_3 with score 7.316129893063833
[13_6_in_4] Success!
[6_3_in_3] Success!
[Main] Worker finished 6_3_in_3 with score 2.977253773162986[11_4_in_3] Starting (50000 attempts)

[Main] Worker finished 13_6_in_4 with score 6.757236568870126
[9_6_in_4] Success!
[10_3_in_circle] Starting (50000 attempts)
[Main] Worker finished 9_6_in_4 with score 5.5183701774437885
[21_3_in_circle] Starting (50000 attempts)
[15_3_in_circle] Success!
[Main] Worker finished 15_3_in_circle with score 0.42911002333565973
[12_3_in_circle] Starting (50000 attempts)
[8_3_in_circle] Success!
[13_3_in_circle] Success!
[22_6_in_4] Success!
[Main] Worker finished 13_3_in_circle with score 0.3976960157316843
[8_4_in_3] Starting (50000 attempts)
[Main] Worker finished 22_6_in_4 with score 8.583374246046413
[Main] Worker finished 8_3_in_circle with score 0.31049563410539205
[3_3_in_circle] Starting (5000 attempts)
[6_6_in_4] Starting (5000 attempts)
[16_6_in_4] Starting (50000 attempts)
[10_6_in_4] Success!
[Main] Worker finished 10_6_in_4 with score 6.1061179029979
[20_4_in_3] Starting (50000 attempts)
[12_4_in_3] Success!
[Main] Worker finished 12_4_in_3 with score 6.309719735191199
[9_3_in_circle] Starting (50000 attempts)
[19_6_in_4] Success!
[Main] Worker finished 19_6_in_4 with score 7.929378074021842
[20_3_in_circle] Success!
[6_4_in_3] Success!
[Main] Worker finished 6_4_in_3 with score 4.3094996669154355
[17_4_in_3] Starting (50000 attempts)
[Main] Worker finished 20_3_in_circle with score 0.49789114151171004
[10_4_in_3] Success!
[9_4_in_3] Success!
[13_6_in_4] Starting (50000 attempts)
[5_4_in_3] Success!
[Main] Worker finished 10_4_in_3 with score 5.464131942977358
[23_6_in_4] Starting (50000 attempts)
[Main] Worker finished 5_4_in_3 with score 4.30942692978523
[14_3_in_circle] Success!
[Main] Worker finished 9_4_in_3 with score 5.313726164808948
[14_4_in_3] Success!
[9_6_in_4] Starting (50000 attempts)
[17_3_in_circle] Success!
[13_3_in_circle] Starting (50000 attempts)
[Main] Worker finished 14_4_in_3 with score 6.468945429935523[15_3_in_circle] Starting (50000 attempts)

[Main] Worker finished 17_3_in_circle with score 0.4578593496128037
[Main] Worker finished 14_3_in_circle with score 0.4130855439146945
[8_3_in_circle] Starting (50000 attempts)
[4_6_in_4] Success!
[22_6_in_4] Starting (50000 attempts)
[Main] Worker finished 4_6_in_4 with score 3.7250031912651163
[12_3_in_3] Starting (50000 attempts)
[12_4_in_3] Starting (50000 attempts)
[19_3_in_circle] Success!
[Main] Worker finished 19_3_in_circle with score 0.4843919816680677
[19_4_in_3] Success!
[Main] Worker finished 19_4_in_3 with score 7.471317325000314
[19_6_in_4] Starting (50000 attempts)
[6_4_in_3] Starting (5000 attempts)
[3_4_in_3] Success!
[Main] Worker finished 3_4_in_3 with score 3.2320607503195915
[20_3_in_circle] Starting (50000 attempts)
[11_3_in_circle] Success!
[Main] Worker finished 11_3_in_circle with score 0.3641979108499014
[10_4_in_3] Starting (50000 attempts)
[17_6_in_4] Success!
[Main] Worker finished 17_6_in_4 with score 7.606741618201064
[22_4_in_3] Success!
[Main] Worker finished 22_4_in_3 with score 8.159343201959462
[22_3_in_circle] Starting (50000 attempts)
[18_3_in_circle] Success!
[16_3_in_circle] Success!
[Main] Worker finished 16_3_in_circle with score 0.4449065866087289
[9_4_in_3] Starting (50000 attempts)
[Main] Worker finished 18_3_in_circle with score 0.47325505493660536
[11_6_in_4] Success!
[17_3_in_circle] Starting (50000 attempts)
[16_4_in_3] Success!
[Main] Worker finished 11_6_in_4 with score 6.339849586688972
[14_4_in_3] Starting (50000 attempts)
[Main] Worker finished 16_4_in_3 with score 7.15750196563385
[11_4_in_3] Success!
[12_6_in_4] Success!
[4_6_in_4] Starting (5000 attempts)
[7_3_in_circle] Success!
[Main] Worker finished 12_6_in_4 with score 6.388840407653808
[Main] Worker finished 7_3_in_circle with score 0.2904163752383475
[14_3_in_circle] Starting (50000 attempts)
[Main] Worker finished 11_4_in_3 with score 6.154772890366584
[19_3_in_circle] Starting (50000 attempts)
[12_3_in_circle] Success!
[3_3_in_circle] Success!
[19_4_in_3] Starting (50000 attempts)
[Main] Worker finished 12_3_in_circle with score 0.3814319356458244[15_6_in_4] Starting (50000 attempts)

[Main] Worker finished 3_3_in_circle with score 0.1901181618983582
[6_6_in_4] Success!
[11_3_in_circle] Starting (50000 attempts)
[10_3_in_circle] Success!
[Main] Worker finished 6_6_in_4 with score 4.814977901128664
[17_6_in_4] Starting (50000 attempts)
[Main] Worker finished 10_3_in_circle with score 0.34755936715745717
[9_3_in_circle] Success!
[21_3_in_circle] Success!
[22_4_in_3] Starting (50000 attempts)
[8_4_in_3] Success!
[16_6_in_4] Success!
[Main] Worker finished 16_6_in_4 with score 7.322558833359151
[16_3_in_circle] Starting (50000 attempts)
[Main] Worker finished 9_3_in_circle with score 0.3293803698043226
[Main] Worker finished 21_3_in_circle with score 0.5103798415347125
[Main] Worker finished 8_4_in_3 with score 5.309540531425024
[13_6_in_4] Success!
[18_3_in_circle] Starting (50000 attempts)
[12_6_in_4] Starting (50000 attempts)
[17_4_in_3] Success!
[20_4_in_3] Success!
[23_3_in_circle] Starting (50000 attempts)
[Main] Worker finished 13_6_in_4 with score 6.75909917167984[28_3_in_circle] Starting (50000 attempts)

[Main] Worker finished 17_4_in_3 with score 7.309824033492363
[Main] Worker finished 20_4_in_3 with score 7.623564478432015
[11_4_in_3] Starting (50000 attempts)
[9_6_in_4] Success!
[7_3_in_circle] Starting (5000 attempts)
[15_3_in_circle] Success!
[13_3_in_circle] Success!
[23_6_in_4] Success!
[Main] Worker finished 15_3_in_circle with score 0.4268653761064236
[24_6_in_4] Starting (50000 attempts)
[Main] Worker finished 23_6_in_4 with score 8.668469913995917
[Main] Worker finished 9_6_in_4 with score 5.518154519484776
[8_3_in_circle] Success!
[Main] Worker finished 13_3_in_circle with score 0.3972886426521831
[3_3_in_circle] Starting (5000 attempts)
[12_3_in_3] Success!
[10_3_in_circle] Starting (50000 attempts)
[16_6_in_4] Starting (50000 attempts)
[Main] Worker finished 12_3_in_3 with score 3.881099749755177[26_3_in_circle] Starting (50000 attempts)

[Main] Worker finished 8_3_in_circle with score 0.3104965814947631
[22_6_in_4] Success!
[12_4_in_3] Success!
[21_3_in_circle] Starting (50000 attempts)
[19_6_in_4] Success!
[Main] Worker finished 19_6_in_4 with score 7.929846239536432
[27_3_in_circle] Starting (50000 attempts)
[Main] Worker finished 12_4_in_3 with score 6.309719735191199
[Main] Worker finished 22_6_in_4 with score 8.583374246046413
[6_4_in_3] Success!
[17_4_in_3] Starting (50000 attempts)
[13_6_in_4] Starting (50000 attempts)
[Main] Worker finished 6_4_in_3 with score 4.3094996669154355
[30_3_in_circle] Starting (50000 attempts)
[20_4_in_3] Starting (50000 attempts)
[20_3_in_circle] Success!
[Main] Worker finished 20_3_in_circle with score 0.49820457582160527
[15_3_in_circle] Starting (50000 attempts)
[10_4_in_3] Success!
[Main] Worker finished 10_4_in_3 with score 5.464261083124018
[23_6_in_4] Starting (50000 attempts)
[4_6_in_4] Success!
[Main] Worker finished 4_6_in_4 with score 3.7250031912651163
[22_3_in_circle] Success!
[14_3_in_circle] Success!
[Main] Worker finished 14_3_in_circle with score 0.4134369486085986
[9_6_in_4] Starting (50000 attempts)
[Main] Worker finished 22_3_in_circle with score 0.5248421589824123
[9_4_in_3] Success!
[13_3_in_circle] Starting (50000 attempts)
[Main] Worker finished 9_4_in_3 with score 5.313726164808948
[12_3_in_3] Starting (50000 attempts)
[19_3_in_circle] Success!
[11_3_in_circle] Success!
[14_4_in_3] Success!
[Main] Worker finished 14_4_in_3 with score 6.465828989260902[8_3_in_circle] Starting (50000 attempts)

[Main] Worker finished 19_3_in_circle with score 0.4866155565184506
[Main] Worker finished 11_3_in_circle with score 0.36479527407637374
[16_3_in_circle] Success!
[19_4_in_3] Success!
[22_6_in_4] Starting (50000 attempts)
[17_3_in_circle] Success!
[19_6_in_4] Starting (50000 attempts)
[15_6_in_4] Success!
[17_6_in_4] Success!
[Main] Worker finished 16_3_in_circle with score 0.4440250817068451
[25_3_in_circle] Starting (50000 attempts)
[Main] Worker finished 17_3_in_circle with score 0.45823745661232496
[Main] Worker finished 15_6_in_4 with score 6.964000014504972
[Main] Worker finished 17_6_in_4 with score 7.6280889942498495
[Main] Worker finished 19_4_in_3 with score 7.47650969637775
[4_6_in_4] Starting (5000 attempts)
[22_4_in_3] Success!
[18_3_in_circle] Success!
[10_4_in_3] Starting (50000 attempts)
[20_3_in_circle] Starting (50000 attempts)
[10_3_in_3] Starting (50000 attempts)
[Main] Worker finished 18_3_in_circle with score 0.4723532961965509
[29_3_in_circle] Starting (50000 attempts)
[Main] Worker finished 22_4_in_3 with score 8.312724148597217
[12_6_in_4] Success!
[22_3_in_circle] Starting (50000 attempts)
[11_4_in_3] Success!
[Main] Worker finished 12_6_in_4 with score 6.388840407653808
[29_4_in_3] Starting (50000 attempts)
[Main] Worker finished 11_4_in_3 with score 6.156893685363397
[23_3_in_circle] Success!
[28_3_in_circle] Success!
[14_4_in_3] Starting (50000 attempts)
[3_3_in_circle] Success!
[Main] Worker finished 3_3_in_circle with score 0.19011816190053127[19_3_in_circle] Starting (50000 attempts)

[Main] Worker finished 23_3_in_circle with score 0.5366258517503956
[Main] Worker finished 28_3_in_circle with score 0.5958213672864301
[24_6_in_4] Success!
[16_6_in_4] Success!
[17_3_in_circle] Starting (50000 attempts)
[26_3_in_circle] Success!
[7_3_in_circle] Success!
[16_3_in_circle] Starting (50000 attempts)
[Main] Worker finished 16_6_in_4 with score 7.321412559109307
[31_3_in_circle] Starting (50000 attempts)
[Main] Worker finished 7_3_in_circle with score 0.29049263693076
[Main] Worker finished 26_3_in_circle with score 0.5714168860295784
[Main] Worker finished 24_6_in_4 with score 8.81891309855994
[17_6_in_4] Starting (50000 attempts)
[10_3_in_circle] Success!
[18_3_in_circle] Starting (50000 attempts)
[13_6_in_4] Success!
[19_4_in_3] Starting (50000 attempts)
[Main] Worker finished 13_6_in_4 with score 6.764428342593895
[15_6_in_4] Starting (50000 attempts)
[Main] Worker finished 10_3_in_circle with score 0.34736053248711674
[27_3_in_circle] Success!
[30_3_in_circle] Success!
[21_3_in_circle] Success!
[30_4_in_3] Starting (50000 attempts)
[Main] Worker finished 27_3_in_circle with score 0.5826690378835864[28_4_in_3] Starting (50000 attempts)

[Main] Worker finished 30_3_in_circle with score 0.6152997730881806
[Main] Worker finished 21_3_in_circle with score 0.5116257896590216
[20_4_in_3] Success!
[23_3_in_circle] Starting (50000 attempts)
[17_4_in_3] Success!
[38_4_in_3] Starting (50000 attempts)
[Main] Worker finished 20_4_in_3 with score 7.620768472631966[21_4_in_3] Starting (50000 attempts)

[Main] Worker finished 17_4_in_3 with score 7.309824033492363
[16_6_in_4] Starting (50000 attempts)
[28_3_in_circle] Starting (50000 attempts)
[15_3_in_circle] Success!
[Main] Worker finished 15_3_in_circle with score 0.4268539767078174
[22_3_in_3] Starting (50000 attempts)
[23_6_in_4] Success!
[Main] Worker finished 23_6_in_4 with score 8.666274702120212
[26_3_in_circle] Starting (50000 attempts)
[9_6_in_4] Success!
[Main] Worker finished 9_6_in_4 with score 5.518421711656798
[13_3_in_circle] Success!
[Main] Worker finished 13_3_in_circle with score 0.3980912135145494
[24_6_in_4] Starting (50000 attempts)
[19_6_in_4] Success!
[8_3_in_circle] Success!
[Main] Worker finished 19_6_in_4 with score 7.929378074021842
[18_3_in_3] Starting (50000 attempts)
[Main] Worker finished 8_3_in_circle with score 0.3105678560001082
[27_3_in_circle] Starting (50000 attempts)
[27_3_in_3] Starting (50000 attempts)
[4_6_in_4] Success!
[Main] Worker finished 4_6_in_4 with score 3.7250031912651163
[25_3_in_circle] Success!
[12_3_in_3] Success!
[Main] Worker finished 12_3_in_3 with score 3.879900024835896
[30_3_in_circle] Starting (50000 attempts)
[Main] Worker finished 25_3_in_circle with score 0.5609435407708593
[22_6_in_4] Success!
[21_3_in_circle] Starting (50000 attempts)
[10_4_in_3] Success!
[Main] Worker finished 10_4_in_3 with score 5.464261083124018
[20_4_in_3] Starting (50000 attempts)
[Main] Worker finished 22_6_in_4 with score 8.626434343123188
[22_3_in_circle] Success!
[29_3_in_circle] Success!
[15_3_in_circle] Starting (50000 attempts)
[Main] Worker finished 22_3_in_circle with score 0.5245494980726302
[33_3_in_3] Starting (50000 attempts)
[Main] Worker finished 29_3_in_circle with score 0.6076890100785973
[10_3_in_3] Success!
[29_4_in_3] Success!
[14_4_in_3] Success!
[9_6_in_4] Starting (50000 attempts)
[19_3_in_circle] Success!
[20_3_in_circle] Success!
[17_3_in_circle] Success!
[Main] Worker finished 20_3_in_circle with score 0.49708436341307244
[23_6_in_4] Starting (50000 attempts)
[Main] Worker finished 17_3_in_circle with score 0.4591324767447783
[Main] Worker finished 10_3_in_3 with score 3.5000773592566494
[Main] Worker finished 14_4_in_3 with score 6.465828989260902
[Main] Worker finished 29_4_in_3 with score 9.327464627044307
[Main] Worker finished 19_3_in_circle with score 0.4862619416228796
[31_3_in_circle] Success!
[8_3_in_circle] Starting (50000 attempts)
[16_3_in_circle] Success!
[19_6_in_4] Starting (50000 attempts)
[12_3_in_3] Starting (50000 attempts)
[15_6_in_4] Success!
[17_6_in_4] Success!
[25_3_in_circle] Starting (50000 attempts)
[30_4_in_3] Success!
[22_6_in_4] Starting (50000 attempts)
[Main] Worker finished 15_6_in_4 with score 6.965068880086202
[17_3_in_circle] Starting (50000 attempts)
[Main] Worker finished 31_3_in_circle with score 0.6262443206360611
[Main] Worker finished 30_4_in_3 with score 9.472281673695477
[Main] Worker finished 16_3_in_circle with score 0.4437008380326324
[Main] Worker finished 17_6_in_4 with score 7.606741618201064
[28_4_in_3] Success!
[10_4_in_3] Starting (50000 attempts)
[19_4_in_3] Success!
[20_3_in_circle] Starting (50000 attempts)
[22_3_in_circle] Starting (50000 attempts)
[18_3_in_circle] Success!
[29_3_in_circle] Starting (50000 attempts)
[21_4_in_3] Success!
[Main] Worker finished 28_4_in_3 with score 8.778031375178879
[14_4_in_3] Starting (50000 attempts)
[Main] Worker finished 18_3_in_circle with score 0.4725782755271509
[Main] Worker finished 21_4_in_3 with score 7.696721432270371
[Main] Worker finished 19_4_in_3 with score 7.47650969637775
[16_6_in_4] Success!
[23_3_in_circle] Success!
[10_3_in_3] Starting (50000 attempts)
[29_4_in_3] Starting (50000 attempts)
[19_3_in_circle] Starting (50000 attempts)
[Main] Worker finished 16_6_in_4 with score 7.321045141554854
[Main] Worker finished 23_3_in_circle with score 0.5365330016384564
[19_4_in_3] Starting (50000 attempts)
[15_6_in_4] Starting (50000 attempts)
[23_3_in_circle] Starting (50000 attempts)
[22_3_in_3] Success!
[Main] Worker finished 22_3_in_3 with score 5.000402359648589
[38_4_in_3] Success!
[Main] Worker finished 38_4_in_3 with score 10.62477196829007[31_3_in_circle] Starting (50000 attempts)

[30_4_in_3] Starting (50000 attempts)
[28_3_in_circle] Success!
[Main] Worker finished 28_3_in_circle with score 0.5951344395075626
[28_3_in_circle] Starting (50000 attempts)
[26_3_in_circle] Success!
[Main] Worker finished 26_3_in_circle with score 0.5702987187377224
[26_3_in_circle] Starting (50000 attempts)
[18_3_in_3] Success!
[Main] Worker finished 18_3_in_3 with score 4.640551753053798
[24_6_in_4] Success!
[27_3_in_circle] Success!
[Main] Worker finished 27_3_in_circle with score 0.5834007245381425[28_4_in_3] Starting (50000 attempts)

[Main] Worker finished 24_6_in_4 with score 8.796684966115714
[30_3_in_circle] Success!
[20_4_in_3] Success!
[21_4_in_3] Starting (50000 attempts)
[Main] Worker finished 20_4_in_3 with score 7.621828621334028
[24_6_in_4] Starting (50000 attempts)
[Main] Worker finished 30_3_in_circle with score 0.6167650210504655
[33_3_in_3] Success!
[23_6_in_4] Success!
[8_3_in_circle] Success!
[20_4_in_3] Starting (50000 attempts)
[Main] Worker finished 33_3_in_3 with score 6.002311620185098[27_3_in_circle] Starting (50000 attempts)

[Main] Worker finished 8_3_in_circle with score 0.3105014247572694
[27_3_in_3] Success!
[Main] Worker finished 23_6_in_4 with score 8.660258484063416
[21_3_in_circle] Success!
[15_3_in_circle] Success!
[9_6_in_4] Success!
[22_3_in_3] Starting (50000 attempts)
[8_3_in_circle] Starting (50000 attempts)
[Main] Worker finished 21_3_in_circle with score 0.5121846371661122
[23_6_in_4] Starting (50000 attempts)
[Main] Worker finished 15_3_in_circle with score 0.42963494937189267
[Main] Worker finished 27_3_in_3 with score 5.6698204737217255
[Main] Worker finished 9_6_in_4 with score 5.518421711656798
[18_3_in_3] Starting (50000 attempts)
[29_3_in_circle] Success!
[21_3_in_circle] Starting (50000 attempts)
[25_3_in_circle] Success!
[19_6_in_4] Success!
[22_6_in_4] Success!
[22_3_in_circle] Success!
[30_3_in_circle] Starting (50000 attempts)
[12_3_in_3] Success!
[Main] Worker finished 22_6_in_4 with score 8.578042711805615
[27_3_in_3] Starting (50000 attempts)
[Main] Worker finished 25_3_in_circle with score 0.5608576888849655
[Main] Worker finished 22_3_in_circle with score 0.5249165763280925
[Main] Worker finished 29_3_in_circle with score 0.6061603787859158
[Main] Worker finished 19_6_in_4 with score 7.929378074021842
[Main] Worker finished 12_3_in_3 with score 3.9424957590204364
[33_3_in_3] Starting (50000 attempts)
[20_3_in_circle] Success!
[22_6_in_4] Starting (50000 attempts)
[12_3_in_3] Starting (50000 attempts)
[22_3_in_circle] Starting (50000 attempts)
[17_3_in_circle] Success!
[25_3_in_circle] Starting (50000 attempts)
[15_6_in_4] Success!
[10_3_in_3] Success!
[10_4_in_3] Success!
[Main] Worker finished 20_3_in_circle with score 0.49979027247619173
[29_3_in_circle] Starting (50000 attempts)
[Main] Worker finished 17_3_in_circle with score 0.4553588730311857
[Main] Worker finished 10_3_in_3 with score 3.5000773592566494
[Main] Worker finished 10_4_in_3 with score 5.464234522413433
[Main] Worker finished 15_6_in_4 with score 6.964000014504972
[23_3_in_circle] Success!
[17_3_in_circle] Starting (50000 attempts)
[29_4_in_3] Success!
[14_4_in_3] Success!
[19_4_in_3] Success!
[10_4_in_3] Starting (50000 attempts)
[15_6_in_4] Starting (50000 attempts)
[10_3_in_3] Starting (50000 attempts)
[19_3_in_circle] Success!
[Main] Worker finished 23_3_in_circle with score 0.5364400145627692
[7_3_in_5] Starting (5000 attempts)
[Main] Worker finished 19_4_in_3 with score 7.47650969637775
[Main] Worker finished 14_4_in_3 with score 6.464503639360893
[Main] Worker finished 29_4_in_3 with score 9.170480985456972
[Main] Worker finished 19_3_in_circle with score 0.4847212393927309
[14_4_in_3] Starting (50000 attempts)
[30_4_in_3] Success!
[19_3_in_circle] Starting (50000 attempts)
[23_3_in_circle] Starting (50000 attempts)
[29_4_in_3] Starting (50000 attempts)
[Main] Worker finished 30_4_in_3 with score 9.471674556783666[8_3_in_5] Starting (50000 attempts)

[28_3_in_circle] Success!
[Main] Worker finished 28_3_in_circle with score 0.5949654657251569
[9_3_in_5] Starting (50000 attempts)
[31_3_in_circle] Success!
[Main] Worker finished 31_3_in_circle with score 0.6283396882912002
[28_3_in_circle] Starting (50000 attempts)
[31_3_in_circle] Starting (50000 attempts)
[26_3_in_circle] Success!
[Main] Worker finished 26_3_in_circle with score 0.5672033172258854
[26_3_in_circle] Starting (50000 attempts)
[21_4_in_3] Success!
[Main] Worker finished 21_4_in_3 with score 7.742742602208797
[20_4_in_3] Success!
[Main] Worker finished 20_4_in_3 with score 7.619752690266041
[12_3_in_5] Starting (50000 attempts)
[8_3_in_circle] Success!
[28_4_in_3] Success!
[Main] Worker finished 28_4_in_3 with score 8.778031375178879
[20_4_in_3] Starting (50000 attempts)
[Main] Worker finished 8_3_in_circle with score 0.3105582856765105
[22_3_in_3] Success!
[24_6_in_4] Success!
[28_4_in_3] Starting (50000 attempts)
[18_3_in_3] Success!
[Main] Worker finished 22_3_in_3 with score 5.000691188682902
[11_3_in_5] Starting (50000 attempts)
[Main] Worker finished 24_6_in_4 with score 8.803741262374254
[27_3_in_circle] Success!
[Main] Worker finished 18_3_in_3 with score 4.501187039771029
[23_6_in_4] Success!
[30_3_in_circle] Success!
[24_6_in_4] Starting (50000 attempts)
[27_3_in_3] Success!
[22_3_in_3] Starting (50000 attempts)
[21_3_in_circle] Success!
[Main] Worker finished 30_3_in_circle with score 0.6198025472921456
[18_3_in_3] Starting (50000 attempts)
[Main] Worker finished 23_6_in_4 with score 8.668469913995917
[Main] Worker finished 27_3_in_3 with score 5.634164846779354
[Main] Worker finished 21_3_in_circle with score 0.5130963831844724
[Main] Worker finished 27_3_in_circle with score 0.5837604495823071
[27_3_in_circle] Starting (50000 attempts)
[30_3_in_circle] Starting (50000 attempts)
[22_6_in_4] Success!
[12_3_in_3] Success!
[33_3_in_3] Success!
[27_3_in_3] Starting (50000 attempts)
[6_3_in_5] Starting (5000 attempts)
[22_3_in_circle] Success!
[Main] Worker finished 12_3_in_3 with score 3.880727549790199
[10_3_in_5] Starting (50000 attempts)
[Main] Worker finished 33_3_in_3 with score 6.000570829625356
[Main] Worker finished 22_3_in_circle with score 0.5247069463635499
[Main] Worker finished 22_6_in_4 with score 8.583374246046413
[12_3_in_3] Starting (50000 attempts)
[10_3_in_3] Success!
[33_3_in_3] Starting (50000 attempts)
[25_3_in_circle] Success!
[29_3_in_circle] Success!
[17_3_in_circle] Success!
[13_3_in_5] Starting (50000 attempts)
[Main] Worker finished 29_3_in_circle with score 0.6038615275051217
[14_3_in_5] Starting (50000 attempts)
[Main] Worker finished 17_3_in_circle with score 0.4579188957071275
[Main] Worker finished 10_3_in_3 with score 3.5000773592566494
[Main] Worker finished 25_3_in_circle with score 0.5595731488819007
[15_6_in_4] Success!
[25_3_in_circle] Starting (50000 attempts)
[14_4_in_3] Success!
[7_3_in_5] Success!
[10_3_in_3] Starting (50000 attempts)
[23_3_in_circle] Success!
[29_3_in_circle] Starting (50000 attempts)
[Main] Worker finished 14_4_in_3 with score 6.465828989260902
[5_3_in_5] Starting (5000 attempts)
[Main] Worker finished 15_6_in_4 with score 6.964581745490916
[Main] Worker finished 7_3_in_5 with score 1.7415210945225097
[Main] Worker finished 23_3_in_circle with score 0.5362483146928144
[10_4_in_3] Success!
[14_4_in_3] Starting (50000 attempts)
[23_3_in_circle] Starting (50000 attempts)
[9_3_in_5] Success!
[29_4_in_3] Success!
[22_3_in_4] Starting (50000 attempts)
[Main] Worker finished 29_4_in_3 with score 9.162858936716923
[18_3_in_4] Starting (50000 attempts)
[Main] Worker finished 10_4_in_3 with score 5.46434405747307
[Main] Worker finished 9_3_in_5 with score 1.975530977484322
[8_3_in_5] Success!
[29_4_in_3] Starting (50000 attempts)
[19_3_in_circle] Success!
[15_3_in_5] Starting (50000 attempts)
[Main] Worker finished 8_3_in_5 with score 1.8622731817089389
[21_3_in_4] Starting (50000 attempts)
[Main] Worker finished 19_3_in_circle with score 0.48519898671536615
[28_3_in_circle] Success!
[8_3_in_5] Starting (50000 attempts)
[Main] Worker finished 28_3_in_circle with score 0.5935356639526216
[24_3_in_5] Starting (50000 attempts)
[28_3_in_circle] Starting (50000 attempts)
[31_3_in_circle] Success!
[Main] Worker finished 31_3_in_circle with score 0.6284139045817948
[31_3_in_circle] Starting (50000 attempts)
[26_3_in_circle] Success!
[Main] Worker finished 26_3_in_circle with score 0.5708141614417565
[26_3_in_circle] Starting (50000 attempts)
[20_4_in_3] Success!
[Main] Worker finished 20_4_in_3 with score 7.6299695868013675
[7_3_in_5] Starting (5000 attempts)
[18_3_in_3] Success!
[Main] Worker finished 18_3_in_3 with score 4.501187039771029
[11_3_in_5] Success!
[28_4_in_3] Success!
[Main] Worker finished 11_3_in_5 with score 2.18388358945977
[18_3_in_3] Starting (50000 attempts)
[Main] Worker finished 28_4_in_3 with score 8.778031375178879
[27_3_in_3] Success!
[11_3_in_5] Starting (50000 attempts)
[12_3_in_5] Success!
[Main] Worker finished 27_3_in_3 with score 5.501566405682054
[28_4_in_3] Starting (50000 attempts)
[Main] Worker finished 12_3_in_5 with score 2.282652012438684
[24_6_in_4] Success!
[27_3_in_3] Starting (50000 attempts)
[12_3_in_3] Success!
[Main] Worker finished 12_3_in_3 with score 3.886252477818505
[9_3_in_5] Starting (50000 attempts)
[Main] Worker finished 24_6_in_4 with score 8.796580909835013
[30_3_in_circle] Success!
[24_6_in_4] Starting (50000 attempts)
[27_3_in_circle] Success!
[6_3_in_5] Success!
[Main] Worker finished 30_3_in_circle with score 0.6179487984265035
[20_3_in_5] Starting (50000 attempts)
[Main] Worker finished 6_3_in_5 with score 1.6123349350458647
[Main] Worker finished 27_3_in_circle with score 0.583990805136246
[33_3_in_3] Success!
[22_3_in_3] Success!
[6_3_in_5] Starting (5000 attempts)
[10_3_in_5] Success!
[27_3_in_circle] Starting (50000 attempts)
[Main] Worker finished 33_3_in_3 with score 6.002311620185098
[25_3_in_5] Starting (50000 attempts)
[Main] Worker finished 22_3_in_3 with score 5.000186944102854
[Main] Worker finished 10_3_in_5 with score 2.087401526621445
[13_3_in_5] Success!
[14_3_in_5] Success!
[22_3_in_3] Starting (50000 attempts)
[33_3_in_3] Starting (50000 attempts)
[10_3_in_3] Success!
[25_3_in_circle] Success!
[Main] Worker finished 13_3_in_5 with score 2.37861120255269
[13_3_in_4] Starting (50000 attempts)
[Main] Worker finished 10_3_in_3 with score 3.500031650678817
[Main] Worker finished 14_3_in_5 with score 2.4690916602539397
[Main] Worker finished 25_3_in_circle with score 0.5565382631058418
[14_3_in_5] Starting (50000 attempts)
[22_3_in_4] Success!
[23_3_in_circle] Success!
[25_3_in_circle] Starting (50000 attempts)
[14_4_in_3] Success!
[12_3_in_5] Starting (50000 attempts)
[5_3_in_5] Success!
[Main] Worker finished 22_3_in_4 with score 3.7445633999012258
[22_3_in_5] Starting (50000 attempts)
[Main] Worker finished 5_3_in_5 with score 1.4735929824869165
[Main] Worker finished 23_3_in_circle with score 0.5358723152904801
[Main] Worker finished 14_4_in_3 with score 6.465828989260902
[22_3_in_4] Starting (50000 attempts)
[23_3_in_circle] Starting (50000 attempts)
[29_3_in_circle] Success!
[15_3_in_5] Success!
[18_3_in_5] Starting (50000 attempts)
[21_3_in_4] Success!
[Main] Worker finished 21_3_in_4 with score 3.675332574129428[29_3_in_4] Starting (50000 attempts)

[Main] Worker finished 29_3_in_circle with score 0.6074298902634476
[Main] Worker finished 15_3_in_5 with score 2.552271803893608
[15_3_in_5] Starting (50000 attempts)
[8_3_in_5] Success!
[29_3_in_circle] Starting (50000 attempts)
[24_3_in_5] Success!
[Main] Worker finished 24_3_in_5 with score 3.2751331592149673
[10_3_in_5] Starting (50000 attempts)
[Main] Worker finished 8_3_in_5 with score 1.862268621036947
[8_3_in_5] Starting (50000 attempts)
[29_4_in_3] Success!
[Main] Worker finished 29_4_in_3 with score 9.170480985456972
[24_3_in_5] Starting (50000 attempts)
[28_3_in_circle] Success!
[18_3_in_4] Success!
[Main] Worker finished 18_3_in_4 with score 3.379352703650692
[13_3_in_5] Starting (50000 attempts)
[Main] Worker finished 28_3_in_circle with score 0.5927964139603555
[18_3_in_4] Starting (50000 attempts)
[28_3_in_circle] Starting (50000 attempts)
[31_3_in_circle] Success!
[Main] Worker finished 31_3_in_circle with score 0.6247004752848732
[31_3_in_circle] Starting (50000 attempts)
[26_3_in_circle] Success!
[Main] Worker finished 26_3_in_circle with score 0.5678289667436741
[26_3_in_circle] Starting (50000 attempts)
[18_3_in_3] Success!
[Main] Worker finished 18_3_in_3 with score 4.501187039771029
[7_3_in_5] Success!
[27_3_in_3] Success!
[Main] Worker finished 27_3_in_3 with score 5.710703566645898
[5_3_in_5] Starting (5000 attempts)
[Main] Worker finished 7_3_in_5 with score 1.7415207710935452
[21_3_in_4] Starting (50000 attempts)
[26_3_in_5] Starting (50000 attempts)
[24_6_in_4] Success!
[Main] Worker finished 24_6_in_4 with score 8.798388792345174
[28_4_in_3] Success!
[11_3_in_5] Success!
[Main] Worker finished 28_4_in_3 with score 8.790599047861846
[24_6_in_4] Starting (50000 attempts)
[Main] Worker finished 11_3_in_5 with score 2.184759626135719
[20_3_in_5] Success!
[9_3_in_5] Success!
[24_3_in_4] Starting (50000 attempts)
[Main] Worker finished 20_3_in_5 with score 2.9788854830233156
[23_3_in_5] Starting (50000 attempts)
[Main] Worker finished 9_3_in_5 with score 1.9752806943674495
[23_3_in_4] Starting (50000 attempts)
[22_3_in_3] Success!
[13_3_in_4] Success!
[Main] Worker finished 22_3_in_3 with score 5.000244442568963
[27_3_in_5] Starting (50000 attempts)
[Main] Worker finished 13_3_in_4 with score 2.8586691957008186
[25_3_in_5] Success!
[29_3_in_5] Starting (50000 attempts)
[6_3_in_5] Success!
[Main] Worker finished 25_3_in_5 with score 3.3551805886103985
[Main] Worker finished 6_3_in_5 with score 1.6123349488070233
[27_3_in_4] Starting (50000 attempts)
[6_3_in_5] Starting (5000 attempts)
[33_3_in_3] Success!
[22_3_in_4] Success!
[Main] Worker finished 33_3_in_3 with score 6.002311620185098
[25_3_in_5] Starting (50000 attempts)
[Main] Worker finished 22_3_in_4 with score 3.753678772710529
[27_3_in_circle] Success!
[18_3_in_5] Success!
[22_3_in_4] Starting (50000 attempts)
[29_3_in_4] Success!
[25_3_in_circle] Success!
[Main] Worker finished 25_3_in_circle with score 0.5611894599147982
[7_3_in_5] Starting (5000 attempts)
[Main] Worker finished 29_3_in_4 with score 4.358020945115107
[Main] Worker finished 18_3_in_5 with score 2.813828711311901
[Main] Worker finished 27_3_in_circle with score 0.5833554769306476
[14_3_in_5] Success!
[18_3_in_5] Starting (50000 attempts)
[9_3_in_5] Starting (50000 attempts)
[12_3_in_5] Success!
[11_3_in_5] Starting (50000 attempts)
[22_3_in_5] Success!
[15_3_in_5] Success!
[Main] Worker finished 14_3_in_5 with score 2.4678467779001108
[20_3_in_5] Starting (50000 attempts)
[Main] Worker finished 22_3_in_5 with score 3.120899773095399
[Main] Worker finished 15_3_in_5 with score 2.5583366661205496
[23_3_in_circle] Success!
[Main] Worker finished 12_3_in_5 with score 2.28196471917776
[29_3_in_circle] Success!
[12_3_in_5] Starting (50000 attempts)
[10_3_in_5] Success!
[15_3_in_5] Starting (50000 attempts)
[13_3_in_5] Success!
[24_3_in_5] Success!
[22_3_in_5] Starting (50000 attempts)
[18_3_in_4] Success!
[Main] Worker finished 23_3_in_circle with score 0.5337939644095621
[13_3_in_4] Starting (50000 attempts)
[Main] Worker finished 10_3_in_5 with score 2.082171566960134
[Main] Worker finished 29_3_in_circle with score 0.6049390488482392
[Main] Worker finished 24_3_in_5 with score 3.2804241055972105
[Main] Worker finished 18_3_in_4 with score 3.3803002577889254
[Main] Worker finished 13_3_in_5 with score 2.375394819754651
[13_3_in_5] Starting (50000 attempts)
[18_3_in_4] Starting (50000 attempts)
[23_3_in_circle] Starting (50000 attempts)
[8_3_in_5] Success!
[29_3_in_circle] Starting (50000 attempts)
[30_3_in_4] Starting (50000 attempts)
[Main] Worker finished 8_3_in_5 with score 1.862272623053338
[21_3_in_5] Starting (50000 attempts)
[28_3_in_circle] Success!
[Main] Worker finished 28_3_in_circle with score 0.5949113707271129
[8_3_in_5] Starting (50000 attempts)
[28_3_in_circle] Starting (50000 attempts)
[31_3_in_circle] Success!
[Main] Worker finished 31_3_in_circle with score 0.6251012989858267
[31_3_in_circle] Starting (50000 attempts)
[26_3_in_circle] Success!
[Main] Worker finished 26_3_in_circle with score 0.5706736171432208
[14_3_in_5] Starting (50000 attempts)
[24_3_in_4] Success!
[Main] Worker finished 24_3_in_4 with score 3.934729569735836
[23_3_in_5] Success!
[21_3_in_4] Success!
[Main] Worker finished 21_3_in_4 with score 3.6778156078372635
[24_3_in_4] Starting (50000 attempts)
[Main] Worker finished 23_3_in_5 with score 3.214757772886889
[5_3_in_5] Success!
[24_6_in_4] Success!
[10_3_in_5] Starting (50000 attempts)
[23_3_in_4] Success!
[26_3_in_5] Success!
[Main] Worker finished 26_3_in_5 with score 3.4269971339930114
[19_3_in_5] Starting (50000 attempts)
[Main] Worker finished 5_3_in_5 with score 1.4722087040066105
[Main] Worker finished 24_6_in_4 with score 8.800510614999979
[Main] Worker finished 23_3_in_4 with score 3.867045389846787
[27_3_in_5] Success!
[6_3_in_5] Success!
[5_3_in_5] Starting (5000 attempts)
[7_3_in_5] Success!
[22_3_in_4] Success!
[25_3_in_5] Success!
[9_3_in_5] Success!
[24_3_in_5] Starting (50000 attempts)
[16_3_in_5] Starting (50000 attempts)
[29_3_in_5] Success!
[27_3_in_4] Success!
[Main] Worker finished 27_3_in_5 with score 3.4954228611943665
[29_3_in_4] Starting (50000 attempts)
[Main] Worker finished 7_3_in_5 with score 1.7415208707935483
[Main] Worker finished 9_3_in_5 with score 1.974637270572423
[Main] Worker finished 25_3_in_5 with score 3.3302568040312535
[Main] Worker finished 29_3_in_5 with score 3.6269114120505312
[Main] Worker finished 22_3_in_4 with score 3.7357759323064093
[Main] Worker finished 27_3_in_4 with score 4.199138185243568
[Main] Worker finished 6_3_in_5 with score 1.612334938158126
[20_3_in_5] Success!
[18_3_in_5] Success!
[7_3_in_5] Starting (5000 attempts)
[9_3_in_5] Starting (50000 attempts)
[22_3_in_4] Starting (50000 attempts)
[11_3_in_5] Success!
[22_3_in_5] Success!
[13_3_in_5] Success!
[25_3_in_5] Starting (50000 attempts)
[15_3_in_5] Success!
[27_3_in_4] Starting (50000 attempts)
[12_3_in_5] Success!
[21_3_in_4] Starting (50000 attempts)
[26_3_in_5] Starting (50000 attempts)
[Main] Worker finished 18_3_in_5 with score 2.822944883517418
[23_3_in_5] Starting (50000 attempts)
[Main] Worker finished 13_3_in_5 with score 2.3770275599225923
[Main] Worker finished 22_3_in_5 with score 3.1129176646578376
[Main] Worker finished 12_3_in_5 with score 2.28286551761468
[Main] Worker finished 11_3_in_5 with score 2.184061031836693
[Main] Worker finished 15_3_in_5 with score 2.553230836293047
[Main] Worker finished 20_3_in_5 with score 2.9778685352461176
[12_3_in_5] Starting (50000 attempts)
[18_3_in_4] Success!
[11_3_in_5] Starting (50000 attempts)
[13_3_in_4] Success!
[30_3_in_4] Success!
[23_3_in_circle] Success!
[29_3_in_circle] Success!
[20_3_in_5] Starting (50000 attempts)
[22_3_in_5] Starting (50000 attempts)
[8_3_in_5] Success!
[32_3_in_4] Starting (50000 attempts)
[17_3_in_5] Starting (50000 attempts)
[Main] Worker finished 30_3_in_4 with score 4.425978032832348
[23_3_in_4] Starting (50000 attempts)
[Main] Worker finished 23_3_in_circle with score 0.535910700312761
[Main] Worker finished 13_3_in_4 with score 2.8587731802614873
[Main] Worker finished 18_3_in_4 with score 3.3874310805785606
[Main] Worker finished 8_3_in_5 with score 1.8622685504769485
[Main] Worker finished 29_3_in_circle with score 0.605913757135156
[21_3_in_5] Success!
[8_3_in_5] Starting (50000 attempts)
[30_3_in_4] Starting (50000 attempts)
[23_3_in_circle] Starting (50000 attempts)
[28_3_in_circle] Success!
[29_3_in_circle] Starting (50000 attempts)
[6_3_in_5] Starting (5000 attempts)
[Main] Worker finished 28_3_in_circle with score 0.5942135277287166
[13_3_in_5] Starting (50000 attempts)
[Main] Worker finished 21_3_in_5 with score 3.0509236463180427
[21_3_in_5] Starting (50000 attempts)
[31_3_in_circle] Success!
[Main] Worker finished 31_3_in_circle with score 0.626597323183909
[28_3_in_circle] Starting (50000 attempts)
[31_3_in_circle] Starting (50000 attempts)
[14_3_in_5] Success!
[Main] Worker finished 14_3_in_5 with score 2.4629634876115145
[14_3_in_5] Starting (50000 attempts)
[24_3_in_5] Success!
[Main] Worker finished 24_3_in_5 with score 3.2804638744357586
[7_3_in_5] Success!
[10_3_in_5] Success!
[5_3_in_5] Success!
[16_3_in_5] Success!
[Main] Worker finished 16_3_in_5 with score 2.645858994603459
[15_3_in_5] Starting (50000 attempts)
[Main] Worker finished 7_3_in_5 with score 1.7415210945225097
[Main] Worker finished 10_3_in_5 with score 2.0821135540172904
[Main] Worker finished 5_3_in_5 with score 1.4735920046502846
[19_3_in_5] Success!
[10_3_in_5] Starting (50000 attempts)
[24_3_in_4] Success!
[16_3_in_5] Starting (50000 attempts)
[18_3_in_4] Starting (50000 attempts)
[Main] Worker finished 19_3_in_5 with score 2.9072423035787245
[13_3_in_4] Starting (50000 attempts)
[Main] Worker finished 24_3_in_4 with score 3.950995642334924
[29_3_in_4] Success!
[22_3_in_4] Success!
[24_3_in_4] Starting (50000 attempts)
[Main] Worker finished 29_3_in_4 with score 4.362310682463483
[27_3_in_5] Starting (50000 attempts)
[Main] Worker finished 22_3_in_4 with score 3.7668268426738862
[27_3_in_4] Success!
[12_3_in_5] Success!
[29_3_in_5] Starting (50000 attempts)
[23_3_in_5] Success!
[26_3_in_5] Success!
[Main] Worker finished 12_3_in_5 with score 2.2812069518774694
[30_3_in_5] Starting (50000 attempts)
[Main] Worker finished 26_3_in_5 with score 3.420646651675096
[Main] Worker finished 23_3_in_5 with score 3.215289637701002
[Main] Worker finished 27_3_in_4 with score 4.203956986434313
[9_3_in_5] Success!
[12_3_in_5] Starting (50000 attempts)
[21_3_in_4] Success!
[11_3_in_5] Success!
[26_3_in_5] Starting (50000 attempts)
[7_3_in_5] Starting (5000 attempts)
[20_3_in_5] Success!
[25_3_in_5] Success!
[Main] Worker finished 21_3_in_4 with score 3.678680665024912
[31_3_in_4] Starting (50000 attempts)
[Main] Worker finished 9_3_in_5 with score 1.975255843346649
[Main] Worker finished 11_3_in_5 with score 2.1847543877260476
[Main] Worker finished 25_3_in_5 with score 3.3578918587254845
[Main] Worker finished 20_3_in_5 with score 2.972207946813697
[32_3_in_4] Success!
[21_3_in_4] Starting (50000 attempts)
[22_3_in_5] Success!
[8_3_in_5] Success!
[20_3_in_5] Starting (50000 attempts)
[5_3_in_5] Starting (5000 attempts)
[37_3_in_4] Starting (50000 attempts)
[29_3_in_circle] Success!
[23_3_in_circle] Success!
[21_3_in_5] Success!
[6_3_in_5] Success!
[Main] Worker finished 8_3_in_5 with score 1.8618260165496168
[Main] Worker finished 23_3_in_circle with score 0.5362981543920966
[24_3_in_5] Starting (50000 attempts)
[Main] Worker finished 6_3_in_5 with score 1.6123349294840832
[Main] Worker finished 22_3_in_5 with score 3.1337720583108477
[Main] Worker finished 29_3_in_circle with score 0.6048960370175726
[Main] Worker finished 21_3_in_5 with score 3.0468101240121435
[Main] Worker finished 32_3_in_4 with score 4.590957926504168
[13_3_in_5] Success!
[17_3_in_5] Success!
[8_3_in_5] Starting (50000 attempts)
[6_3_in_5] Starting (5000 attempts)
[32_3_in_4] Starting (50000 attempts)
[22_3_in_5] Starting (50000 attempts)
[21_3_in_5] Starting (50000 attempts)
[31_3_in_circle] Success!
[23_3_in_4] Success!
[9_3_in_5] Starting (50000 attempts)
[Main] Worker finished 23_3_in_4 with score 3.8609244720344744
[22_3_in_4] Starting (50000 attempts)
[Main] Worker finished 17_3_in_5 with score 2.7344806546266716
[Main] Worker finished 31_3_in_circle with score 0.6250295118747741
[Main] Worker finished 13_3_in_5 with score 2.377893367829615
[31_3_in_circle] Starting (50000 attempts)
[30_3_in_4] Success!
[11_3_in_5] Starting (50000 attempts)
[34_3_in_4] Starting (50000 attempts)
[28_3_in_circle] Success!
[Main] Worker finished 30_3_in_4 with score 4.426711437951035
[20_3_in_4] Starting (50000 attempts)
[Main] Worker finished 28_3_in_circle with score 0.5930725113571348
[30_3_in_4] Starting (50000 attempts)
[28_3_in_circle] Starting (50000 attempts)
[14_3_in_5] Success!
[Main] Worker finished 14_3_in_5 with score 2.463558352122415
[14_3_in_5] Starting (50000 attempts)
[10_3_in_5] Success!
[Main] Worker finished 10_3_in_5 with score 2.0821996754533347
[19_3_in_4] Starting (50000 attempts)
[24_3_in_4] Success!
[Main] Worker finished 24_3_in_4 with score 3.9527721938737583
[15_3_in_5] Success!
[16_3_in_5] Success!
[13_3_in_4] Success!
[Main] Worker finished 16_3_in_5 with score 2.6467575039992424[19_3_in_5] Starting (50000 attempts)

[Main] Worker finished 15_3_in_5 with score 2.558210252119453
[Main] Worker finished 13_3_in_4 with score 2.858334525911555
[16_3_in_5] Starting (50000 attempts)
[18_3_in_4] Success!
[30_3_in_5] Success!
[33_3_in_4] Starting (50000 attempts)
[Main] Worker finished 18_3_in_4 with score 3.3720761226811256
[18_3_in_5] Starting (50000 attempts)
[Main] Worker finished 30_3_in_5 with score 3.6906051563362396
[18_3_in_4] Starting (50000 attempts)
[30_3_in_5] Starting (50000 attempts)
[12_3_in_5] Success!
[Main] Worker finished 12_3_in_5 with score 2.282532919942195
[12_3_in_5] Starting (50000 attempts)
[20_3_in_5] Success!
[Main] Worker finished 20_3_in_5 with score 2.9571889063784953
[29_3_in_5] Success!
[Main] Worker finished 29_3_in_5 with score 3.623636432944521
[20_3_in_5] Starting (50000 attempts)
[31_3_in_4] Success!
[27_3_in_5] Success!
[26_3_in_5] Success!
[21_3_in_4] Success!
[Main] Worker finished 21_3_in_4 with score 3.6774304144889913
[29_3_in_5] Starting (50000 attempts)
[Main] Worker finished 31_3_in_4 with score 4.5209735070459285
[Main] Worker finished 27_3_in_5 with score 3.485498531070636
[Main] Worker finished 26_3_in_5 with score 3.395691879355106
[27_3_in_5] Starting (50000 attempts)
[7_3_in_5] Success!
[5_3_in_5] Success!
[26_3_in_5] Starting (50000 attempts)
[37_3_in_4] Success!
[10_3_in_5] Starting (50000 attempts)
[Main] Worker finished 37_3_in_4 with score 4.992667436556401
[13_3_in_5] Starting (50000 attempts)
[Main] Worker finished 7_3_in_5 with score 1.7415209636048061
[Main] Worker finished 5_3_in_5 with score 1.473123356950687
[32_3_in_4] Success!
[7_3_in_5] Starting (5000 attempts)
[37_3_in_4] Starting (50000 attempts)
[Main] Worker finished 32_3_in_4 with score 4.576521911216649
[15_3_in_5] Starting (50000 attempts)
[32_3_in_4] Starting (50000 attempts)
[6_3_in_5] Success!
[Main] Worker finished 6_3_in_5 with score 1.6129930610110503
[24_3_in_5] Success!
[Main] Worker finished 24_3_in_5 with score 3.282007003076337
[25_3_in_5] Starting (50000 attempts)
[8_3_in_5] Success!
[22_3_in_5] Success!
[Main] Worker finished 22_3_in_5 with score 3.1374956207193923[38_3_in_4] Starting (50000 attempts)

[Main] Worker finished 8_3_in_5 with score 1.8629999149184
[9_3_in_5] Success!
[21_3_in_5] Success!
[34_3_in_4] Success!
[22_3_in_5] Starting (50000 attempts)
[Main] Worker finished 34_3_in_4 with score 4.73139894770969
[21_3_in_4] Starting (50000 attempts)
[Main] Worker finished 9_3_in_5 with score 1.976027659339437
[Main] Worker finished 21_3_in_5 with score 3.0548072829227877
[22_3_in_4] Success!
[34_3_in_4] Starting (50000 attempts)
[31_3_in_circle] Success!
[21_3_in_5] Starting (50000 attempts)
[Main] Worker finished 31_3_in_circle with score 0.6261996284264463[29_3_in_4] Starting (50000 attempts)

[Main] Worker finished 22_3_in_4 with score 3.769316702970762
[5_3_in_5] Starting (5000 attempts)
[30_3_in_4] Success!
[Main] Worker finished 30_3_in_4 with score 4.427186187177719
[33_3_in_5] Starting (50000 attempts)
[30_3_in_4] Starting (50000 attempts)
[20_3_in_4] Success!
[Main] Worker finished 20_3_in_4 with score 3.5812045351006736
[11_3_in_5] Success!
[Main] Worker finished 11_3_in_5 with score 2.1839033308575453
[20_3_in_4] Starting (50000 attempts)
[6_3_in_5] Starting (5000 attempts)
[28_3_in_circle] Success!
[Main] Worker finished 28_3_in_circle with score 0.5940290874475058
[14_3_in_5] Success!
[Main] Worker finished 14_3_in_5 with score 2.4669851746843605
[47_3_in_5] Starting (50000 attempts)
[14_3_in_5] Starting (50000 attempts)
[19_3_in_4] Success!
[Main] Worker finished 19_3_in_4 with score 3.4872662014932994
[16_3_in_5] Success!
[Main] Worker finished 16_3_in_5 with score 2.6456222083840815[19_3_in_4] Starting (50000 attempts)

[8_3_in_5] Starting (50000 attempts)
[33_3_in_4] Success!
[Main] Worker finished 33_3_in_4 with score 4.669347970902102
[30_3_in_5] Success!
[Main] Worker finished 30_3_in_5 with score 3.678392963856205
[9_3_in_5] Starting (50000 attempts)
[18_3_in_5] Success!
[Main] Worker finished 18_3_in_5 with score 2.801636902401472
[30_3_in_5] Starting (50000 attempts)
[18_3_in_4] Success!
[Main] Worker finished 18_3_in_4 with score 3.3820917770136356
[18_3_in_5] Starting (50000 attempts)
[35_3_in_4] Starting (50000 attempts)
[19_3_in_5] Success!
[Main] Worker finished 19_3_in_5 with score 2.8968506758946635
[12_3_in_5] Success!
[Main] Worker finished 12_3_in_5 with score 2.2815480493738267
[19_3_in_5] Starting (50000 attempts)
[29_3_in_5] Success!
[Main] Worker finished 29_3_in_5 with score 3.6222244988491314
[12_3_in_5] Starting (50000 attempts)
[29_3_in_5] Starting (50000 attempts)
[10_3_in_5] Success!
[Main] Worker finished 10_3_in_5 with score 2.084261555326621
[26_3_in_5] Success!
[37_3_in_4] Success!
[Main] Worker finished 26_3_in_5 with score 3.4262381273774287
[10_3_in_5] Starting (50000 attempts)
[Main] Worker finished 37_3_in_4 with score 4.995757907269444
[26_3_in_5] Starting (50000 attempts)
[11_3_in_5] Starting (50000 attempts)
[20_3_in_5] Success!
[Main] Worker finished 20_3_in_5 with score 2.978764098843772
[7_3_in_5] Success!
[Main] Worker finished 7_3_in_5 with score 1.7415209795947764
[20_3_in_5] Starting (50000 attempts)
[27_3_in_5] Success!
[13_3_in_5] Success!
[32_3_in_4] Success!
[Main] Worker finished 27_3_in_5 with score 3.494052355279717
[34_3_in_5] Starting (50000 attempts)
[Main] Worker finished 13_3_in_5 with score 2.3761911737342314
[Main] Worker finished 32_3_in_4 with score 4.593885446611707
[13_3_in_5] Starting (50000 attempts)
[34_3_in_4] Success!
[25_3_in_5] Success!
[5_3_in_5] Success!
[27_3_in_5] Starting (50000 attempts)
[15_3_in_5] Success!
[Main] Worker finished 25_3_in_5 with score 3.34757700949049
[32_3_in_4] Starting (50000 attempts)
[Main] Worker finished 5_3_in_5 with score 1.473123351925817
[Main] Worker finished 34_3_in_4 with score 4.7342969589687565
[Main] Worker finished 15_3_in_5 with score 2.5587768213551634
[21_3_in_4] Success!
[21_3_in_5] Success!
[22_3_in_5] Success!
[5_3_in_5] Starting (5000 attempts)
[33_3_in_5] Success!
[25_3_in_5] Starting (50000 attempts)
[38_3_in_4] Success!
[29_3_in_4] Success!
[34_3_in_4] Starting (50000 attempts)
[Main] Worker finished 21_3_in_4 with score 3.677456729398737
[23_3_in_5] Starting (50000 attempts)
[Main] Worker finished 21_3_in_5 with score 3.0522746206765015
[Main] Worker finished 33_3_in_5 with score 3.8731337608672645
[Main] Worker finished 38_3_in_4 with score 5.067756183027661
[Main] Worker finished 29_3_in_4 with score 4.355520889386444
[Main] Worker finished 22_3_in_5 with score 3.1308039530091643
[38_3_in_4] Starting (50000 attempts)
[6_3_in_5] Success!
[29_3_in_4] Starting (50000 attempts)
[33_3_in_5] Starting (50000 attempts)
[14_3_in_5] Success!
[30_3_in_4] Success!
[21_3_in_5] Starting (50000 attempts)
[7_3_in_5] Starting (5000 attempts)
[47_3_in_5] Success!
[20_3_in_4] Success!
[Main] Worker finished 20_3_in_4 with score 3.5740575606050395
[39_3_in_4] Starting (50000 attempts)
[Main] Worker finished 14_3_in_5 with score 2.4669674567404027
[Main] Worker finished 30_3_in_4 with score 4.43276144021918
[Main] Worker finished 47_3_in_5 with score 4.7679614783662085
[Main] Worker finished 6_3_in_5 with score 1.612334929828714
[6_3_in_5] Starting (5000 attempts)
[14_3_in_5] Starting (50000 attempts)
[47_3_in_5] Starting (50000 attempts)
[20_3_in_4] Starting (50000 attempts)
[30_3_in_4] Starting (50000 attempts)
[35_3_in_4] Success!
[Main] Worker finished 35_3_in_4 with score 4.848843986069559
[18_3_in_5] Success!
[8_3_in_5] Success!
[19_3_in_4] Success!
[Main] Worker finished 19_3_in_4 with score 3.4775576990437513
[17_3_in_5] Starting (50000 attempts)
[Main] Worker finished 18_3_in_5 with score 2.808020254376545
[Main] Worker finished 8_3_in_5 with score 1.8622755332068297
[30_3_in_5] Success!
[9_3_in_5] Success!
[19_3_in_4] Starting (50000 attempts)
[18_3_in_5] Starting (50000 attempts)
[Main] Worker finished 30_3_in_5 with score 3.6855834233555655[13_3_in_4] Starting (50000 attempts)

[Main] Worker finished 9_3_in_5 with score 1.9752566374162852
[19_3_in_5] Success!
[9_3_in_5] Starting (50000 attempts)
[Main] Worker finished 19_3_in_5 with score 2.908499177263905
[30_3_in_5] Starting (50000 attempts)
[19_3_in_5] Starting (50000 attempts)
[34_3_in_5] Success!
[Main] Worker finished 34_3_in_5 with score 3.95684324496722
[10_3_in_5] Success!
[Main] Worker finished 10_3_in_5 with score 2.084218236009746
[46_3_in_5] Starting (50000 attempts)
[22_3_in_4] Starting (50000 attempts)
[29_3_in_5] Success!
[Main] Worker finished 29_3_in_5 with score 3.6269595439337574
[20_3_in_5] Success!
[12_3_in_5] Success!
[11_3_in_5] Success!
[Main] Worker finished 20_3_in_5 with score 2.979753376128373
[23_3_in_4] Starting (50000 attempts)
[Main] Worker finished 12_3_in_5 with score 2.2808384953839287
[Main] Worker finished 11_3_in_5 with score 2.18368232174142
[12_3_in_5] Starting (50000 attempts)
[13_3_in_5] Success!
[26_3_in_5] Success!
[11_3_in_5] Starting (50000 attempts)
[25_3_in_5] Success!
[Main] Worker finished 26_3_in_5 with score 3.427151908793224
[31_3_in_5] Starting (50000 attempts)
[Main] Worker finished 25_3_in_5 with score 3.3556367555428004
[Main] Worker finished 13_3_in_5 with score 2.373970869543096
[34_3_in_4] Success!
[27_3_in_5] Success!
[32_3_in_4] Success!
[13_3_in_5] Starting (50000 attempts)
[8_3_in_5] Starting (50000 attempts)
[5_3_in_5] Success!
[Main] Worker finished 27_3_in_5 with score 3.4908635152949326
[27_3_in_4] Starting (50000 attempts)
[Main] Worker finished 34_3_in_4 with score 4.713562801283345
[Main] Worker finished 32_3_in_4 with score 4.569417266909687
[Main] Worker finished 5_3_in_5 with score 1.472517866948015
[27_3_in_5] Starting (50000 attempts)
[34_3_in_4] Starting (50000 attempts)
[38_3_in_4] Success!
[32_3_in_4] Starting (50000 attempts)
[Main] Worker finished 38_3_in_4 with score 5.005399869378004
[10_3_in_5] Starting (50000 attempts)
[23_3_in_5] Success!
[Main] Worker finished 23_3_in_5 with score 3.211111740756116
[38_3_in_4] Starting (50000 attempts)
[33_3_in_5] Success!
[Main] Worker finished 33_3_in_5 with score 3.8830095189943075
[23_3_in_5] Starting (50000 attempts)
[29_3_in_4] Success!
[Main] Worker finished 29_3_in_4 with score 4.351946263713547
[33_3_in_5] Starting (50000 attempts)
[29_3_in_4] Starting (50000 attempts)
[7_3_in_5] Success!
[Main] Worker finished 7_3_in_5 with score 1.7415209536108187
[18_3_in_4] Starting (50000 attempts)
[6_3_in_5] Success!
[Main] Worker finished 6_3_in_5 with score 1.6123349281926975
[21_3_in_5] Success!
[Main] Worker finished 21_3_in_5 with score 3.0515915071614987
[6_3_in_5] Starting (5000 attempts)
[15_3_in_5] Starting (50000 attempts)
[14_3_in_5] Success!
[Main] Worker finished 14_3_in_5 with score 2.4690980444327453
[28_3_in_5] Starting (50000 attempts)
[39_3_in_4] Success!
[Main] Worker finished 39_3_in_4 with score 5.090643765807064
[39_3_in_4] Starting (50000 attempts)
[20_3_in_4] Success!
[Main] Worker finished 20_3_in_4 with score 3.561885030990395
[20_3_in_4] Starting (50000 attempts)
[30_3_in_4] Success!
[Main] Worker finished 30_3_in_4 with score 4.410032600340793
[30_3_in_4] Starting (50000 attempts)
[47_3_in_5] Success!
[Main] Worker finished 47_3_in_5 with score 4.685754642392047
[47_3_in_5] Starting (50000 attempts)
[13_3_in_4] Success!
[Main] Worker finished 13_3_in_4 with score 2.860473617685805
[5_3_in_5] Starting (5000 attempts)
[19_3_in_4] Success!
[Main] Worker finished 19_3_in_4 with score 3.48773319658033
[19_3_in_5] Success!
[18_3_in_5] Success!
[30_3_in_5] Success!
[9_3_in_5] Success!
[Main] Worker finished 18_3_in_5 with score 2.8087295952721685[31_3_in_4] Starting (50000 attempts)

[Main] Worker finished 9_3_in_5 with score 1.976028246531454
[Main] Worker finished 30_3_in_5 with score 3.6831066200679987
[Main] Worker finished 19_3_in_5 with score 2.907357037347664
[17_3_in_5] Success!
[18_3_in_5] Starting (50000 attempts)
[30_3_in_5] Starting (50000 attempts)
[22_3_in_4] Success!
[7_3_in_5] Starting (5000 attempts)
[23_3_in_4] Success!
[46_3_in_5] Success!
[31_3_in_5] Success!
[Main] Worker finished 17_3_in_5 with score 2.733869291564885
[14_3_in_5] Starting (50000 attempts)
[Main] Worker finished 46_3_in_5 with score 4.77129101399303
[Main] Worker finished 23_3_in_4 with score 3.855053073503376
[Main] Worker finished 31_3_in_5 with score 3.7432658385823077
[13_3_in_5] Success!
[Main] Worker finished 22_3_in_4 with score 3.7761226259346237
[8_3_in_5] Success!
[11_3_in_5] Success!
[46_3_in_5] Starting (50000 attempts)
[23_3_in_4] Starting (50000 attempts)
[27_3_in_4] Success!
[31_3_in_5] Starting (50000 attempts)
[12_3_in_5] Success!
[27_3_in_5] Success!
[32_3_in_5] Starting (50000 attempts)
[34_3_in_4] Success!
[Main] Worker finished 12_3_in_5 with score 2.281461000184168
[21_3_in_4] Starting (50000 attempts)
[Main] Worker finished 11_3_in_5 with score 2.184061031836693
[Main] Worker finished 34_3_in_4 with score 4.720875305652867
[Main] Worker finished 27_3_in_4 with score 4.201338300848985
[Main] Worker finished 13_3_in_5 with score 2.376183853477225
[Main] Worker finished 8_3_in_5 with score 1.8618311377086982
[Main] Worker finished 27_3_in_5 with score 3.4939233036605644
[10_3_in_5] Success!
[8_3_in_5] Starting (50000 attempts)
[32_3_in_4] Success!
[13_3_in_5] Starting (50000 attempts)
[38_3_in_4] Success!
[27_3_in_4] Starting (50000 attempts)
[33_3_in_5] Success!
[27_3_in_5] Starting (50000 attempts)
[23_3_in_5] Success!
[34_3_in_4] Starting (50000 attempts)
[6_3_in_5] Success!
[9_3_in_5] Starting (50000 attempts)
[Main] Worker finished 23_3_in_5 with score 3.213588893894287[24_3_in_5] Starting (50000 attempts)

[Main] Worker finished 32_3_in_4 with score 4.599216885620205
[Main] Worker finished 38_3_in_4 with score 5.029887232151464
[Main] Worker finished 6_3_in_5 with score 1.6123349311755402
[Main] Worker finished 10_3_in_5 with score 2.082093600943459
[Main] Worker finished 33_3_in_5 with score 3.8774103766542862
[29_3_in_4] Success!
[10_3_in_5] Starting (50000 attempts)
[33_3_in_5] Starting (50000 attempts)
[18_3_in_4] Success!
[12_3_in_5] Starting (50000 attempts)
[11_3_in_5] Starting (50000 attempts)
[39_3_in_4] Success!
[15_3_in_5] Success!
[49_3_in_5] Starting (50000 attempts)
[Main] Worker finished 15_3_in_5 with score 2.553117873774881
[47_3_in_4] Starting (50000 attempts)
[Main] Worker finished 29_3_in_4 with score 4.362909984287455
[Main] Worker finished 39_3_in_4 with score 5.087371243872151
[Main] Worker finished 18_3_in_4 with score 3.379270529794344
[20_3_in_4] Success!
[18_3_in_4] Starting (50000 attempts)
[15_3_in_5] Starting (50000 attempts)
[28_3_in_5] Success!
[39_3_in_4] Starting (50000 attempts)
[Main] Worker finished 28_3_in_5 with score 3.5565134275872303
[50_3_in_5] Starting (50000 attempts)
[Main] Worker finished 20_3_in_4 with score 3.5564884188380614
[28_3_in_5] Starting (50000 attempts)
[30_3_in_4] Success!
[Main] Worker finished 30_3_in_4 with score 4.422885745981985
[20_3_in_4] Starting (50000 attempts)
[30_3_in_4] Starting (50000 attempts)
[47_3_in_5] Success!
[Main] Worker finished 47_3_in_5 with score 4.746458461456681
[47_3_in_5] Starting (50000 attempts)
[18_3_in_5] Success!
[Main] Worker finished 18_3_in_5 with score 2.8098431628275424
[31_3_in_4] Success!
[Main] Worker finished 31_3_in_4 with score 4.523233134502292[18_3_in_5] Starting (50000 attempts)

[7_3_in_5] Success!
[5_3_in_5] Success!
[Main] Worker finished 7_3_in_5 with score 1.7415208216133675
[6_3_in_5] Starting (5000 attempts)
[Main] Worker finished 5_3_in_5 with score 1.4717781499129454
[14_3_in_5] Success!
[7_3_in_5] Starting (5000 attempts)
[Main] Worker finished 14_3_in_5 with score 2.4686315741347253
[5_3_in_5] Starting (5000 attempts)
[23_3_in_4] Success!
[Main] Worker finished 23_3_in_4 with score 3.8462972149463677
[33_3_in_4] Starting (50000 attempts)
[46_3_in_5] Success!
[32_3_in_5] Success!
[Main] Worker finished 46_3_in_5 with score 4.7871002244129865
[23_3_in_4] Starting (50000 attempts)
[Main] Worker finished 32_3_in_5 with score 3.821722232967094
[30_3_in_5] Success!
[41_3_in_4] Starting (50000 attempts)
[Main] Worker finished 30_3_in_5 with score 3.68792623073183
[26_3_in_4] Starting (50000 attempts)
[21_3_in_4] Success!
[Main] Worker finished 21_3_in_4 with score 3.6843551816135545
[30_3_in_5] Starting (50000 attempts)
[48_3_in_4] Starting (50000 attempts)
[31_3_in_5] Success!
[Main] Worker finished 31_3_in_5 with score 3.7510097520858428
[13_3_in_5] Success!
[Main] Worker finished 13_3_in_5 with score 2.3770922082969337
[31_3_in_5] Starting (50000 attempts)
[27_3_in_5] Success!
[27_3_in_4] Success!
[Main] Worker finished 27_3_in_5 with score 3.493992600831204
[13_3_in_5] Starting (50000 attempts)
[Main] Worker finished 27_3_in_4 with score 4.203720865077085
[27_3_in_4] Starting (50000 attempts)
[8_3_in_5] Success!
[Main] Worker finished 8_3_in_5 with score 1.8631547263385706
[35_3_in_4] Starting (50000 attempts)
[14_3_in_5] Starting (50000 attempts)
[9_3_in_5] Success!
[Main] Worker finished 9_3_in_5 with score 1.9747628999136118
[11_3_in_5] Success!
[10_3_in_5] Success!
[34_3_in_4] Success!
[Main] Worker finished 34_3_in_4 with score 4.754354640835248[9_3_in_5] Starting (50000 attempts)

[Main] Worker finished 10_3_in_5 with score 2.082168046117364
[Main] Worker finished 11_3_in_5 with score 2.1832409781262574
[24_3_in_5] Success!
[11_3_in_5] Starting (50000 attempts)
[12_3_in_5] Success!
[49_3_in_5] Success!
[33_3_in_5] Success!
[10_3_in_5] Starting (50000 attempts)
[47_3_in_4] Success!
[Main] Worker finished 49_3_in_5 with score 4.960932180721833
[48_3_in_5] Starting (50000 attempts)
[Main] Worker finished 12_3_in_5 with score 2.281664734507033
[Main] Worker finished 24_3_in_5 with score 3.2639361986249087
[Main] Worker finished 47_3_in_4 with score 5.8675055890621355
[Main] Worker finished 33_3_in_5 with score 3.8793145918449308
[12_3_in_5] Starting (50000 attempts)
[24_3_in_5] Starting (50000 attempts)
[28_3_in_5] Success!
[49_3_in_5] Starting (50000 attempts)
[47_3_in_4] Starting (50000 attempts)
[18_3_in_4] Success!
[Main] Worker finished 18_3_in_4 with score 3.383061026565786
[24_3_in_4] Starting (50000 attempts)
[Main] Worker finished 28_3_in_5 with score 3.5532835594217
[15_3_in_5] Success!
[39_3_in_4] Success!
[18_3_in_4] Starting (50000 attempts)
[30_3_in_4] Success!
[Main] Worker finished 39_3_in_4 with score 5.134004173654807
[28_3_in_5] Starting (50000 attempts)
[Main] Worker finished 30_3_in_4 with score 4.438001132869936
[Main] Worker finished 15_3_in_5 with score 2.5552975905580557
[50_3_in_5] Success!
[39_3_in_4] Starting (50000 attempts)
[8_3_in_5] Starting (50000 attempts)
[Main] Worker finished 50_3_in_5 with score 4.93618043293336
[34_3_in_5] Starting (50000 attempts)
[20_3_in_4] Success!
[Main] Worker finished 20_3_in_4 with score 3.5730104666162057
[50_3_in_5] Starting (50000 attempts)
[20_3_in_4] Starting (50000 attempts)
[47_3_in_5] Success!
[Main] Worker finished 47_3_in_5 with score 4.709264802544186
[47_3_in_5] Starting (50000 attempts)
[6_3_in_5] Success!
[Main] Worker finished 6_3_in_5 with score 1.612334933193575
[6_3_in_5] Starting (5000 attempts)
[33_3_in_4] Success!
[Main] Worker finished 33_3_in_4 with score 4.67042897901047
[7_3_in_5] Success!
[Main] Worker finished 7_3_in_5 with score 1.7415210998766584
[33_3_in_4] Starting (50000 attempts)
[17_3_in_5] Starting (50000 attempts)
[5_3_in_5] Success!
[Main] Worker finished 5_3_in_5 with score 1.4727654735738644
[18_3_in_5] Success!
[30_3_in_5] Success!
[Main] Worker finished 30_3_in_5 with score 3.693265417791151
[5_3_in_5] Starting (5000 attempts)
[Main] Worker finished 18_3_in_5 with score 2.816000392497135
[41_3_in_4] Success!
[13_3_in_4] Starting (50000 attempts)
[Main] Worker finished 41_3_in_4 with score 5.309996556824351
[22_3_in_4] Starting (50000 attempts)
[23_3_in_4] Success!
[Main] Worker finished 23_3_in_4 with score 3.858815184256813
[31_3_in_4] Starting (50000 attempts)
[23_3_in_4] Starting (50000 attempts)
[26_3_in_4] Success!
[Main] Worker finished 26_3_in_4 with score 4.123246625337205
[36_3_in_5] Starting (50000 attempts)
[48_3_in_4] Success!
[Main] Worker finished 48_3_in_4 with score 5.808973948293675
[31_3_in_5] Success!
[Main] Worker finished 31_3_in_5 with score 3.760512005222408
[48_3_in_4] Starting (50000 attempts)
[9_3_in_5] Success!
[27_3_in_4] Success!
[Main] Worker finished 9_3_in_5 with score 1.9748128445174753
[32_3_in_5] Starting (50000 attempts)
[Main] Worker finished 27_3_in_4 with score 4.201578033665125
[13_3_in_5] Success!
[14_3_in_5] Success!
[9_3_in_5] Starting (50000 attempts)
[35_3_in_4] Success!
[Main] Worker finished 13_3_in_5 with score 2.375697005154569
[7_3_in_5] Starting (5000 attempts)
[Main] Worker finished 14_3_in_5 with score 2.4685760777075347
[Main] Worker finished 35_3_in_4 with score 4.829879783746451
[48_3_in_5] Success!
[10_3_in_5] Success!
[13_3_in_5] Starting (50000 attempts)
[11_3_in_5] Success!
[37_3_in_4] Starting (50000 attempts)
[24_3_in_5] Success!
[24_3_in_4] Success!
[Main] Worker finished 48_3_in_5 with score 4.934683003968771
[21_3_in_4] Starting (50000 attempts)
[Main] Worker finished 11_3_in_5 with score 2.184352538339819
[Main] Worker finished 24_3_in_5 with score 3.2838686996247306
[Main] Worker finished 24_3_in_4 with score 3.948195710948896
[Main] Worker finished 10_3_in_5 with score 2.0821479981562923
[10_3_in_5] Starting (50000 attempts)
[12_3_in_5] Success!
[24_3_in_4] Starting (50000 attempts)
[49_3_in_5] Success!
[28_3_in_5] Success!
[44_3_in_4] Starting (50000 attempts)
[40_3_in_4] Starting (50000 attempts)
[34_3_in_5] Success!
[18_3_in_4] Success!
[Main] Worker finished 49_3_in_5 with score 5.023012218450543
[16_3_in_5] Starting (50000 attempts)
[Main] Worker finished 34_3_in_5 with score 3.9431383544118255
[Main] Worker finished 28_3_in_5 with score 3.555845523152025
[Main] Worker finished 18_3_in_4 with score 3.3851849864458132
[Main] Worker finished 12_3_in_5 with score 2.2814507095924945
[12_3_in_5] Starting (50000 attempts)
[50_3_in_5] Success!
[47_3_in_4] Success!
[39_3_in_4] Success!
[34_3_in_5] Starting (50000 attempts)
[49_3_in_5] Starting (50000 attempts)
[8_3_in_5] Success!
[14_3_in_5] Starting (50000 attempts)
[Main] Worker finished 8_3_in_5 with score 1.8618736677268886
[41_3_in_4] Starting (50000 attempts)
[Main] Worker finished 47_3_in_4 with score 5.657600905983632
[Main] Worker finished 50_3_in_5 with score 4.953321711451065
[Main] Worker finished 39_3_in_4 with score 5.147536598450751
[8_3_in_5] Starting (50000 attempts)
[47_3_in_4] Starting (50000 attempts)
[50_3_in_5] Starting (50000 attempts)
[39_3_in_4] Starting (50000 attempts)
[20_3_in_4] Success!
[Main] Worker finished 20_3_in_4 with score 3.566994251458536
[20_3_in_4] Starting (50000 attempts)
[47_3_in_5] Success!
[Main] Worker finished 47_3_in_5 with score 4.78359044438786
[11_3_in_5] Starting (50000 attempts)
[33_3_in_4] Success!
[Main] Worker finished 33_3_in_4 with score 4.666822863538866
[6_3_in_5] Success!
[Main] Worker finished 6_3_in_5 with score 1.612334935566479
[26_3_in_4] Starting (50000 attempts)
[17_3_in_5] Success!
[5_3_in_5] Success!
[Main] Worker finished 17_3_in_5 with score 2.7308535085572356[25_3_in_5] Starting (50000 attempts)

[Main] Worker finished 5_3_in_5 with score 1.4735930228764524
[17_3_in_5] Starting (50000 attempts)
[31_3_in_4] Success!
[36_3_in_5] Success!
[Main] Worker finished 36_3_in_5 with score 4.0850521334227805
[43_3_in_5] Starting (50000 attempts)
[Main] Worker finished 31_3_in_4 with score 4.5166166626505975
[13_3_in_4] Success!
[36_3_in_5] Starting (50000 attempts)
[Main] Worker finished 13_3_in_4 with score 2.858502167301829[44_3_in_5] Starting (50000 attempts)

[23_3_in_4] Success!
[Main] Worker finished 23_3_in_4 with score 3.8614413852380354
[13_3_in_4] Starting (50000 attempts)
[48_3_in_4] Success!
[Main] Worker finished 48_3_in_4 with score 5.929597324436657
[42_3_in_4] Starting (50000 attempts)
[35_3_in_4] Starting (50000 attempts)
[32_3_in_5] Success!
[Main] Worker finished 32_3_in_5 with score 3.822812301971383
[22_3_in_4] Success!
[Main] Worker finished 22_3_in_4 with score 3.773769728052564[48_3_in_5] Starting (50000 attempts)

[21_3_in_4] Success!
[Main] Worker finished 21_3_in_4 with score 3.678384372843491
[23_3_in_5] Starting (50000 attempts)
[37_3_in_4] Success!
[9_3_in_5] Success!
[Main] Worker finished 37_3_in_4 with score 4.998157855515855
[21_3_in_4] Starting (50000 attempts)
[Main] Worker finished 9_3_in_5 with score 1.975245266641215
[7_3_in_5] Success!
[13_3_in_5] Success!
[9_3_in_5] Starting (50000 attempts)
[Main] Worker finished 13_3_in_5 with score 2.376788192523703
[6_3_in_5] Starting (5000 attempts)
[Main] Worker finished 7_3_in_5 with score 1.741520852127309
[10_3_in_5] Success!
[24_3_in_4] Success!
[7_3_in_5] Starting (5000 attempts)
[40_3_in_4] Success!
[Main] Worker finished 10_3_in_5 with score 2.0816703177002123
[46_3_in_5] Starting (50000 attempts)
[Main] Worker finished 24_3_in_4 with score 3.943533120687586
[Main] Worker finished 40_3_in_4 with score 5.165136920062304
[10_3_in_5] Starting (50000 attempts)
[40_3_in_4] Starting (50000 attempts)
[38_3_in_5] Starting (50000 attempts)
[49_3_in_5] Success!
[Main] Worker finished 49_3_in_5 with score 5.017081076380262
[12_3_in_5] Success!
[44_3_in_4] Success!
[Main] Worker finished 12_3_in_5 with score 2.282526468782884
[29_3_in_5] Starting (50000 attempts)
[Main] Worker finished 44_3_in_4 with score 5.587114090265403
[22_3_in_4] Starting (50000 attempts)
[16_3_in_5] Success!
[Main] Worker finished 16_3_in_5 with score 2.6402635103222005
[15_3_in_5] Starting (50000 attempts)
[14_3_in_5] Success!
[Main] Worker finished 14_3_in_5 with score 2.465623966445043
[16_3_in_5] Starting (50000 attempts)
[47_3_in_4] Success!
[Main] Worker finished 47_3_in_4 with score 5.798888192034757
[14_3_in_5] Starting (50000 attempts)
[41_3_in_4] Success!
[8_3_in_5] Success!
[Main] Worker finished 41_3_in_4 with score 5.282427458982876
[47_3_in_4] Starting (50000 attempts)
[Main] Worker finished 8_3_in_5 with score 1.8622739383677647
[8_3_in_5] Starting (50000 attempts)
[34_3_in_5] Success!
[Main] Worker finished 34_3_in_5 with score 3.9275954464371217
[41_3_in_4] Starting (50000 attempts)
[34_3_in_5] Starting (50000 attempts)
[39_3_in_4] Success!
[Main] Worker finished 39_3_in_4 with score 5.1373939705447285
[50_3_in_5] Success!
[20_3_in_4] Success!
[Main] Worker finished 20_3_in_4 with score 3.555929255552535
[13_3_in_5] Starting (50000 attempts)
[Main] Worker finished 50_3_in_5 with score 5.070686620602649
[20_3_in_4] Starting (50000 attempts)
[12_3_in_5] Starting (50000 attempts)
[11_3_in_5] Success!
[Main] Worker finished 11_3_in_5 with score 2.1837907099349776
[5_3_in_5] Starting (5000 attempts)
[25_3_in_5] Success!
[Main] Worker finished 25_3_in_5 with score 3.3568631063954775
[26_3_in_4] Success!
[36_3_in_5] Success!
[17_3_in_5] Success!
[Main] Worker finished 36_3_in_5 with score 4.092476862512821[31_3_in_4] Starting (50000 attempts)

[Main] Worker finished 26_3_in_4 with score 4.115596808950082
[Main] Worker finished 17_3_in_5 with score 2.732007303710872
[43_3_in_5] Success!
[13_3_in_4] Success!
[26_3_in_4] Starting (50000 attempts)
[17_3_in_5] Starting (50000 attempts)
[Main] Worker finished 43_3_in_5 with score 4.58388874156798
[35_3_in_5] Starting (50000 attempts)
[Main] Worker finished 13_3_in_4 with score 2.860126891969476
[44_3_in_5] Success!
[23_3_in_5] Success!
[43_3_in_5] Starting (50000 attempts)
[35_3_in_4] Success!
[Main] Worker finished 44_3_in_5 with score 4.640558059439917
[32_3_in_5] Starting (50000 attempts)
[Main] Worker finished 23_3_in_5 with score 3.200794980711011
[Main] Worker finished 35_3_in_4 with score 4.815216235356625
[42_3_in_4] Success!
[48_3_in_5] Success!
[35_3_in_4] Starting (50000 attempts)
[23_3_in_5] Starting (50000 attempts)
[Main] Worker finished 48_3_in_5 with score 4.915319526260801
[37_3_in_4] Starting (50000 attempts)
[Main] Worker finished 42_3_in_4 with score 5.417044351478737
[21_3_in_4] Success!
[9_3_in_5] Success!
[48_3_in_5] Starting (50000 attempts)
[38_3_in_5] Success!
[40_3_in_4] Success!
[6_3_in_5] Success!
[Main] Worker finished 9_3_in_5 with score 1.9752419886073038
[11_3_in_5] Starting (50000 attempts)
[Main] Worker finished 40_3_in_4 with score 5.228677701117023
[Main] Worker finished 38_3_in_5 with score 4.223182423368272
[Main] Worker finished 6_3_in_5 with score 1.612334935277943
[Main] Worker finished 21_3_in_4 with score 3.681252045126282
[9_3_in_5] Starting (50000 attempts)
[46_3_in_5] Success!
[24_3_in_5] Starting (50000 attempts)
[7_3_in_5] Success!
[41_3_in_5] Starting (50000 attempts)
[10_3_in_5] Success!
[22_3_in_5] Starting (50000 attempts)
[29_3_in_5] Success!
[16_3_in_5] Success!
[Main] Worker finished 10_3_in_5 with score 2.0816624500400325
[40_3_in_5] Starting (50000 attempts)
[Main] Worker finished 29_3_in_5 with score 3.617976051071234
[Main] Worker finished 7_3_in_5 with score 1.7415207652163502
[Main] Worker finished 46_3_in_5 with score 4.741096075247791
[Main] Worker finished 16_3_in_5 with score 2.644247891280687
[22_3_in_4] Success!
[8_3_in_5] Success!
[7_3_in_5] Starting (5000 attempts)
[15_3_in_5] Success!
[10_3_in_5] Starting (50000 attempts)
[14_3_in_5] Success!
[46_3_in_5] Starting (50000 attempts)
[41_3_in_4] Success!
[29_3_in_5] Starting (50000 attempts)
[Main] Worker finished 14_3_in_5 with score 2.4652187605962332
[16_3_in_5] Starting (50000 attempts)
[Main] Worker finished 15_3_in_5 with score 2.5559232338788074
[Main] Worker finished 41_3_in_4 with score 5.239388915911843
[Main] Worker finished 22_3_in_4 with score 3.772431793856755
[Main] Worker finished 8_3_in_5 with score 1.8619464760431805
[47_3_in_4] Success!
[15_3_in_5] Starting (50000 attempts)
[14_3_in_5] Starting (50000 attempts)
[41_3_in_4] Starting (50000 attempts)
[34_3_in_5] Success!
[6_3_in_5] Starting (5000 attempts)
[Main] Worker finished 34_3_in_5 with score 3.9461152167487463
[20_3_in_5] Starting (50000 attempts)
[Main] Worker finished 47_3_in_4 with score 5.794113313948808
[13_3_in_5] Success!
[20_3_in_4] Success!
[34_3_in_5] Starting (50000 attempts)
[12_3_in_5] Success!
[Main] Worker finished 13_3_in_5 with score 2.376183853477225
[19_3_in_4] Starting (50000 attempts)
[Main] Worker finished 20_3_in_4 with score 3.5781902777109544
[Main] Worker finished 12_3_in_5 with score 2.2810567560643444
[12_3_in_5] Starting (50000 attempts)
[44_3_in_4] Starting (50000 attempts)
[19_3_in_5] Starting (50000 attempts)
[5_3_in_5] Success!
[Main] Worker finished 5_3_in_5 with score 1.4720175212422872
[5_3_in_5] Starting (5000 attempts)
[17_3_in_5] Success!
[Main] Worker finished 17_3_in_5 with score 2.7323676487059054
[31_3_in_4] Success!
[43_3_in_5] Success!
[Main] Worker finished 31_3_in_4 with score 4.5121471333184004[17_3_in_5] Starting (50000 attempts)

[Main] Worker finished 43_3_in_5 with score 4.545698950837966
[43_3_in_5] Starting (50000 attempts)
[46_3_in_4] Starting (50000 attempts)
[26_3_in_4] Success!
[Main] Worker finished 26_3_in_4 with score 4.123124181466853
[8_3_in_5] Starting (50000 attempts)
[35_3_in_5] Success!
[Main] Worker finished 35_3_in_5 with score 4.010477889407581
[23_3_in_5] Success!
[Main] Worker finished 23_3_in_5 with score 3.214050405610152[35_3_in_5] Starting (50000 attempts)

[37_3_in_4] Success!
[32_3_in_5] Success!
[Main] Worker finished 32_3_in_5 with score 3.8213008669137976
[23_3_in_5] Starting (50000 attempts)
[Main] Worker finished 37_3_in_4 with score 4.9847754772189905
[37_3_in_4] Starting (50000 attempts)
[11_3_in_5] Success!
[35_3_in_4] Success!
[Main] Worker finished 35_3_in_4 with score 4.834594736876403
[33_3_in_4] Starting (50000 attempts)
[Main] Worker finished 11_3_in_5 with score 2.1839791795050525
[11_3_in_5] Starting (50000 attempts)
[9_3_in_5] Success!
[24_3_in_5] Success!
[Main] Worker finished 24_3_in_5 with score 3.2867657182486067
[35_3_in_4] Starting (50000 attempts)
[Main] Worker finished 9_3_in_5 with score 1.9752394669748916
[48_3_in_5] Success!
[7_3_in_5] Success!
[45_3_in_4] Starting (50000 attempts)
[Main] Worker finished 48_3_in_5 with score 4.915319526260801
[25_3_in_5] Starting (50000 attempts)
[Main] Worker finished 7_3_in_5 with score 1.7415211268108657
[22_3_in_5] Success!
[41_3_in_5] Success!
[48_3_in_5] Starting (50000 attempts)
[10_3_in_5] Success!
[40_3_in_5] Success!
[Main] Worker finished 22_3_in_5 with score 3.13858163927497
[38_3_in_4] Starting (50000 attempts)
[Main] Worker finished 41_3_in_5 with score 4.43601535585848
[Main] Worker finished 40_3_in_5 with score 4.338037420792714
[Main] Worker finished 10_3_in_5 with score 2.082410107254271
[16_3_in_5] Success!
[14_3_in_5] Success!
[41_3_in_5] Starting (50000 attempts)
[6_3_in_5] Success!
[40_3_in_5] Starting (50000 attempts)
[15_3_in_5] Success!
[41_3_in_4] Success!
[29_3_in_4] Starting (50000 attempts)
[34_3_in_5] Success!
[29_3_in_5] Success!
[46_3_in_5] Success!
[Main] Worker finished 41_3_in_4 with score 5.300918451365578
[Main] Worker finished 15_3_in_5 with score 2.5618419556280747
[48_3_in_4] Starting (50000 attempts)
[Main] Worker finished 14_3_in_5 with score 2.46658543201319
[Main] Worker finished 34_3_in_5 with score 3.923471452589675
[Main] Worker finished 6_3_in_5 with score 1.6123349343104063
[Main] Worker finished 16_3_in_5 with score 2.6370485097753296
[Main] Worker finished 29_3_in_5 with score 3.6178453475505643
[Main] Worker finished 46_3_in_5 with score 4.780181091478305
[12_3_in_5] Success!
[19_3_in_4] Success!
[29_3_in_5] Starting (50000 attempts)
[20_3_in_5] Success!
[14_3_in_5] Starting (50000 attempts)
[16_3_in_5] Starting (50000 attempts)
[41_3_in_4] Starting (50000 attempts)
[34_3_in_5] Starting (50000 attempts)
[44_3_in_4] Success!
[7_3_in_5] Starting (5000 attempts)
[9_3_in_5] Starting (50000 attempts)
[Main] Worker finished 12_3_in_5 with score 2.2825210292601
[44_3_in_5] Starting (50000 attempts)
[Main] Worker finished 19_3_in_4 with score 3.4749579846208545
[Main] Worker finished 20_3_in_5 with score 2.9636364242807445
[Main] Worker finished 44_3_in_4 with score 5.510118396618576
[19_3_in_5] Success!
[20_3_in_5] Starting (50000 attempts)
[19_3_in_4] Starting (50000 attempts)
[44_3_in_4] Starting (50000 attempts)
[Main] Worker finished 19_3_in_5 with score 2.889276125195163
[37_3_in_5] Starting (50000 attempts)
[19_3_in_5] Starting (50000 attempts)
[5_3_in_5] Success!
[Main] Worker finished 5_3_in_5 with score 1.4729382517437977
[42_3_in_4] Starting (50000 attempts)
[46_3_in_4] Success!
[Main] Worker finished 46_3_in_4 with score 5.794978717846507
[17_3_in_5] Success!
[Main] Worker finished 17_3_in_5 with score 2.7267716268126065
[35_3_in_5] Success!
[26_3_in_5] Starting (50000 attempts)
[43_3_in_5] Success!
[8_3_in_5] Success!
[Main] Worker finished 8_3_in_5 with score 1.865150091772716
[17_3_in_5] Starting (50000 attempts)
[Main] Worker finished 43_3_in_5 with score 4.5471086147615
[Main] Worker finished 35_3_in_5 with score 3.99280955847488
[35_3_in_5] Starting (50000 attempts)
[35_3_in_4] Success!
[11_3_in_5] Success!
[33_3_in_4] Success!
[37_3_in_4] Success!
[43_3_in_5] Starting (50000 attempts)
[25_3_in_5] Success!
[Main] Worker finished 25_3_in_5 with score 3.3548512625620384
[12_3_in_5] Starting (50000 attempts)
[Main] Worker finished 11_3_in_5 with score 2.1840005756627887
[Main] Worker finished 33_3_in_4 with score 4.669414131048485
[Main] Worker finished 37_3_in_4 with score 4.9989739085753895
[Main] Worker finished 35_3_in_4 with score 4.825042646460126
[33_3_in_4] Starting (50000 attempts)
[48_3_in_5] Success!
[23_3_in_5] Success!
[25_3_in_5] Starting (50000 attempts)
[35_3_in_4] Starting (50000 attempts)
[24_3_in_4] Starting (50000 attempts)
[45_3_in_4] Success!
[41_3_in_5] Success!
[Main] Worker finished 48_3_in_5 with score 4.915319526260801
[13_3_in_5] Starting (50000 attempts)
[Main] Worker finished 23_3_in_5 with score 3.212510546033262
[Main] Worker finished 41_3_in_5 with score 4.407454570116356
[Main] Worker finished 45_3_in_4 with score 5.647952956007288
[38_3_in_4] Success!
[29_3_in_5] Success!
[14_3_in_5] Success!
[45_3_in_4] Starting (50000 attempts)
[41_3_in_5] Starting (50000 attempts)
[7_3_in_5] Success!
[40_3_in_5] Success!
[29_3_in_4] Success!
[48_3_in_4] Success!
[48_3_in_5] Starting (50000 attempts)
[Main] Worker finished 29_3_in_5 with score 3.626194651604767
[8_3_in_5] Starting (50000 attempts)
[Main] Worker finished 40_3_in_5 with score 4.337158486578315
[Main] Worker finished 29_3_in_4 with score 4.356312031809176
[Main] Worker finished 7_3_in_5 with score 1.741302480727963
[Main] Worker finished 48_3_in_4 with score 5.879887617876555
[Main] Worker finished 38_3_in_4 with score 5.080052420447588
[Main] Worker finished 14_3_in_5 with score 2.46692076071614
[9_3_in_5] Success!
[16_3_in_5] Success!
[7_3_in_5] Starting (5000 attempts)
[29_3_in_4] Starting (50000 attempts)
[41_3_in_4] Success!
[20_3_in_5] Success!
[48_3_in_4] Starting (50000 attempts)
[44_3_in_5] Success!
[34_3_in_5] Success!
[40_3_in_5] Starting (50000 attempts)
[19_3_in_4] Success!
[14_3_in_5] Starting (50000 attempts)
[11_3_in_5] Starting (50000 attempts)
[37_3_in_5] Success!
[Main] Worker finished 9_3_in_5 with score 1.9745999816583595
[13_3_in_4] Starting (50000 attempts)
[Main] Worker finished 19_3_in_4 with score 3.489016757376917
[Main] Worker finished 37_3_in_5 with score 4.128960978773291
[Main] Worker finished 34_3_in_5 with score 3.947879099407685
[Main] Worker finished 20_3_in_5 with score 2.979874119835598
[Main] Worker finished 16_3_in_5 with score 2.6454091069146624
[Main] Worker finished 44_3_in_5 with score 4.613193520329596
[Main] Worker finished 41_3_in_4 with score 5.251728161491698
[44_3_in_4] Success!
[19_3_in_5] Success!
[9_3_in_5] Starting (50000 attempts)
[37_3_in_5] Starting (50000 attempts)
[16_3_in_5] Starting (50000 attempts)
[41_3_in_4] Starting (50000 attempts)
[22_3_in_4] Starting (50000 attempts)
[38_3_in_5] Starting (50000 attempts)
[31_3_in_5] Starting (50000 attempts)
[Main] Worker finished 19_3_in_5 with score 2.899557486435371
[27_3_in_4] Starting (50000 attempts)
[Main] Worker finished 44_3_in_4 with score 5.507143899560233
[44_3_in_4] Starting (50000 attempts)
[18_3_in_4] Starting (50000 attempts)
[42_3_in_4] Success!
[Main] Worker finished 42_3_in_4 with score 5.2607077896165695
[42_3_in_4] Starting (50000 attempts)
[12_3_in_5] Success!
[Main] Worker finished 12_3_in_5 with score 2.284152641201089
[28_3_in_5] Starting (50000 attempts)
[26_3_in_5] Success!
[Main] Worker finished 26_3_in_5 with score 3.423154964041294
[6_3_in_5] Starting (5000 attempts)
[25_3_in_5] Success!
[Main] Worker finished 25_3_in_5 with score 3.3556612279080955
[33_3_in_4] Success!
[43_3_in_5] Success!
[17_3_in_5] Success!
[Main] Worker finished 17_3_in_5 with score 2.7314538930997747
[31_3_in_4] Starting (50000 attempts)
[Main] Worker finished 33_3_in_4 with score 4.638921679552324
[Main] Worker finished 43_3_in_5 with score 4.549971733868087
[35_3_in_4] Success!
[24_3_in_4] Success!
[33_3_in_4] Starting (50000 attempts)
[13_3_in_5] Success!
[35_3_in_5] Success!
[43_3_in_5] Starting (50000 attempts)
[Main] Worker finished 35_3_in_4 with score 4.8291095387918155[28_3_in_4] Starting (50000 attempts)

[Main] Worker finished 24_3_in_4 with score 3.952641702922097
[Main] Worker finished 35_3_in_5 with score 4.0108940558382296
[Main] Worker finished 13_3_in_5 with score 2.377680188257214
[35_3_in_4] Starting (50000 attempts)
[45_3_in_4] Success!
[36_3_in_5] Starting (50000 attempts)
[32_3_in_5] Starting (50000 attempts)
[Main] Worker finished 45_3_in_4 with score 5.7132249482627175
[21_3_in_4] Starting (50000 attempts)
[48_3_in_5] Success!
[Main] Worker finished 48_3_in_5 with score 4.934683003968771
[12_3_in_5] Starting (50000 attempts)
[7_3_in_5] Success!
[29_3_in_4] Success!
[8_3_in_5] Success!
[48_3_in_4] Success!
[Main] Worker finished 48_3_in_4 with score 5.9622688805178194
[24_3_in_5] Starting (50000 attempts)
[Main] Worker finished 7_3_in_5 with score 1.741521089253839
[Main] Worker finished 8_3_in_5 with score 1.863147342173624
[Main] Worker finished 29_3_in_4 with score 4.356791006586825
[13_3_in_4] Success!
[41_3_in_5] Success!
[40_3_in_5] Success!
[48_3_in_4] Starting (50000 attempts)
[11_3_in_5] Success!
[49_3_in_5] Starting (50000 attempts)
[9_3_in_5] Success!
[22_3_in_5] Starting (50000 attempts)
[16_3_in_5] Success!
[Main] Worker finished 40_3_in_5 with score 4.3677964743052975
[21_3_in_5] Starting (50000 attempts)
[Main] Worker finished 13_3_in_4 with score 2.8576944903029786
[Main] Worker finished 11_3_in_5 with score 2.184000119231139
[Main] Worker finished 16_3_in_5 with score 2.64632235265758
[Main] Worker finished 9_3_in_5 with score 1.9747622290882303
[Main] Worker finished 41_3_in_5 with score 4.438726344183587
[14_3_in_5] Success!
[9_3_in_5] Starting (50000 attempts)
[31_3_in_5] Success!
[11_3_in_5] Starting (50000 attempts)
[13_3_in_4] Starting (50000 attempts)
[22_3_in_4] Success!
[41_3_in_5] Starting (50000 attempts)
[41_3_in_4] Success!
[18_3_in_4] Success!
[50_3_in_5] Starting (50000 attempts)
[Main] Worker finished 22_3_in_4 with score 3.765164554072858
[40_3_in_4] Starting (50000 attempts)
[Main] Worker finished 41_3_in_4 with score 5.309996556824351
[Main] Worker finished 14_3_in_5 with score 2.4659355544552657
[Main] Worker finished 31_3_in_5 with score 3.740292630295907
[Main] Worker finished 18_3_in_4 with score 3.387695813606559
[37_3_in_5] Success!
[22_3_in_4] Starting (50000 attempts)
[31_3_in_5] Starting (50000 attempts)
[7_3_in_5] Starting (5000 attempts)
[44_3_in_4] Success!
[8_3_in_5] Starting (50000 attempts)
[38_3_in_5] Success!
[27_3_in_4] Success!
[Main] Worker finished 44_3_in_4 with score 5.47793347153846
[36_3_in_4] Starting (50000 attempts)
[Main] Worker finished 27_3_in_4 with score 4.199693166277639
[Main] Worker finished 37_3_in_5 with score 4.133010567214957
[Main] Worker finished 38_3_in_5 with score 4.211890671734769
[38_3_in_5] Starting (50000 attempts)
[27_3_in_4] Starting (50000 attempts)
[37_3_in_5] Starting (50000 attempts)
[44_3_in_4] Starting (50000 attempts)
[42_3_in_4] Success!
[Main] Worker finished 42_3_in_4 with score 5.298384715320234
[42_3_in_4] Starting (50000 attempts)
[6_3_in_5] Success!
[Main] Worker finished 6_3_in_5 with score 1.612334936953984
[28_3_in_5] Success!
[Main] Worker finished 28_3_in_5 with score 3.5468551195181495
[46_3_in_4] Starting (50000 attempts)
[31_3_in_4] Success!
[Main] Worker finished 31_3_in_4 with score 4.511461568353446
[28_3_in_5] Starting (50000 attempts)
[31_3_in_4] Starting (50000 attempts)
[32_3_in_5] Success!
[Main] Worker finished 32_3_in_5 with score 3.822590015910944
[35_3_in_4] Success!
[Main] Worker finished 35_3_in_4 with score 4.831035797280756
[26_3_in_4] Starting (50000 attempts)
[28_3_in_4] Success!
[Main] Worker finished 28_3_in_4 with score 4.2821596558921735
[38_3_in_4] Starting (50000 attempts)
[24_3_in_5] Success!
[43_3_in_5] Success!
[Main] Worker finished 24_3_in_5 with score 3.287251039359204[44_3_in_5] Starting (50000 attempts)

[Main] Worker finished 43_3_in_5 with score 4.532666431949152
[33_3_in_4] Success!
[36_3_in_5] Success!
[43_3_in_5] Starting (50000 attempts)
[21_3_in_4] Success!
[Main] Worker finished 21_3_in_4 with score 3.6731964592442723
[33_3_in_5] Starting (50000 attempts)
[Main] Worker finished 36_3_in_5 with score 4.064967614482476
[Main] Worker finished 33_3_in_4 with score 4.667308396814935
[36_3_in_5] Starting (50000 attempts)
[22_3_in_5] Success!
[12_3_in_5] Success!
[21_3_in_5] Success!
[21_3_in_4] Starting (50000 attempts)
[Main] Worker finished 21_3_in_5 with score 3.0607699640967896
[33_3_in_4] Starting (50000 attempts)
[Main] Worker finished 22_3_in_5 with score 3.125966412039639
[Main] Worker finished 12_3_in_5 with score 2.280693190144371
[12_3_in_5] Starting (50000 attempts)
[48_3_in_4] Success!
[13_3_in_4] Success!
[49_3_in_5] Success!
[22_3_in_5] Starting (50000 attempts)
[Main] Worker finished 13_3_in_4 with score 2.8574940526862185
[26_3_in_5] Starting (50000 attempts)
[Main] Worker finished 49_3_in_5 with score 4.861753263418145
[Main] Worker finished 48_3_in_4 with score 5.932996747424285
[49_3_in_5] Starting (50000 attempts)
[13_3_in_4] Starting (50000 attempts)
[11_3_in_5] Success!
[Main] Worker finished 11_3_in_5 with score 2.184087528755134
[10_3_in_5] Starting (50000 attempts)
[9_3_in_5] Success!
[Main] Worker finished 9_3_in_5 with score 1.9752434868994524
[24_3_in_4] Starting (50000 attempts)
[31_3_in_5] Success!
[50_3_in_5] Success!
[Main] Worker finished 50_3_in_5 with score 4.948840981263765
[13_3_in_5] Starting (50000 attempts)
[Main] Worker finished 31_3_in_5 with score 3.7468315733292363
[40_3_in_4] Success!
[22_3_in_4] Success!
[50_3_in_5] Starting (50000 attempts)
[8_3_in_5] Success!
[Main] Worker finished 8_3_in_5 with score 1.861825545957237
[32_3_in_4] Starting (50000 attempts)
[Main] Worker finished 22_3_in_4 with score 3.77257493111911
[Main] Worker finished 40_3_in_4 with score 5.247521742555183
[41_3_in_5] Success!
[36_3_in_4] Success!
[8_3_in_5] Starting (50000 attempts)
[38_3_in_5] Success!
[22_3_in_4] Starting (50000 attempts)
[27_3_in_4] Success!
[Main] Worker finished 36_3_in_4 with score 4.892190565013793
[39_3_in_5] Starting (50000 attempts)
[Main] Worker finished 27_3_in_4 with score 4.196040143767096
[Main] Worker finished 41_3_in_5 with score 4.426349142311938
[Main] Worker finished 38_3_in_5 with score 4.191757338454755
[37_3_in_5] Success!
[36_3_in_4] Starting (50000 attempts)
[38_3_in_5] Starting (50000 attempts)
[7_3_in_5] Success!
[27_3_in_4] Starting (50000 attempts)
[Main] Worker finished 7_3_in_5 with score 1.7415209482113003
[41_3_in_5] Starting (50000 attempts)
[Main] Worker finished 37_3_in_5 with score 4.112096542709368
[37_3_in_5] Starting (50000 attempts)
[44_3_in_4] Success!
[Main] Worker finished 44_3_in_4 with score 5.530008168223557
[9_3_in_5] Starting (50000 attempts)
[44_3_in_4] Starting (50000 attempts)
[42_3_in_4] Success!
[Main] Worker finished 42_3_in_4 with score 5.268298604438345
[42_3_in_4] Starting (50000 attempts)
[26_3_in_4] Success!
[Main] Worker finished 26_3_in_4 with score 4.1151692531083865
[46_3_in_4] Success!
[Main] Worker finished 46_3_in_4 with score 5.722208477212925
[26_3_in_4] Starting (50000 attempts)
[46_3_in_4] Starting (50000 attempts)
[28_3_in_5] Success!
[Main] Worker finished 28_3_in_5 with score 3.5407095898404486
[31_3_in_4] Success!
[Main] Worker finished 31_3_in_4 with score 4.5258992879828135
[28_3_in_5] Starting (50000 attempts)
[46_3_in_5] Starting (50000 attempts)
[38_3_in_4] Success!
[Main] Worker finished 38_3_in_4 with score 5.076672643865842
[33_3_in_4] Success!
[Main] Worker finished 33_3_in_4 with score 4.663132632882893
[23_3_in_4] Starting (50000 attempts)
[33_3_in_4] Starting (50000 attempts)
[43_3_in_5] Success!
[Main] Worker finished 43_3_in_5 with score 4.568446141774649
[7_3_in_5] Starting (5000 attempts)
[33_3_in_5] Success!
[Main] Worker finished 33_3_in_5 with score 3.883971622498746
[21_3_in_4] Success!
[36_3_in_5] Success!
[44_3_in_5] Success!
[12_3_in_5] Success!
[26_3_in_5] Success!
[Main] Worker finished 26_3_in_5 with score 3.425231302967463
[27_3_in_5] Starting (50000 attempts)
[Main] Worker finished 36_3_in_5 with score 4.081934814214522
[Main] Worker finished 44_3_in_5 with score 4.644310240700544
[Main] Worker finished 12_3_in_5 with score 2.2817345601383994
[Main] Worker finished 21_3_in_4 with score 3.677568826009939
[13_3_in_4] Success!
[22_3_in_5] Success!
[36_3_in_5] Starting (50000 attempts)
[21_3_in_4] Starting (50000 attempts)
[18_3_in_4] Starting (50000 attempts)
[15_3_in_5] Starting (50000 attempts)
[24_3_in_4] Success!
[49_3_in_5] Success!
[32_3_in_4] Success!
[Main] Worker finished 22_3_in_5 with score 3.139804286879844
[45_3_in_5] Starting (50000 attempts)
[Main] Worker finished 32_3_in_4 with score 4.580862027825861
[Main] Worker finished 24_3_in_4 with score 3.941584563803553
[Main] Worker finished 49_3_in_5 with score 4.898177197784849
[Main] Worker finished 13_3_in_4 with score 2.8576779410511337
[10_3_in_5] Success!
[24_3_in_4] Starting (50000 attempts)
[50_3_in_5] Success!
[49_3_in_5] Starting (50000 attempts)
[13_3_in_4] Starting (50000 attempts)
[6_3_in_5] Starting (5000 attempts)
[8_3_in_5] Success!
[38_3_in_5] Success!
[Main] Worker finished 38_3_in_5 with score 4.159908794659079
[5_3_in_5] Starting (5000 attempts)
[Main] Worker finished 10_3_in_5 with score 2.0853963397076267
[Main] Worker finished 50_3_in_5 with score 5.060936103773458
[Main] Worker finished 8_3_in_5 with score 1.8629992811519858
[27_3_in_4] Success!
[22_3_in_4] Success!
[13_3_in_5] Success!
[38_3_in_5] Starting (50000 attempts)
[39_3_in_5] Success!
[28_3_in_4] Starting (50000 attempts)
[32_3_in_5] Starting (50000 attempts)
[36_3_in_4] Success!
[Main] Worker finished 22_3_in_4 with score 3.737583442918365
[37_3_in_4] Starting (50000 attempts)
[Main] Worker finished 27_3_in_4 with score 4.1948690585594
[41_3_in_5] Success!
[Main] Worker finished 39_3_in_5 with score 4.25412969787667
[Main] Worker finished 36_3_in_4 with score 4.89348638628278
[Main] Worker finished 13_3_in_5 with score 2.3768244014957953
[44_3_in_4] Success!
[39_3_in_5] Starting (50000 attempts)
[9_3_in_5] Success!
[36_3_in_4] Starting (50000 attempts)
[22_3_in_4] Starting (50000 attempts)
[27_3_in_4] Starting (50000 attempts)
[37_3_in_5] Success!
[Main] Worker finished 37_3_in_5 with score 4.124584868330643
[43_3_in_4] Starting (50000 attempts)
[Main] Worker finished 44_3_in_4 with score 5.507143899560233
[Main] Worker finished 41_3_in_5 with score 4.412844141126257
[Main] Worker finished 9_3_in_5 with score 1.9752374293685684
[9_3_in_5] Starting (50000 attempts)
[37_3_in_5] Starting (50000 attempts)
[42_3_in_4] Success!
[41_3_in_5] Starting (50000 attempts)
[Main] Worker finished 42_3_in_4 with score 5.355439835214768
[44_3_in_4] Starting (50000 attempts)
[42_3_in_4] Starting (50000 attempts)
[46_3_in_5] Success!
[Main] Worker finished 46_3_in_5 with score 4.713691172240886
[46_3_in_5] Starting (50000 attempts)
[28_3_in_5] Success!
[Main] Worker finished 28_3_in_5 with score 3.5580373358654924
[7_3_in_5] Success!
[Main] Worker finished 7_3_in_5 with score 1.7415209924244952
[8_3_in_5] Starting (50000 attempts)
[46_3_in_4] Success!
[26_3_in_4] Success!
[23_3_in_4] Success!
[Main] Worker finished 23_3_in_4 with score 3.8451034073643178
[7_3_in_5] Starting (5000 attempts)
[Main] Worker finished 46_3_in_4 with score 5.761724730717903
[Main] Worker finished 26_3_in_4 with score 4.119465178405683
[33_3_in_4] Success!
[23_3_in_4] Starting (50000 attempts)
[26_3_in_4] Starting (50000 attempts)
[Main] Worker finished 33_3_in_4 with score 4.670161487667832
[24_3_in_5] Starting (50000 attempts)
[36_3_in_5] Success!
[Main] Worker finished 36_3_in_5 with score 4.093829703998814
[34_3_in_4] Starting (50000 attempts)
[27_3_in_5] Success!
[24_3_in_4] Success!
[15_3_in_5] Success!
[Main] Worker finished 24_3_in_4 with score 3.9502779887954635
[47_3_in_4] Starting (50000 attempts)
[Main] Worker finished 15_3_in_5 with score 2.5566795035996788
[Main] Worker finished 27_3_in_5 with score 3.492079490670368
[6_3_in_5] Success!
[18_3_in_4] Success!
[45_3_in_5] Success!
[27_3_in_5] Starting (50000 attempts)
[20_3_in_5] Starting (50000 attempts)
[5_3_in_5] Success!
[Main] Worker finished 18_3_in_4 with score 3.3659064048143965
[21_3_in_5] Starting (50000 attempts)
[Main] Worker finished 45_3_in_5 with score 4.708662387201879
[Main] Worker finished 5_3_in_5 with score 1.4723570500599985
[Main] Worker finished 6_3_in_5 with score 1.6121328531934824
[21_3_in_4] Success!
[18_3_in_4] Starting (50000 attempts)
[13_3_in_4] Success!
[6_3_in_5] Starting (5000 attempts)
[49_3_in_5] Success!
[5_3_in_5] Starting (5000 attempts)
[38_3_in_5] Success!
[Main] Worker finished 49_3_in_5 with score 5.000729469232406[19_3_in_4] Starting (50000 attempts)

[Main] Worker finished 21_3_in_4 with score 3.681571753636822
[Main] Worker finished 38_3_in_5 with score 4.2009772089052495
[Main] Worker finished 13_3_in_4 with score 2.8582316921561732
[32_3_in_5] Success!
[39_3_in_5] Success!
[28_3_in_4] Success!
[36_3_in_4] Success!
[37_3_in_4] Success!
[49_3_in_5] Starting (50000 attempts)
[13_3_in_4] Starting (50000 attempts)
[38_3_in_5] Starting (50000 attempts)
[Main] Worker finished 36_3_in_4 with score 4.908196057615982
[19_3_in_5] Starting (50000 attempts)
[Main] Worker finished 32_3_in_5 with score 3.8198535233815396
[Main] Worker finished 37_3_in_4 with score 4.993428565386346
[Main] Worker finished 39_3_in_5 with score 4.268402373486384
[Main] Worker finished 28_3_in_4 with score 4.275861794730384
[32_3_in_5] Starting (50000 attempts)
[43_3_in_4] Success!
[37_3_in_4] Starting (50000 attempts)
[27_3_in_4] Success!
[39_3_in_5] Starting (50000 attempts)
[37_3_in_5] Success!
[40_3_in_4] Starting (50000 attempts)
[Main] Worker finished 37_3_in_5 with score 4.1116488573498735
[45_3_in_4] Starting (50000 attempts)
[Main] Worker finished 27_3_in_4 with score 4.195409358164298
[Main] Worker finished 43_3_in_4 with score 5.387324351752546
[22_3_in_4] Success!
[43_3_in_4] Starting (50000 attempts)
[27_3_in_4] Starting (50000 attempts)
[Main] Worker finished 22_3_in_4 with score 3.7662234633119733
[37_3_in_5] Starting (50000 attempts)
[22_3_in_4] Starting (50000 attempts)
[42_3_in_4] Success!
[Main] Worker finished 42_3_in_4 with score 5.39801657813848
[44_3_in_4] Success!
[Main] Worker finished 44_3_in_4 with score 5.559905649836012
[11_3_in_5] Starting (50000 attempts)
[9_3_in_5] Success!
[Main] Worker finished 9_3_in_5 with score 1.9760193267190667
[18_3_in_5] Starting (50000 attempts)
[25_3_in_5] Starting (50000 attempts)
[41_3_in_5] Success!
[Main] Worker finished 41_3_in_5 with score 4.377198899135384
[41_3_in_5] Starting (50000 attempts)
[23_3_in_4] Success!
[Main] Worker finished 23_3_in_4 with score 3.866711833663175
[38_3_in_4] Starting (50000 attempts)
[46_3_in_5] Success!
[Main] Worker finished 46_3_in_5 with score 4.809234157448433
[29_3_in_4] Starting (50000 attempts)
[26_3_in_4] Success!
[Main] Worker finished 26_3_in_4 with score 4.123189681877966
[7_3_in_5] Success!
[Main] Worker finished 7_3_in_5 with score 1.741992950058115[44_3_in_5] Starting (50000 attempts)

[33_3_in_5] Starting (50000 attempts)
[18_3_in_4] Success!
[Main] Worker finished 18_3_in_4 with score 3.3730549320294476
[24_3_in_5] Success!
[27_3_in_5] Success!
[34_3_in_4] Success!
[47_3_in_4] Success!
[8_3_in_5] Success!
[21_3_in_5] Success!
[Main] Worker finished 8_3_in_5 with score 1.8618284059158525
[18_3_in_4] Starting (50000 attempts)
[Main] Worker finished 24_3_in_5 with score 3.286334413452948
[Main] Worker finished 47_3_in_4 with score 5.563590171770927
[Main] Worker finished 34_3_in_4 with score 4.750041563550544
[19_3_in_4] Success!
[Main] Worker finished 21_3_in_5 with score 3.061378377050752
[Main] Worker finished 27_3_in_5 with score 3.4948919253688073
[38_3_in_5] Success!
[20_3_in_5] Success!
[6_3_in_5] Success!
[8_3_in_5] Starting (50000 attempts)
[49_3_in_5] Success!
[32_3_in_5] Success!
[47_3_in_4] Starting (50000 attempts)
[5_3_in_5] Success!
[9_3_in_5] Starting (50000 attempts)
[47_3_in_5] Starting (50000 attempts)
[13_3_in_4] Success!
[26_3_in_5] Starting (50000 attempts)
[Main] Worker finished 6_3_in_5 with score 1.6123349427304685
[10_3_in_5] Starting (50000 attempts)
[Main] Worker finished 20_3_in_5 with score 2.989593146189021
[Main] Worker finished 32_3_in_5 with score 3.816607698500155
[Main] Worker finished 49_3_in_5 with score 4.9800798487191305
[Main] Worker finished 13_3_in_4 with score 2.8578976750860554
[37_3_in_4] Success!
[Main] Worker finished 19_3_in_4 with score 3.4928950013620854
[Main] Worker finished 38_3_in_5 with score 4.21401571905601
[Main] Worker finished 5_3_in_5 with score 1.473245283870909
[40_3_in_4] Success!
[39_3_in_5] Success!
[45_3_in_4] Success!
[27_3_in_4] Success!
[5_3_in_5] Starting (5000 attempts)
[19_3_in_5] Success!
[32_3_in_5] Starting (50000 attempts)
[49_3_in_5] Starting (50000 attempts)
[7_3_in_5] Starting (5000 attempts)
[22_3_in_4] Success!
[13_3_in_5] Starting (50000 attempts)
[37_3_in_5] Success!
[43_3_in_4] Success!
[23_3_in_5] Starting (50000 attempts)
[39_3_in_4] Starting (50000 attempts)
[Main] Worker finished 37_3_in_4 with score 4.958817684219711
[32_3_in_4] Starting (50000 attempts)
[Main] Worker finished 43_3_in_4 with score 5.460261284341275
[Main] Worker finished 19_3_in_5 with score 2.8950194265201956
[Main] Worker finished 45_3_in_4 with score 5.615988604415179
[Main] Worker finished 40_3_in_4 with score 5.226374125857576
[Main] Worker finished 39_3_in_5 with score 4.287941432631569
[Main] Worker finished 27_3_in_4 with score 4.20166032174916
[Main] Worker finished 22_3_in_4 with score 3.764686834268154
[Main] Worker finished 37_3_in_5 with score 4.145917038705444
[19_3_in_5] Starting (50000 attempts)
[25_3_in_5] Success!
[40_3_in_4] Starting (50000 attempts)
[11_3_in_5] Success!
[45_3_in_4] Starting (50000 attempts)
[18_3_in_5] Success!
[37_3_in_4] Starting (50000 attempts)
[43_3_in_4] Starting (50000 attempts)
[22_3_in_4] Starting (50000 attempts)
[12_3_in_5] Starting (50000 attempts)
[31_3_in_5] Starting (50000 attempts)
[Main] Worker finished 11_3_in_5 with score 2.18375650922241
[29_3_in_5] Starting (50000 attempts)
[Main] Worker finished 25_3_in_5 with score 3.351616666744678
[Main] Worker finished 18_3_in_5 with score 2.805303726163589
[11_3_in_5] Starting (50000 attempts)
[18_3_in_5] Starting (50000 attempts)
[25_3_in_5] Starting (50000 attempts)
[41_3_in_5] Success!
[Main] Worker finished 41_3_in_5 with score 4.406409006698152
[41_3_in_5] Starting (50000 attempts)
[44_3_in_5] Success!
[Main] Worker finished 44_3_in_5 with score 4.619614987312692
[44_3_in_5] Starting (50000 attempts)
[33_3_in_5] Success!
[Main] Worker finished 33_3_in_5 with score 3.8785305936072336
[29_3_in_4] Success!
[38_3_in_4] Success!
[18_3_in_4] Success!
[Main] Worker finished 29_3_in_4 with score 4.3600640488344835
[33_3_in_5] Starting (50000 attempts)
[Main] Worker finished 38_3_in_4 with score 5.028276482423163
[Main] Worker finished 18_3_in_4 with score 3.3878578123067733
[30_3_in_5] Starting (50000 attempts)
[15_3_in_5] Starting (50000 attempts)
[9_3_in_5] Success!
[Main] Worker finished 9_3_in_5 with score 1.9752431543759215
[45_3_in_5] Starting (50000 attempts)
[31_3_in_4] Starting (50000 attempts)
[26_3_in_5] Success!
[Main] Worker finished 26_3_in_5 with score 3.426096090722829
[26_3_in_5] Starting (50000 attempts)
[8_3_in_5] Success!
[Main] Worker finished 8_3_in_5 with score 1.8621727149016296
[5_3_in_5] Success!
[10_3_in_5] Success!
[47_3_in_4] Success!
[Main] Worker finished 5_3_in_5 with score 1.472991955853758
[8_3_in_5] Starting (50000 attempts)
[Main] Worker finished 10_3_in_5 with score 2.082130793006534
[Main] Worker finished 47_3_in_4 with score 5.666496767748144
[47_3_in_5] Success!
[49_3_in_5] Success!
[35_3_in_5] Starting (50000 attempts)
[32_3_in_5] Success!
[7_3_in_5] Success!
[28_3_in_4] Starting (50000 attempts)
[13_3_in_5] Success!
[23_3_in_5] Success!
[Main] Worker finished 47_3_in_5 with score 4.861227389105084
[30_3_in_4] Starting (50000 attempts)
[Main] Worker finished 49_3_in_5 with score 5.000729469232406
[Main] Worker finished 32_3_in_5 with score 3.818753300532484
[Main] Worker finished 7_3_in_5 with score 1.7419930290413932
[Main] Worker finished 23_3_in_5 with score 3.196245137156039
[Main] Worker finished 13_3_in_5 with score 2.377114870720469
[23_3_in_5] Starting (50000 attempts)
[32_3_in_4] Success!
[39_3_in_4] Success!
[40_3_in_4] Success!
[19_3_in_5] Success!
[32_3_in_5] Starting (50000 attempts)
[37_3_in_4] Success!
[9_3_in_5] Starting (50000 attempts)
[24_3_in_5] Starting (50000 attempts)
[12_3_in_5] Success!
[34_3_in_4] Starting (50000 attempts)
[43_3_in_4] Success!
[29_3_in_5] Success!
[Main] Worker finished 37_3_in_4 with score 4.97301427680519[22_3_in_5] Starting (50000 attempts)

[Main] Worker finished 43_3_in_4 with score 5.47018034860416
[Main] Worker finished 39_3_in_4 with score 5.1558851422383265
[Main] Worker finished 40_3_in_4 with score 5.231028209256738
[Main] Worker finished 32_3_in_4 with score 4.594857279559144
[Main] Worker finished 19_3_in_5 with score 2.899291336704032
[Main] Worker finished 12_3_in_5 with score 2.281121344484355
[Main] Worker finished 29_3_in_5 with score 3.620442207097806
[31_3_in_5] Success!
[22_3_in_4] Success!
[45_3_in_4] Success!
[12_3_in_5] Starting (50000 attempts)
[29_3_in_5] Starting (50000 attempts)
[19_3_in_5] Starting (50000 attempts)
[11_3_in_5] Success!
[37_3_in_4] Starting (50000 attempts)
[25_3_in_5] Success!
[7_3_in_5] Starting (5000 attempts)
[18_3_in_5] Success!
[40_3_in_5] Starting (50000 attempts)
[20_3_in_5] Starting (50000 attempts)
[Main] Worker finished 25_3_in_5 with score 3.3485939995796397
[21_3_in_5] Starting (50000 attempts)
[Main] Worker finished 31_3_in_5 with score 3.750882172214016
[Main] Worker finished 18_3_in_5 with score 2.8153774063989676
[Main] Worker finished 45_3_in_4 with score 5.5747233358041175
[Main] Worker finished 22_3_in_4 with score 3.774698185789025
[Main] Worker finished 11_3_in_5 with score 2.183513454436132
[31_3_in_5] Starting (50000 attempts)
[45_3_in_4] Starting (50000 attempts)
[11_3_in_5] Starting (50000 attempts)
[41_3_in_5] Success!
[25_3_in_5] Starting (50000 attempts)
[19_3_in_4] Starting (50000 attempts)
[Main] Worker finished 41_3_in_5 with score 4.346976905423606
[50_3_in_5] Starting (50000 attempts)
[41_3_in_5] Starting (50000 attempts)
[15_3_in_5] Success!
[Main] Worker finished 15_3_in_5 with score 2.5538931928485025
[30_3_in_5] Success!
[Main] Worker finished 30_3_in_5 with score 3.690226423516163
[15_3_in_5] Starting (50000 attempts)
[44_3_in_5] Success!
[45_3_in_5] Success!
[33_3_in_5] Success!
[Main] Worker finished 33_3_in_5 with score 3.8803534687458225
[46_3_in_4] Starting (50000 attempts)
[Main] Worker finished 44_3_in_5 with score 4.559518809134679
[Main] Worker finished 45_3_in_5 with score 4.662173874890604
[26_3_in_5] Success!
[31_3_in_4] Success!
[45_3_in_5] Starting (50000 attempts)
[8_3_in_5] Success!
[44_3_in_5] Starting (50000 attempts)
[Main] Worker finished 31_3_in_4 with score 4.512343681745255
[42_3_in_5] Starting (50000 attempts)
[Main] Worker finished 26_3_in_5 with score 3.406456655634964
[30_3_in_4] Success!
[Main] Worker finished 8_3_in_5 with score 1.861828577294159
[31_3_in_4] Starting (50000 attempts)
[26_3_in_5] Starting (50000 attempts)
[Main] Worker finished 30_3_in_4 with score 4.4404243683460605
[38_3_in_4] Starting (50000 attempts)
[29_3_in_4] Starting (50000 attempts)
[32_3_in_5] Success!
[Main] Worker finished 32_3_in_5 with score 3.7978788551625318
[32_3_in_5] Starting (50000 attempts)
[28_3_in_4] Success!
[Main] Worker finished 28_3_in_4 with score 4.28273088524133
[9_3_in_5] Success!
[Main] Worker finished 9_3_in_5 with score 1.9752452301473202
[48_3_in_4] Starting (50000 attempts)
[35_3_in_5] Success!
[Main] Worker finished 35_3_in_5 with score 4.016641778510792
[47_3_in_5] Starting (50000 attempts)
[19_3_in_5] Success!
[22_3_in_5] Success!
[23_3_in_5] Success!
[Main] Worker finished 19_3_in_5 with score 2.9018956703847496
[35_3_in_5] Starting (50000 attempts)
[24_3_in_5] Success!
[Main] Worker finished 22_3_in_5 with score 3.12758009682115
[Main] Worker finished 23_3_in_5 with score 3.2061001771265123
[12_3_in_5] Success!
[22_3_in_5] Starting (50000 attempts)
[48_3_in_5] Starting (50000 attempts)
[37_3_in_4] Success!
[Main] Worker finished 37_3_in_4 with score 4.979091903166594
[10_3_in_5] Starting (50000 attempts)
[Main] Worker finished 24_3_in_5 with score 3.2882086849229664
[Main] Worker finished 12_3_in_5 with score 2.281806786845854
[7_3_in_5] Success!
[12_3_in_5] Starting (50000 attempts)
[20_3_in_5] Success!
[37_3_in_4] Starting (50000 attempts)
[34_3_in_4] Success!
[21_3_in_5] Success!
[Main] Worker finished 20_3_in_5 with score 2.980028183227876
[8_3_in_5] Starting (50000 attempts)
[Main] Worker finished 34_3_in_4 with score 4.752732187376625
[Main] Worker finished 7_3_in_5 with score 1.7415208109819311
[Main] Worker finished 21_3_in_5 with score 3.0583086575029306
[40_3_in_5] Success!
[29_3_in_5] Success!
[7_3_in_5] Starting (5000 attempts)
[24_3_in_4] Starting (50000 attempts)
[45_3_in_4] Success!
[13_3_in_5] Starting (50000 attempts)
[11_3_in_5] Success!
[Main] Worker finished 11_3_in_5 with score 2.1837890241842888
[34_3_in_5] Starting (50000 attempts)
[Main] Worker finished 40_3_in_5 with score 4.342567092575126
[Main] Worker finished 29_3_in_5 with score 3.6206919956293455
[Main] Worker finished 45_3_in_4 with score 5.7015861808794295
[40_3_in_5] Starting (50000 attempts)
[25_3_in_5] Success!
[11_3_in_5] Starting (50000 attempts)
[41_3_in_5] Success!
[19_3_in_4] Success!
[39_3_in_4] Starting (50000 attempts)
[31_3_in_5] Success!
[Main] Worker finished 19_3_in_4 with score 3.484824579557127
[32_3_in_4] Starting (50000 attempts)
[Main] Worker finished 41_3_in_5 with score 4.401336787130617
[Main] Worker finished 31_3_in_5 with score 3.7523837989599076
[Main] Worker finished 25_3_in_5 with score 3.3541575882537047
[19_3_in_4] Starting (50000 attempts)
[31_3_in_5] Starting (50000 attempts)
[25_3_in_5] Starting (50000 attempts)
[41_3_in_5] Starting (50000 attempts)
[50_3_in_5] Success!
[Main] Worker finished 50_3_in_5 with score 5.038237152105902
[25_3_in_4] Starting (50000 attempts)
[42_3_in_5] Success!
[Main] Worker finished 42_3_in_5 with score 4.488436223051359
[42_3_in_5] Starting (50000 attempts)
[31_3_in_4] Success!
[Main] Worker finished 31_3_in_4 with score 4.519151827282252
[26_3_in_5] Success!
[Main] Worker finished 26_3_in_5 with score 3.423904039797705
[17_3_in_5] Starting (50000 attempts)
[44_3_in_5] Success!
[45_3_in_5] Success!
[15_3_in_5] Success!
[Main] Worker finished 44_3_in_5 with score 4.595443709690094
[9_3_in_5] Starting (50000 attempts)
[Main] Worker finished 15_3_in_5 with score 2.5602942598579355
[Main] Worker finished 45_3_in_5 with score 4.710714837233404
[46_3_in_4] Success!
[38_3_in_4] Success!
[44_3_in_5] Starting (50000 attempts)
[46_3_in_5] Starting (50000 attempts)
[Main] Worker finished 38_3_in_4 with score 5.050501918393193
[23_3_in_4] Starting (50000 attempts)
[Main] Worker finished 46_3_in_4 with score 5.750566983266424
[29_3_in_4] Success!
[32_3_in_5] Success!
[46_3_in_4] Starting (50000 attempts)
[Main] Worker finished 29_3_in_4 with score 4.362741874026145
[27_3_in_5] Starting (50000 attempts)
[Main] Worker finished 32_3_in_5 with score 3.81453626238177
[48_3_in_4] Success!
[29_3_in_4] Starting (50000 attempts)
[Main] Worker finished 48_3_in_4 with score 5.976799738945055
[32_3_in_5] Starting (50000 attempts)
[10_3_in_5] Success!
[Main] Worker finished 10_3_in_5 with score 2.0822839873152965
[30_3_in_5] Starting (50000 attempts)
[35_3_in_5] Success!
[47_3_in_5] Success!
[Main] Worker finished 47_3_in_5 with score 4.848298696670875
[28_3_in_5] Starting (50000 attempts)
[Main] Worker finished 35_3_in_5 with score 3.987475772993807
[48_3_in_5] Success!
[35_3_in_5] Starting (50000 attempts)
[22_3_in_5] Success!
[Main] Worker finished 48_3_in_5 with score 4.904891093643268
[14_3_in_5] Starting (50000 attempts)
[Main] Worker finished 22_3_in_5 with score 3.1111507976186643
[48_3_in_5] Starting (50000 attempts)
[22_3_in_5] Starting (50000 attempts)
[12_3_in_5] Success!
[Main] Worker finished 12_3_in_5 with score 2.281774719396906
[13_3_in_5] Success!
[Main] Worker finished 13_3_in_5 with score 2.3760423411412983
[6_3_in_5] Starting (5000 attempts)
[37_3_in_4] Success!
[7_3_in_5] Success!
[8_3_in_5] Success!
[Main] Worker finished 7_3_in_5 with score 1.7415212643818043
[13_3_in_5] Starting (50000 attempts)
[Main] Worker finished 37_3_in_4 with score 4.975718060171866
[Main] Worker finished 8_3_in_5 with score 1.862273227685253
[24_3_in_4] Success!
[8_3_in_5] Starting (50000 attempts)
[37_3_in_4] Starting (50000 attempts)
[Main] Worker finished 24_3_in_4 with score 3.9470266359230797
[28_3_in_4] Starting (50000 attempts)
[34_3_in_5] Success!
[Main] Worker finished 34_3_in_5 with score 3.9444518736456886
[36_3_in_5] Starting (50000 attempts)
[30_3_in_4] Starting (50000 attempts)
[11_3_in_5] Success!
[Main] Worker finished 11_3_in_5 with score 2.183947151240954
[40_3_in_5] Success!
[Main] Worker finished 40_3_in_5 with score 4.350306184780458
[11_3_in_5] Starting (50000 attempts)
[31_3_in_5] Success!
[Main] Worker finished 31_3_in_5 with score 3.7510097520858428
[21_3_in_4] Starting (50000 attempts)
[19_3_in_4] Success!
[Main] Worker finished 19_3_in_4 with score 3.4793306605229857
[24_3_in_5] Starting (50000 attempts)
[34_3_in_4] Starting (50000 attempts)
[32_3_in_4] Success!
[Main] Worker finished 32_3_in_4 with score 4.589587650660373
[39_3_in_4] Success!
[Main] Worker finished 39_3_in_4 with score 5.143380928063102[47_3_in_4] Starting (50000 attempts)

[25_3_in_5] Success!
[41_3_in_5] Success!
[Main] Worker finished 41_3_in_5 with score 4.4106555025540235
[7_3_in_5] Starting (5000 attempts)
[Main] Worker finished 25_3_in_5 with score 3.3523414627546697
[25_3_in_5] Starting (50000 attempts)
[25_3_in_4] Success!
[Main] Worker finished 25_3_in_4 with score 4.025502424434585
[20_3_in_5] Starting (50000 attempts)
[21_3_in_5] Starting (50000 attempts)
[17_3_in_5] Success!
[Main] Worker finished 17_3_in_5 with score 2.737913535287059
[9_3_in_5] Success!
[Main] Worker finished 9_3_in_5 with score 1.9747783737162115
[50_3_in_5] Starting (50000 attempts)
[46_3_in_5] Success!
[Main] Worker finished 46_3_in_5 with score 4.766984861463623
[9_3_in_5] Starting (50000 attempts)
[40_3_in_4] Starting (50000 attempts)
[42_3_in_5] Success!
[Main] Worker finished 42_3_in_5 with score 4.501108891407314
[44_3_in_5] Success!
[29_3_in_4] Success!
[Main] Worker finished 44_3_in_5 with score 4.598252129690084
[36_3_in_4] Starting (50000 attempts)
[Main] Worker finished 29_3_in_4 with score 4.364930726176143
[27_3_in_5] Success!
[23_3_in_4] Success!
[44_3_in_5] Starting (50000 attempts)
[14_3_in_5] Success!
[32_3_in_5] Success!
[Main] Worker finished 32_3_in_5 with score 3.8230367666316996
[16_3_in_5] Starting (50000 attempts)
[Main] Worker finished 23_3_in_4 with score 3.8614661402104886
[Main] Worker finished 27_3_in_5 with score 3.484782289677088
[Main] Worker finished 14_3_in_5 with score 2.46445572349768
[30_3_in_5] Success!
[28_3_in_5] Success!
[27_3_in_5] Starting (50000 attempts)
[35_3_in_5] Success!
[48_3_in_5] Success!
[14_3_in_5] Starting (50000 attempts)
[46_3_in_4] Success!
[22_3_in_5] Success!
[41_3_in_4] Starting (50000 attempts)
[Main] Worker finished 28_3_in_5 with score 3.558344440885539[26_3_in_4] Starting (50000 attempts)

[Main] Worker finished 46_3_in_4 with score 5.723060973112493
[Main] Worker finished 35_3_in_5 with score 4.015817229434117
[Main] Worker finished 48_3_in_5 with score 4.904891093643268
[Main] Worker finished 30_3_in_5 with score 3.682331185717538
[Main] Worker finished 22_3_in_5 with score 3.137509002541995
[37_3_in_4] Success!
[30_3_in_5] Starting (50000 attempts)
[6_3_in_5] Success!
[13_3_in_5] Success!
[8_3_in_5] Success!
[46_3_in_4] Starting (50000 attempts)
[48_3_in_5] Starting (50000 attempts)
[28_3_in_4] Success!
[11_3_in_5] Success!
[18_3_in_5] Starting (50000 attempts)
[36_3_in_5] Success!
[30_3_in_4] Success!
[38_3_in_4] Starting (50000 attempts)
[21_3_in_4] Success!
[Main] Worker finished 30_3_in_4 with score 4.442841456224359
[48_3_in_4] Starting (50000 attempts)
[Main] Worker finished 28_3_in_4 with score 4.2830134468568914
[Main] Worker finished 36_3_in_5 with score 4.079956994876601
[Main] Worker finished 37_3_in_4 with score 4.989361920385847
[Main] Worker finished 13_3_in_5 with score 2.3839817314833853
[Main] Worker finished 6_3_in_5 with score 1.6123349306873853
[Main] Worker finished 8_3_in_5 with score 1.8625283844678815
[Main] Worker finished 11_3_in_5 with score 2.1839576663429954
[Main] Worker finished 21_3_in_4 with score 3.6800300851241263
[6_3_in_5] Starting (5000 attempts)
[7_3_in_5] Success!
[28_3_in_4] Starting (50000 attempts)
[34_3_in_4] Success!
[36_3_in_5] Starting (50000 attempts)
[47_3_in_4] Success!
[21_3_in_4] Starting (50000 attempts)
[33_3_in_5] Starting (50000 attempts)
[24_3_in_5] Success!
[47_3_in_5] Starting (50000 attempts)
[35_3_in_4] Starting (50000 attempts)
[25_3_in_5] Success!
[21_3_in_5] Success!
[10_3_in_5] Starting (50000 attempts)
[Main] Worker finished 47_3_in_4 with score 5.821150800797809
[24_3_in_4] Starting (50000 attempts)
[Main] Worker finished 7_3_in_5 with score 1.741520798299917
[Main] Worker finished 25_3_in_5 with score 3.3492363271068823
[Main] Worker finished 21_3_in_5 with score 3.0512499398194173
[Main] Worker finished 34_3_in_4 with score 4.7439128607154295
[Main] Worker finished 24_3_in_5 with score 3.2751135661928643
[20_3_in_5] Success!
[7_3_in_5] Starting (5000 attempts)
[24_3_in_5] Starting (50000 attempts)
[21_3_in_5] Starting (50000 attempts)
[25_3_in_5] Starting (50000 attempts)
[34_3_in_5] Starting (50000 attempts)
[23_3_in_5] Starting (50000 attempts)
[Main] Worker finished 20_3_in_5 with score 2.9778784861815017
[39_3_in_4] Starting (50000 attempts)
[9_3_in_5] Success!
[Main] Worker finished 9_3_in_5 with score 1.9752355393538408
[50_3_in_5] Success!
[40_3_in_4] Success!
[36_3_in_4] Success!
[Main] Worker finished 50_3_in_5 with score 5.080762807461953
[9_3_in_5] Starting (50000 attempts)
[Main] Worker finished 40_3_in_4 with score 5.2334266494413555
[44_3_in_5] Success!
[14_3_in_5] Success!
[Main] Worker finished 36_3_in_4 with score 4.913688617582608
[36_3_in_4] Starting (50000 attempts)
[16_3_in_5] Success!
[8_3_in_5] Starting (50000 attempts)
[27_3_in_5] Success!
[41_3_in_4] Success!
[26_3_in_4] Success!
[Main] Worker finished 44_3_in_5 with score 4.53941936918705
[32_3_in_4] Starting (50000 attempts)
[Main] Worker finished 16_3_in_5 with score 2.646748170403518
[Main] Worker finished 41_3_in_4 with score 5.344340597136543
[Main] Worker finished 27_3_in_5 with score 3.4937866324078284
[Main] Worker finished 26_3_in_4 with score 4.119736838607519
[Main] Worker finished 14_3_in_5 with score 2.468274690562742
[26_3_in_4] Starting (50000 attempts)
[27_3_in_5] Starting (50000 attempts)
[44_3_in_5] Starting (50000 attempts)
[25_3_in_4] Starting (50000 attempts)
[38_3_in_4] Success!
[17_3_in_5] Starting (50000 attempts)
[18_3_in_5] Success!
[30_3_in_5] Success!
[Main] Worker finished 30_3_in_5 with score 3.6900136585431866
[39_3_in_5] Starting (50000 attempts)
[Main] Worker finished 18_3_in_5 with score 2.8150458620539838
[Main] Worker finished 38_3_in_4 with score 5.003479419196687
[48_3_in_5] Success!
[48_3_in_4] Success!
[38_3_in_4] Starting (50000 attempts)
[46_3_in_4] Success!
[46_3_in_5] Starting (50000 attempts)
[28_3_in_4] Success!
[Main] Worker finished 48_3_in_5 with score 4.917997248684821
[23_3_in_4] Starting (50000 attempts)
[Main] Worker finished 28_3_in_4 with score 4.2780287900676415
[Main] Worker finished 48_3_in_4 with score 5.8915301174018735
[Main] Worker finished 46_3_in_4 with score 5.759468844103423
[21_3_in_4] Success!
[6_3_in_5] Success!
[28_3_in_4] Starting (50000 attempts)
[29_3_in_5] Starting (50000 attempts)
[36_3_in_5] Success!
[18_3_in_4] Starting (50000 attempts)
[Main] Worker finished 36_3_in_5 with score 4.084658495745539
[15_3_in_5] Starting (50000 attempts)
[Main] Worker finished 21_3_in_4 with score 3.6771208951325876
[Main] Worker finished 6_3_in_5 with score 1.612771820598636
[28_3_in_5] Starting (50000 attempts)
[45_3_in_5] Starting (50000 attempts)
[7_3_in_5] Success!
[Main] Worker finished 7_3_in_5 with score 1.7419931843758547
[5_3_in_5] Starting (5000 attempts)
[33_3_in_5] Success!
[Main] Worker finished 33_3_in_5 with score 3.8749145300602232
[31_3_in_4] Starting (50000 attempts)
[33_3_in_5] Starting (50000 attempts)
[25_3_in_5] Success!
[Main] Worker finished 25_3_in_5 with score 3.3424667499730587
[47_3_in_5] Success!
[24_3_in_5] Success!
[10_3_in_5] Success!
[21_3_in_5] Success!
[Main] Worker finished 24_3_in_5 with score 3.2816706093052
[25_3_in_5] Starting (50000 attempts)
[Main] Worker finished 21_3_in_5 with score 3.0610328761594787
[Main] Worker finished 10_3_in_5 with score 2.0821242474487414
[Main] Worker finished 47_3_in_5 with score 4.869176772209432
[10_3_in_5] Starting (50000 attempts)
[34_3_in_5] Success!
[35_3_in_4] Success!
[24_3_in_5] Starting (50000 attempts)
[24_3_in_4] Success!
[30_3_in_4] Starting (50000 attempts)
[Main] Worker finished 24_3_in_4 with score 3.940697840475364
[43_3_in_4] Starting (50000 attempts)
[Main] Worker finished 34_3_in_5 with score 3.92798373948752
[Main] Worker finished 35_3_in_4 with score 4.81202790348503
[35_3_in_4] Starting (50000 attempts)
[24_3_in_4] Starting (50000 attempts)
[34_3_in_5] Starting (50000 attempts)
[23_3_in_5] Success!
[Main] Worker finished 23_3_in_5 with score 3.209190569666925
[39_3_in_4] Success!
[Main] Worker finished 39_3_in_4 with score 5.11556801376883
[23_3_in_5] Starting (50000 attempts)
[39_3_in_4] Starting (50000 attempts)
[32_3_in_4] Success!
[Main] Worker finished 32_3_in_4 with score 4.594869531729368
[8_3_in_5] Success!
[Main] Worker finished 8_3_in_5 with score 1.8622698752319378
[32_3_in_4] Starting (50000 attempts)
[36_3_in_4] Success!
[Main] Worker finished 36_3_in_4 with score 4.873185402167506
[7_3_in_5] Starting (5000 attempts)
[9_3_in_5] Success!
[Main] Worker finished 9_3_in_5 with score 1.9772469189045083
[36_3_in_4] Starting (50000 attempts)
[26_3_in_4] Success!
[Main] Worker finished 26_3_in_4 with score 4.090145161669469
[34_3_in_4] Starting (50000 attempts)
[26_3_in_4] Starting (50000 attempts)
[44_3_in_5] Success!
[Main] Worker finished 44_3_in_5 with score 4.622926771052484
[27_3_in_5] Success!
[39_3_in_5] Success!
[25_3_in_4] Success!
[Main] Worker finished 39_3_in_5 with score 4.288863290939708
[Main] Worker finished 27_3_in_5 with score 3.4940101836587867
[20_3_in_4] Starting (50000 attempts)
[Main] Worker finished 25_3_in_4 with score 4.039849444339109
[17_3_in_5] Success!
[46_3_in_5] Success!
[39_3_in_5] Starting (50000 attempts)
[47_3_in_4] Starting (50000 attempts)
[Main] Worker finished 17_3_in_5 with score 2.739194776551938[40_3_in_5] Starting (50000 attempts)

[Main] Worker finished 46_3_in_5 with score 4.814448867625991
[38_3_in_4] Success!
[20_3_in_5] Starting (50000 attempts)
[23_3_in_4] Success!
[Main] Worker finished 23_3_in_4 with score 3.865004416994504
[19_3_in_4] Starting (50000 attempts)
[Main] Worker finished 38_3_in_4 with score 5.100913327074751
[8_3_in_5] Starting (50000 attempts)
[29_3_in_5] Success!
[45_3_in_5] Success!
[28_3_in_5] Success!
[Main] Worker finished 45_3_in_5 with score 4.721307684388859[50_3_in_5] Starting (50000 attempts)

[Main] Worker finished 28_3_in_5 with score 3.5622497846848282
[Main] Worker finished 29_3_in_5 with score 3.5975614203413757
[28_3_in_4] Success!
[33_3_in_5] Success!
[5_3_in_5] Success!
[29_3_in_5] Starting (50000 attempts)
[15_3_in_5] Success!
[10_3_in_5] Success!
[45_3_in_5] Starting (50000 attempts)
[Main] Worker finished 28_3_in_4 with score 4.286373504450072
[19_3_in_5] Starting (50000 attempts)
[Main] Worker finished 15_3_in_5 with score 2.5573206020053934
[Main] Worker finished 5_3_in_5 with score 1.4735920349924307
[Main] Worker finished 33_3_in_5 with score 3.8731049118160197
[Main] Worker finished 10_3_in_5 with score 2.082180993568058
[18_3_in_4] Success!
[30_3_in_4] Success!
[15_3_in_5] Starting (50000 attempts)
[33_3_in_5] Starting (50000 attempts)
[10_3_in_5] Starting (50000 attempts)
[25_3_in_5] Success!
[31_3_in_4] Success!
[40_3_in_4] Starting (50000 attempts)
[Main] Worker finished 30_3_in_4 with score 4.436378520124871
[33_3_in_4] Starting (50000 attempts)
[Main] Worker finished 25_3_in_5 with score 3.35405237523908
[Main] Worker finished 18_3_in_4 with score 3.3941934149460877
[43_3_in_4] Success!
[Main] Worker finished 31_3_in_4 with score 4.517482763933968
[25_3_in_5] Starting (50000 attempts)
[16_3_in_5] Starting (50000 attempts)
[45_3_in_4] Starting (50000 attempts)
[34_3_in_5] Success!
[35_3_in_4] Success!
[Main] Worker finished 34_3_in_5 with score 3.921397080025062
[41_3_in_4] Starting (50000 attempts)
[Main] Worker finished 43_3_in_4 with score 5.362936819342942
[Main] Worker finished 35_3_in_4 with score 4.80386310538611
[43_3_in_4] Starting (50000 attempts)
[35_3_in_4] Starting (50000 attempts)
[34_3_in_5] Starting (50000 attempts)
[24_3_in_5] Success!
[Main] Worker finished 24_3_in_5 with score 3.276095647133475
[24_3_in_5] Starting (50000 attempts)
[24_3_in_4] Success!
[Main] Worker finished 24_3_in_4 with score 3.946937444447185
[18_3_in_5] Starting (50000 attempts)
[23_3_in_5] Success!
[Main] Worker finished 23_3_in_5 with score 3.178503447710973
[23_3_in_5] Starting (50000 attempts)
[39_3_in_4] Success!
[Main] Worker finished 39_3_in_4 with score 5.113665255020332
[39_3_in_4] Starting (50000 attempts)
[36_3_in_4] Success!
[Main] Worker finished 36_3_in_4 with score 4.855207569977713
[36_3_in_4] Starting (50000 attempts)
[34_3_in_4] Success!
[Main] Worker finished 34_3_in_4 with score 4.754770299001342
[7_3_in_5] Success!
[Main] Worker finished 7_3_in_5 with score 1.7415209229293795
[42_3_in_5] Starting (50000 attempts)
[32_3_in_4] Success!
[Main] Worker finished 32_3_in_4 with score 4.576920145975488
[43_3_in_5] Starting (50000 attempts)
[32_3_in_4] Starting (50000 attempts)
[20_3_in_4] Success!
[Main] Worker finished 20_3_in_4 with score 3.589803056266868
[29_3_in_4] Starting (50000 attempts)
[40_3_in_5] Success!
[Main] Worker finished 40_3_in_5 with score 4.370189482288758
[39_3_in_5] Success!
[26_3_in_4] Success!
[19_3_in_4] Success!
[Main] Worker finished 19_3_in_4 with score 3.4878601022877502
[48_3_in_4] Starting (50000 attempts)
[Main] Worker finished 39_3_in_5 with score 4.292645028691155
[Main] Worker finished 26_3_in_4 with score 4.115710222050206
[20_3_in_5] Success!
[29_3_in_5] Success!
[19_3_in_4] Starting (50000 attempts)
[26_3_in_4] Starting (50000 attempts)
[45_3_in_5] Success!
[8_3_in_5] Success!
[Main] Worker finished 8_3_in_5 with score 1.8622733053150105
[42_3_in_4] Starting (50000 attempts)
[Main] Worker finished 45_3_in_5 with score 4.689279261767693
[Main] Worker finished 20_3_in_5 with score 2.983670866266292
[Main] Worker finished 29_3_in_5 with score 3.625225971555021
[47_3_in_4] Success!
[19_3_in_5] Success!
[50_3_in_5] Success!
[29_3_in_5] Starting (50000 attempts)
[45_3_in_5] Starting (50000 attempts)
[7_3_in_5] Starting (5000 attempts)
[25_3_in_5] Success!
[15_3_in_5] Success!
[16_3_in_5] Success!
[Main] Worker finished 50_3_in_5 with score 5.074579589451149
[47_3_in_5] Starting (50000 attempts)
[Main] Worker finished 15_3_in_5 with score 2.5576858109517837
[Main] Worker finished 16_3_in_5 with score 2.6447073279870934
[10_3_in_5] Success!
[Main] Worker finished 25_3_in_5 with score 3.355727311895116
[Main] Worker finished 19_3_in_5 with score 2.9011288787282723
[Main] Worker finished 47_3_in_4 with score 5.86088578299584
[33_3_in_5] Success!
[43_3_in_4] Success!
[40_3_in_4] Success!
[26_3_in_5] Starting (50000 attempts)
[33_3_in_4] Success!
[35_3_in_4] Success!
[13_3_in_5] Starting (50000 attempts)
[25_3_in_4] Starting (50000 attempts)
[45_3_in_4] Success!
[17_3_in_5] Starting (50000 attempts)
[41_3_in_4] Success!
[12_3_in_5] Starting (50000 attempts)
[Main] Worker finished 43_3_in_4 with score 5.4153264614506575
[13_3_in_4] Starting (50000 attempts)
[Main] Worker finished 35_3_in_4 with score 4.80288561700123
[Main] Worker finished 45_3_in_4 with score 5.603833610537377
[Main] Worker finished 33_3_in_4 with score 4.672131677129943
[Main] Worker finished 40_3_in_4 with score 5.186395970815428
[Main] Worker finished 10_3_in_5 with score 2.0834021480082696
[Main] Worker finished 33_3_in_5 with score 3.883433841059457
[Main] Worker finished 41_3_in_4 with score 5.297802520874435
[40_3_in_4] Starting (50000 attempts)
[45_3_in_4] Starting (50000 attempts)
[34_3_in_5] Success!
[41_3_in_4] Starting (50000 attempts)
[35_3_in_4] Starting (50000 attempts)
[18_3_in_5] Success!
[8_3_in_5] Starting (50000 attempts)
[24_3_in_5] Success!
[46_3_in_5] Starting (50000 attempts)
[23_3_in_5] Success!
[23_3_in_4] Starting (50000 attempts)
[Main] Worker finished 24_3_in_5 with score 3.2743103921974965
[38_3_in_5] Starting (50000 attempts)
[Main] Worker finished 18_3_in_5 with score 2.806940223380176
[Main] Worker finished 23_3_in_5 with score 3.2020178361971157
[Main] Worker finished 34_3_in_5 with score 3.9368576348695354
[18_3_in_5] Starting (50000 attempts)
[34_3_in_5] Starting (50000 attempts)
[24_3_in_5] Starting (50000 attempts)
[31_3_in_5] Starting (50000 attempts)
[39_3_in_4] Success!
[Main] Worker finished 39_3_in_4 with score 5.090643765807064
[39_3_in_4] Starting (50000 attempts)
[36_3_in_4] Success!
[Main] Worker finished 36_3_in_4 with score 4.884898331846194
[36_3_in_4] Starting (50000 attempts)
[43_3_in_5] Success!
[Main] Worker finished 43_3_in_5 with score 4.501511108475899
[42_3_in_5] Success!
[32_3_in_4] Success!
[Main] Worker finished 42_3_in_5 with score 4.472073747520985
[43_3_in_5] Starting (50000 attempts)
[Main] Worker finished 32_3_in_4 with score 4.588379290208047
[29_3_in_4] Success!
[42_3_in_5] Starting (50000 attempts)
[Main] Worker finished 29_3_in_4 with score 4.363992644333877
[32_3_in_4] Starting (50000 attempts)
[27_3_in_4] Starting (50000 attempts)
[26_3_in_4] Success!
[Main] Worker finished 26_3_in_4 with score 4.122481078097387
[29_3_in_5] Success!
[Main] Worker finished 29_3_in_5 with score 3.6130225660796396
[26_3_in_4] Starting (50000 attempts)
[19_3_in_4] Success!
[Main] Worker finished 19_3_in_4 with score 3.4834961094264556
[29_3_in_5] Starting (50000 attempts)
[42_3_in_4] Success!
[Main] Worker finished 42_3_in_4 with score 5.463160843043507
[19_3_in_4] Starting (50000 attempts)
[48_3_in_4] Success!
[Main] Worker finished 48_3_in_4 with score 5.996814663389013
[18_3_in_4] Starting (50000 attempts)
[13_3_in_5] Success!
[Main] Worker finished 13_3_in_5 with score 2.376252190849636
[30_3_in_5] Starting (50000 attempts)
[17_3_in_5] Success!
[Main] Worker finished 17_3_in_5 with score 2.7331598165439797
[13_3_in_5] Starting (50000 attempts)
[45_3_in_5] Success!
[Main] Worker finished 45_3_in_5 with score 4.737110659037927[28_3_in_5] Starting (50000 attempts)

[47_3_in_5] Success!
[7_3_in_5] Success!
[26_3_in_5] Success!
[12_3_in_5] Success!
[Main] Worker finished 12_3_in_5 with score 2.281160740395194
[14_3_in_5] Starting (50000 attempts)
[Main] Worker finished 47_3_in_5 with score 4.743893703613669
[Main] Worker finished 7_3_in_5 with score 1.7415213554575293
[Main] Worker finished 26_3_in_5 with score 3.4128861078981187
[47_3_in_5] Starting (50000 attempts)
[25_3_in_4] Success!
[13_3_in_4] Success!
[26_3_in_5] Starting (50000 attempts)
[12_3_in_5] Starting (50000 attempts)
[40_3_in_4] Success!
[Main] Worker finished 40_3_in_4 with score 5.205715198843607
[6_3_in_5] Starting (5000 attempts)
[Main] Worker finished 13_3_in_4 with score 2.85800979240017
[Main] Worker finished 25_3_in_4 with score 4.031642915555777
[40_3_in_4] Starting (50000 attempts)
[35_3_in_4] Success!
[5_3_in_5] Starting (5000 attempts)
[46_3_in_5] Success!
[Main] Worker finished 46_3_in_5 with score 4.7894560122898095
[31_3_in_4] Starting (50000 attempts)
[Main] Worker finished 35_3_in_4 with score 4.83512348743006
[45_3_in_4] Success!
[23_3_in_4] Success!
[41_3_in_4] Success!
[35_3_in_5] Starting (50000 attempts)
[38_3_in_5] Success!
[8_3_in_5] Success!
[Main] Worker finished 41_3_in_4 with score 5.281935413889523
[36_3_in_5] Starting (50000 attempts)
[Main] Worker finished 8_3_in_5 with score 1.8625278381907544
[Main] Worker finished 45_3_in_4 with score 5.639011370907293
[Main] Worker finished 38_3_in_5 with score 4.19126175551533
[Main] Worker finished 23_3_in_4 with score 3.859886681529355
[24_3_in_5] Success!
[38_3_in_5] Starting (50000 attempts)
[34_3_in_5] Success!
[7_3_in_5] Starting (5000 attempts)
[18_3_in_5] Success!
[30_3_in_4] Starting (50000 attempts)
[31_3_in_5] Success!
[21_3_in_4] Starting (50000 attempts)
[Main] Worker finished 34_3_in_5 with score 3.9447223664625923
[34_3_in_4] Starting (50000 attempts)
[Main] Worker finished 24_3_in_5 with score 3.2653207001879005
[Main] Worker finished 18_3_in_5 with score 2.8027682661513866
[Main] Worker finished 31_3_in_5 with score 3.752559168276142
[18_3_in_5] Starting (50000 attempts)
[24_3_in_5] Starting (50000 attempts)
[49_3_in_5] Starting (50000 attempts)
[20_3_in_4] Starting (50000 attempts)
[39_3_in_4] Success!
[Main] Worker finished 39_3_in_4 with score 5.087310109199051
[39_3_in_4] Starting (50000 attempts)
[36_3_in_4] Success!
[Main] Worker finished 36_3_in_4 with score 4.918991752152422
[47_3_in_4] Starting (50000 attempts)
[27_3_in_4] Success!
[Main] Worker finished 27_3_in_4 with score 4.201853485095585
[42_3_in_5] Success!
[26_3_in_4] Success!
[Main] Worker finished 42_3_in_5 with score 4.493924228272134
[22_3_in_5] Starting (50000 attempts)
[Main] Worker finished 26_3_in_4 with score 4.120704841297614
[19_3_in_4] Success!
[18_3_in_4] Success!
[42_3_in_5] Starting (50000 attempts)
[32_3_in_4] Success!
[30_3_in_5] Success!
[40_3_in_5] Starting (50000 attempts)
[Main] Worker finished 18_3_in_4 with score 3.388983482069515
[Main] Worker finished 32_3_in_4 with score 4.596047595394476
[Main] Worker finished 19_3_in_4 with score 3.4911849899890632
[Main] Worker finished 30_3_in_5 with score 3.689105641415202
[29_3_in_5] Success!
[43_3_in_5] Success!
[30_3_in_5] Starting (50000 attempts)
[20_3_in_5] Starting (50000 attempts)
[21_3_in_5] Starting (50000 attempts)
[13_3_in_5] Success!
[Main] Worker finished 43_3_in_5 with score 4.521480299677108
[50_3_in_5] Starting (50000 attempts)
[Main] Worker finished 29_3_in_5 with score 3.626281239317357
[Main] Worker finished 13_3_in_5 with score 2.376686696691942
[28_3_in_5] Success!
[14_3_in_5] Success!
[43_3_in_5] Starting (50000 attempts)
[13_3_in_5] Starting (50000 attempts)
[26_3_in_5] Success!
[Main] Worker finished 26_3_in_5 with score 3.4228367222673124
[44_3_in_4] Starting (50000 attempts)
[Main] Worker finished 14_3_in_5 with score 2.465178612100705
[Main] Worker finished 28_3_in_5 with score 3.5575865157565896
[47_3_in_5] Success!
[12_3_in_5] Success!
[14_3_in_5] Starting (50000 attempts)
[26_3_in_5] Starting (50000 attempts)
[6_3_in_5] Success!
[Main] Worker finished 12_3_in_5 with score 2.2828463356619753
[19_3_in_5] Starting (50000 attempts)
[Main] Worker finished 6_3_in_5 with score 1.6123349319774278
[Main] Worker finished 47_3_in_5 with score 4.7480943727201375
[47_3_in_5] Starting (50000 attempts)
[46_3_in_4] Starting (50000 attempts)
[36_3_in_5] Success!
[Main] Worker finished 36_3_in_5 with score 4.071158098037037
[33_3_in_4] Starting (50000 attempts)
[38_3_in_5] Success!
[40_3_in_4] Success!
[Main] Worker finished 40_3_in_4 with score 5.225239631965783
[36_3_in_5] Starting (50000 attempts)
[Main] Worker finished 38_3_in_5 with score 4.219228847953709
[40_3_in_4] Starting (50000 attempts)
[16_3_in_5] Starting (50000 attempts)
[30_3_in_4] Success!
[Main] Worker finished 30_3_in_4 with score 4.430692479862689
[35_3_in_5] Success!
[31_3_in_4] Success!
[Main] Worker finished 31_3_in_4 with score 4.511012361479802
[30_3_in_4] Starting (50000 attempts)
[Main] Worker finished 35_3_in_5 with score 4.022465532823228
[7_3_in_5] Success!
[5_3_in_5] Success!
[31_3_in_4] Starting (50000 attempts)
[18_3_in_5] Success!
[Main] Worker finished 18_3_in_5 with score 2.8155364596357235
[8_3_in_5] Starting (50000 attempts)
[Main] Worker finished 7_3_in_5 with score 1.7415207886861965
[Main] Worker finished 5_3_in_5 with score 1.4723585422181367
[21_3_in_4] Success!
[7_3_in_5] Starting (5000 attempts)
[24_3_in_5] Success!
[38_3_in_4] Starting (50000 attempts)
[Main] Worker finished 24_3_in_5 with score 3.27607519606322
[29_3_in_4] Starting (50000 attempts)
[Main] Worker finished 21_3_in_4 with score 3.6778780092751195
[34_3_in_4] Success!
[24_3_in_5] Starting (50000 attempts)
[Main] Worker finished 34_3_in_4 with score 4.734183976938621
[48_3_in_4] Starting (50000 attempts)
[49_3_in_5] Success!
[Main] Worker finished 49_3_in_5 with score 4.971696999360521
[34_3_in_4] Starting (50000 attempts)
[37_3_in_5] Starting (50000 attempts)
[20_3_in_4] Success!
[Main] Worker finished 20_3_in_4 with score 3.5842564819388483
[42_3_in_4] Starting (50000 attempts)
[39_3_in_4] Success!
[Main] Worker finished 39_3_in_4 with score 5.083545339704124
[39_3_in_4] Starting (50000 attempts)
[22_3_in_5] Success!
[Main] Worker finished 22_3_in_5 with score 3.118509002944388
[47_3_in_4] Success!
[Main] Worker finished 47_3_in_4 with score 5.82983700250971
[22_3_in_5] Starting (50000 attempts)
[48_3_in_5] Starting (50000 attempts)
[21_3_in_5] Success!
[Main] Worker finished 21_3_in_5 with score 3.0595476058723476
[40_3_in_5] Success!
[Main] Worker finished 40_3_in_5 with score 4.335426874249968
[21_3_in_5] Starting (50000 attempts)
[40_3_in_5] Starting (50000 attempts)
[42_3_in_5] Success!
[Main] Worker finished 42_3_in_5 with score 4.437376086504897
[30_3_in_5] Success!
[Main] Worker finished 30_3_in_5 with score 3.691714675555753
[42_3_in_5] Starting (50000 attempts)
[20_3_in_5] Success!
[13_3_in_5] Success!
[Main] Worker finished 13_3_in_5 with score 2.3772535600574756
[24_3_in_4] Starting (50000 attempts)
[Main] Worker finished 20_3_in_5 with score 2.9840633829943117
[43_3_in_5] Success!
[44_3_in_4] Success!
[20_3_in_5] Starting (50000 attempts)
[Main] Worker finished 44_3_in_4 with score 5.561389735436036
[25_3_in_4] Starting (50000 attempts)
[Main] Worker finished 43_3_in_5 with score 4.565205935851734
[50_3_in_5] Success!
[17_3_in_5] Starting (50000 attempts)
[26_3_in_5] Success!
[Main] Worker finished 50_3_in_5 with score 5.05461090924511
[9_3_in_5] Starting (50000 attempts)
[Main] Worker finished 26_3_in_5 with score 3.4231984837613774
[46_3_in_4] Success!
[50_3_in_5] Starting (50000 attempts)
[Main] Worker finished 46_3_in_4 with score 5.690435029094675
[39_3_in_5] Starting (50000 attempts)
[46_3_in_4] Starting (50000 attempts)
[33_3_in_4] Success!
[Main] Worker finished 33_3_in_4 with score 4.655111726180373
[40_3_in_4] Success!
[Main] Worker finished 40_3_in_4 with score 5.244840757282829
[33_3_in_4] Starting (50000 attempts)
[14_3_in_5] Success!
[19_3_in_5] Success!
[Main] Worker finished 14_3_in_5 with score 2.471036019478588
[13_3_in_4] Starting (50000 attempts)
[Main] Worker finished 19_3_in_5 with score 2.9035513162516793
[36_3_in_5] Success!
[46_3_in_5] Starting (50000 attempts)
[30_3_in_4] Success!
[47_3_in_5] Success!
[Main] Worker finished 30_3_in_4 with score 4.435247274091654
[22_3_in_4] Starting (50000 attempts)
[Main] Worker finished 36_3_in_5 with score 4.076228129168676
[Main] Worker finished 47_3_in_5 with score 4.906759601986733
[16_3_in_5] Success!
[36_3_in_5] Starting (50000 attempts)
[8_3_in_5] Success!
[31_3_in_4] Success!
[30_3_in_4] Starting (50000 attempts)
[Main] Worker finished 8_3_in_5 with score 1.8622693591596882
[23_3_in_4] Starting (50000 attempts)
[Main] Worker finished 31_3_in_4 with score 4.518654857818839
[Main] Worker finished 16_3_in_5 with score 2.642663897110049
[16_3_in_5] Starting (50000 attempts)
[8_3_in_5] Starting (50000 attempts)
[7_3_in_5] Success!
[24_3_in_5] Success!
[38_3_in_4] Success!
[Main] Worker finished 7_3_in_5 with score 1.7415209020091427
[27_3_in_5] Starting (50000 attempts)
[Main] Worker finished 24_3_in_5 with score 3.281862975261556
[Main] Worker finished 38_3_in_4 with score 5.0721030902387945
[7_3_in_5] Starting (5000 attempts)
[29_3_in_4] Success!
[31_3_in_5] Starting (50000 attempts)
[48_3_in_4] Success!
[Main] Worker finished 29_3_in_4 with score 4.355805272659704
[27_3_in_4] Starting (50000 attempts)
[Main] Worker finished 48_3_in_4 with score 5.787941157328067
[34_3_in_4] Success!
[29_3_in_4] Starting (50000 attempts)
[Main] Worker finished 34_3_in_4 with score 4.734302395643976
[48_3_in_4] Starting (50000 attempts)
[34_3_in_4] Starting (50000 attempts)
[37_3_in_5] Success!
[Main] Worker finished 37_3_in_5 with score 4.137731294272307
[18_3_in_4] Starting (50000 attempts)
[42_3_in_4] Success!
[Main] Worker finished 42_3_in_4 with score 5.385694407660759
[15_3_in_5] Starting (50000 attempts)
[39_3_in_4] Success!
[Main] Worker finished 39_3_in_4 with score 5.100251467359226
[39_3_in_4] Starting (50000 attempts)
[21_3_in_5] Success!
[Main] Worker finished 21_3_in_5 with score 3.0388273599739866
[42_3_in_5] Success!
[24_3_in_4] Success!
[Main] Worker finished 42_3_in_5 with score 4.475659542793828
[21_3_in_5] Starting (50000 attempts)
[Main] Worker finished 24_3_in_4 with score 3.9489720404264297
[22_3_in_5] Success!
[24_3_in_4] Starting (50000 attempts)
[Main] Worker finished 22_3_in_5 with score 3.1255112614861718
[42_3_in_5] Starting (50000 attempts)
[48_3_in_5] Success!
[40_3_in_5] Success!
[Main] Worker finished 48_3_in_5 with score 4.894104483565227
[22_3_in_5] Starting (50000 attempts)
[Main] Worker finished 40_3_in_5 with score 4.345396349684011
[25_3_in_4] Success!
[48_3_in_5] Starting (50000 attempts)
[Main] Worker finished 25_3_in_4 with score 4.03499304474626
[28_3_in_5] Starting (50000 attempts)
[17_3_in_5] Success!
[Main] Worker finished 17_3_in_5 with score 2.737010711913475
[25_3_in_4] Starting (50000 attempts)
[20_3_in_5] Success!
[9_3_in_5] Success!
[Main] Worker finished 9_3_in_5 with score 1.9752561288221044[6_3_in_5] Starting (5000 attempts)

[Main] Worker finished 20_3_in_5 with score 2.9838593032890177
[13_3_in_4] Success!
[5_3_in_5] Starting (5000 attempts)
[46_3_in_4] Success!
[50_3_in_5] Success!
[33_3_in_4] Success!
[39_3_in_5] Success!
[Main] Worker finished 13_3_in_4 with score 2.856623626222795
[35_3_in_5] Starting (50000 attempts)
[Main] Worker finished 46_3_in_4 with score 5.761724730717903
[Main] Worker finished 50_3_in_5 with score 5.128497686856184
[Main] Worker finished 33_3_in_4 with score 4.671840926000884
[Main] Worker finished 39_3_in_5 with score 4.3071523901739175
[13_3_in_4] Starting (50000 attempts)
[23_3_in_4] Success!
[46_3_in_5] Success!
[22_3_in_4] Success!
[30_3_in_4] Success!
[28_3_in_4] Starting (50000 attempts)
[36_3_in_5] Success!
[43_3_in_4] Starting (50000 attempts)
[21_3_in_4] Starting (50000 attempts)
[8_3_in_5] Success!
[Main] Worker finished 22_3_in_4 with score 3.773087391471139
[49_3_in_5] Starting (50000 attempts)
[Main] Worker finished 23_3_in_4 with score 3.862207024373548
[Main] Worker finished 8_3_in_5 with score 1.8622734644082803
[Main] Worker finished 36_3_in_5 with score 4.052528535698155
[Main] Worker finished 46_3_in_5 with score 4.682676257576483
[Main] Worker finished 30_3_in_4 with score 4.432571909100386
[16_3_in_5] Success!
[46_3_in_5] Starting (50000 attempts)
[23_3_in_4] Starting (50000 attempts)
[31_3_in_5] Success!
[36_3_in_5] Starting (50000 attempts)
[7_3_in_5] Success!
[27_3_in_5] Success!
[30_3_in_4] Starting (50000 attempts)
[27_3_in_4] Success!
[20_3_in_4] Starting (50000 attempts)
[29_3_in_4] Success!
[Main] Worker finished 16_3_in_5 with score 2.6472416994375605
[47_3_in_4] Starting (50000 attempts)
[Main] Worker finished 29_3_in_4 with score 4.353670804934695
[Main] Worker finished 31_3_in_5 with score 3.745343901275139
[Main] Worker finished 7_3_in_5 with score 1.7415212469928043
[Main] Worker finished 27_3_in_4 with score 4.193807570274168
[Main] Worker finished 27_3_in_5 with score 3.4909897275867743
[48_3_in_4] Success!
[27_3_in_5] Starting (50000 attempts)
[31_3_in_5] Starting (50000 attempts)
[34_3_in_4] Success!
[27_3_in_4] Starting (50000 attempts)
[29_3_in_4] Starting (50000 attempts)
[44_3_in_4] Starting (50000 attempts)
[Main] Worker finished 34_3_in_4 with score 4.737309945126638[19_3_in_5] Starting (50000 attempts)

[Main] Worker finished 48_3_in_4 with score 5.926234373903951
[48_3_in_4] Starting (50000 attempts)
[18_3_in_4] Success!
[Main] Worker finished 18_3_in_4 with score 3.3828974516717856
[34_3_in_4] Starting (50000 attempts)
[45_3_in_4] Starting (50000 attempts)
[15_3_in_5] Success!
[Main] Worker finished 15_3_in_5 with score 2.557018700472065
[41_3_in_4] Starting (50000 attempts)
[39_3_in_4] Success!
[Main] Worker finished 39_3_in_4 with score 5.066038834095818
[39_3_in_4] Starting (50000 attempts)
[24_3_in_4] Success!
[Main] Worker finished 24_3_in_4 with score 3.9518895814636434
[11_3_in_5] Starting (50000 attempts)
[42_3_in_5] Success!
[Main] Worker finished 42_3_in_5 with score 4.501108891407314
[21_3_in_5] Success!
[Main] Worker finished 21_3_in_5 with score 3.061069715300917
[38_3_in_4] Starting (50000 attempts)
[25_3_in_4] Success!
[22_3_in_5] Success!
[Main] Worker finished 22_3_in_5 with score 3.140203625733029
[37_3_in_5] Starting (50000 attempts)
[Main] Worker finished 25_3_in_4 with score 4.039204392944652
[42_3_in_4] Starting (50000 attempts)
[48_3_in_5] Success!
[28_3_in_5] Success!
[Main] Worker finished 48_3_in_5 with score 4.878403788675547
[33_3_in_5] Starting (50000 attempts)
[Main] Worker finished 28_3_in_5 with score 3.5498780646510286
[6_3_in_5] Success!
[13_3_in_4] Success!
[28_3_in_5] Starting (50000 attempts)
[43_3_in_4] Success!
[Main] Worker finished 6_3_in_5 with score 1.612334946887304
[48_3_in_5] Starting (50000 attempts)
[Main] Worker finished 13_3_in_4 with score 2.855975678794047
[Main] Worker finished 43_3_in_4 with score 5.47537358087101
[5_3_in_5] Success!
[13_3_in_4] Starting (50000 attempts)
[35_3_in_5] Success!
[10_3_in_5] Starting (50000 attempts)
[49_3_in_5] Success!
[28_3_in_4] Success!
[Main] Worker finished 28_3_in_4 with score 4.284771226480588
[23_3_in_5] Starting (50000 attempts)
[Main] Worker finished 5_3_in_5 with score 1.4735926263639503
[Main] Worker finished 49_3_in_5 with score 4.850539579060541
[Main] Worker finished 35_3_in_5 with score 4.029522400341658
[21_3_in_4] Success!
[49_3_in_5] Starting (50000 attempts)
[36_3_in_5] Success!
[17_3_in_5] Starting (50000 attempts)
[46_3_in_5] Success!
[9_3_in_5] Starting (50000 attempts)
[23_3_in_4] Success!
[Main] Worker finished 21_3_in_4 with score 3.6862680395482084
[39_3_in_5] Starting (50000 attempts)
[Main] Worker finished 36_3_in_5 with score 4.094330653161774
[Main] Worker finished 23_3_in_4 with score 3.867877042524789
[Main] Worker finished 46_3_in_5 with score 4.811827524619835
[12_3_in_5] Starting (50000 attempts)
[30_3_in_4] Success!
[22_3_in_4] Starting (50000 attempts)
[38_3_in_5] Starting (50000 attempts)
[Main] Worker finished 30_3_in_4 with score 4.444734909722076
[18_3_in_4] Starting (50000 attempts)
[20_3_in_4] Success!
[31_3_in_5] Success!
[29_3_in_4] Success!
[Main] Worker finished 29_3_in_4 with score 4.3563096628278375[30_3_in_5] Starting (50000 attempts)

[Main] Worker finished 31_3_in_5 with score 3.7469690566083487
[Main] Worker finished 20_3_in_4 with score 3.5796001724364026
[31_3_in_5] Starting (50000 attempts)
[27_3_in_4] Success!
[47_3_in_4] Success!
[27_3_in_5] Success!
[29_3_in_4] Starting (50000 attempts)
[19_3_in_5] Success!
[Main] Worker finished 27_3_in_5 with score 3.4895103213820304
[15_3_in_5] Starting (50000 attempts)
[Main] Worker finished 27_3_in_4 with score 4.19506477059012
[Main] Worker finished 47_3_in_4 with score 5.79999140887007
[Main] Worker finished 19_3_in_5 with score 2.8919911855989016
[44_3_in_4] Success!
[19_3_in_5] Starting (50000 attempts)
[48_3_in_4] Success!
[27_3_in_4] Starting (50000 attempts)
[34_3_in_4] Success!
[45_3_in_5] Starting (50000 attempts)
[Main] Worker finished 44_3_in_4 with score 5.553503207265787
[14_3_in_5] Starting (50000 attempts)
[Main] Worker finished 34_3_in_4 with score 4.7355157979358795
[Main] Worker finished 48_3_in_4 with score 5.9578513568749205
[45_3_in_4] Success!
[34_3_in_4] Starting (50000 attempts)
[41_3_in_4] Success!
[6_3_in_5] Starting (5000 attempts)
[Main] Worker finished 45_3_in_4 with score 5.662086560854177
[5_3_in_5] Starting (5000 attempts)
[Main] Worker finished 41_3_in_4 with score 5.218276592534663
[41_3_in_4] Starting (50000 attempts)
[31_3_in_4] Starting (50000 attempts)
[39_3_in_4] Success!
[Main] Worker finished 39_3_in_4 with score 5.06273342893662
[39_3_in_4] Starting (50000 attempts)
[42_3_in_4] Success!
[Main] Worker finished 42_3_in_4 with score 5.361431482114366
[35_3_in_5] Starting (50000 attempts)
[38_3_in_4] Success!
[Main] Worker finished 38_3_in_4 with score 5.078565434721058
[28_3_in_4] Starting (50000 attempts)
[37_3_in_5] Success!
[Main] Worker finished 37_3_in_5 with score 4.152091264647593
[32_3_in_5] Starting (50000 attempts)
[33_3_in_5] Success!
[Main] Worker finished 33_3_in_5 with score 3.8921945247892684
[11_3_in_5] Success!
[10_3_in_5] Success!
[48_3_in_5] Success!
[Main] Worker finished 48_3_in_5 with score 4.961834196194671
[37_3_in_4] Starting (50000 attempts)
[Main] Worker finished 10_3_in_5 with score 2.0816221745237353
[Main] Worker finished 11_3_in_5 with score 2.1840564144118213
[10_3_in_5] Starting (50000 attempts)
[12_3_in_5] Success!
[28_3_in_5] Success!
[23_3_in_5] Success!
[9_3_in_5] Success!
[43_3_in_4] Starting (50000 attempts)
[Main] Worker finished 9_3_in_5 with score 1.9752519778518964
[21_3_in_4] Starting (50000 attempts)
[Main] Worker finished 12_3_in_5 with score 2.283428867707684
[49_3_in_5] Success!
[Main] Worker finished 23_3_in_5 with score 3.2089470758902694
[Main] Worker finished 28_3_in_5 with score 3.559122237671007
[18_3_in_4] Success!
[20_3_in_4] Starting (50000 attempts)
[47_3_in_4] Starting (50000 attempts)
[30_3_in_5] Success!
[38_3_in_5] Success!
[40_3_in_5] Starting (50000 attempts)
[17_3_in_5] Success!
[13_3_in_4] Success!
[Main] Worker finished 30_3_in_5 with score 3.677918308752109
[20_3_in_5] Starting (50000 attempts)
[Main] Worker finished 49_3_in_5 with score 5.003809510261405
[Main] Worker finished 17_3_in_5 with score 2.72025640537614
[Main] Worker finished 18_3_in_4 with score 3.3796497031228605
[Main] Worker finished 13_3_in_4 with score 2.8580103436301982
[Main] Worker finished 38_3_in_5 with score 4.200390840621953
[22_3_in_4] Success!
[17_3_in_5] Starting (50000 attempts)
[39_3_in_5] Success!
[38_3_in_5] Starting (50000 attempts)
[15_3_in_5] Success!
[29_3_in_4] Success!
[18_3_in_4] Starting (50000 attempts)
[30_3_in_5] Starting (50000 attempts)
[19_3_in_5] Success!
[19_3_in_4] Starting (50000 attempts)
[Main] Worker finished 29_3_in_4 with score 4.360606703932272
[50_3_in_5] Starting (50000 attempts)
[Main] Worker finished 15_3_in_5 with score 2.553004805427056
[Main] Worker finished 19_3_in_5 with score 2.897663276614445
[Main] Worker finished 22_3_in_4 with score 3.774319700373718
[Main] Worker finished 39_3_in_5 with score 4.316415995265867
[15_3_in_5] Starting (50000 attempts)
[19_3_in_5] Starting (50000 attempts)
[31_3_in_5] Success!
[29_3_in_4] Starting (50000 attempts)
[44_3_in_4] Starting (50000 attempts)
[27_3_in_4] Success!
[Main] Worker finished 27_3_in_4 with score 4.197402808539317
[46_3_in_4] Starting (50000 attempts)
[Main] Worker finished 31_3_in_5 with score 3.7519006203415044
[27_3_in_4] Starting (50000 attempts)
[34_3_in_4] Success!
[Main] Worker finished 34_3_in_4 with score 4.747529207653735
[33_3_in_4] Starting (50000 attempts)
[45_3_in_5] Success!
[Main] Worker finished 45_3_in_5 with score 4.696789988275399
[16_3_in_5] Starting (50000 attempts)
[45_3_in_5] Starting (50000 attempts)
[14_3_in_5] Success!
[Main] Worker finished 14_3_in_5 with score 2.4678926638276018
[6_3_in_5] Success!
[5_3_in_5] Success!
[41_3_in_4] Success!
[Main] Worker finished 41_3_in_4 with score 5.275227363183112[45_3_in_4] Starting (50000 attempts)

[Main] Worker finished 6_3_in_5 with score 1.6123349330933001
[Main] Worker finished 5_3_in_5 with score 1.472357393631245
[31_3_in_4] Success!
[5_3_in_5] Starting (5000 attempts)
[41_3_in_4] Starting (50000 attempts)
[Main] Worker finished 31_3_in_4 with score 4.502338386152999
[11_3_in_5] Starting (50000 attempts)
[31_3_in_4] Starting (50000 attempts)
[39_3_in_4] Success!
[Main] Worker finished 39_3_in_4 with score 5.0630227371319645
[39_3_in_4] Starting (50000 attempts)
[32_3_in_5] Success!
[Main] Worker finished 32_3_in_5 with score 3.822812301971383
[18_3_in_5] Starting (50000 attempts)
[10_3_in_5] Success!
[Main] Worker finished 10_3_in_5 with score 2.0813781235179083
[28_3_in_4] Success!
[Main] Worker finished 28_3_in_4 with score 4.280036879207742
[10_3_in_5] Starting (50000 attempts)
[35_3_in_5] Success!
[Main] Worker finished 35_3_in_5 with score 4.014216019599866
[28_3_in_4] Starting (50000 attempts)
[8_3_in_5] Starting (50000 attempts)
[37_3_in_4] Success!
[Main] Worker finished 37_3_in_4 with score 4.942167394585941
[37_3_in_4] Starting (50000 attempts)
[43_3_in_4] Success!
[Main] Worker finished 43_3_in_4 with score 5.471893673513298
[40_3_in_5] Success!
[Main] Worker finished 40_3_in_5 with score 4.357610394065006
[38_3_in_4] Starting (50000 attempts)
[47_3_in_4] Success!
[Main] Worker finished 47_3_in_4 with score 5.875021268173685
[43_3_in_5] Starting (50000 attempts)
[17_3_in_5] Success!
[20_3_in_5] Success!
[Main] Worker finished 20_3_in_5 with score 2.9809951885913537
[44_3_in_5] Starting (50000 attempts)
[Main] Worker finished 17_3_in_5 with score 2.7372988684937285
[17_3_in_5] Starting (50000 attempts)
[21_3_in_4] Success!
[Main] Worker finished 21_3_in_4 with score 3.6804208240806036
[37_3_in_5] Starting (50000 attempts)
[20_3_in_4] Success!
[30_3_in_5] Success!
[Main] Worker finished 30_3_in_5 with score 3.6923389459261124
[42_3_in_4] Starting (50000 attempts)
[Main] Worker finished 20_3_in_4 with score 3.5904048121443304
[33_3_in_5] Starting (50000 attempts)
[47_3_in_5] Starting (50000 attempts)
[15_3_in_5] Success!
[Main] Worker finished 15_3_in_5 with score 2.5593061912626798
[38_3_in_5] Success!
[19_3_in_4] Success!
[19_3_in_5] Success!
[Main] Worker finished 38_3_in_5 with score 4.216949929778341
[26_3_in_5] Starting (50000 attempts)
[Main] Worker finished 19_3_in_4 with score 3.4892443107704483
[Main] Worker finished 19_3_in_5 with score 2.8992388551249313
[18_3_in_4] Success!
[29_3_in_4] Success!
[19_3_in_5] Starting (50000 attempts)
[44_3_in_4] Success!
[50_3_in_5] Success!
[35_3_in_4] Starting (50000 attempts)
[Main] Worker finished 50_3_in_5 with score 5.012137064629208
[24_3_in_4] Starting (50000 attempts)
[Main] Worker finished 29_3_in_4 with score 4.358403046603626
[Main] Worker finished 18_3_in_4 with score 3.37184946157974
[Main] Worker finished 44_3_in_4 with score 5.535154661536032
[46_3_in_4] Success!
[27_3_in_4] Success!
[50_3_in_5] Starting (50000 attempts)
[18_3_in_4] Starting (50000 attempts)
[13_3_in_5] Starting (50000 attempts)
[33_3_in_4] Success!
[Main] Worker finished 27_3_in_4 with score 4.194226577146553
[34_3_in_5] Starting (50000 attempts)
[Main] Worker finished 33_3_in_4 with score 4.65513192881117
[Main] Worker finished 46_3_in_4 with score 5.6969419999726165
[16_3_in_5] Success!
[46_3_in_4] Starting (50000 attempts)
[33_3_in_4] Starting (50000 attempts)
[11_3_in_5] Success!
[Main] Worker finished 16_3_in_5 with score 2.641496319343698
[27_3_in_4] Starting (50000 attempts)
[Main] Worker finished 11_3_in_5 with score 2.183776658213363
[16_3_in_5] Starting (50000 attempts)
[45_3_in_5] Success!
[Main] Worker finished 45_3_in_5 with score 4.653446353363121
[11_3_in_5] Starting (50000 attempts)
[41_3_in_4] Success!
[45_3_in_4] Success!
[5_3_in_5] Success!
[Main] Worker finished 45_3_in_4 with score 5.662086560854177
[45_3_in_5] Starting (50000 attempts)
[Main] Worker finished 41_3_in_4 with score 5.257227390610044
[Main] Worker finished 5_3_in_5 with score 1.4735920107901206
[45_3_in_4] Starting (50000 attempts)
[31_3_in_4] Success!
[5_3_in_5] Starting (5000 attempts)
[Main] Worker finished 31_3_in_4 with score 4.517237243952238
[41_3_in_4] Starting (50000 attempts)
[31_3_in_4] Starting (50000 attempts)
[39_3_in_4] Success!
[Main] Worker finished 39_3_in_4 with score 5.125054901462046
[23_3_in_5] Starting (50000 attempts)
[10_3_in_5] Success!
[Main] Worker finished 10_3_in_5 with score 2.082958906028582
[7_3_in_5] Starting (5000 attempts)
[28_3_in_4] Success!
[Main] Worker finished 28_3_in_4 with score 4.272630320491787
[28_3_in_4] Starting (50000 attempts)
[38_3_in_4] Success!
[Main] Worker finished 38_3_in_4 with score 5.099738570380392
[18_3_in_5] Success!
[Main] Worker finished 18_3_in_5 with score 2.813499892835742
[32_3_in_4] Starting (50000 attempts)
[8_3_in_5] Success!
[37_3_in_4] Success!
[Main] Worker finished 37_3_in_4 with score 4.966938494091511
[18_3_in_5] Starting (50000 attempts)
[Main] Worker finished 8_3_in_5 with score 1.8622706466956076
[8_3_in_5] Starting (50000 attempts)
[17_3_in_5] Success!
[44_3_in_5] Success!
[37_3_in_5] Success!
[Main] Worker finished 37_3_in_5 with score 4.11382338636805[37_3_in_4] Starting (50000 attempts)

[Main] Worker finished 44_3_in_5 with score 4.608548516006385
[Main] Worker finished 17_3_in_5 with score 2.728584091911675
[43_3_in_5] Success!
[42_3_in_4] Success!
[17_3_in_5] Starting (50000 attempts)
[26_3_in_5] Success!
[47_3_in_5] Success!
[25_3_in_4] Starting (50000 attempts)
[33_3_in_5] Success!
[Main] Worker finished 47_3_in_5 with score 4.866498476166238
[9_3_in_5] Starting (50000 attempts)
[Main] Worker finished 43_3_in_5 with score 4.548532822732305
[Main] Worker finished 26_3_in_5 with score 3.427859004153313
[Main] Worker finished 33_3_in_5 with score 3.882774804336972
[Main] Worker finished 42_3_in_4 with score 5.411331920693078
[19_3_in_5] Success!
[43_3_in_5] Starting (50000 attempts)
[24_3_in_4] Success!
[47_3_in_5] Starting (50000 attempts)
[50_3_in_5] Success!
[39_3_in_5] Starting (50000 attempts)
[18_3_in_4] Success!
[35_3_in_4] Success!
[13_3_in_5] Success!
[12_3_in_5] Starting (50000 attempts)
[34_3_in_5] Success!
[Main] Worker finished 35_3_in_4 with score 4.831035797280756
[46_3_in_5] Starting (50000 attempts)
[Main] Worker finished 13_3_in_5 with score 2.376773848198566
[Main] Worker finished 24_3_in_4 with score 3.948136829126031
[Main] Worker finished 19_3_in_5 with score 2.8785192483012816
[Main] Worker finished 34_3_in_5 with score 3.9534783706232934
[Main] Worker finished 18_3_in_4 with score 3.387541710886119
[Main] Worker finished 50_3_in_5 with score 5.051499597962342
[13_3_in_5] Starting (50000 attempts)
[50_3_in_5] Starting (50000 attempts)
[18_3_in_4] Starting (50000 attempts)
[19_3_in_5] Starting (50000 attempts)
[22_3_in_4] Starting (50000 attempts)
[23_3_in_4] Starting (50000 attempts)
[27_3_in_5] Starting (50000 attempts)
[33_3_in_4] Success!
[Main] Worker finished 33_3_in_4 with score 4.678231595950284
[45_3_in_4] Success!
[Main] Worker finished 45_3_in_4 with score 5.560207206291971
[29_3_in_5] Starting (50000 attempts)
[45_3_in_5] Success!
[Main] Worker finished 45_3_in_5 with score 4.621943789118523
[45_3_in_4] Starting (50000 attempts)
[45_3_in_5] Starting (50000 attempts)
[31_3_in_4] Success!
[Main] Worker finished 31_3_in_4 with score 4.5065227267550805
[41_3_in_4] Success!
[27_3_in_4] Success!
[Main] Worker finished 27_3_in_4 with score 4.1993944654054545
[31_3_in_4] Starting (50000 attempts)
[Main] Worker finished 41_3_in_4 with score 5.282427458982876
[46_3_in_4] Success!
[11_3_in_5] Success!
[28_3_in_5] Starting (50000 attempts)
[16_3_in_5] Success!
[5_3_in_5] Success!
[Main] Worker finished 5_3_in_5 with score 1.4735920133661093[14_3_in_5] Starting (50000 attempts)

[Main] Worker finished 11_3_in_5 with score 2.184121385733963
[Main] Worker finished 16_3_in_5 with score 2.6405066139290643
[Main] Worker finished 46_3_in_4 with score 5.770409987251236
[16_3_in_5] Starting (50000 attempts)
[6_3_in_5] Starting (5000 attempts)
[35_3_in_5] Starting (50000 attempts)
[32_3_in_5] Starting (50000 attempts)
[23_3_in_5] Success!
[Main] Worker finished 23_3_in_5 with score 3.182625179853619
[23_3_in_5] Starting (50000 attempts)
[28_3_in_4] Success!
[Main] Worker finished 28_3_in_4 with score 4.276432873531629
[32_3_in_4] Success!
[Main] Worker finished 32_3_in_4 with score 4.597284458597534
[28_3_in_4] Starting (50000 attempts)
[7_3_in_5] Success!
[Main] Worker finished 7_3_in_5 with score 1.7415209214069733
[43_3_in_4] Starting (50000 attempts)
[25_3_in_4] Success!
[Main] Worker finished 25_3_in_4 with score 4.036072374052227[7_3_in_5] Starting (5000 attempts)

[18_3_in_5] Success!
[Main] Worker finished 18_3_in_5 with score 2.814583568517453
[25_3_in_4] Starting (50000 attempts)
[8_3_in_5] Success!
[Main] Worker finished 8_3_in_5 with score 1.862164769984802
[21_3_in_4] Starting (50000 attempts)
[9_3_in_5] Success!
[8_3_in_5] Starting (50000 attempts)
[Main] Worker finished 9_3_in_5 with score 1.975257460369458
[37_3_in_4] Success!
[17_3_in_5] Success!
[Main] Worker finished 37_3_in_4 with score 4.9989739085753895
[49_3_in_5] Starting (50000 attempts)
[Main] Worker finished 17_3_in_5 with score 2.7212173525198016
[17_3_in_5] Starting (50000 attempts)
[20_3_in_4] Starting (50000 attempts)
[43_3_in_5] Success!
[Main] Worker finished 43_3_in_5 with score 4.522641483729755
[47_3_in_4] Starting (50000 attempts)
[47_3_in_5] Success!
[Main] Worker finished 47_3_in_5 with score 4.834166854058425
[39_3_in_5] Success!
[Main] Worker finished 39_3_in_5 with score 4.217627144546835
[22_3_in_5] Starting (50000 attempts)
[19_3_in_5] Success!
[18_3_in_4] Success!
[Main] Worker finished 19_3_in_5 with score 2.8983391786390356[39_3_in_5] Starting (50000 attempts)

[Main] Worker finished 18_3_in_4 with score 3.3872913189498255
[12_3_in_5] Success!
[46_3_in_5] Success!
[13_3_in_5] Success!
[40_3_in_5] Starting (50000 attempts)
[50_3_in_5] Success!
[Main] Worker finished 12_3_in_5 with score 2.2830829323217343
[20_3_in_5] Starting (50000 attempts)
[Main] Worker finished 13_3_in_5 with score 2.3774800162154635
[Main] Worker finished 46_3_in_5 with score 4.758639953044003
[Main] Worker finished 50_3_in_5 with score 5.084195995724824
[46_3_in_5] Starting (50000 attempts)
[21_3_in_5] Starting (50000 attempts)
[27_3_in_5] Success!
[19_3_in_4] Starting (50000 attempts)
[22_3_in_4] Success!
[Main] Worker finished 22_3_in_4 with score 3.7546690524062516
[44_3_in_4] Starting (50000 attempts)
[Main] Worker finished 27_3_in_5 with score 3.4798991717040586
[45_3_in_4] Success!
[22_3_in_4] Starting (50000 attempts)
[14_3_in_5] Success!
[Main] Worker finished 14_3_in_5 with score 2.4668223624157726
[Main] Worker finished 45_3_in_4 with score 5.690432564819588
[27_3_in_5] Starting (50000 attempts)
[23_3_in_4] Success!
[28_3_in_5] Success!
[45_3_in_5] Success!
[14_3_in_5] Starting (50000 attempts)
[29_3_in_5] Success!
[31_3_in_4] Success!
[Main] Worker finished 23_3_in_4 with score 3.8559895597596254[40_3_in_4] Starting (50000 attempts)

[Main] Worker finished 45_3_in_5 with score 4.721307684388859
[Main] Worker finished 29_3_in_5 with score 3.625467528580466
[Main] Worker finished 28_3_in_5 with score 3.5467367998724475
[Main] Worker finished 31_3_in_4 with score 4.511455891420218
[23_3_in_4] Starting (50000 attempts)
[28_3_in_5] Starting (50000 attempts)
[16_3_in_5] Success!
[35_3_in_5] Success!
[45_3_in_5] Starting (50000 attempts)
[6_3_in_5] Success!
[31_3_in_4] Starting (50000 attempts)
[Main] Worker finished 6_3_in_5 with score 1.6123349279522812
[36_3_in_4] Starting (50000 attempts)
[Main] Worker finished 16_3_in_5 with score 2.642157702134987
[Main] Worker finished 35_3_in_5 with score 3.9849469399442836
[6_3_in_5] Starting (5000 attempts)
[35_3_in_5] Starting (50000 attempts)
[32_3_in_5] Success!
[Main] Worker finished 32_3_in_5 with score 3.8071723911739697
[16_3_in_5] Starting (50000 attempts)
[26_3_in_4] Starting (50000 attempts)
[23_3_in_5] Success!
[Main] Worker finished 23_3_in_5 with score 3.1972009170771214
[38_3_in_4] Starting (50000 attempts)
[28_3_in_4] Success!
[Main] Worker finished 28_3_in_4 with score 4.258158420625047
[7_3_in_5] Success!
[25_3_in_4] Success!
[8_3_in_5] Success!
[Main] Worker finished 7_3_in_5 with score 1.741520900687775[28_3_in_4] Starting (50000 attempts)

[Main] Worker finished 8_3_in_5 with score 1.863001412362638
[Main] Worker finished 25_3_in_4 with score 4.039004278104007
[21_3_in_4] Success!
[48_3_in_4] Starting (50000 attempts)
[44_3_in_5] Starting (50000 attempts)
[43_3_in_4] Success!
[Main] Worker finished 21_3_in_4 with score 3.657996814984857
[37_3_in_5] Starting (50000 attempts)
[Main] Worker finished 43_3_in_4 with score 5.471893673513298
[47_3_in_4] Success!
[21_3_in_4] Starting (50000 attempts)
[20_3_in_4] Success!
[Main] Worker finished 47_3_in_4 with score 5.854406961913515
[42_3_in_4] Starting (50000 attempts)
[Main] Worker finished 20_3_in_4 with score 3.556852239799306
[17_3_in_5] Success!
[20_3_in_4] Starting (50000 attempts)
[49_3_in_5] Success!
[22_3_in_5] Success!
[Main] Worker finished 17_3_in_5 with score 2.7304088706351815
[47_3_in_4] Starting (50000 attempts)
[Main] Worker finished 49_3_in_5 with score 4.958835870968081
[Main] Worker finished 22_3_in_5 with score 3.138505316421669
[20_3_in_5] Success!
[49_3_in_5] Starting (50000 attempts)
[33_3_in_5] Starting (50000 attempts)
[21_3_in_5] Success!
[Main] Worker finished 20_3_in_5 with score 2.9860629032934365
[26_3_in_5] Starting (50000 attempts)
[Main] Worker finished 21_3_in_5 with score 3.0629846089758175
[39_3_in_5] Success!
[35_3_in_4] Starting (50000 attempts)
[22_3_in_4] Success!
[Main] Worker finished 22_3_in_4 with score 3.772874271804619
[48_3_in_5] Starting (50000 attempts)
[Main] Worker finished 39_3_in_5 with score 4.295673001920841
[40_3_in_5] Success!
[19_3_in_4] Success!
[22_3_in_4] Starting (50000 attempts)
[27_3_in_5] Success!
[Main] Worker finished 40_3_in_5 with score 4.282739214544299
[24_3_in_4] Starting (50000 attempts)
[Main] Worker finished 19_3_in_4 with score 3.490335668802072
[Main] Worker finished 27_3_in_5 with score 3.486855589618423
[44_3_in_4] Success!
[46_3_in_5] Success!
[40_3_in_5] Starting (50000 attempts)
[14_3_in_5] Success!
[27_3_in_5] Starting (50000 attempts)
[Main] Worker finished 44_3_in_4 with score 5.591723393651105
[34_3_in_5] Starting (50000 attempts)
[Main] Worker finished 14_3_in_5 with score 2.4682900918446333
[Main] Worker finished 46_3_in_5 with score 4.742964878568384
[23_3_in_4] Success!
[46_3_in_5] Starting (50000 attempts)
[45_3_in_5] Success!
[40_3_in_4] Success!
[32_3_in_4] Starting (50000 attempts)
[Main] Worker finished 45_3_in_5 with score 4.65311045699863
[9_3_in_5] Starting (50000 attempts)
[Main] Worker finished 23_3_in_4 with score 3.852427382276454
[Main] Worker finished 40_3_in_4 with score 5.201858855979298
[23_3_in_4] Starting (50000 attempts)
[45_3_in_5] Starting (50000 attempts)
[6_3_in_5] Success!
[Main] Worker finished 6_3_in_5 with score 1.6123349325900151
[12_3_in_5] Starting (50000 attempts)
[13_3_in_4] Starting (50000 attempts)
[35_3_in_5] Success!
[Main] Worker finished 35_3_in_5 with score 3.9860166827357784
[28_3_in_5] Success!
[36_3_in_4] Success!
[Main] Worker finished 36_3_in_4 with score 4.887808955750561
[35_3_in_5] Starting (50000 attempts)
[Main] Worker finished 28_3_in_5 with score 3.554840868701835
[28_3_in_5] Starting (50000 attempts)
[31_3_in_4] Success!
[Main] Worker finished 31_3_in_4 with score 4.5107902703337786
[38_3_in_5] Starting (50000 attempts)
[31_3_in_5] Starting (50000 attempts)
[26_3_in_4] Success!
[Main] Worker finished 26_3_in_4 with score 4.107598710611146
[16_3_in_5] Success!
[Main] Worker finished 16_3_in_5 with score 2.6383163563185974
[29_3_in_5] Starting (50000 attempts)
[16_3_in_5] Starting (50000 attempts)
[38_3_in_4] Success!
[Main] Worker finished 38_3_in_4 with score 5.060338589167849
[38_3_in_4] Starting (50000 attempts)
[48_3_in_4] Success!
[Main] Worker finished 48_3_in_4 with score 5.922907465561673
[48_3_in_4] Starting (50000 attempts)
[42_3_in_4] Success!
[Main] Worker finished 42_3_in_4 with score 5.411331920693078
[21_3_in_4] Success!
[Main] Worker finished 21_3_in_4 with score 3.682818849589327
[42_3_in_4] Starting (50000 attempts)
[47_3_in_4] Success!
[28_3_in_4] Success!
[20_3_in_4] Success!
[Main] Worker finished 20_3_in_4 with score 3.5906955574876287
[30_3_in_5] Starting (50000 attempts)
[Main] Worker finished 28_3_in_4 with score 4.2760003396258375
[Main] Worker finished 47_3_in_4 with score 5.899132366333242
[44_3_in_5] Success!
[37_3_in_5] Success!
[49_3_in_5] Success!
[28_3_in_4] Starting (50000 attempts)
[26_3_in_5] Success!
[15_3_in_5] Starting (50000 attempts)
[Main] Worker finished 49_3_in_5 with score 4.994668908813568
[36_3_in_5] Starting (50000 attempts)
[Main] Worker finished 37_3_in_5 with score 4.159631692676099
[Main] Worker finished 26_3_in_5 with score 3.425014434822748
[Main] Worker finished 44_3_in_5 with score 4.626307932661024
[22_3_in_4] Success!
[24_3_in_4] Success!
[32_3_in_5] Starting (50000 attempts)
[27_3_in_5] Success!
[34_3_in_5] Success!
[30_3_in_4] Starting (50000 attempts)
[33_3_in_5] Success!
[43_3_in_4] Starting (50000 attempts)
[35_3_in_4] Success!
[48_3_in_5] Success!
[Main] Worker finished 22_3_in_4 with score 3.771033212761776
[41_3_in_5] Starting (50000 attempts)
[Main] Worker finished 27_3_in_5 with score 3.489868015197944
[Main] Worker finished 34_3_in_5 with score 3.9475564034626425
[Main] Worker finished 35_3_in_4 with score 4.843100881264242
[Main] Worker finished 24_3_in_4 with score 3.9415779040915115
[Main] Worker finished 33_3_in_5 with score 3.8909169339041805
[Main] Worker finished 48_3_in_5 with score 4.743138598684653
[9_3_in_5] Success!
[48_3_in_5] Starting (50000 attempts)
[24_3_in_4] Starting (50000 attempts)
[46_3_in_5] Success!
[22_3_in_4] Starting (50000 attempts)
[27_3_in_5] Starting (50000 attempts)
[32_3_in_4] Success!
[13_3_in_4] Success!
[22_3_in_5] Starting (50000 attempts)
[45_3_in_5] Success!
[40_3_in_5] Success!
[20_3_in_5] Starting (50000 attempts)
[Main] Worker finished 32_3_in_4 with score 4.58136660798891[21_3_in_5] Starting (50000 attempts)

[Main] Worker finished 9_3_in_5 with score 1.9752510127720562
[Main] Worker finished 45_3_in_5 with score 4.669335146676603
[Main] Worker finished 40_3_in_5 with score 4.262546235425356
[Main] Worker finished 13_3_in_4 with score 2.8572490103181307
[Main] Worker finished 46_3_in_5 with score 4.792559164606201
[23_3_in_4] Success!
[9_3_in_5] Starting (50000 attempts)
[13_3_in_4] Starting (50000 attempts)
[40_3_in_5] Starting (50000 attempts)
[19_3_in_4] Starting (50000 attempts)
[12_3_in_5] Success!
[44_3_in_4] Starting (50000 attempts)
[Main] Worker finished 23_3_in_4 with score 3.855058911872788
[40_3_in_4] Starting (50000 attempts)
[Main] Worker finished 12_3_in_5 with score 2.281669988995231
[23_3_in_4] Starting (50000 attempts)
[38_3_in_5] Success!
[Main] Worker finished 38_3_in_5 with score 4.170101761469395
[36_3_in_4] Starting (50000 attempts)
[35_3_in_5] Success!
[Main] Worker finished 35_3_in_5 with score 3.9881349665178627
[38_3_in_5] Starting (50000 attempts)
[28_3_in_5] Success!
[Main] Worker finished 28_3_in_5 with score 3.54367406811395
[35_3_in_5] Starting (50000 attempts)
[28_3_in_5] Starting (50000 attempts)
[16_3_in_5] Success!
[Main] Worker finished 16_3_in_5 with score 2.639826130283964
[16_3_in_5] Starting (50000 attempts)
[31_3_in_5] Success!
[Main] Worker finished 31_3_in_5 with score 3.732148955084701
[31_3_in_5] Starting (50000 attempts)
[29_3_in_5] Success!
[Main] Worker finished 29_3_in_5 with score 3.617748445424819
[29_3_in_5] Starting (50000 attempts)
[38_3_in_4] Success!
[Main] Worker finished 38_3_in_4 with score 5.030000133579372
[38_3_in_4] Starting (50000 attempts)
[42_3_in_4] Success!
[Main] Worker finished 42_3_in_4 with score 5.414842593548908
[48_3_in_4] Success!
[Main] Worker finished 48_3_in_4 with score 5.939906761732473
[46_3_in_4] Starting (50000 attempts)
[33_3_in_4] Starting (50000 attempts)
[15_3_in_5] Success!
[Main] Worker finished 15_3_in_5 with score 2.558872103588254
[28_3_in_4] Success!
[30_3_in_5] Success!
[Main] Worker finished 28_3_in_4 with score 4.277240295346592
[11_3_in_5] Starting (50000 attempts)
[Main] Worker finished 30_3_in_5 with score 3.685828591132501
[36_3_in_5] Success!
[30_3_in_5] Starting (50000 attempts)
[Main] Worker finished 36_3_in_5 with score 4.078849818872393
[26_3_in_4] Starting (50000 attempts)
[18_3_in_5] Starting (50000 attempts)
[41_3_in_5] Success!
[Main] Worker finished 41_3_in_5 with score 4.360227039309649
[41_3_in_5] Starting (50000 attempts)
[30_3_in_4] Success!
[Main] Worker finished 30_3_in_4 with score 4.440564693535418
[22_3_in_4] Success!
[27_3_in_5] Success!
[32_3_in_5] Success!
[Main] Worker finished 22_3_in_4 with score 3.773511131257478
[42_3_in_5] Starting (50000 attempts)
[Main] Worker finished 27_3_in_5 with score 3.4777850037486244
[Main] Worker finished 32_3_in_5 with score 3.821722232967094
[24_3_in_4] Success!
[43_3_in_4] Success!
[48_3_in_5] Success!
[22_3_in_4] Starting (50000 attempts)
[27_3_in_5] Starting (50000 attempts)
[13_3_in_4] Success!
[Main] Worker finished 13_3_in_4 with score 2.858190745295924
[25_3_in_5] Starting (50000 attempts)
[Main] Worker finished 48_3_in_5 with score 4.864289719710617
[Main] Worker finished 43_3_in_4 with score 5.521016455349248
[Main] Worker finished 24_3_in_4 with score 3.956001090788924
[21_3_in_5] Success!
[20_3_in_5] Success!
[48_3_in_5] Starting (50000 attempts)
[9_3_in_5] Success!
[43_3_in_5] Starting (50000 attempts)
[22_3_in_5] Success!
[44_3_in_5] Starting (50000 attempts)
[Main] Worker finished 20_3_in_5 with score 2.986897671646315
[37_3_in_5] Starting (50000 attempts)
[Main] Worker finished 21_3_in_5 with score 3.060926058414585
[Main] Worker finished 22_3_in_5 with score 3.141414449653932
[19_3_in_4] Success!
[40_3_in_5] Success!
[Main] Worker finished 9_3_in_5 with score 1.9752460610423561
[44_3_in_4] Success!
[40_3_in_4] Success!
[9_3_in_5] Starting (50000 attempts)
[33_3_in_5] Starting (50000 attempts)
[47_3_in_5] Starting (50000 attempts)
[Main] Worker finished 40_3_in_5 with score 4.34733060947153
[26_3_in_5] Starting (50000 attempts)
[Main] Worker finished 40_3_in_4 with score 5.243520531777947
[Main] Worker finished 44_3_in_4 with score 5.57171919188146
[36_3_in_4] Success!
[Main] Worker finished 19_3_in_4 with score 3.4841813600857168
[23_3_in_4] Success!
[35_3_in_4] Starting (50000 attempts)
[10_3_in_5] Starting (50000 attempts)
[16_3_in_5] Success!
[13_3_in_5] Starting (50000 attempts)
[35_3_in_5] Success!
[Main] Worker finished 36_3_in_4 with score 4.900570555385496
[34_3_in_5] Starting (50000 attempts)
[Main] Worker finished 16_3_in_5 with score 2.6427885140991236
[Main] Worker finished 35_3_in_5 with score 3.9997548101258547
[Main] Worker finished 23_3_in_4 with score 3.8593598372144324
[31_3_in_5] Success!
[38_3_in_5] Success!
[23_3_in_4] Starting (50000 attempts)
[28_3_in_5] Success!
[35_3_in_5] Starting (50000 attempts)
[23_3_in_5] Starting (50000 attempts)
[Main] Worker finished 38_3_in_5 with score 4.21401571905601
[7_3_in_5] Starting (5000 attempts)
[Main] Worker finished 28_3_in_5 with score 3.5545267390096074
[Main] Worker finished 31_3_in_5 with score 3.748344727305788
[38_3_in_5] Starting (50000 attempts)
[29_3_in_5] Success!
[28_3_in_5] Starting (50000 attempts)
[Main] Worker finished 29_3_in_5 with score 3.6115070328724115
[32_3_in_4] Starting (50000 attempts)
[29_3_in_5] Starting (50000 attempts)
[38_3_in_4] Success!
[Main] Worker finished 38_3_in_4 with score 5.028950451929837
[38_3_in_4] Starting (50000 attempts)
[30_3_in_5] Success!
[Main] Worker finished 30_3_in_5 with score 3.689631491337059
[11_3_in_5] Success!
[41_3_in_5] Success!
[46_3_in_4] Success!
[Main] Worker finished 41_3_in_5 with score 4.3818169420312[30_3_in_5] Starting (50000 attempts)

[Main] Worker finished 11_3_in_5 with score 2.183822283255865
[Main] Worker finished 46_3_in_4 with score 5.7613891312735666
[26_3_in_4] Success!
[33_3_in_4] Success!
[11_3_in_5] Starting (50000 attempts)
[22_3_in_4] Success!
[18_3_in_5] Success!
[42_3_in_5] Success!
[25_3_in_4] Starting (50000 attempts)
[Main] Worker finished 33_3_in_4 with score 4.671840926000884
[39_3_in_5] Starting (50000 attempts)
[Main] Worker finished 42_3_in_5 with score 4.473256872985274
[Main] Worker finished 18_3_in_5 with score 2.818787571288079
[Main] Worker finished 22_3_in_4 with score 3.7735967219062974
[Main] Worker finished 26_3_in_4 with score 4.118656472543277
[27_3_in_5] Success!
[25_3_in_5] Success!
[42_3_in_5] Starting (50000 attempts)
[43_3_in_5] Success!
[48_3_in_5] Success!
[12_3_in_5] Starting (50000 attempts)
[44_3_in_5] Success!
[15_3_in_5] Starting (50000 attempts)
[9_3_in_5] Success!
[33_3_in_5] Success!
[37_3_in_5] Success!
[14_3_in_5] Starting (50000 attempts)
[Main] Worker finished 37_3_in_5 with score 4.140860508585794
[6_3_in_5] Starting (5000 attempts)
[Main] Worker finished 27_3_in_5 with score 3.4920331889780556
[Main] Worker finished 9_3_in_5 with score 1.9752372248805434
[35_3_in_4] Success!
[Main] Worker finished 33_3_in_5 with score 3.87506657764253
[47_3_in_5] Success!
[Main] Worker finished 43_3_in_5 with score 4.575131563158565
[Main] Worker finished 48_3_in_5 with score 4.892466851092141
[Main] Worker finished 25_3_in_5 with score 3.3577550945103565
[Main] Worker finished 44_3_in_5 with score 4.5691724349090626
[10_3_in_5] Success!
[26_3_in_5] Success!
[33_3_in_5] Starting (50000 attempts)
[35_3_in_5] Success!
[9_3_in_5] Starting (50000 attempts)
[13_3_in_5] Success!
[34_3_in_5] Success!
[7_3_in_5] Success!
[23_3_in_5] Success!
[5_3_in_5] Starting (5000 attempts)
[23_3_in_4] Success!
[36_3_in_5] Starting (50000 attempts)
[32_3_in_5] Starting (50000 attempts)
[30_3_in_4] Starting (50000 attempts)
[32_3_in_4] Success!
[38_3_in_5] Success!
[28_3_in_5] Success!
[37_3_in_4] Starting (50000 attempts)
[Main] Worker finished 34_3_in_5 with score 3.9447223664625923
[43_3_in_4] Starting (50000 attempts)
[Main] Worker finished 35_3_in_4 with score 4.826805841991402
[Main] Worker finished 47_3_in_5 with score 4.848533125673035
[Main] Worker finished 7_3_in_5 with score 1.74152080850717
[Main] Worker finished 23_3_in_5 with score 3.2027990392413077
[Main] Worker finished 23_3_in_4 with score 3.862710013997754
[Main] Worker finished 28_3_in_5 with score 3.554075100767405
[Main] Worker finished 35_3_in_5 with score 4.018340396051984
[Main] Worker finished 13_3_in_5 with score 2.3751167411662975
[Main] Worker finished 26_3_in_5 with score 3.41932754163419
[Main] Worker finished 32_3_in_4 with score 4.5849390124393
[Main] Worker finished 10_3_in_5 with score 2.082123526032778
[Main] Worker finished 38_3_in_5 with score 4.181525058512315
[26_3_in_5] Starting (50000 attempts)
[10_3_in_5] Starting (50000 attempts)
[29_3_in_5] Success!
[13_3_in_5] Starting (50000 attempts)
[7_3_in_5] Starting (5000 attempts)
[32_3_in_4] Starting (50000 attempts)
[38_3_in_5] Starting (50000 attempts)
[21_3_in_4] Starting (50000 attempts)
[24_3_in_5] Starting (50000 attempts)
[38_3_in_4] Success!
[34_3_in_4] Starting (50000 attempts)
[49_3_in_5] Starting (50000 attempts)
[20_3_in_4] Starting (50000 attempts)
[47_3_in_4] Starting (50000 attempts)
[Main] Worker finished 29_3_in_5 with score 3.6143078633076007
[22_3_in_5] Starting (50000 attempts)
[Main] Worker finished 38_3_in_4 with score 5.009774592434183
[29_3_in_5] Starting (50000 attempts)
[38_3_in_4] Starting (50000 attempts)
[30_3_in_5] Success!
[Main] Worker finished 30_3_in_5 with score 3.689105641415202
[20_3_in_5] Starting (50000 attempts)
[11_3_in_5] Success!
[Main] Worker finished 11_3_in_5 with score 2.1838637003505297
[11_3_in_5] Starting (50000 attempts)
[25_3_in_4] Success!
[Main] Worker finished 25_3_in_4 with score 4.028837670873109
[25_3_in_4] Starting (50000 attempts)
[12_3_in_5] Success!
[Main] Worker finished 12_3_in_5 with score 2.2811123173053827
[39_3_in_5] Success!
[Main] Worker finished 39_3_in_5 with score 4.26086488961101
[12_3_in_5] Starting (50000 attempts)
[15_3_in_5] Success!
[Main] Worker finished 15_3_in_5 with score 2.5568611965963517
[39_3_in_5] Starting (50000 attempts)
[42_3_in_5] Success!
[Main] Worker finished 42_3_in_5 with score 4.424445508947184
[15_3_in_5] Starting (50000 attempts)
[14_3_in_5] Success!
[Main] Worker finished 14_3_in_5 with score 2.46829373657482
[42_3_in_5] Starting (50000 attempts)
[6_3_in_5] Success!
[Main] Worker finished 6_3_in_5 with score 1.6123349327110192
[14_3_in_5] Starting (50000 attempts)
[5_3_in_5] Success!
[9_3_in_5] Success!
[Main] Worker finished 9_3_in_5 with score 1.9752492848811318
[6_3_in_5] Starting (5000 attempts)
[Main] Worker finished 5_3_in_5 with score 1.4729295256209733
[33_3_in_5] Success!
[5_3_in_5] Starting (5000 attempts)
[32_3_in_5] Success!
[Main] Worker finished 33_3_in_5 with score 3.8801297349323876
[9_3_in_5] Starting (50000 attempts)
[Main] Worker finished 32_3_in_5 with score 3.801892351946052
[32_3_in_5] Starting (50000 attempts)
[33_3_in_5] Starting (50000 attempts)
[36_3_in_5] Success!
[Main] Worker finished 36_3_in_5 with score 4.087235607410304
[10_3_in_5] Success!
[13_3_in_5] Success!
[Main] Worker finished 13_3_in_5 with score 2.375738022845646
[21_3_in_5] Starting (50000 attempts)
[Main] Worker finished 10_3_in_5 with score 2.082145378309763
[43_3_in_4] Success!
[37_3_in_4] Success!
[13_3_in_5] Starting (50000 attempts)
[7_3_in_5] Success!
[38_3_in_5] Success!
[Main] Worker finished 37_3_in_4 with score 4.982104680357112
[19_3_in_4] Starting (50000 attempts)
[Main] Worker finished 38_3_in_5 with score 4.181508381894919
[Main] Worker finished 7_3_in_5 with score 1.7418955288056368
[Main] Worker finished 43_3_in_4 with score 5.392683072966522
[32_3_in_4] Success!
[37_3_in_4] Starting (50000 attempts)
[43_3_in_4] Starting (50000 attempts)
[30_3_in_4] Success!
[38_3_in_5] Starting (50000 attempts)
[26_3_in_5] Success!
[Main] Worker finished 32_3_in_4 with score 4.585764896024146
[50_3_in_5] Starting (50000 attempts)
[Main] Worker finished 26_3_in_5 with score 3.426831061104918
[Main] Worker finished 30_3_in_4 with score 4.441287105031934
[32_3_in_4] Starting (50000 attempts)
[49_3_in_5] Success!
[44_3_in_4] Starting (50000 attempts)
[34_3_in_4] Success!
[Main] Worker finished 34_3_in_4 with score 4.756042031063173
[40_3_in_4] Starting (50000 attempts)
[Main] Worker finished 49_3_in_5 with score 5.016470904425224
[20_3_in_4] Success!
[36_3_in_4] Starting (50000 attempts)
[21_3_in_4] Success!
[24_3_in_5] Success!
[Main] Worker finished 21_3_in_4 with score 3.67624003388332
[46_3_in_4] Starting (50000 attempts)
[Main] Worker finished 24_3_in_5 with score 3.2765966815067378
[Main] Worker finished 20_3_in_4 with score 3.582115939080227
[21_3_in_4] Starting (50000 attempts)
[33_3_in_4] Starting (50000 attempts)
[45_3_in_4] Starting (50000 attempts)
[47_3_in_4] Success!
[Main] Worker finished 47_3_in_4 with score 5.748853997043414
[47_3_in_4] Starting (50000 attempts)
[22_3_in_5] Success!
[Main] Worker finished 22_3_in_5 with score 3.128610377842075
[41_3_in_4] Starting (50000 attempts)
[29_3_in_5] Success!
[Main] Worker finished 29_3_in_5 with score 3.6121091818991373
[29_3_in_5] Starting (50000 attempts)
[38_3_in_4] Success!
[Main] Worker finished 38_3_in_4 with score 5.010797783184875
[38_3_in_4] Starting (50000 attempts)
[20_3_in_5] Success!
[Main] Worker finished 20_3_in_5 with score 2.9826947481256063
[11_3_in_5] Success!
[25_3_in_4] Success!
[Main] Worker finished 25_3_in_4 with score 4.0028899609094255
[20_3_in_5] Starting (50000 attempts)
[Main] Worker finished 11_3_in_5 with score 2.1842256107581366
[25_3_in_4] Starting (50000 attempts)
[26_3_in_4] Starting (50000 attempts)
[14_3_in_5] Success!
[Main] Worker finished 14_3_in_5 with score 2.4687703515113615
[18_3_in_5] Starting (50000 attempts)
[42_3_in_5] Success!
[Main] Worker finished 42_3_in_5 with score 4.382322300346171
[42_3_in_5] Starting (50000 attempts)
[39_3_in_5] Success!
[Main] Worker finished 39_3_in_5 with score 4.2975919889362055
[15_3_in_5] Success!
[Main] Worker finished 15_3_in_5 with score 2.5593393575654066
[39_3_in_5] Starting (50000 attempts)
[12_3_in_5] Success!
[32_3_in_5] Success!
[6_3_in_5] Success!
[9_3_in_5] Success!
[5_3_in_5] Success!
[13_3_in_5] Success!
[Main] Worker finished 32_3_in_5 with score 3.822590015910944
[25_3_in_5] Starting (50000 attempts)
[Main] Worker finished 13_3_in_5 with score 2.376202227155764
[Main] Worker finished 5_3_in_5 with score 1.4721618857987302
[Main] Worker finished 6_3_in_5 with score 1.612334932486663
[Main] Worker finished 9_3_in_5 with score 1.9747021170622572
[Main] Worker finished 12_3_in_5 with score 2.2817621814646207
[21_3_in_5] Success!
[33_3_in_5] Success!
[12_3_in_5] Starting (50000 attempts)
[6_3_in_5] Starting (5000 attempts)
[5_3_in_5] Starting (5000 attempts)
[37_3_in_4] Success!
[32_3_in_5] Starting (50000 attempts)
[13_3_in_5] Starting (50000 attempts)
[50_3_in_5] Success!
[Main] Worker finished 21_3_in_5 with score 3.061010826311199
[9_3_in_5] Starting (50000 attempts)
[Main] Worker finished 37_3_in_4 with score 5.000010319707201
[Main] Worker finished 33_3_in_5 with score 3.8885071406031613
[Main] Worker finished 50_3_in_5 with score 5.084195995724824
[38_3_in_5] Success!
[40_3_in_4] Success!
[50_3_in_5] Starting (50000 attempts)
[19_3_in_4] Success!
[32_3_in_4] Success!
[44_3_in_4] Success!
[8_3_in_5] Starting (50000 attempts)
[43_3_in_4] Success!
[43_3_in_5] Starting (50000 attempts)
[21_3_in_4] Success!
[Main] Worker finished 21_3_in_4 with score 3.661851720221246
[29_3_in_4] Starting (50000 attempts)
[Main] Worker finished 38_3_in_5 with score 4.2105088799647765
[Main] Worker finished 32_3_in_4 with score 4.588213274762125
[Main] Worker finished 40_3_in_4 with score 5.25304994543078
[Main] Worker finished 19_3_in_4 with score 3.474444727589557
[Main] Worker finished 43_3_in_4 with score 5.352984094039623
[Main] Worker finished 44_3_in_4 with score 5.5964302941099415
[19_3_in_4] Starting (50000 attempts)
[36_3_in_4] Success!
[43_3_in_4] Starting (50000 attempts)
[46_3_in_4] Success!
[21_3_in_4] Starting (50000 attempts)
[32_3_in_4] Starting (50000 attempts)
[48_3_in_4] Starting (50000 attempts)
[41_3_in_4] Success!
[44_3_in_5] Starting (50000 attempts)
[45_3_in_4] Success!
[33_3_in_4] Success!
[Main] Worker finished 45_3_in_4 with score 5.616256647791648
[37_3_in_5] Starting (50000 attempts)
[Main] Worker finished 33_3_in_4 with score 4.661114489122559
[Main] Worker finished 41_3_in_4 with score 5.229827016739769
[Main] Worker finished 36_3_in_4 with score 4.88308800372257
[Main] Worker finished 46_3_in_4 with score 5.664982516820259
[36_3_in_4] Starting (50000 attempts)
[46_3_in_4] Starting (50000 attempts)
[33_3_in_4] Starting (50000 attempts)
[45_3_in_4] Starting (50000 attempts)
[42_3_in_4] Starting (50000 attempts)
[47_3_in_4] Success!
[Main] Worker finished 47_3_in_4 with score 5.719360262362574
[47_3_in_4] Starting (50000 attempts)
[29_3_in_5] Success!
[Main] Worker finished 29_3_in_5 with score 3.614579252540923
[38_3_in_4] Success!
[Main] Worker finished 38_3_in_4 with score 5.031913296930033
[29_3_in_5] Starting (50000 attempts)
[47_3_in_5] Starting (50000 attempts)
[25_3_in_4] Success!
[Main] Worker finished 25_3_in_4 with score 4.0354426929720395
[20_3_in_5] Success!
[Main] Worker finished 20_3_in_5 with score 2.983637456468405
[25_3_in_4] Starting (50000 attempts)
[26_3_in_4] Success!
[Main] Worker finished 26_3_in_4 with score 4.118396305353627
[35_3_in_4] Starting (50000 attempts)
[26_3_in_4] Starting (50000 attempts)
[18_3_in_5] Success!
[Main] Worker finished 18_3_in_5 with score 2.8146618728244883
[18_3_in_5] Starting (50000 attempts)
[39_3_in_5] Success!
[Main] Worker finished 39_3_in_5 with score 4.271321485707183
[24_3_in_4] Starting (50000 attempts)
[42_3_in_5] Success!
[Main] Worker finished 42_3_in_5 with score 4.473932311285248
[12_3_in_5] Success!
[Main] Worker finished 12_3_in_5 with score 2.281618468812332
[42_3_in_5] Starting (50000 attempts)
[12_3_in_5] Starting (50000 attempts)
[5_3_in_5] Success!
[Main] Worker finished 5_3_in_5 with score 1.473592243833092
[34_3_in_5] Starting (50000 attempts)
[6_3_in_5] Success!
[Main] Worker finished 6_3_in_5 with score 1.61233493594318
[32_3_in_5] Success!
[9_3_in_5] Success!
[25_3_in_5] Success!
[Main] Worker finished 32_3_in_5 with score 3.8170016362162804
[23_3_in_5] Starting (50000 attempts)
[Main] Worker finished 9_3_in_5 with score 1.9752468696905114
[Main] Worker finished 25_3_in_5 with score 3.3557015194412054
[8_3_in_5] Success!
[13_3_in_4] Starting (50000 attempts)
[13_3_in_5] Success!
[46_3_in_5] Starting (50000 attempts)
[Main] Worker finished 8_3_in_5 with score 1.8641606449453922
[31_3_in_5] Starting (50000 attempts)
[Main] Worker finished 13_3_in_5 with score 2.3772344891890627
[19_3_in_4] Success!
[13_3_in_5] Starting (50000 attempts)
[50_3_in_5] Success!
[Main] Worker finished 19_3_in_4 with score 3.476356018745095
[27_3_in_4] Starting (50000 attempts)
[Main] Worker finished 50_3_in_5 with score 5.05461090924511
[43_3_in_5] Success!
[19_3_in_4] Starting (50000 attempts)
[29_3_in_4] Success!
[Main] Worker finished 29_3_in_4 with score 4.35061729638691
[18_3_in_4] Starting (50000 attempts)
[Main] Worker finished 43_3_in_5 with score 4.567529985166569
[32_3_in_4] Success!
[43_3_in_4] Success!
[21_3_in_4] Success!
[29_3_in_4] Starting (50000 attempts)
[Main] Worker finished 32_3_in_4 with score 4.593747444168572
[36_3_in_5] Starting (50000 attempts)
[Main] Worker finished 43_3_in_4 with score 5.458666540882543
[Main] Worker finished 21_3_in_4 with score 3.6830378276180937
[48_3_in_4] Success!
[43_3_in_4] Starting (50000 attempts)
[30_3_in_4] Starting (50000 attempts)
[44_3_in_5] Success!
[46_3_in_4] Success!
[36_3_in_4] Success!
[Main] Worker finished 44_3_in_5 with score 4.633284650309261
[24_3_in_5] Starting (50000 attempts)
[Main] Worker finished 48_3_in_4 with score 5.926032818881223
[Main] Worker finished 46_3_in_4 with score 5.734691893353765
[Main] Worker finished 36_3_in_4 with score 4.895274592928993
[33_3_in_4] Success!
[48_3_in_4] Starting (50000 attempts)
[36_3_in_4] Starting (50000 attempts)
[34_3_in_4] Starting (50000 attempts)
[Main] Worker finished 33_3_in_4 with score 4.663467634209655
[49_3_in_5] Starting (50000 attempts)
[37_3_in_5] Success!
[Main] Worker finished 37_3_in_5 with score 4.132911007435674
[20_3_in_4] Starting (50000 attempts)
[29_3_in_5] Success!
[Main] Worker finished 29_3_in_5 with score 3.621858123846187
[37_3_in_5] Starting (50000 attempts)
[45_3_in_4] Success!
[47_3_in_4] Success!
[Main] Worker finished 45_3_in_4 with score 5.616624346903507
[41_3_in_5] Starting (50000 attempts)
[Main] Worker finished 47_3_in_4 with score 5.807274721653209
[42_3_in_4] Success!
[45_3_in_4] Starting (50000 attempts)
[Main] Worker finished 42_3_in_4 with score 5.391716024923637
[47_3_in_4] Starting (50000 attempts)
[22_3_in_5] Starting (50000 attempts)
[47_3_in_5] Success!
[Main] Worker finished 47_3_in_5 with score 4.794241664767041
[47_3_in_5] Starting (50000 attempts)
[26_3_in_4] Success!
[Main] Worker finished 26_3_in_4 with score 4.117467785840696
[25_3_in_4] Success!
[18_3_in_5] Success!
[Main] Worker finished 18_3_in_5 with score 2.8172476892155127
[26_3_in_4] Starting (50000 attempts)
[Main] Worker finished 25_3_in_4 with score 4.005273312735106
[35_3_in_4] Success!
[25_3_in_4] Starting (50000 attempts)
[Main] Worker finished 35_3_in_4 with score 4.831035797280756
[40_3_in_5] Starting (50000 attempts)
[12_3_in_5] Success!
[Main] Worker finished 12_3_in_5 with score 2.2819609527119584
[35_3_in_4] Starting (50000 attempts)
[42_3_in_5] Success!
[Main] Worker finished 42_3_in_5 with score 4.468595669874904
[21_3_in_5] Starting (50000 attempts)
[23_3_in_5] Success!
[34_3_in_5] Success!
[Main] Worker finished 34_3_in_5 with score 3.950072293576013
[42_3_in_5] Starting (50000 attempts)
[Main] Worker finished 23_3_in_5 with score 3.200260725450008
[24_3_in_4] Success!
[23_3_in_5] Starting (50000 attempts)
[Main] Worker finished 24_3_in_4 with score 3.948932834327308
[44_3_in_4] Starting (50000 attempts)
[13_3_in_4] Success!
[Main] Worker finished 13_3_in_4 with score 2.8583250803370848
[24_3_in_4] Starting (50000 attempts)
[19_3_in_5] Starting (50000 attempts)
[29_3_in_4] Success!
[Main] Worker finished 29_3_in_4 with score 4.33978453294204
[31_3_in_5] Success!
[Main] Worker finished 31_3_in_5 with score 3.756086451726561
[29_3_in_4] Starting (50000 attempts)
[46_3_in_5] Success!
[27_3_in_4] Success!
[Main] Worker finished 27_3_in_4 with score 4.201837137129562
[40_3_in_4] Starting (50000 attempts)
[Main] Worker finished 46_3_in_5 with score 4.814448867625991
[41_3_in_4] Starting (50000 attempts)
[13_3_in_5] Success!
[Main] Worker finished 13_3_in_5 with score 2.3767949851857426
[25_3_in_5] Starting (50000 attempts)
[24_3_in_5] Success!
[19_3_in_4] Success!
[Main] Worker finished 24_3_in_5 with score 3.2848172892826764
[8_3_in_5] Starting (50000 attempts)
[Main] Worker finished 19_3_in_4 with score 3.4956770013695766
[18_3_in_4] Success!
[43_3_in_4] Success!
[43_3_in_5] Starting (50000 attempts)
[30_3_in_4] Success!
[34_3_in_4] Success!
[49_3_in_5] Success!
[20_3_in_4] Success!
[Main] Worker finished 49_3_in_5 with score 4.943167343588895
[44_3_in_5] Starting (50000 attempts)
[Main] Worker finished 18_3_in_4 with score 3.3844831958044064
[Main] Worker finished 30_3_in_4 with score 4.435699573893803
[Main] Worker finished 34_3_in_4 with score 4.732251113435828
[Main] Worker finished 43_3_in_4 with score 5.525525648101554
[37_3_in_5] Success!
[Main] Worker finished 20_3_in_4 with score 3.579597086460894
[34_3_in_4] Starting (50000 attempts)
[36_3_in_5] Success!
[45_3_in_4] Success!
[36_3_in_4] Success!
[49_3_in_5] Starting (50000 attempts)
[20_3_in_4] Starting (50000 attempts)
[22_3_in_5] Success!
[42_3_in_4] Starting (50000 attempts)
[48_3_in_4] Success!
[41_3_in_5] Success!
[26_3_in_5] Starting (50000 attempts)
[47_3_in_4] Success!
[Main] Worker finished 37_3_in_5 with score 4.127828943407568
[48_3_in_5] Starting (50000 attempts)
[Main] Worker finished 36_3_in_4 with score 4.883767137744209
[Main] Worker finished 41_3_in_5 with score 4.438726344183587
[Main] Worker finished 47_3_in_4 with score 5.79929471485055
[Main] Worker finished 45_3_in_4 with score 5.55747663389788
[Main] Worker finished 22_3_in_5 with score 3.130205302441814
[Main] Worker finished 36_3_in_5 with score 4.076228129168676
[Main] Worker finished 48_3_in_4 with score 5.932996747424285
[22_3_in_5] Starting (50000 attempts)
[48_3_in_4] Starting (50000 attempts)
[36_3_in_4] Starting (50000 attempts)
[45_3_in_4] Starting (50000 attempts)
[47_3_in_4] Starting (50000 attempts)
[10_3_in_5] Starting (50000 attempts)
[34_3_in_5] Starting (50000 attempts)
[7_3_in_5] Starting (5000 attempts)
[47_3_in_5] Success!
[Main] Worker finished 47_3_in_5 with score 4.739510616252587
[47_3_in_5] Starting (50000 attempts)
[35_3_in_4] Success!
[Main] Worker finished 35_3_in_4 with score 4.831035797280756
[21_3_in_5] Success!
[Main] Worker finished 21_3_in_5 with score 3.0622079068582124[17_3_in_5] Starting (50000 attempts)

[26_3_in_4] Success!
[40_3_in_5] Success!
[Main] Worker finished 26_3_in_4 with score 4.104954482164783
[13_3_in_4] Starting (50000 attempts)
[Main] Worker finished 40_3_in_5 with score 4.35065662291361
[25_3_in_4] Success!
[42_3_in_5] Success!
[40_3_in_5] Starting (50000 attempts)
[Main] Worker finished 25_3_in_4 with score 4.036072374052227
[26_3_in_4] Starting (50000 attempts)
[Main] Worker finished 42_3_in_5 with score 4.493924228272134
[23_3_in_5] Success!
[46_3_in_5] Starting (50000 attempts)
[24_3_in_4] Success!
[Main] Worker finished 24_3_in_4 with score 3.949297891545804
[31_3_in_5] Starting (50000 attempts)
[Main] Worker finished 23_3_in_5 with score 3.2128824242092584
[41_3_in_4] Success!
[27_3_in_4] Starting (50000 attempts)
[19_3_in_5] Success!
[Main] Worker finished 41_3_in_4 with score 5.344815474203816[18_3_in_4] Starting (50000 attempts)

[Main] Worker finished 19_3_in_5 with score 2.9063566116156383
[40_3_in_4] Success!
[8_3_in_5] Success!
[25_3_in_5] Success!
[44_3_in_4] Success!
[29_3_in_4] Success!
[30_3_in_5] Starting (50000 attempts)
[44_3_in_5] Success!
[Main] Worker finished 8_3_in_5 with score 1.862270725281359
[15_3_in_5] Starting (50000 attempts)
[Main] Worker finished 29_3_in_4 with score 4.347551012491243
[Main] Worker finished 44_3_in_4 with score 5.553503207265787
[Main] Worker finished 40_3_in_4 with score 5.254467501146454
[Main] Worker finished 44_3_in_5 with score 4.5968407216861245
[Main] Worker finished 25_3_in_5 with score 3.356548013333152
[34_3_in_4] Success!
[44_3_in_5] Starting (50000 attempts)
[49_3_in_5] Success!
[42_3_in_4] Success!
[29_3_in_4] Starting (50000 attempts)
[43_3_in_5] Success!
[14_3_in_5] Starting (50000 attempts)
[20_3_in_4] Success!
[31_3_in_4] Starting (50000 attempts)
[48_3_in_5] Success!
[36_3_in_4] Success!
[26_3_in_5] Success!
[36_3_in_5] Starting (50000 attempts)
[22_3_in_5] Success!
[47_3_in_4] Success!
[10_3_in_5] Success!
[Main] Worker finished 22_3_in_5 with score 3.1223115056883906[30_3_in_4] Starting (50000 attempts)

[Main] Worker finished 43_3_in_5 with score 4.544303673740963
[Main] Worker finished 34_3_in_4 with score 4.717401912967071
[Main] Worker finished 26_3_in_5 with score 3.4172790183013086
[Main] Worker finished 42_3_in_4 with score 5.305351201883148
[Main] Worker finished 36_3_in_4 with score 4.89348638628278
[Main] Worker finished 49_3_in_5 with score 4.994668908813568
[Main] Worker finished 10_3_in_5 with score 2.082140261640289
[Main] Worker finished 48_3_in_5 with score 4.897357243038764
[48_3_in_4] Success!
[Main] Worker finished 47_3_in_4 with score 5.6920833603522825
[Main] Worker finished 20_3_in_4 with score 3.58677665283775
[45_3_in_4] Success!
[22_3_in_5] Starting (50000 attempts)
[43_3_in_5] Starting (50000 attempts)
[42_3_in_4] Starting (50000 attempts)
[7_3_in_5] Success!
[34_3_in_5] Success!
[26_3_in_5] Starting (50000 attempts)
[48_3_in_5] Starting (50000 attempts)
[34_3_in_4] Starting (50000 attempts)
[36_3_in_4] Starting (50000 attempts)
[47_3_in_5] Success!
[47_3_in_4] Starting (50000 attempts)
[37_3_in_4] Starting (50000 attempts)
[24_3_in_5] Starting (50000 attempts)
[Main] Worker finished 47_3_in_5 with score 4.752426089677706
[41_3_in_5] Starting (50000 attempts)
[Main] Worker finished 7_3_in_5 with score 1.741520776226328
[Main] Worker finished 48_3_in_4 with score 5.855428389862899
[Main] Worker finished 34_3_in_5 with score 3.942308690494909
[Main] Worker finished 45_3_in_4 with score 5.668311766146055
[34_3_in_5] Starting (50000 attempts)
[7_3_in_5] Starting (5000 attempts)
[48_3_in_4] Starting (50000 attempts)
[47_3_in_5] Starting (50000 attempts)
[45_3_in_4] Starting (50000 attempts)
[13_3_in_4] Success!
[Main] Worker finished 13_3_in_4 with score 2.8573510036876137
[13_3_in_4] Starting (50000 attempts)
[40_3_in_5] Success!
[Main] Worker finished 40_3_in_5 with score 4.365451708663859
[26_3_in_4] Success!
[Main] Worker finished 26_3_in_4 with score 4.119581326334441
[20_3_in_5] Starting (50000 attempts)
[17_3_in_5] Success!
[Main] Worker finished 17_3_in_5 with score 2.7299679229561598
[21_3_in_5] Starting (50000 attempts)
[17_3_in_5] Starting (50000 attempts)
[31_3_in_5] Success!
[Main] Worker finished 31_3_in_5 with score 3.751335757705845
[46_3_in_5] Success!
[Main] Worker finished 46_3_in_5 with score 4.713691172240886
[31_3_in_5] Starting (50000 attempts)
[27_3_in_4] Success!
[Main] Worker finished 27_3_in_4 with score 4.15885848290376
[46_3_in_5] Starting (50000 attempts)
[18_3_in_4] Success!
[Main] Worker finished 18_3_in_4 with score 3.368575402876833
[27_3_in_4] Starting (50000 attempts)
[18_3_in_4] Starting (50000 attempts)
[15_3_in_5] Success!
[Main] Worker finished 15_3_in_5 with score 2.5593923828875704
[30_3_in_5] Success!
[Main] Worker finished 30_3_in_5 with score 3.6837915922262283
[50_3_in_5] Starting (50000 attempts)
[30_3_in_5] Starting (50000 attempts)
[44_3_in_5] Success!
[Main] Worker finished 44_3_in_5 with score 4.624608583310271
[44_3_in_5] Starting (50000 attempts)
[29_3_in_4] Success!
[Main] Worker finished 29_3_in_4 with score 4.337681349050957
[36_3_in_5] Success!
[Main] Worker finished 36_3_in_5 with score 4.0861330571667045
[29_3_in_4] Starting (50000 attempts)
[14_3_in_5] Success!
[31_3_in_4] Success!
[Main] Worker finished 31_3_in_4 with score 4.519384531618445
[36_3_in_5] Starting (50000 attempts)
[Main] Worker finished 14_3_in_5 with score 2.465611425096576
[14_3_in_5] Starting (50000 attempts)
[30_3_in_4] Success!
[Main] Worker finished 30_3_in_4 with score 4.441435840260274[44_3_in_4] Starting (50000 attempts)

[30_3_in_4] Starting (50000 attempts)
[26_3_in_5] Success!
[Main] Worker finished 26_3_in_5 with score 3.41822678737151
[22_3_in_5] Success!
[42_3_in_4] Success!
[Main] Worker finished 22_3_in_5 with score 3.1391935080397837[26_3_in_5] Starting (50000 attempts)

[43_3_in_5] Success!
[Main] Worker finished 43_3_in_5 with score 4.5523209371899
[22_3_in_5] Starting (50000 attempts)
[Main] Worker finished 42_3_in_4 with score 5.35427732490942
[42_3_in_4] Starting (50000 attempts)
[19_3_in_5] Starting (50000 attempts)
[34_3_in_4] Success!
[Main] Worker finished 34_3_in_4 with score 4.734901836014946
[48_3_in_5] Success!
[36_3_in_4] Success!
[Main] Worker finished 36_3_in_4 with score 4.904798716783879
[34_3_in_4] Starting (50000 attempts)
[Main] Worker finished 48_3_in_5 with score 4.9494385803528385
[47_3_in_4] Success!
[40_3_in_4] Starting (50000 attempts)
[Main] Worker finished 47_3_in_4 with score 5.763448738999975
[46_3_in_4] Starting (50000 attempts)
[33_3_in_4] Starting (50000 attempts)
[37_3_in_4] Success!
[Main] Worker finished 37_3_in_4 with score 4.974727710547362
[24_3_in_5] Success!
[Main] Worker finished 24_3_in_5 with score 3.27554516215835
[41_3_in_4] Starting (50000 attempts)
[41_3_in_5] Success!
[Main] Worker finished 41_3_in_5 with score 4.355707329072416[24_3_in_5] Starting (50000 attempts)

[7_3_in_5] Success!
[Main] Worker finished 7_3_in_5 with score 1.7419930002092654
[41_3_in_5] Starting (50000 attempts)
[11_3_in_5] Starting (50000 attempts)
[34_3_in_5] Success!
[Main] Worker finished 34_3_in_5 with score 3.9262577871373177
[48_3_in_4] Success!
[Main] Worker finished 48_3_in_4 with score 5.832350442130772
[34_3_in_5] Starting (50000 attempts)
[47_3_in_5] Success!
[Main] Worker finished 47_3_in_5 with score 4.772820204095091
[48_3_in_4] Starting (50000 attempts)
[45_3_in_4] Success!
[Main] Worker finished 45_3_in_4 with score 5.5138870450926
[47_3_in_5] Starting (50000 attempts)
[45_3_in_4] Starting (50000 attempts)
[13_3_in_4] Success!
[Main] Worker finished 13_3_in_4 with score 2.85775306651173
[20_3_in_5] Success!
[21_3_in_5] Success!
[17_3_in_5] Success!
[Main] Worker finished 17_3_in_5 with score 2.7334055665325514
[18_3_in_5] Starting (50000 attempts)
[Main] Worker finished 21_3_in_5 with score 3.0578206881502736
[Main] Worker finished 20_3_in_5 with score 2.981635179132359
[20_3_in_5] Starting (50000 attempts)
[21_3_in_5] Starting (50000 attempts)
[46_3_in_5] Success!
[Main] Worker finished 46_3_in_5 with score 4.794243437084722
[25_3_in_5] Starting (50000 attempts)
[18_3_in_4] Success!
[Main] Worker finished 18_3_in_4 with score 3.3887725656080283
[8_3_in_5] Starting (50000 attempts)
[31_3_in_5] Success!
[27_3_in_4] Success!
[Main] Worker finished 27_3_in_4 with score 4.199736889469693
[37_3_in_5] Starting (50000 attempts)
[Main] Worker finished 31_3_in_5 with score 3.730523852919141
[31_3_in_5] Starting (50000 attempts)
[33_3_in_5] Starting (50000 attempts)
[30_3_in_5] Success!
[Main] Worker finished 30_3_in_5 with score 3.670157491643775
[30_3_in_5] Starting (50000 attempts)
[50_3_in_5] Success!
[Main] Worker finished 50_3_in_5 with score 5.095380419820268
[35_3_in_4] Starting (50000 attempts)
[29_3_in_4] Success!
[Main] Worker finished 29_3_in_4 with score 4.3554406811355575
[36_3_in_5] Success!
[Main] Worker finished 36_3_in_5 with score 4.077132942143334
[10_3_in_5] Starting (50000 attempts)
[44_3_in_5] Success!
[44_3_in_4] Success!
[Main] Worker finished 44_3_in_4 with score 5.558556064452694
[36_3_in_5] Starting (50000 attempts)
[Main] Worker finished 44_3_in_5 with score 4.626307932661024
[44_3_in_4] Starting (50000 attempts)
[24_3_in_4] Starting (50000 attempts)
[14_3_in_5] Success!
[Main] Worker finished 14_3_in_5 with score 2.468049596551582
[14_3_in_5] Starting (50000 attempts)
[19_3_in_5] Success!
[Main] Worker finished 19_3_in_5 with score 2.9034024442295974
[26_3_in_5] Success!
[Main] Worker finished 26_3_in_5 with score 3.4232303547546863
[23_3_in_5] Starting (50000 attempts)
[30_3_in_4] Success!
[42_3_in_4] Success!
[22_3_in_5] Success!
[Main] Worker finished 30_3_in_4 with score 4.434470511563462[39_3_in_5] Starting (50000 attempts)

[Main] Worker finished 42_3_in_4 with score 5.3771096939265455
[Main] Worker finished 22_3_in_5 with score 3.136222971147528
[30_3_in_4] Starting (50000 attempts)
[42_3_in_4] Starting (50000 attempts)
[40_3_in_4] Success!
[46_3_in_4] Success!
[Main] Worker finished 46_3_in_4 with score 5.739872203071457
[22_3_in_4] Starting (50000 attempts)
[Main] Worker finished 40_3_in_4 with score 5.2334266494413555
[46_3_in_4] Starting (50000 attempts)
[33_3_in_4] Success!
[Main] Worker finished 33_3_in_4 with score 4.674562777471559
[23_3_in_4] Starting (50000 attempts)
[34_3_in_4] Success!
[Main] Worker finished 34_3_in_4 with score 4.71491928469032
[33_3_in_4] Starting (50000 attempts)
[34_3_in_4] Starting (50000 attempts)
[41_3_in_4] Success!
[Main] Worker finished 41_3_in_4 with score 5.3140888053704
[27_3_in_5] Starting (50000 attempts)
[41_3_in_5] Success!
[Main] Worker finished 41_3_in_5 with score 4.408510764879402
[15_3_in_5] Starting (50000 attempts)
[45_3_in_4] Success!
[Main] Worker finished 45_3_in_4 with score 5.643435511519795
[24_3_in_5] Success!
[Main] Worker finished 24_3_in_5 with score 3.2759247966325673
[28_3_in_5] Starting (50000 attempts)
[24_3_in_5] Starting (50000 attempts)
[11_3_in_5] Success!
[Main] Worker finished 11_3_in_5 with score 2.1872097025938535
[45_3_in_5] Starting (50000 attempts)
[47_3_in_5] Success!
[Main] Worker finished 47_3_in_5 with score 4.821440340074729
[34_3_in_5] Success!
[Main] Worker finished 34_3_in_5 with score 3.932375721519614
[6_3_in_5] Starting (5000 attempts)
[48_3_in_4] Success!
[Main] Worker finished 48_3_in_4 with score 5.919616175009755
[34_3_in_5] Starting (50000 attempts)
[48_3_in_4] Starting (50000 attempts)
[18_3_in_5] Success!
[Main] Worker finished 18_3_in_5 with score 2.821693675434351
[20_3_in_5] Success!
[37_3_in_5] Success!
[Main] Worker finished 37_3_in_5 with score 4.15017415599429[5_3_in_5] Starting (5000 attempts)

[Main] Worker finished 20_3_in_5 with score 2.9850851463036605
[8_3_in_5] Success!
[21_3_in_5] Success!
[25_3_in_5] Success!
[37_3_in_5] Starting (50000 attempts)
[31_3_in_5] Success!
[Main] Worker finished 25_3_in_5 with score 3.3242390912223763
[20_3_in_5] Starting (50000 attempts)
[Main] Worker finished 31_3_in_5 with score 3.7358398490942886
[Main] Worker finished 8_3_in_5 with score 1.8616678399803717
[Main] Worker finished 21_3_in_5 with score 3.0585055951181466
[25_3_in_5] Starting (50000 attempts)
[8_3_in_5] Starting (50000 attempts)
[33_3_in_5] Success!
[21_3_in_5] Starting (50000 attempts)
[Main] Worker finished 33_3_in_5 with score 3.8931861389740208
[31_3_in_5] Starting (50000 attempts)
[30_3_in_5] Success!
[10_3_in_5] Success!
[Main] Worker finished 30_3_in_5 with score 3.6878626048815883
[31_3_in_4] Starting (50000 attempts)
[Main] Worker finished 10_3_in_5 with score 2.082101885278216
[35_3_in_4] Success!
[10_3_in_5] Starting (50000 attempts)
[36_3_in_5] Success!
[Main] Worker finished 36_3_in_5 with score 4.091871112434221
[Main] Worker finished 35_3_in_4 with score 4.820535976011669
[30_3_in_5] Starting (50000 attempts)
[44_3_in_4] Success!
[35_3_in_4] Starting (50000 attempts)
[14_3_in_5] Success!
[Main] Worker finished 44_3_in_4 with score 5.5616010013841555
[35_3_in_5] Starting (50000 attempts)
[Main] Worker finished 14_3_in_5 with score 2.467751507592506
[44_3_in_4] Starting (50000 attempts)
[14_3_in_5] Starting (50000 attempts)
[24_3_in_4] Success!
[Main] Worker finished 24_3_in_4 with score 3.929533630480573
[24_3_in_4] Starting (50000 attempts)
[22_3_in_4] Success!
[Main] Worker finished 22_3_in_4 with score 3.7600556207515226
[22_3_in_4] Starting (50000 attempts)
[23_3_in_4] Success!
[Main] Worker finished 23_3_in_4 with score 3.8643050729693815
[42_3_in_4] Success!
[39_3_in_5] Success!
[30_3_in_4] Success!
[Main] Worker finished 30_3_in_4 with score 4.443022929155957
[28_3_in_4] Starting (50000 attempts)
[Main] Worker finished 39_3_in_5 with score 4.265728460509129
[Main] Worker finished 42_3_in_4 with score 5.391716024923637
[39_3_in_5] Starting (50000 attempts)
[23_3_in_5] Success!
[32_3_in_5] Starting (50000 attempts)
[33_3_in_4] Success!
[Main] Worker finished 23_3_in_5 with score 3.2110152886115944
[37_3_in_4] Starting (50000 attempts)
[Main] Worker finished 33_3_in_4 with score 4.670985505775849
[34_3_in_4] Success!
[46_3_in_4] Success!
[33_3_in_4] Starting (50000 attempts)
[Main] Worker finished 34_3_in_4 with score 4.738437501213865
[21_3_in_4] Starting (50000 attempts)
[Main] Worker finished 46_3_in_4 with score 5.79179118342406
[28_3_in_5] Success!
[15_3_in_5] Success!
[49_3_in_5] Starting (50000 attempts)
[Main] Worker finished 15_3_in_5 with score 2.5558264919200258[20_3_in_4] Starting (50000 attempts)

[Main] Worker finished 28_3_in_5 with score 3.5537909868755717
[15_3_in_5] Starting (50000 attempts)
[24_3_in_5] Success!
[27_3_in_5] Success!
[Main] Worker finished 24_3_in_5 with score 3.2797792515606496
[28_3_in_5] Starting (50000 attempts)
[Main] Worker finished 27_3_in_5 with score 3.4825926629073067
[27_3_in_5] Starting (50000 attempts)
[40_3_in_5] Starting (50000 attempts)
[34_3_in_5] Success!
[Main] Worker finished 34_3_in_5 with score 3.92831951860673
[48_3_in_4] Success!
[Main] Worker finished 48_3_in_4 with score 5.870973543718415
[34_3_in_5] Starting (50000 attempts)
[6_3_in_5] Success!
[45_3_in_5] Success!
[Main] Worker finished 6_3_in_5 with score 1.6123349285366337
[48_3_in_4] Starting (50000 attempts)
[Main] Worker finished 45_3_in_5 with score 4.617449698496022
[45_3_in_5] Starting (50000 attempts)
[6_3_in_5] Starting (5000 attempts)
[5_3_in_5] Success!
[Main] Worker finished 5_3_in_5 with score 1.4721694286740672
[5_3_in_5] Starting (5000 attempts)
[37_3_in_5] Success!
[Main] Worker finished 37_3_in_5 with score 4.121686431748756
[31_3_in_5] Success!
[20_3_in_5] Success!
[Main] Worker finished 20_3_in_5 with score 2.9813146120015337[37_3_in_5] Starting (50000 attempts)

[Main] Worker finished 31_3_in_5 with score 3.7522123332156454
[25_3_in_5] Success!
[21_3_in_5] Success!
[8_3_in_5] Success!
[20_3_in_5] Starting (50000 attempts)
[Main] Worker finished 21_3_in_5 with score 3.062449635554174
[31_3_in_5] Starting (50000 attempts)
[Main] Worker finished 25_3_in_5 with score 3.353681167844072
[Main] Worker finished 8_3_in_5 with score 1.8629995005681756
[25_3_in_5] Starting (50000 attempts)
[8_3_in_5] Starting (50000 attempts)
[10_3_in_5] Success!
[Main] Worker finished 10_3_in_5 with score 2.083115888027414[19_3_in_4] Starting (50000 attempts)

[31_3_in_4] Success!
[Main] Worker finished 31_3_in_4 with score 4.512226973028173
[50_3_in_5] Starting (50000 attempts)
[30_3_in_5] Success!
[Main] Worker finished 30_3_in_5 with score 3.6913543938980142
[19_3_in_5] Starting (50000 attempts)
[40_3_in_4] Starting (50000 attempts)
[44_3_in_4] Success!
[Main] Worker finished 44_3_in_4 with score 5.587114090265403
[14_3_in_5] Success!
[35_3_in_4] Success!
[Main] Worker finished 14_3_in_5 with score 2.4671157281773706
[44_3_in_4] Starting (50000 attempts)
[Main] Worker finished 35_3_in_4 with score 4.8356574757045445
[35_3_in_5] Success!
[14_3_in_5] Starting (50000 attempts)
[22_3_in_4] Success!
[24_3_in_4] Success!
[39_3_in_5] Success!
[Main] Worker finished 22_3_in_4 with score 3.770191055014981
[16_3_in_5] Starting (50000 attempts)
[Main] Worker finished 35_3_in_5 with score 4.0017663859876835
[Main] Worker finished 39_3_in_5 with score 4.275169600037679
[Main] Worker finished 24_3_in_4 with score 3.9485471340285323
[28_3_in_4] Success!
[32_3_in_5] Success!
[24_3_in_4] Starting (50000 attempts)
[22_3_in_4] Starting (50000 attempts)
[37_3_in_4] Success!
[33_3_in_4] Success!
[41_3_in_4] Starting (50000 attempts)
[Main] Worker finished 33_3_in_4 with score 4.663467634209655
[11_3_in_5] Starting (50000 attempts)
[Main] Worker finished 37_3_in_4 with score 4.9567531909448475
[Main] Worker finished 28_3_in_4 with score 4.276638186474581
[Main] Worker finished 32_3_in_5 with score 3.820084936704594
[21_3_in_4] Success!
[32_3_in_5] Starting (50000 attempts)
[37_3_in_4] Starting (50000 attempts)
[18_3_in_5] Starting (50000 attempts)
[20_3_in_4] Success!
[28_3_in_5] Success!
[Main] Worker finished 20_3_in_4 with score 3.5822380706524606
[43_3_in_5] Starting (50000 attempts)
[Main] Worker finished 21_3_in_4 with score 3.673200027001402
[Main] Worker finished 28_3_in_5 with score 3.557527263765998
[27_3_in_5] Success!
[21_3_in_4] Starting (50000 attempts)
[49_3_in_5] Success!
[20_3_in_4] Starting (50000 attempts)
[15_3_in_5] Success!
[34_3_in_5] Success!
[Main] Worker finished 49_3_in_5 with score 4.966256840369471[33_3_in_5] Starting (50000 attempts)

[Main] Worker finished 27_3_in_5 with score 3.4873047779478603
[Main] Worker finished 34_3_in_5 with score 3.943656075577568
[Main] Worker finished 15_3_in_5 with score 2.553435741861181
[49_3_in_5] Starting (50000 attempts)
[6_3_in_5] Success!
[27_3_in_5] Starting (50000 attempts)
[15_3_in_5] Starting (50000 attempts)
[40_3_in_5] Success!
[Main] Worker finished 6_3_in_5 with score 1.6123349282079364
[48_3_in_5] Starting (50000 attempts)
[Main] Worker finished 40_3_in_5 with score 4.338574490107765
[6_3_in_5] Starting (5000 attempts)
[23_3_in_5] Starting (50000 attempts)
[45_3_in_5] Success!
[Main] Worker finished 45_3_in_5 with score 4.708662387201879
[45_3_in_5] Starting (50000 attempts)
[48_3_in_4] Success!
[Main] Worker finished 48_3_in_4 with score 5.893450676980291
[7_3_in_5] Starting (5000 attempts)
[31_3_in_5] Success!
[Main] Worker finished 31_3_in_5 with score 3.7587935087762947
[5_3_in_5] Success!
[37_3_in_5] Success!
[20_3_in_5] Success!
[Main] Worker finished 5_3_in_5 with score 1.4735924834536605
[39_3_in_4] Starting (50000 attempts)
[Main] Worker finished 37_3_in_5 with score 4.139272693085462
[Main] Worker finished 20_3_in_5 with score 2.983545443816297
[20_3_in_5] Starting (50000 attempts)
[25_3_in_5] Success!
[32_3_in_4] Starting (50000 attempts)
[8_3_in_5] Success!
[Main] Worker finished 8_3_in_5 with score 1.8618302541845477
[17_3_in_5] Starting (50000 attempts)
[Main] Worker finished 25_3_in_5 with score 3.3369243414203873
[19_3_in_4] Success!
[50_3_in_5] Success!
[25_3_in_5] Starting (50000 attempts)
[19_3_in_5] Success!
[Main] Worker finished 19_3_in_4 with score 3.4954874820989015[8_3_in_5] Starting (50000 attempts)

[Main] Worker finished 19_3_in_5 with score 2.891893369235926
[Main] Worker finished 50_3_in_5 with score 4.979000017298063
[50_3_in_5] Starting (50000 attempts)
[40_3_in_4] Success!
[44_3_in_4] Success!
[12_3_in_5] Starting (50000 attempts)
[Main] Worker finished 44_3_in_4 with score 5.620151541422797[13_3_in_4] Starting (50000 attempts)

[Main] Worker finished 40_3_in_4 with score 5.274274816044175
[14_3_in_5] Success!
[16_3_in_5] Success!
[46_3_in_5] Starting (50000 attempts)
[Main] Worker finished 14_3_in_5 with score 2.467552128588175
[23_3_in_4] Starting (50000 attempts)
[Main] Worker finished 16_3_in_5 with score 2.6503483984834104
[38_3_in_5] Starting (50000 attempts)
[27_3_in_4] Starting (50000 attempts)
[24_3_in_4] Success!
[Main] Worker finished 24_3_in_4 with score 3.952641811535049
[22_3_in_4] Success!
[11_3_in_5] Success!
[Main] Worker finished 22_3_in_4 with score 3.7780504644202004
[18_3_in_4] Starting (50000 attempts)
[32_3_in_5] Success!
[Main] Worker finished 11_3_in_5 with score 2.1837565038533184
[41_3_in_4] Success!
[11_3_in_5] Starting (50000 attempts)
[Main] Worker finished 32_3_in_5 with score 3.821722232967094
[31_3_in_4] Starting (50000 attempts)
[Main] Worker finished 41_3_in_4 with score 5.275014140635853
[37_3_in_4] Success!
[21_3_in_4] Success!
[41_3_in_4] Starting (50000 attempts)
[Main] Worker finished 21_3_in_4 with score 3.6739427833147613
[35_3_in_5] Starting (50000 attempts)
[Main] Worker finished 37_3_in_4 with score 4.9430575462420006
[37_3_in_4] Starting (50000 attempts)
[18_3_in_5] Success!
[33_3_in_5] Success!
[Main] Worker finished 33_3_in_5 with score 3.879002787182956[21_3_in_4] Starting (50000 attempts)

[Main] Worker finished 18_3_in_5 with score 2.8187855864786626
[18_3_in_5] Starting (50000 attempts)
[49_3_in_5] Success!
[15_3_in_5] Success!
[20_3_in_4] Success!
[Main] Worker finished 49_3_in_5 with score 5.000729469232406
[28_3_in_4] Starting (50000 attempts)
[Main] Worker finished 20_3_in_4 with score 3.5853606877171607
[Main] Worker finished 15_3_in_5 with score 2.5508985342279327
[49_3_in_5] Starting (50000 attempts)
[15_3_in_5] Starting (50000 attempts)
[43_3_in_4] Starting (50000 attempts)
[43_3_in_5] Success!
[Main] Worker finished 43_3_in_5 with score 4.437767350905076
[43_3_in_5] Starting (50000 attempts)
[6_3_in_5] Success!
[Main] Worker finished 6_3_in_5 with score 1.6123349357903138
[48_3_in_5] Success!
[Main] Worker finished 48_3_in_5 with score 4.890060395313869
[41_3_in_5] Starting (50000 attempts)
[27_3_in_5] Success!
[Main] Worker finished 27_3_in_5 with score 3.483586323965287
[40_3_in_5] Starting (50000 attempts)
[19_3_in_4] Starting (50000 attempts)
[45_3_in_5] Success!
[Main] Worker finished 45_3_in_5 with score 4.613237116070952
[23_3_in_5] Success!
[Main] Worker finished 23_3_in_5 with score 3.198519024762052
[45_3_in_5] Starting (50000 attempts)
[23_3_in_5] Starting (50000 attempts)
[7_3_in_5] Success!
[Main] Worker finished 7_3_in_5 with score 1.741520875335353
[19_3_in_5] Starting (50000 attempts)
[39_3_in_4] Success!
[Main] Worker finished 39_3_in_4 with score 5.165226492893488
[20_3_in_5] Success!
[Main] Worker finished 20_3_in_5 with score 2.983794317501145
[40_3_in_4] Starting (50000 attempts)
[46_3_in_4] Starting (50000 attempts)
[25_3_in_5] Success!
[Main] Worker finished 25_3_in_5 with score 3.3546360928478296
[17_3_in_5] Success!
[8_3_in_5] Success!
[12_3_in_5] Success!
[Main] Worker finished 8_3_in_5 with score 1.8622733209928188
[25_3_in_5] Starting (50000 attempts)
[Main] Worker finished 17_3_in_5 with score 2.733460737152129
[Main] Worker finished 12_3_in_5 with score 2.283293902982647
[16_3_in_5] Starting (50000 attempts)
[26_3_in_4] Starting (50000 attempts)
[38_3_in_4] Starting (50000 attempts)
[50_3_in_5] Success!
[Main] Worker finished 50_3_in_5 with score 5.1019414086673605
[23_3_in_4] Success!
[13_3_in_4] Success!
[Main] Worker finished 13_3_in_4 with score 2.8589797906102543
[44_3_in_5] Starting (50000 attempts)
[46_3_in_5] Success!
[Main] Worker finished 23_3_in_4 with score 3.8634510855288946
[27_3_in_4] Success!
[33_3_in_5] Starting (50000 attempts)
[32_3_in_4] Success!
[Main] Worker finished 46_3_in_5 with score 4.756607973416387
[26_3_in_5] Starting (50000 attempts)
[Main] Worker finished 27_3_in_4 with score 4.2025726785110455
[Main] Worker finished 32_3_in_4 with score 4.589059708256128
[38_3_in_5] Success!
[46_3_in_5] Starting (50000 attempts)
[35_3_in_4] Starting (50000 attempts)
[Main] Worker finished 38_3_in_5 with score 4.216949929778341
[48_3_in_5] Starting (50000 attempts)
[11_3_in_5] Success!
[Main] Worker finished 11_3_in_5 with score 2.18371446916864
[10_3_in_5] Starting (50000 attempts)
[11_3_in_5] Starting (50000 attempts)
[18_3_in_4] Success!
[Main] Worker finished 18_3_in_4 with score 3.386994172391607
[18_3_in_4] Starting (50000 attempts)
[31_3_in_4] Success!
[Main] Worker finished 31_3_in_4 with score 4.51695806437515
[28_3_in_4] Success!
[35_3_in_5] Success!
[Main] Worker finished 35_3_in_5 with score 4.014610435585818[13_3_in_5] Starting (50000 attempts)

[Main] Worker finished 28_3_in_4 with score 4.27976233769068
[18_3_in_5] Success!
[37_3_in_4] Success!
[7_3_in_5] Starting (5000 attempts)
[49_3_in_5] Success!
[Main] Worker finished 18_3_in_5 with score 2.807584810739649
[39_3_in_4] Starting (50000 attempts)
[Main] Worker finished 49_3_in_5 with score 4.971696999360521
[Main] Worker finished 37_3_in_4 with score 4.977698650138801
[15_3_in_5] Success!
[41_3_in_4] Success!
[18_3_in_5] Starting (50000 attempts)
[37_3_in_4] Starting (50000 attempts)
[21_3_in_4] Success!
[43_3_in_4] Success!
[Main] Worker finished 21_3_in_4 with score 3.673258266723099
[25_3_in_4] Starting (50000 attempts)
[Main] Worker finished 43_3_in_4 with score 5.471893673513298
[Main] Worker finished 15_3_in_5 with score 2.557776342332113
[Main] Worker finished 41_3_in_4 with score 5.343125196779171
[15_3_in_5] Starting (50000 attempts)
[19_3_in_4] Success!
[32_3_in_4] Starting (50000 attempts)
[43_3_in_5] Success!
[45_3_in_5] Success!
[17_3_in_5] Starting (50000 attempts)
[Main] Worker finished 45_3_in_5 with score 4.662526361082581
[9_3_in_5] Starting (50000 attempts)
[Main] Worker finished 19_3_in_4 with score 3.4852989187763366
[Main] Worker finished 43_3_in_5 with score 4.533641121995398
[43_3_in_5] Starting (50000 attempts)
[40_3_in_5] Success!
[45_3_in_5] Starting (50000 attempts)
[41_3_in_5] Success!
[Main] Worker finished 40_3_in_5 with score 4.329037606582289
[39_3_in_5] Starting (50000 attempts)
[Main] Worker finished 41_3_in_5 with score 4.392471891927051
[40_3_in_5] Starting (50000 attempts)
[12_3_in_5] Starting (50000 attempts)
[23_3_in_5] Success!
[Main] Worker finished 23_3_in_5 with score 3.2098934885180874
[19_3_in_5] Success!
[Main] Worker finished 19_3_in_5 with score 2.8926736315101866
[13_3_in_4] Starting (50000 attempts)
[19_3_in_5] Starting (50000 attempts)
[26_3_in_4] Success!
[Main] Worker finished 26_3_in_4 with score 4.123711718333653
[23_3_in_4] Starting (50000 attempts)
[16_3_in_5] Success!
[Main] Worker finished 16_3_in_5 with score 2.6473744208485663
[46_3_in_4] Success!
[40_3_in_4] Success!
[Main] Worker finished 40_3_in_4 with score 5.243326409627004[38_3_in_5] Starting (50000 attempts)

[Main] Worker finished 46_3_in_4 with score 5.712682894330071
[40_3_in_4] Starting (50000 attempts)
[25_3_in_5] Success!
[33_3_in_5] Success!
[Main] Worker finished 33_3_in_5 with score 3.887094069585749
[29_3_in_5] Starting (50000 attempts)
[Main] Worker finished 25_3_in_5 with score 3.3552141212797393
[38_3_in_4] Success!
[27_3_in_4] Starting (50000 attempts)
[35_3_in_4] Success!
[26_3_in_5] Success!
[Main] Worker finished 26_3_in_5 with score 3.4248827947739144
[28_3_in_5] Starting (50000 attempts)
[Main] Worker finished 38_3_in_4 with score 4.977483030433841
[18_3_in_4] Success!
[Main] Worker finished 35_3_in_4 with score 4.8308194914143625
[38_3_in_4] Starting (50000 attempts)
[44_3_in_5] Success!
[46_3_in_5] Success!
[26_3_in_5] Starting (50000 attempts)
[10_3_in_5] Success!
[Main] Worker finished 18_3_in_4 with score 3.3903141267408166
[35_3_in_4] Starting (50000 attempts)
[Main] Worker finished 44_3_in_5 with score 4.633284650309261
[Main] Worker finished 46_3_in_5 with score 4.775689047506527
[Main] Worker finished 10_3_in_5 with score 2.0819147930626043
[11_3_in_5] Success!
[48_3_in_5] Success!
[10_3_in_5] Starting (50000 attempts)
[7_3_in_5] Success!
[46_3_in_5] Starting (50000 attempts)
[18_3_in_5] Success!
[5_3_in_5] Starting (5000 attempts)
[13_3_in_5] Success!
[Main] Worker finished 7_3_in_5 with score 1.7415208749791966
[31_3_in_4] Starting (50000 attempts)
[Main] Worker finished 18_3_in_5 with score 2.8047776815041474
[Main] Worker finished 48_3_in_5 with score 4.923439785301233
[25_3_in_4] Success!
[39_3_in_4] Success!
[Main] Worker finished 11_3_in_5 with score 2.184179392419747
[Main] Worker finished 13_3_in_5 with score 2.375773515144428
[15_3_in_5] Success!
[17_3_in_5] Success!
[32_3_in_4] Success!
[7_3_in_5] Starting (5000 attempts)
[37_3_in_4] Success!
[11_3_in_5] Starting (50000 attempts)
[18_3_in_5] Starting (50000 attempts)
[35_3_in_5] Starting (50000 attempts)
[43_3_in_5] Success!
[Main] Worker finished 37_3_in_4 with score 4.991167690052894
[28_3_in_4] Starting (50000 attempts)
[Main] Worker finished 25_3_in_4 with score 4.030283300385447
[Main] Worker finished 32_3_in_4 with score 4.576649952780922
[Main] Worker finished 17_3_in_5 with score 2.7266845546485214
[Main] Worker finished 39_3_in_4 with score 5.1056512645303735
[Main] Worker finished 43_3_in_5 with score 4.457445141789304
[Main] Worker finished 15_3_in_5 with score 2.5581158956099617
[40_3_in_5] Success!
[32_3_in_4] Starting (50000 attempts)
[9_3_in_5] Success!
[17_3_in_5] Starting (50000 attempts)
[45_3_in_5] Success!
[43_3_in_5] Starting (50000 attempts)
[39_3_in_5] Success!
[12_3_in_5] Success!
[36_3_in_5] Starting (50000 attempts)
[32_3_in_5] Starting (50000 attempts)
[30_3_in_4] Starting (50000 attempts)
[Main] Worker finished 12_3_in_5 with score 2.2810437164135924
[43_3_in_4] Starting (50000 attempts)
[Main] Worker finished 40_3_in_5 with score 4.300665852740773
[Main] Worker finished 39_3_in_5 with score 4.2200251138172264
[Main] Worker finished 9_3_in_5 with score 1.9752407054817602
[Main] Worker finished 45_3_in_5 with score 4.666920080914447
[39_3_in_5] Starting (50000 attempts)
[19_3_in_5] Success!
[12_3_in_5] Starting (50000 attempts)
[13_3_in_4] Success!
[40_3_in_5] Starting (50000 attempts)
[24_3_in_5] Starting (50000 attempts)
[Main] Worker finished 13_3_in_4 with score 2.8563468853007974
[20_3_in_4] Starting (50000 attempts)
[Main] Worker finished 19_3_in_5 with score 2.891807296878469
[13_3_in_4] Starting (50000 attempts)
[19_3_in_5] Starting (50000 attempts)
[38_3_in_5] Success!
[Main] Worker finished 38_3_in_5 with score 4.200887746958941
[23_3_in_4] Success!
[Main] Worker finished 23_3_in_4 with score 3.8633715656712266
[41_3_in_5] Starting (50000 attempts)
[22_3_in_5] Starting (50000 attempts)
[40_3_in_4] Success!
[Main] Worker finished 40_3_in_4 with score 5.225239631965783
[29_3_in_5] Success!
[26_3_in_5] Success!
[28_3_in_5] Success!
[Main] Worker finished 26_3_in_5 with score 3.424911992589844[40_3_in_4] Starting (50000 attempts)

[Main] Worker finished 29_3_in_5 with score 3.5968474148853176
[Main] Worker finished 28_3_in_5 with score 3.558402244127039
[29_3_in_5] Starting (50000 attempts)
[38_3_in_4] Success!
[27_3_in_4] Success!
[21_3_in_5] Starting (50000 attempts)
[Main] Worker finished 38_3_in_4 with score 5.08752742079617
[19_3_in_4] Starting (50000 attempts)
[Main] Worker finished 27_3_in_4 with score 4.192550474121457
[5_3_in_5] Success!
[7_3_in_5] Success!
[35_3_in_4] Success!
[27_3_in_4] Starting (50000 attempts)
[10_3_in_5] Success!
[Main] Worker finished 5_3_in_5 with score 1.472359754421041
[50_3_in_5] Starting (50000 attempts)
[Main] Worker finished 10_3_in_5 with score 2.0821302952799026
[Main] Worker finished 35_3_in_4 with score 4.8356574757045445
[Main] Worker finished 7_3_in_5 with score 1.7415207649601714
[46_3_in_5] Success!
[31_3_in_4] Success!
[11_3_in_5] Success!
[10_3_in_5] Starting (50000 attempts)
[7_3_in_5] Starting (5000 attempts)
[36_3_in_4] Starting (50000 attempts)
[Main] Worker finished 31_3_in_4 with score 4.514552048833226
[46_3_in_4] Starting (50000 attempts)
[Main] Worker finished 11_3_in_5 with score 2.183893821339898
[Main] Worker finished 46_3_in_5 with score 4.78476933174566
[36_3_in_5] Success!
[32_3_in_4] Success!
[17_3_in_5] Success!
[28_3_in_4] Success!
[11_3_in_5] Starting (50000 attempts)
[18_3_in_5] Success!
[33_3_in_4] Starting (50000 attempts)
[Main] Worker finished 28_3_in_4 with score 4.268587741580303
[16_3_in_5] Starting (50000 attempts)
[Main] Worker finished 32_3_in_4 with score 4.598548026375041
[Main] Worker finished 36_3_in_5 with score 4.071962073008152
[Main] Worker finished 18_3_in_5 with score 2.8222635662949314
[Main] Worker finished 17_3_in_5 with score 2.731558116466453
[35_3_in_5] Success!
[28_3_in_4] Starting (50000 attempts)
[36_3_in_5] Starting (50000 attempts)
[43_3_in_5] Success!
[30_3_in_4] Success!
[41_3_in_4] Starting (50000 attempts)
[43_3_in_4] Success!
[26_3_in_4] Starting (50000 attempts)
[32_3_in_5] Success!
[Main] Worker finished 32_3_in_5 with score 3.81843422417986
[42_3_in_5] Starting (50000 attempts)
[Main] Worker finished 35_3_in_5 with score 4.018439941585873
[40_3_in_5] Success!
[Main] Worker finished 43_3_in_4 with score 5.460261284341275
[Main] Worker finished 30_3_in_4 with score 4.439610403428946
[Main] Worker finished 43_3_in_5 with score 4.571754177952527
[32_3_in_5] Starting (50000 attempts)
[12_3_in_5] Success!
[29_3_in_4] Starting (50000 attempts)
[44_3_in_5] Starting (50000 attempts)
[39_3_in_5] Success!
[20_3_in_4] Success!
[13_3_in_4] Success!
[37_3_in_5] Starting (50000 attempts)
[Main] Worker finished 13_3_in_4 with score 2.8662106129659572
[42_3_in_4] Starting (50000 attempts)
[Main] Worker finished 20_3_in_4 with score 3.5759105743067243
[Main] Worker finished 12_3_in_5 with score 2.2803080573738663
[Main] Worker finished 39_3_in_5 with score 4.251863033089138
[Main] Worker finished 40_3_in_5 with score 4.324979089931072
[24_3_in_5] Success!
[20_3_in_4] Starting (50000 attempts)
[39_3_in_5] Starting (50000 attempts)
[12_3_in_5] Starting (50000 attempts)
[40_3_in_5] Starting (50000 attempts)
[Main] Worker finished 24_3_in_5 with score 3.271166409171745
[33_3_in_5] Starting (50000 attempts)
[19_3_in_5] Success!
[Main] Worker finished 19_3_in_5 with score 2.88678539671154[24_3_in_5] Starting (50000 attempts)

[19_3_in_5] Starting (50000 attempts)
[41_3_in_5] Success!
[Main] Worker finished 41_3_in_5 with score 4.411744275808032
[41_3_in_5] Starting (50000 attempts)
[22_3_in_5] Success!
[Main] Worker finished 22_3_in_5 with score 3.1351229611765863
[29_3_in_5] Success!
[21_3_in_5] Success!
[40_3_in_4] Success!
[Main] Worker finished 21_3_in_5 with score 3.060998858846869
[47_3_in_5] Starting (50000 attempts)
[Main] Worker finished 29_3_in_5 with score 3.6233366617445477
[Main] Worker finished 40_3_in_4 with score 5.190176924647033
[21_3_in_5] Starting (50000 attempts)
[40_3_in_4] Starting (50000 attempts)
[27_3_in_4] Success!
[19_3_in_4] Success!
[Main] Worker finished 19_3_in_4 with score 3.4844145716290655
[48_3_in_5] Starting (50000 attempts)
[Main] Worker finished 27_3_in_4 with score 4.196069021928795
[24_3_in_4] Starting (50000 attempts)
[10_3_in_5] Success!
[7_3_in_5] Success!
[Main] Worker finished 10_3_in_5 with score 2.0821191763262616[13_3_in_5] Starting (50000 attempts)

[Main] Worker finished 7_3_in_5 with score 1.7419932159854945
[50_3_in_5] Success!
[23_3_in_5] Starting (50000 attempts)
[Main] Worker finished 50_3_in_5 with score 5.074008573784659
[39_3_in_4] Starting (50000 attempts)
[46_3_in_4] Success!
[16_3_in_5] Success!
[Main] Worker finished 16_3_in_5 with score 2.6457006202621174
[25_3_in_4] Starting (50000 attempts)
[Main] Worker finished 46_3_in_4 with score 5.693119415654939
[11_3_in_5] Success!
[46_3_in_4] Starting (50000 attempts)
[Main] Worker finished 11_3_in_5 with score 2.1841146507447835
[9_3_in_5] Starting (50000 attempts)
[41_3_in_4] Success!
[Main] Worker finished 41_3_in_4 with score 5.2939218827705234
[22_3_in_4] Starting (50000 attempts)
[36_3_in_4] Success!
[Main] Worker finished 36_3_in_4 with score 4.9059088899160805
[41_3_in_4] Starting (50000 attempts)
[33_3_in_4] Success!
[Main] Worker finished 33_3_in_4 with score 4.6411339058892755
[23_3_in_4] Starting (50000 attempts)
[28_3_in_4] Success!
[42_3_in_5] Success!
[32_3_in_5] Success!
[36_3_in_5] Success!
[Main] Worker finished 42_3_in_5 with score 4.475659542793828
[33_3_in_4] Starting (50000 attempts)
[Main] Worker finished 32_3_in_5 with score 3.817681924871734
[Main] Worker finished 28_3_in_4 with score 4.281093570670077
[Main] Worker finished 36_3_in_5 with score 4.0809361345819575
[29_3_in_4] Success!
[20_3_in_4] Success!
[36_3_in_5] Starting (50000 attempts)
[27_3_in_5] Starting (50000 attempts)
[38_3_in_5] Starting (50000 attempts)
[44_3_in_5] Success!
[37_3_in_5] Success!
[Main] Worker finished 29_3_in_4 with score 4.3602838122487
[18_3_in_4] Starting (50000 attempts)
[Main] Worker finished 37_3_in_5 with score 4.1489274859009
[Main] Worker finished 44_3_in_5 with score 4.629760027579935
[Main] Worker finished 20_3_in_4 with score 3.572288379360089
[26_3_in_4] Success!
[40_3_in_5] Success!
[20_3_in_4] Starting (50000 attempts)
[42_3_in_4] Success!
[30_3_in_5] Starting (50000 attempts)
[39_3_in_5] Success!
[28_3_in_5] Starting (50000 attempts)
[12_3_in_5] Success!
[Main] Worker finished 42_3_in_4 with score 5.4131224436245455
[6_3_in_5] Starting (5000 attempts)
[Main] Worker finished 26_3_in_4 with score 4.1192213713208155
[Main] Worker finished 39_3_in_5 with score 4.279368530683067
[Main] Worker finished 40_3_in_5 with score 4.358696763592145
[Main] Worker finished 12_3_in_5 with score 2.2809279845580077
[19_3_in_5] Success!
[33_3_in_5] Success!
[12_3_in_5] Starting (50000 attempts)
[5_3_in_5] Starting (5000 attempts)
[31_3_in_4] Starting (50000 attempts)
[35_3_in_5] Starting (50000 attempts)
[30_3_in_4] Starting (50000 attempts)
[Main] Worker finished 33_3_in_5 with score 3.8725577569305547
[Main] Worker finished 19_3_in_5 with score 2.8826966483354357
[33_3_in_5] Starting (50000 attempts)
[19_3_in_5] Starting (50000 attempts)
[24_3_in_5] Success!
[Main] Worker finished 24_3_in_5 with score 3.2810970527088337
[43_3_in_4] Starting (50000 attempts)
[21_3_in_5] Success!
[Main] Worker finished 21_3_in_5 with score 3.0571754634205064
[41_3_in_5] Success!
[47_3_in_5] Success!
[Main] Worker finished 47_3_in_5 with score 4.86384879349316[21_3_in_5] Starting (50000 attempts)

[Main] Worker finished 41_3_in_5 with score 4.413955217043453
[48_3_in_5] Success!
[21_3_in_4] Starting (50000 attempts)
[Main] Worker finished 48_3_in_5 with score 4.9404894491967974
[34_3_in_4] Starting (50000 attempts)
[13_3_in_5] Success!
[24_3_in_4] Success!
[Main] Worker finished 24_3_in_4 with score 3.9545517518977547
[49_3_in_5] Starting (50000 attempts)
[Main] Worker finished 13_3_in_5 with score 2.377508670606009
[40_3_in_4] Success!
[39_3_in_4] Success!
[47_3_in_4] Starting (50000 attempts)
[22_3_in_5] Starting (50000 attempts)
[Main] Worker finished 40_3_in_4 with score 5.206555851259065
[Main] Worker finished 39_3_in_4 with score 5.165226492893488
[40_3_in_4] Starting (50000 attempts)
[19_3_in_4] Starting (50000 attempts)
[22_3_in_4] Success!
[Main] Worker finished 22_3_in_4 with score 3.77799127439452
[23_3_in_5] Success!
[9_3_in_5] Success!
[Main] Worker finished 9_3_in_5 with score 1.9747824662578153[50_3_in_5] Starting (50000 attempts)

[Main] Worker finished 23_3_in_5 with score 3.2122189994552794
[25_3_in_4] Success!
[27_3_in_5] Success!
[23_3_in_5] Starting (50000 attempts)
[33_3_in_4] Success!
[41_3_in_4] Success!
[46_3_in_4] Success!
[Main] Worker finished 33_3_in_4 with score 4.674562777471559
[9_3_in_5] Starting (50000 attempts)
[Main] Worker finished 41_3_in_4 with score 5.30473040049928
[Main] Worker finished 25_3_in_4 with score 4.036468131443764
[Main] Worker finished 46_3_in_4 with score 5.79179118342406
[Main] Worker finished 27_3_in_5 with score 3.4856330327562572
[23_3_in_4] Success!
[27_3_in_5] Starting (50000 attempts)
[36_3_in_5] Success!
[38_3_in_5] Success!
[41_3_in_4] Starting (50000 attempts)
[18_3_in_4] Success!
[20_3_in_4] Success!
[44_3_in_4] Starting (50000 attempts)
[36_3_in_4] Starting (50000 attempts)
[Main] Worker finished 38_3_in_5 with score 4.1645405298553575[16_3_in_5] Starting (50000 attempts)

[5_3_in_5] Success!
[Main] Worker finished 23_3_in_4 with score 3.850514360725151
[Main] Worker finished 20_3_in_4 with score 3.575151928896123
[28_3_in_5] Success!
[Main] Worker finished 36_3_in_5 with score 4.0674621640672
[6_3_in_5] Success!
[Main] Worker finished 18_3_in_4 with score 3.3874088657941024
[23_3_in_4] Starting (50000 attempts)
[31_3_in_4] Success!
[38_3_in_5] Starting (50000 attempts)
[30_3_in_4] Success!
[30_3_in_5] Success!
[36_3_in_5] Starting (50000 attempts)
[12_3_in_5] Success!
[20_3_in_4] Starting (50000 attempts)
[Main] Worker finished 30_3_in_5 with score 3.6899088128478943
[45_3_in_4] Starting (50000 attempts)
[Main] Worker finished 5_3_in_5 with score 1.4751750784962074
[Main] Worker finished 6_3_in_5 with score 1.6123349311755402
[Main] Worker finished 12_3_in_5 with score 2.2806073138286824
[Main] Worker finished 30_3_in_4 with score 4.435889143902954
[Main] Worker finished 28_3_in_5 with score 3.559362302843549
[Main] Worker finished 31_3_in_4 with score 4.505418045099399
[6_3_in_5] Starting (5000 attempts)
[35_3_in_5] Success!
[19_3_in_5] Success!
[31_3_in_4] Starting (50000 attempts)
[30_3_in_4] Starting (50000 attempts)
[33_3_in_5] Success!
[12_3_in_5] Starting (50000 attempts)
[26_3_in_4] Starting (50000 attempts)
[42_3_in_5] Starting (50000 attempts)
[Main] Worker finished 35_3_in_5 with score 4.007413326781681
[8_3_in_5] Starting (50000 attempts)
[Main] Worker finished 19_3_in_5 with score 2.8894685709163253
[Main] Worker finished 33_3_in_5 with score 3.868769313015618
[35_3_in_5] Starting (50000 attempts)
[43_3_in_4] Success!
[33_3_in_5] Starting (50000 attempts)
[Main] Worker finished 43_3_in_4 with score 5.389963646300245
[19_3_in_5] Starting (50000 attempts)
[43_3_in_4] Starting (50000 attempts)
[34_3_in_4] Success!
[Main] Worker finished 34_3_in_4 with score 4.743602971811189
[21_3_in_5] Success!
[19_3_in_4] Success!
[Main] Worker finished 21_3_in_5 with score 3.0625876369690115
[38_3_in_4] Starting (50000 attempts)
[Main] Worker finished 19_3_in_4 with score 3.493875333594783
[49_3_in_5] Success!
[47_3_in_4] Success!
[22_3_in_5] Success!
[21_3_in_4] Success!
[19_3_in_4] Starting (50000 attempts)
[Main] Worker finished 49_3_in_5 with score 4.982934915765285
[29_3_in_4] Starting (50000 attempts)
[Main] Worker finished 21_3_in_4 with score 3.646231398268579
[Main] Worker finished 47_3_in_4 with score 5.78654289126928
[Main] Worker finished 22_3_in_5 with score 3.1382685077260475
[21_3_in_4] Starting (50000 attempts)
[40_3_in_4] Success!
[49_3_in_5] Starting (50000 attempts)
[9_3_in_5] Success!
[47_3_in_4] Starting (50000 attempts)
[50_3_in_5] Success!
[Main] Worker finished 9_3_in_5 with score 1.9772534141051405
[44_3_in_5] Starting (50000 attempts)
[Main] Worker finished 50_3_in_5 with score 5.05461090924511
[Main] Worker finished 40_3_in_4 with score 5.207599733118786
[23_3_in_5] Success!
[44_3_in_4] Success!
[27_3_in_5] Success!
[50_3_in_5] Starting (50000 attempts)
[40_3_in_4] Starting (50000 attempts)
[Main] Worker finished 27_3_in_5 with score 3.492659412346524
[37_3_in_5] Starting (50000 attempts)
[Main] Worker finished 44_3_in_4 with score 5.451741682275354
[23_3_in_4] Success!
[Main] Worker finished 23_3_in_5 with score 3.212700678110059
[44_3_in_4] Starting (50000 attempts)
[42_3_in_4] Starting (50000 attempts)
[41_3_in_4] Success!
[Main] Worker finished 23_3_in_4 with score 3.846153469303986
[47_3_in_5] Starting (50000 attempts)
[Main] Worker finished 41_3_in_4 with score 5.334929179970105
[23_3_in_4] Starting (50000 attempts)
[16_3_in_5] Success!
[38_3_in_5] Success!
[Main] Worker finished 38_3_in_5 with score 4.195366965510294
[26_3_in_5] Starting (50000 attempts)
[Main] Worker finished 16_3_in_5 with score 2.643546376247839
[20_3_in_4] Success!
[36_3_in_4] Success!
[38_3_in_5] Starting (50000 attempts)
[31_3_in_4] Success!
[36_3_in_5] Success!
[Main] Worker finished 31_3_in_4 with score 4.508972897193636
[35_3_in_4] Starting (50000 attempts)
[Main] Worker finished 36_3_in_5 with score 4.071962073008152
[Main] Worker finished 20_3_in_4 with score 3.5808091393914734
[Main] Worker finished 36_3_in_4 with score 4.887083269878941
[31_3_in_4] Starting (50000 attempts)
[6_3_in_5] Success!
[26_3_in_4] Success!
[36_3_in_5] Starting (50000 attempts)
[30_3_in_4] Success!
[42_3_in_5] Success!
[20_3_in_4] Starting (50000 attempts)
[Main] Worker finished 42_3_in_5 with score 4.444243819400646
[48_3_in_5] Starting (50000 attempts)
[45_3_in_4] Success!
[Main] Worker finished 30_3_in_4 with score 4.436279472714789
[Main] Worker finished 26_3_in_4 with score 4.111554606387928
[Main] Worker finished 6_3_in_5 with score 1.6123349404930138
[35_3_in_5] Success!
[33_3_in_5] Success!
[12_3_in_5] Success!
[42_3_in_5] Starting (50000 attempts)
[24_3_in_4] Starting (50000 attempts)
[8_3_in_5] Success!
[13_3_in_5] Starting (50000 attempts)
[43_3_in_4] Success!
[Main] Worker finished 33_3_in_5 with score 3.866380038900737
[34_3_in_5] Starting (50000 attempts)
[Main] Worker finished 43_3_in_4 with score 5.476238526583793
[Main] Worker finished 8_3_in_5 with score 1.8622712516004014
[Main] Worker finished 45_3_in_4 with score 5.652418798180223
[Main] Worker finished 12_3_in_5 with score 2.281294553869479
[Main] Worker finished 35_3_in_5 with score 4.01622747508889
[19_3_in_5] Success!
[43_3_in_4] Starting (50000 attempts)
[33_3_in_5] Starting (50000 attempts)
[39_3_in_4] Starting (50000 attempts)
[32_3_in_4] Starting (50000 attempts)
[25_3_in_4] Starting (50000 attempts)
[Main] Worker finished 19_3_in_5 with score 2.891455352538851
[17_3_in_5] Starting (50000 attempts)
[19_3_in_5] Starting (50000 attempts)
[29_3_in_4] Success!
[Main] Worker finished 29_3_in_4 with score 4.358721688932929
[19_3_in_4] Success!
[Main] Worker finished 19_3_in_4 with score 3.49006984953912
[13_3_in_4] Starting (50000 attempts)
[47_3_in_4] Success!
[21_3_in_4] Success!
[44_3_in_5] Success!
[49_3_in_5] Success!
[Main] Worker finished 47_3_in_4 with score 5.832794610956101
[19_3_in_4] Starting (50000 attempts)
[Main] Worker finished 21_3_in_4 with score 3.680975198549013
[38_3_in_4] Success!
[Main] Worker finished 44_3_in_5 with score 4.622926771052484
[Main] Worker finished 49_3_in_5 with score 4.993353246517228
[44_3_in_5] Starting (50000 attempts)
[50_3_in_5] Success!
[46_3_in_5] Starting (50000 attempts)
[22_3_in_4] Starting (50000 attempts)
[44_3_in_4] Success!
[47_3_in_5] Success!
[Main] Worker finished 50_3_in_5 with score 5.042365929223363
[31_3_in_5] Starting (50000 attempts)
[Main] Worker finished 47_3_in_5 with score 4.738640958789499
[Main] Worker finished 38_3_in_4 with score 5.0669125228716725
[Main] Worker finished 44_3_in_4 with score 5.406674477458217
[40_3_in_4] Success!
[37_3_in_5] Success!
[42_3_in_4] Success!
[47_3_in_5] Starting (50000 attempts)
[44_3_in_4] Starting (50000 attempts)
[26_3_in_5] Success!
[29_3_in_5] Starting (50000 attempts)
[23_3_in_4] Success!
[38_3_in_5] Success!
[Main] Worker finished 23_3_in_4 with score 3.860276001759022
[27_3_in_4] Starting (50000 attempts)
[Main] Worker finished 38_3_in_5 with score 4.207172460779992
[Main] Worker finished 40_3_in_4 with score 5.235874043839695
[Main] Worker finished 42_3_in_4 with score 5.4315682822728135
[Main] Worker finished 26_3_in_5 with score 3.426755784703827
[31_3_in_4] Success!
[Main] Worker finished 37_3_in_5 with score 4.15406646575957
[23_3_in_4] Starting (50000 attempts)
[35_3_in_4] Success!
[36_3_in_5] Success!
[38_3_in_5] Starting (50000 attempts)
[20_3_in_4] Success!
[18_3_in_4] Starting (50000 attempts)
[30_3_in_5] Starting (50000 attempts)
[48_3_in_5] Success!
[28_3_in_5] Starting (50000 attempts)
[24_3_in_4] Success!
[Main] Worker finished 48_3_in_5 with score 4.9494385803528385
[14_3_in_5] Starting (50000 attempts)
[Main] Worker finished 24_3_in_4 with score 3.9532690004425874
[Main] Worker finished 20_3_in_4 with score 3.5623790669227473
[Main] Worker finished 36_3_in_5 with score 4.091871112434221
[Main] Worker finished 35_3_in_4 with score 4.82692463847135
[Main] Worker finished 31_3_in_4 with score 4.508376054357783
[31_3_in_4] Starting (50000 attempts)
[43_3_in_4] Success!
[42_3_in_5] Success!
[20_3_in_4] Starting (50000 attempts)
[33_3_in_5] Success!
[5_3_in_5] Starting (5000 attempts)
[13_3_in_5] Success!
[28_3_in_4] Starting (50000 attempts)
[39_3_in_4] Success!
[32_3_in_5] Starting (50000 attempts)
[34_3_in_5] Success!
[Main] Worker finished 39_3_in_4 with score 5.117032467736828
[37_3_in_4] Starting (50000 attempts)
[Main] Worker finished 34_3_in_5 with score 3.943046153654136
[Main] Worker finished 42_3_in_5 with score 4.425146962708705
[Main] Worker finished 43_3_in_4 with score 5.48543914931965
[Main] Worker finished 13_3_in_5 with score 2.3750249889570676
[Main] Worker finished 33_3_in_5 with score 3.8666830287052556
[13_3_in_5] Starting (50000 attempts)
[39_3_in_4] Starting (50000 attempts)
[17_3_in_5] Success!
[25_3_in_4] Success!
[42_3_in_5] Starting (50000 attempts)
[19_3_in_5] Success!
[32_3_in_4] Success!
[33_3_in_5] Starting (50000 attempts)
[24_3_in_5] Starting (50000 attempts)
[Main] Worker finished 19_3_in_5 with score 2.8818512058157086
[34_3_in_4] Starting (50000 attempts)
[Main] Worker finished 32_3_in_4 with score 4.578661557786833
[Main] Worker finished 25_3_in_4 with score 4.02621268341631
[Main] Worker finished 17_3_in_5 with score 2.7255617291228273
[32_3_in_4] Starting (50000 attempts)
[17_3_in_5] Starting (50000 attempts)
[19_3_in_5] Starting (50000 attempts)
[41_3_in_5] Starting (50000 attempts)
[46_3_in_5] Success!
[Main] Worker finished 46_3_in_5 with score 4.744853285258161
[46_3_in_5] Starting (50000 attempts)
[44_3_in_5] Success!
[Main] Worker finished 44_3_in_5 with score 4.602574310696887
[13_3_in_4] Success!
[Main] Worker finished 13_3_in_4 with score 2.8595333441401825
[44_3_in_5] Starting (50000 attempts)
[19_3_in_4] Success!
[Main] Worker finished 19_3_in_4 with score 3.480422884689182
[22_3_in_5] Starting (50000 attempts)
[22_3_in_4] Success!
[31_3_in_5] Success!
[Main] Worker finished 31_3_in_5 with score 3.75277255192394
[19_3_in_4] Starting (50000 attempts)
[Main] Worker finished 22_3_in_4 with score 3.7699701810321264
[44_3_in_4] Success!
[20_3_in_5] Starting (50000 attempts)
[Main] Worker finished 44_3_in_4 with score 5.5696101560901825
[36_3_in_4] Starting (50000 attempts)
[47_3_in_5] Success!
[Main] Worker finished 47_3_in_5 with score 4.848533125673035
[44_3_in_4] Starting (50000 attempts)
[29_3_in_5] Success!
[Main] Worker finished 29_3_in_5 with score 3.6123825259529405[46_3_in_4] Starting (50000 attempts)

[27_3_in_4] Success!
[Main] Worker finished 27_3_in_4 with score 4.1995155923476
[29_3_in_5] Starting (50000 attempts)
[27_3_in_4] Starting (50000 attempts)
[23_3_in_4] Success!
[Main] Worker finished 23_3_in_4 with score 3.863809557841359
[38_3_in_5] Success!
[18_3_in_4] Success!
[Main] Worker finished 38_3_in_5 with score 4.209828242224128
[33_3_in_4] Starting (50000 attempts)
[Main] Worker finished 18_3_in_4 with score 3.3864404455649084
[18_3_in_4] Starting (50000 attempts)
[14_3_in_5] Success!
[Main] Worker finished 14_3_in_5 with score 2.4685619553086386
[16_3_in_5] Starting (50000 attempts)
[30_3_in_5] Success!
[Main] Worker finished 30_3_in_5 with score 3.6872788352785753
[45_3_in_4] Starting (50000 attempts)
[26_3_in_4] Starting (50000 attempts)
[28_3_in_5] Success!
[Main] Worker finished 28_3_in_5 with score 3.552810875843176
[31_3_in_4] Success!
[Main] Worker finished 31_3_in_4 with score 4.509712993197105
[28_3_in_5] Starting (50000 attempts)
[20_3_in_4] Success!
[5_3_in_5] Success!
[Main] Worker finished 5_3_in_5 with score 1.4735928503895597[31_3_in_4] Starting (50000 attempts)

[Main] Worker finished 20_3_in_4 with score 3.5845186051817466
[28_3_in_4] Success!
[18_3_in_5] Starting (50000 attempts)
[Main] Worker finished 28_3_in_4 with score 4.27923378766094
[25_3_in_5] Starting (50000 attempts)
[37_3_in_4] Success!
[39_3_in_4] Success!
[Main] Worker finished 39_3_in_4 with score 5.136619995315624
[8_3_in_5] Starting (50000 attempts)
[Main] Worker finished 37_3_in_4 with score 4.975310221416127
[32_3_in_5] Success!
[39_3_in_4] Starting (50000 attempts)
[13_3_in_5] Success!
[33_3_in_5] Success!
[24_3_in_5] Success!
[Main] Worker finished 24_3_in_5 with score 3.2823452685099297
[38_3_in_4] Starting (50000 attempts)
[Main] Worker finished 32_3_in_5 with score 3.816383470227719
[Main] Worker finished 13_3_in_5 with score 2.3766000704740873
[Main] Worker finished 33_3_in_5 with score 3.882774804336972
[34_3_in_4] Success!
[32_3_in_5] Starting (50000 attempts)
[13_3_in_5] Starting (50000 attempts)
[43_3_in_5] Starting (50000 attempts)
[Main] Worker finished 34_3_in_4 with score 4.755190055921902
[29_3_in_4] Starting (50000 attempts)
[42_3_in_5] Success!
[Main] Worker finished 42_3_in_5 with score 4.476879348922395
[48_3_in_4] Starting (50000 attempts)
[19_3_in_5] Success!
[41_3_in_5] Success!
[Main] Worker finished 19_3_in_5 with score 2.892424517872311
[42_3_in_5] Starting (50000 attempts)
[Main] Worker finished 41_3_in_5 with score 4.3858827057273295
[17_3_in_5] Success!
[41_3_in_5] Starting (50000 attempts)
[32_3_in_4] Success!
[Main] Worker finished 17_3_in_5 with score 2.732669765899694[37_3_in_5] Starting (50000 attempts)

[Main] Worker finished 32_3_in_4 with score 4.601673132232768
[17_3_in_5] Starting (50000 attempts)
[42_3_in_4] Starting (50000 attempts)
[46_3_in_5] Success!
[Main] Worker finished 46_3_in_5 with score 4.6612049519013
[46_3_in_5] Starting (50000 attempts)
[44_3_in_5] Success!
[Main] Worker finished 44_3_in_5 with score 4.5850689408375365
[44_3_in_5] Starting (50000 attempts)
[20_3_in_5] Success!
[Main] Worker finished 20_3_in_5 with score 2.967437983415573
[22_3_in_5] Success!
[Main] Worker finished 22_3_in_5 with score 3.129977040736058
[20_3_in_5] Starting (50000 attempts)
[19_3_in_4] Success!
[44_3_in_4] Success!
[46_3_in_4] Success!
[Main] Worker finished 19_3_in_4 with score 3.48449637624217
[22_3_in_5] Starting (50000 attempts)
[Main] Worker finished 44_3_in_4 with score 5.559387376791602
[Main] Worker finished 46_3_in_4 with score 5.761724730717903
[46_3_in_4] Starting (50000 attempts)
[44_3_in_4] Starting (50000 attempts)
[33_3_in_4] Success!
[Main] Worker finished 33_3_in_4 with score 4.6576598419425315
[26_3_in_5] Starting (50000 attempts)
[27_3_in_4] Success!
[36_3_in_4] Success!
[26_3_in_4] Success!
[29_3_in_5] Success!
[Main] Worker finished 26_3_in_4 with score 4.116804367421597
[33_3_in_4] Starting (50000 attempts)
[Main] Worker finished 36_3_in_4 with score 4.912422627966543
[Main] Worker finished 29_3_in_5 with score 3.6263155137238203
[Main] Worker finished 27_3_in_4 with score 4.2017621048419205
[16_3_in_5] Success!
[18_3_in_4] Success!
[28_3_in_5] Success!
[26_3_in_4] Starting (50000 attempts)
[27_3_in_4] Starting (50000 attempts)
[31_3_in_4] Success!
[45_3_in_4] Success!
[35_3_in_4] Starting (50000 attempts)
[39_3_in_4] Success!
[Main] Worker finished 45_3_in_4 with score 5.677139475738862[48_3_in_5] Starting (50000 attempts)

[Main] Worker finished 16_3_in_5 with score 2.6367373030476644
[Main] Worker finished 31_3_in_4 with score 4.51448350491247
[8_3_in_5] Success!
[Main] Worker finished 28_3_in_5 with score 3.5617137672291226
[Main] Worker finished 39_3_in_4 with score 5.143037194483781
[18_3_in_5] Success!
[Main] Worker finished 18_3_in_4 with score 3.393398966749288
[25_3_in_5] Success!
[16_3_in_5] Starting (50000 attempts)
[10_3_in_5] Starting (50000 attempts)
[24_3_in_4] Starting (50000 attempts)
[34_3_in_5] Starting (50000 attempts)
[23_3_in_5] Starting (50000 attempts)
[Main] Worker finished 8_3_in_5 with score 1.8622754562656045
[7_3_in_5] Starting (5000 attempts)
[Main] Worker finished 18_3_in_5 with score 2.820111095857613
[38_3_in_4] Success!
[Main] Worker finished 25_3_in_5 with score 3.3531957920285955
[25_3_in_5] Starting (50000 attempts)
[13_3_in_5] Success!
[8_3_in_5] Starting (50000 attempts)
[Main] Worker finished 38_3_in_4 with score 5.078565434721058
[25_3_in_4] Starting (50000 attempts)
[Main] Worker finished 13_3_in_5 with score 2.376765837768411
[42_3_in_5] Success!
[9_3_in_5] Starting (50000 attempts)
[29_3_in_4] Success!
[Main] Worker finished 29_3_in_4 with score 4.3591354886282865
[39_3_in_5] Starting (50000 attempts)
[Main] Worker finished 42_3_in_5 with score 4.4628761120244445
[43_3_in_5] Success!
[42_3_in_5] Starting (50000 attempts)
[32_3_in_5] Success!
[41_3_in_5] Success!
[Main] Worker finished 43_3_in_5 with score 4.489891240921304
[13_3_in_4] Starting (50000 attempts)
[Main] Worker finished 32_3_in_5 with score 3.803648973994539
[Main] Worker finished 41_3_in_5 with score 4.4106555025540235
[48_3_in_4] Success!
[32_3_in_5] Starting (50000 attempts)
[22_3_in_4] Starting (50000 attempts)
[Main] Worker finished 48_3_in_4 with score 5.897539977815177
[27_3_in_5] Starting (50000 attempts)
[31_3_in_5] Starting (50000 attempts)
[17_3_in_5] Success!
[Main] Worker finished 17_3_in_5 with score 2.7245269938987366
[37_3_in_5] Success!
[Main] Worker finished 37_3_in_5 with score 4.128960978773291
[17_3_in_5] Starting (50000 attempts)
[30_3_in_5] Starting (50000 attempts)
[42_3_in_4] Success!
[Main] Worker finished 42_3_in_4 with score 5.3453865756691465
[42_3_in_4] Starting (50000 attempts)
[20_3_in_5] Success!
[Main] Worker finished 20_3_in_5 with score 2.9807835976016333
[20_3_in_5] Starting (50000 attempts)
[44_3_in_5] Success!
[Main] Worker finished 44_3_in_5 with score 4.628025014729158
[46_3_in_5] Success!
[Main] Worker finished 46_3_in_5 with score 4.748689795728094[44_3_in_5] Starting (50000 attempts)

[46_3_in_5] Starting (50000 attempts)
[44_3_in_4] Success!
[Main] Worker finished 44_3_in_4 with score 5.546769429204488
[15_3_in_5] Starting (50000 attempts)
[46_3_in_4] Success!
[Main] Worker finished 46_3_in_4 with score 5.779377622358351
[45_3_in_5] Starting (50000 attempts)
[26_3_in_5] Success!
[Main] Worker finished 26_3_in_5 with score 3.424938335349193
[22_3_in_5] Success!
[Main] Worker finished 22_3_in_5 with score 3.137464478106061
[14_3_in_5] Starting (50000 attempts)
[33_3_in_4] Success!
[Main] Worker finished 33_3_in_4 with score 4.679666686943143
[6_3_in_5] Starting (5000 attempts)
[35_3_in_4] Success!
[26_3_in_4] Success!
[48_3_in_5] Success!
[Main] Worker finished 26_3_in_4 with score 4.120384885852515
[5_3_in_5] Starting (5000 attempts)
[Main] Worker finished 48_3_in_5 with score 4.950019912512329
[Main] Worker finished 35_3_in_4 with score 4.791383328746227
[35_3_in_4] Starting (50000 attempts)
[27_3_in_4] Success!
[26_3_in_4] Starting (50000 attempts)
[Main] Worker finished 27_3_in_4 with score 4.201421673212198
[35_3_in_5] Starting (50000 attempts)
[28_3_in_4] Starting (50000 attempts)
[10_3_in_5] Success!
[Main] Worker finished 10_3_in_5 with score 2.0820831244428075
[25_3_in_5] Success!
[7_3_in_5] Success!
[Main] Worker finished 7_3_in_5 with score 1.7415210330845958
[10_3_in_5] Starting (50000 attempts)
[Main] Worker finished 25_3_in_5 with score 3.344097232457723
[16_3_in_5] Success!
[23_3_in_5] Success!
[30_3_in_4] Starting (50000 attempts)
[25_3_in_4] Success!
[Main] Worker finished 25_3_in_4 with score 4.036937436157193
[37_3_in_4] Starting (50000 attempts)
[Main] Worker finished 16_3_in_5 with score 2.6477913497549155
[Main] Worker finished 23_3_in_5 with score 3.2067599807269036
[13_3_in_4] Success!
[24_3_in_4] Success!
[21_3_in_4] Starting (50000 attempts)
[34_3_in_5] Success!
[8_3_in_5] Success!
[24_3_in_5] Starting (50000 attempts)
[9_3_in_5] Success!
[22_3_in_4] Success!
[27_3_in_5] Success!
[Main] Worker finished 24_3_in_4 with score 3.953309921494822
[34_3_in_4] Starting (50000 attempts)
[Main] Worker finished 13_3_in_4 with score 2.858262513319784
[Main] Worker finished 8_3_in_5 with score 1.8622732896880407
[Main] Worker finished 9_3_in_5 with score 1.9748300222243127
[32_3_in_5] Success!
[Main] Worker finished 22_3_in_4 with score 3.770522763395937
[31_3_in_5] Success!
[Main] Worker finished 27_3_in_5 with score 3.4846818017747183
[Main] Worker finished 34_3_in_5 with score 3.953122528865773
[17_3_in_5] Success!
[9_3_in_5] Starting (50000 attempts)
[42_3_in_5] Success!
[13_3_in_4] Starting (50000 attempts)
[30_3_in_5] Success!
[39_3_in_5] Success!
[27_3_in_5] Starting (50000 attempts)
[49_3_in_5] Starting (50000 attempts)
[47_3_in_4] Starting (50000 attempts)
[42_3_in_4] Success!
[40_3_in_5] Starting (50000 attempts)
[Main] Worker finished 39_3_in_5 with score 4.293614540336591
[21_3_in_5] Starting (50000 attempts)
[Main] Worker finished 30_3_in_5 with score 3.6845159189482724
[Main] Worker finished 31_3_in_5 with score 3.7529989987189962
[Main] Worker finished 42_3_in_4 with score 5.342232480164682
[Main] Worker finished 42_3_in_5 with score 4.4614492623128905
[Main] Worker finished 17_3_in_5 with score 2.7261661307949536
[Main] Worker finished 32_3_in_5 with score 3.818753300532484
[30_3_in_5] Starting (50000 attempts)
[42_3_in_4] Starting (50000 attempts)
[17_3_in_5] Starting (50000 attempts)
[50_3_in_5] Starting (50000 attempts)
[36_3_in_4] Starting (50000 attempts)
[45_3_in_4] Starting (50000 attempts)
[41_3_in_4] Starting (50000 attempts)
[20_3_in_5] Success!
[Main] Worker finished 20_3_in_5 with score 2.9784868238567364
[20_3_in_5] Starting (50000 attempts)
[44_3_in_5] Success!
[Main] Worker finished 44_3_in_5 with score 4.5482254449477555
[15_3_in_5] Success!
[Main] Worker finished 15_3_in_5 with score 2.553898236100434
[44_3_in_5] Starting (50000 attempts)
[46_3_in_5] Success!
[Main] Worker finished 46_3_in_5 with score 4.777923182911854
[11_3_in_5] Starting (50000 attempts)
[46_3_in_5] Starting (50000 attempts)
[45_3_in_5] Success!
[Main] Worker finished 45_3_in_5 with score 4.6502114301125435
[45_3_in_5] Starting (50000 attempts)
[5_3_in_5] Success!
[Main] Worker finished 5_3_in_5 with score 1.4733112988527972
[5_3_in_5] Starting (5000 attempts)
[14_3_in_5] Success!
[Main] Worker finished 14_3_in_5 with score 2.466121524922948
[14_3_in_5] Starting (50000 attempts)
[6_3_in_5] Success!
[Main] Worker finished 6_3_in_5 with score 1.6123349324720873
[35_3_in_4] Success!
[Main] Worker finished 35_3_in_4 with score 4.825042646460126
[18_3_in_5] Starting (50000 attempts)
[26_3_in_4] Success!
[35_3_in_5] Success!
[Main] Worker finished 35_3_in_5 with score 4.014216019599866[35_3_in_4] Starting (50000 attempts)

[Main] Worker finished 26_3_in_4 with score 4.121126421036263
[30_3_in_4] Success!
[28_3_in_4] Success!
[35_3_in_5] Starting (50000 attempts)
[Main] Worker finished 28_3_in_4 with score 4.282839274777788
[38_3_in_4] Starting (50000 attempts)
[Main] Worker finished 30_3_in_4 with score 4.440465870788271
[34_3_in_4] Success!
[30_3_in_4] Starting (50000 attempts)
[Main] Worker finished 34_3_in_4 with score 4.719124830539161
[43_3_in_5] Starting (50000 attempts)
[37_3_in_4] Success!
[Main] Worker finished 37_3_in_4 with score 4.994973721928029
[29_3_in_4] Starting (50000 attempts)
[9_3_in_5] Success!
[10_3_in_5] Success!
[24_3_in_5] Success!
[Main] Worker finished 9_3_in_5 with score 1.9752453399855623[48_3_in_4] Starting (50000 attempts)

[Main] Worker finished 10_3_in_5 with score 2.0829542800502256
[Main] Worker finished 24_3_in_5 with score 3.2854955332564635
[21_3_in_4] Success!
[37_3_in_5] Starting (50000 attempts)
[47_3_in_5] Starting (50000 attempts)
[49_3_in_5] Success!
[Main] Worker finished 21_3_in_4 with score 3.682084670692966
[26_3_in_5] Starting (50000 attempts)
[Main] Worker finished 49_3_in_5 with score 5.000729469232406
[47_3_in_4] Success!
[13_3_in_4] Success!
[40_3_in_5] Success!
[48_3_in_5] Starting (50000 attempts)
[21_3_in_5] Success!
[Main] Worker finished 47_3_in_4 with score 5.844945900783133
[24_3_in_4] Starting (50000 attempts)
[Main] Worker finished 13_3_in_4 with score 2.856450043138434
[Main] Worker finished 21_3_in_5 with score 3.058076730932037
[27_3_in_5] Success!
[Main] Worker finished 40_3_in_5 with score 4.339927473485352
[36_3_in_4] Success!
[50_3_in_5] Success!
[41_3_in_4] Success!
[21_3_in_5] Starting (50000 attempts)
[34_3_in_5] Starting (50000 attempts)
[45_3_in_4] Success!
[23_3_in_5] Starting (50000 attempts)
[42_3_in_4] Success!
[Main] Worker finished 27_3_in_5 with score 3.487817072276372
[7_3_in_5] Starting (5000 attempts)
[Main] Worker finished 41_3_in_4 with score 5.293632709653392
[30_3_in_5] Success!
[Main] Worker finished 42_3_in_4 with score 5.411331920693078
[Main] Worker finished 36_3_in_4 with score 4.904251788001746
[Main] Worker finished 45_3_in_4 with score 5.628345798382945
[Main] Worker finished 50_3_in_5 with score 4.933491242259702
[17_3_in_5] Success!
[50_3_in_5] Starting (50000 attempts)
[36_3_in_4] Starting (50000 attempts)
[41_3_in_4] Starting (50000 attempts)
[42_3_in_4] Starting (50000 attempts)
[32_3_in_4] Starting (50000 attempts)
[Main] Worker finished 17_3_in_5 with score 2.731812428180871[25_3_in_4] Starting (50000 attempts)

[Main] Worker finished 30_3_in_5 with score 3.68565406076074
[30_3_in_5] Starting (50000 attempts)
[39_3_in_5] Starting (50000 attempts)
[20_3_in_5] Success!
[Main] Worker finished 20_3_in_5 with score 2.9808463690308096
[11_3_in_5] Success!
[44_3_in_5] Success!
[Main] Worker finished 11_3_in_5 with score 2.1838441649808495
[20_3_in_5] Starting (50000 attempts)
[Main] Worker finished 44_3_in_5 with score 4.467286074352201
[44_3_in_5] Starting (50000 attempts)
[45_3_in_5] Success!
[Main] Worker finished 45_3_in_5 with score 4.695292623891743
[22_3_in_4] Starting (50000 attempts)
[18_3_in_5] Success!
[Main] Worker finished 18_3_in_5 with score 2.8160408429227397
[31_3_in_5] Starting (50000 attempts)
[46_3_in_5] Success!
[Main] Worker finished 46_3_in_5 with score 4.758639953044003
[29_3_in_5] Starting (50000 attempts)
[5_3_in_5] Success!
[14_3_in_5] Success!
[Main] Worker finished 5_3_in_5 with score 1.472869645419125
[18_3_in_4] Starting (50000 attempts)
[Main] Worker finished 14_3_in_5 with score 2.4674367327916724
[35_3_in_4] Success!
[35_3_in_5] Success!
[15_3_in_5] Starting (50000 attempts)
[Main] Worker finished 35_3_in_4 with score 4.8330393892520345[28_3_in_5] Starting (50000 attempts)

[Main] Worker finished 35_3_in_5 with score 3.9834523819333825
[35_3_in_5] Starting (50000 attempts)
[35_3_in_4] Starting (50000 attempts)
[30_3_in_4] Success!
[Main] Worker finished 30_3_in_4 with score 4.427252905788712
[30_3_in_4] Starting (50000 attempts)
[38_3_in_4] Success!
[Main] Worker finished 38_3_in_4 with score 5.069468958857999
[43_3_in_5] Success!
[48_3_in_4] Success!
[47_3_in_5] Success!
[Main] Worker finished 48_3_in_4 with score 5.929597324436657
[6_3_in_5] Starting (5000 attempts)
[Main] Worker finished 47_3_in_5 with score 4.871884021299947
[Main] Worker finished 43_3_in_5 with score 4.573434105529997
[37_3_in_5] Success!
[29_3_in_4] Success!
[28_3_in_4] Starting (50000 attempts)
[26_3_in_5] Success!
[37_3_in_4] Starting (50000 attempts)
[Main] Worker finished 29_3_in_4 with score 4.36486087557988
[43_3_in_4] Starting (50000 attempts)
[Main] Worker finished 26_3_in_5 with score 3.3888843888255074
[Main] Worker finished 37_3_in_5 with score 4.147103315745588
[48_3_in_5] Success!
[7_3_in_5] Success!
[26_3_in_5] Starting (50000 attempts)
[21_3_in_4] Starting (50000 attempts)
[23_3_in_5] Success!
[24_3_in_4] Success!
[34_3_in_5] Success!
[Main] Worker finished 34_3_in_5 with score 3.9475564034626425
[24_3_in_5] Starting (50000 attempts)
[Main] Worker finished 7_3_in_5 with score 1.7415208367392434
[21_3_in_5] Success!
[Main] Worker finished 23_3_in_5 with score 3.2087953700115985
[Main] Worker finished 24_3_in_4 with score 3.9475368790472745
[Main] Worker finished 48_3_in_5 with score 4.761010941091636
[48_3_in_5] Starting (50000 attempts)
[24_3_in_4] Starting (50000 attempts)
[42_3_in_4] Success!
[32_3_in_4] Success!
[23_3_in_5] Starting (50000 attempts)
[25_3_in_4] Success!
[7_3_in_5] Starting (5000 attempts)
[Main] Worker finished 32_3_in_4 with score 4.586035174279099
[34_3_in_4] Starting (50000 attempts)
[Main] Worker finished 25_3_in_4 with score 4.0228558176752465
[Main] Worker finished 42_3_in_4 with score 5.362666521408643
[Main] Worker finished 21_3_in_5 with score 3.037902516636446
[41_3_in_4] Success!
[25_3_in_4] Starting (50000 attempts)
[21_3_in_5] Starting (50000 attempts)
[50_3_in_5] Success!
[42_3_in_4] Starting (50000 attempts)
[36_3_in_4] Success!
[Main] Worker finished 50_3_in_5 with score 5.05461090924511
[49_3_in_5] Starting (50000 attempts)
[Main] Worker finished 36_3_in_4 with score 4.905141162767265
[Main] Worker finished 41_3_in_4 with score 5.274239398750538
[50_3_in_5] Starting (50000 attempts)
[36_3_in_4] Starting (50000 attempts)
[41_3_in_4] Starting (50000 attempts)
[30_3_in_5] Success!
[Main] Worker finished 30_3_in_5 with score 3.6859034221805262
[39_3_in_5] Success!
[Main] Worker finished 39_3_in_5 with score 4.225418443273481[30_3_in_5] Starting (50000 attempts)

[47_3_in_4] Starting (50000 attempts)
[31_3_in_5] Success!
[Main] Worker finished 31_3_in_5 with score 3.7579018758582117
[22_3_in_4] Success!
[Main] Worker finished 22_3_in_4 with score 3.7647101244802705
[41_3_in_5] Starting (50000 attempts)
[29_3_in_5] Success!
[20_3_in_5] Success!
[Main] Worker finished 29_3_in_5 with score 3.628742459891808
[22_3_in_4] Starting (50000 attempts)
[Main] Worker finished 20_3_in_5 with score 2.978227380319793
[22_3_in_5] Starting (50000 attempts)
[44_3_in_5] Success!
[Main] Worker finished 44_3_in_5 with score 4.6350746688466264[40_3_in_5] Starting (50000 attempts)

[46_3_in_4] Starting (50000 attempts)
[35_3_in_5] Success!
[Main] Worker finished 35_3_in_5 with score 4.0151099006090165
[33_3_in_4] Starting (50000 attempts)
[35_3_in_4] Success!
[Main] Worker finished 35_3_in_4 with score 4.832873041768879
[18_3_in_4] Success!
[Main] Worker finished 18_3_in_4 with score 3.3904519203160954
[16_3_in_5] Starting (50000 attempts)
[15_3_in_5] Success!
[28_3_in_5] Success!
[Main] Worker finished 28_3_in_5 with score 3.561379717776799[45_3_in_4] Starting (50000 attempts)

[Main] Worker finished 15_3_in_5 with score 2.5571159829172716
[11_3_in_5] Starting (50000 attempts)
[18_3_in_5] Starting (50000 attempts)
[28_3_in_4] Success!
[Main] Worker finished 28_3_in_4 with score 4.281418775436012
[25_3_in_5] Starting (50000 attempts)
[6_3_in_5] Success!
[Main] Worker finished 6_3_in_5 with score 1.6123349509954141
[37_3_in_4] Success!
[30_3_in_4] Success!
[Main] Worker finished 30_3_in_4 with score 4.440011466621993
[8_3_in_5] Starting (50000 attempts)
[Main] Worker finished 37_3_in_4 with score 4.988441690022295
[38_3_in_4] Starting (50000 attempts)
[24_3_in_4] Success!
[43_3_in_4] Success!
[Main] Worker finished 24_3_in_4 with score 3.945541471982394[43_3_in_5] Starting (50000 attempts)

[Main] Worker finished 43_3_in_4 with score 5.431820202634463
[48_3_in_5] Success!
[24_3_in_5] Success!
[43_3_in_4] Starting (50000 attempts)
[21_3_in_4] Success!
[26_3_in_5] Success!
[7_3_in_5] Success!
[34_3_in_4] Success!
[Main] Worker finished 7_3_in_5 with score 1.7415208664378672
[24_3_in_4] Starting (50000 attempts)
[Main] Worker finished 26_3_in_5 with score 3.4224895063224103
[Main] Worker finished 48_3_in_5 with score 4.772344962758146
[Main] Worker finished 34_3_in_4 with score 4.742393238960607
[Main] Worker finished 24_3_in_5 with score 3.278944259181874
[Main] Worker finished 21_3_in_4 with score 3.6791508624476785
[21_3_in_5] Success!
[26_3_in_5] Starting (50000 attempts)
[48_3_in_5] Starting (50000 attempts)
[49_3_in_5] Success!
[25_3_in_4] Success!
[29_3_in_4] Starting (50000 attempts)
[23_3_in_5] Success!
[48_3_in_4] Starting (50000 attempts)
[37_3_in_5] Starting (50000 attempts)
[36_3_in_4] Success!
[Main] Worker finished 36_3_in_4 with score 4.871493659257416
[47_3_in_5] Starting (50000 attempts)
[Main] Worker finished 25_3_in_4 with score 4.032076001390384
[42_3_in_4] Success!
[Main] Worker finished 49_3_in_5 with score 5.006923261780616
[Main] Worker finished 21_3_in_5 with score 3.0535208412852013
[Main] Worker finished 23_3_in_5 with score 3.208689194713935
[30_3_in_5] Success!
[23_3_in_5] Starting (50000 attempts)
[50_3_in_5] Success!
[41_3_in_4] Success!
[25_3_in_4] Starting (50000 attempts)
[21_3_in_5] Starting (50000 attempts)
[36_3_in_4] Starting (50000 attempts)
[Main] Worker finished 42_3_in_4 with score 5.348758660950942
[10_3_in_5] Starting (50000 attempts)
[Main] Worker finished 50_3_in_5 with score 5.024964688877495
[Main] Worker finished 30_3_in_5 with score 3.687270870722558
[Main] Worker finished 41_3_in_4 with score 5.336534945954026
[50_3_in_5] Starting (50000 attempts)
[47_3_in_4] Success!
[30_3_in_5] Starting (50000 attempts)
[13_3_in_5] Starting (50000 attempts)
[Main] Worker finished 47_3_in_4 with score 5.774430926562138
[34_3_in_5] Starting (50000 attempts)
[39_3_in_4] Starting (50000 attempts)
[22_3_in_5] Success!
[Main] Worker finished 22_3_in_5 with score 3.1294489741884255
[40_3_in_5] Success!
[41_3_in_5] Success!
[Main] Worker finished 41_3_in_5 with score 4.4173569145070894
[22_3_in_5] Starting (50000 attempts)
[Main] Worker finished 40_3_in_5 with score 4.34733060947153
[45_3_in_4] Success!
[16_3_in_5] Success!
[32_3_in_4] Starting (50000 attempts)
[46_3_in_4] Success!
[Main] Worker finished 45_3_in_4 with score 5.669494159712282
[9_3_in_5] Starting (50000 attempts)
[Main] Worker finished 16_3_in_5 with score 2.6437808458475534
[Main] Worker finished 46_3_in_4 with score 5.7271232355910735
[33_3_in_4] Success!
[11_3_in_5] Success!
[16_3_in_5] Starting (50000 attempts)
[22_3_in_4] Success!
[18_3_in_5] Success!
[39_3_in_5] Starting (50000 attempts)
[Main] Worker finished 22_3_in_4 with score 3.77426964153526
[12_3_in_5] Starting (50000 attempts)
[Main] Worker finished 18_3_in_5 with score 2.7954319496263142
[Main] Worker finished 11_3_in_5 with score 2.18875162303364
[Main] Worker finished 33_3_in_4 with score 4.66984759647921
[18_3_in_5] Starting (50000 attempts)
[22_3_in_4] Starting (50000 attempts)
[13_3_in_4] Starting (50000 attempts)
[23_3_in_4] Starting (50000 attempts)
[8_3_in_5] Success!
[Main] Worker finished 8_3_in_5 with score 1.8622720838192768
[25_3_in_5] Success!
[Main] Worker finished 25_3_in_5 with score 3.3552897632501315
[8_3_in_5] Starting (50000 attempts)
[43_3_in_5] Success!
[Main] Worker finished 43_3_in_5 with score 4.5471086147615
[27_3_in_5] Starting (50000 attempts)
[38_3_in_5] Starting (50000 attempts)
[24_3_in_4] Success!
[Main] Worker finished 24_3_in_4 with score 3.9396574177356634
[38_3_in_4] Success!
[Main] Worker finished 38_3_in_4 with score 5.058922390152854
[24_3_in_4] Starting (50000 attempts)
[43_3_in_4] Success!
[Main] Worker finished 43_3_in_4 with score 5.486253611839995
[38_3_in_4] Starting (50000 attempts)
[26_3_in_5] Success!
[Main] Worker finished 26_3_in_5 with score 3.4169114120878015
[31_3_in_5] Starting (50000 attempts)
[48_3_in_5] Success!
[Main] Worker finished 48_3_in_5 with score 4.848854088908252
[26_3_in_5] Starting (50000 attempts)
[29_3_in_4] Success!
[Main] Worker finished 29_3_in_4 with score 4.358594465828277
[48_3_in_5] Starting (50000 attempts)
[29_3_in_4] Starting (50000 attempts)
[47_3_in_5] Success!
[Main] Worker finished 47_3_in_5 with score 4.8412354199467735
[37_3_in_5] Success!
[25_3_in_4] Success!
[21_3_in_5] Success!
[48_3_in_4] Success!
[23_3_in_5] Success!
[Main] Worker finished 37_3_in_5 with score 4.145332669846357[47_3_in_5] Starting (50000 attempts)

[Main] Worker finished 23_3_in_5 with score 3.2148479778467705
[36_3_in_4] Success!
[Main] Worker finished 48_3_in_4 with score 5.932996747424285
[Main] Worker finished 21_3_in_5 with score 3.0577687055548575
[Main] Worker finished 25_3_in_4 with score 4.033358371248067
[50_3_in_5] Success!
[37_3_in_5] Starting (50000 attempts)
[10_3_in_5] Success!
[21_3_in_5] Starting (50000 attempts)
[29_3_in_5] Starting (50000 attempts)
[27_3_in_4] Starting (50000 attempts)
[Main] Worker finished 50_3_in_5 with score 5.098313459946513
[18_3_in_4] Starting (50000 attempts)
[Main] Worker finished 10_3_in_5 with score 2.0821052459622593
[Main] Worker finished 36_3_in_4 with score 4.890113833258741
[10_3_in_5] Starting (50000 attempts)
[36_3_in_4] Starting (50000 attempts)
[34_3_in_5] Success!
[39_3_in_4] Success!
[Main] Worker finished 34_3_in_5 with score 3.943282963309274
[15_3_in_5] Starting (50000 attempts)
[Main] Worker finished 39_3_in_4 with score 5.118426745030366
[13_3_in_5] Success!
[34_3_in_5] Starting (50000 attempts)
[Main] Worker finished 13_3_in_5 with score 2.379135616866902
[39_3_in_4] Starting (50000 attempts)
[30_3_in_5] Success!
[Main] Worker finished 30_3_in_5 with score 3.687192461596473
[28_3_in_5] Starting (50000 attempts)
[45_3_in_5] Starting (50000 attempts)
[32_3_in_4] Success!
[Main] Worker finished 32_3_in_4 with score 4.596047595394476
[9_3_in_5] Success!
[16_3_in_5] Success!
[22_3_in_5] Success!
[12_3_in_5] Success!
[Main] Worker finished 22_3_in_5 with score 3.1370148299726757
[32_3_in_4] Starting (50000 attempts)
[Main] Worker finished 12_3_in_5 with score 2.281719560552744
[Main] Worker finished 16_3_in_5 with score 2.643240068428238
[Main] Worker finished 9_3_in_5 with score 1.974788090047326
[39_3_in_5] Success!
[22_3_in_5] Starting (50000 attempts)
[18_3_in_5] Success!
[16_3_in_5] Starting (50000 attempts)
[14_3_in_5] Starting (50000 attempts)
[23_3_in_4] Success!
[13_3_in_4] Success!
[Main] Worker finished 18_3_in_5 with score 2.8206868455694467
[6_3_in_5] Starting (5000 attempts)
[Main] Worker finished 13_3_in_4 with score 2.858365202822248
[Main] Worker finished 39_3_in_5 with score 4.263502373144794
[Main] Worker finished 23_3_in_4 with score 3.862205793382137
[8_3_in_5] Success!
[27_3_in_5] Success!
[13_3_in_4] Starting (50000 attempts)
[18_3_in_5] Starting (50000 attempts)
[5_3_in_5] Starting (5000 attempts)
[22_3_in_4] Success!
[Main] Worker finished 22_3_in_4 with score 3.7429737566831425
[28_3_in_4] Starting (50000 attempts)
[Main] Worker finished 8_3_in_5 with score 1.862416174405252
[Main] Worker finished 27_3_in_5 with score 3.4908321665139126
[22_3_in_4] Starting (50000 attempts)
[36_3_in_5] Starting (50000 attempts)
[32_3_in_5] Starting (50000 attempts)
[38_3_in_5] Success!
[Main] Worker finished 38_3_in_5 with score 4.230818161588912
[31_3_in_5] Success!
[38_3_in_4] Success!
[Main] Worker finished 38_3_in_4 with score 5.075740362879084
[37_3_in_4] Starting (50000 attempts)
[Main] Worker finished 31_3_in_5 with score 3.758611694662672
[24_3_in_4] Success!
[31_3_in_5] Starting (50000 attempts)
[29_3_in_4] Success!
[Main] Worker finished 29_3_in_4 with score 4.341502800816147[21_3_in_4] Starting (50000 attempts)

[Main] Worker finished 24_3_in_4 with score 3.945530020433342
[26_3_in_5] Success!
[29_3_in_4] Starting (50000 attempts)
[Main] Worker finished 26_3_in_5 with score 3.405075824004262
[24_3_in_4] Starting (50000 attempts)
[47_3_in_5] Success!
[Main] Worker finished 47_3_in_5 with score 4.831860226806961
[26_3_in_5] Starting (50000 attempts)
[48_3_in_5] Success!
[Main] Worker finished 48_3_in_5 with score 4.9404894491967974
[24_3_in_5] Starting (50000 attempts)
[21_3_in_5] Success!
[Main] Worker finished 21_3_in_5 with score 3.058944768747624
[48_3_in_5] Starting (50000 attempts)
[29_3_in_5] Success!
[37_3_in_5] Success!
[18_3_in_4] Success!
[Main] Worker finished 37_3_in_5 with score 4.140860508585794
[34_3_in_4] Starting (50000 attempts)
[Main] Worker finished 29_3_in_5 with score 3.624380203901829
[Main] Worker finished 18_3_in_4 with score 3.3755421118495725
[27_3_in_4] Success!
[36_3_in_4] Success!
[18_3_in_4] Starting (50000 attempts)
[37_3_in_5] Starting (50000 attempts)
[34_3_in_5] Success!
[10_3_in_5] Success!
[15_3_in_5] Success!
[Main] Worker finished 34_3_in_5 with score 3.943395950764466
[49_3_in_5] Starting (50000 attempts)
[Main] Worker finished 27_3_in_4 with score 4.199790042762328
[Main] Worker finished 10_3_in_5 with score 2.0821321442343774
[Main] Worker finished 15_3_in_5 with score 2.554758807517126
[Main] Worker finished 36_3_in_4 with score 4.885167252212108
[15_3_in_5] Starting (50000 attempts)
[39_3_in_4] Success!
[36_3_in_4] Starting (50000 attempts)
[47_3_in_4] Starting (50000 attempts)
[41_3_in_5] Starting (50000 attempts)
[Main] Worker finished 39_3_in_4 with score 5.1373939705447285
[40_3_in_5] Starting (50000 attempts)
[45_3_in_5] Success!
[Main] Worker finished 45_3_in_5 with score 4.594850033057726
[19_3_in_4] Starting (50000 attempts)
[28_3_in_5] Success!
[Main] Worker finished 28_3_in_5 with score 3.55435028545507
[45_3_in_5] Starting (50000 attempts)
[28_3_in_5] Starting (50000 attempts)
[32_3_in_4] Success!
[Main] Worker finished 32_3_in_4 with score 4.587406945572082
[40_3_in_4] Starting (50000 attempts)
[16_3_in_5] Success!
[Main] Worker finished 16_3_in_5 with score 2.647240149045633
[14_3_in_5] Success!
[13_3_in_4] Success!
[22_3_in_5] Success!
[6_3_in_5] Success!
[18_3_in_5] Success!
[Main] Worker finished 14_3_in_5 with score 2.4678352443556686
[46_3_in_4] Starting (50000 attempts)
[Main] Worker finished 22_3_in_5 with score 3.134458029321926
[Main] Worker finished 13_3_in_4 with score 2.859452260390261
[Main] Worker finished 6_3_in_5 with score 1.6123349330767753
[Main] Worker finished 18_3_in_5 with score 2.815944823570833
[13_3_in_4] Starting (50000 attempts)
[18_3_in_5] Starting (50000 attempts)
[36_3_in_5] Success!
[5_3_in_5] Success!
[32_3_in_5] Success!
[33_3_in_4] Starting (50000 attempts)
[45_3_in_4] Starting (50000 attempts)
[28_3_in_4] Success!
[Main] Worker finished 32_3_in_5 with score 3.8168613352522645
[11_3_in_5] Starting (50000 attempts)
[Main] Worker finished 36_3_in_5 with score 4.08044414689453
[Main] Worker finished 5_3_in_5 with score 1.4719840926702379
[Main] Worker finished 28_3_in_4 with score 4.278080707877572
[22_3_in_4] Success!
[5_3_in_5] Starting (5000 attempts)
[28_3_in_4] Starting (50000 attempts)
[36_3_in_5] Starting (50000 attempts)
[Main] Worker finished 22_3_in_4 with score 3.775839272718553[32_3_in_5] Starting (50000 attempts)

[31_3_in_5] Success!
[21_3_in_4] Success!
[Main] Worker finished 31_3_in_5 with score 3.7551750552726033
[26_3_in_4] Starting (50000 attempts)
[Main] Worker finished 21_3_in_4 with score 3.679030286017858
[37_3_in_4] Success!
[24_3_in_5] Success!
[29_3_in_4] Success!
[26_3_in_5] Success!
[24_3_in_4] Success!
[25_3_in_5] Starting (50000 attempts)
[48_3_in_5] Success!
[Main] Worker finished 37_3_in_4 with score 4.989697451147667
[43_3_in_5] Starting (50000 attempts)
[Main] Worker finished 24_3_in_5 with score 3.280717540095799
[Main] Worker finished 26_3_in_5 with score 3.41525722514794
[Main] Worker finished 48_3_in_5 with score 4.876145609055773
[18_3_in_4] Success!
[34_3_in_4] Success!
[Main] Worker finished 29_3_in_4 with score 4.361813129767265
[Main] Worker finished 24_3_in_4 with score 3.9493687821616987
[37_3_in_4] Starting (50000 attempts)
[24_3_in_5] Starting (50000 attempts)
[48_3_in_4] Starting (50000 attempts)
[37_3_in_5] Success!
[47_3_in_4] Success!
[33_3_in_5] Starting (50000 attempts)
[41_3_in_5] Success!
[13_3_in_5] Starting (50000 attempts)
[49_3_in_5] Success!
[Main] Worker finished 34_3_in_4 with score 4.721683036969594
[7_3_in_5] Starting (5000 attempts)
[Main] Worker finished 37_3_in_5 with score 4.129382782905175
[Main] Worker finished 49_3_in_5 with score 4.887932299088258
[Main] Worker finished 41_3_in_5 with score 4.425709645578415
[Main] Worker finished 47_3_in_4 with score 5.82983700250971
[Main] Worker finished 18_3_in_4 with score 3.3745052376588314
[19_3_in_4] Success!
[34_3_in_4] Starting (50000 attempts)
[36_3_in_4] Success!
[15_3_in_5] Success!
[49_3_in_5] Starting (50000 attempts)
[40_3_in_5] Success!
[18_3_in_4] Starting (50000 attempts)
[28_3_in_5] Success!
[9_3_in_5] Starting (50000 attempts)
[39_3_in_5] Starting (50000 attempts)
[Main] Worker finished 28_3_in_5 with score 3.53914390568379
[12_3_in_5] Starting (50000 attempts)
[Main] Worker finished 15_3_in_5 with score 2.5547866144587945
[Main] Worker finished 36_3_in_4 with score 4.900570555385496
[Main] Worker finished 19_3_in_4 with score 3.481065967853155
[Main] Worker finished 40_3_in_5 with score 4.31989096210617
[40_3_in_5] Starting (50000 attempts)
[19_3_in_4] Starting (50000 attempts)
[45_3_in_5] Success!
[15_3_in_5] Starting (50000 attempts)
[28_3_in_5] Starting (50000 attempts)
[Main] Worker finished 45_3_in_5 with score 4.680320742610261
[36_3_in_4] Starting (50000 attempts)
[23_3_in_4] Starting (50000 attempts)
[46_3_in_4] Success!
[Main] Worker finished 46_3_in_4 with score 5.750566983266424
[40_3_in_4] Success!
[Main] Worker finished 40_3_in_4 with score 5.201165408355971
[46_3_in_4] Starting (50000 attempts)
[45_3_in_4] Success!
[18_3_in_5] Success!
[11_3_in_5] Success!
[33_3_in_4] Success!
[Main] Worker finished 18_3_in_5 with score 2.8185806872892836
[27_3_in_5] Starting (50000 attempts)
[Main] Worker finished 33_3_in_4 with score 4.674880242005657
[Main] Worker finished 11_3_in_5 with score 2.183552901485476
[Main] Worker finished 45_3_in_4 with score 5.707343503622244
[13_3_in_4] Success!
[5_3_in_5] Success!
[11_3_in_5] Starting (50000 attempts)
[38_3_in_5] Starting (50000 attempts)
[28_3_in_4] Success!
[36_3_in_5] Success!
[29_3_in_5] Starting (50000 attempts)
[32_3_in_5] Success!
[Main] Worker finished 5_3_in_5 with score 1.4735934307806855
[27_3_in_4] Starting (50000 attempts)
[Main] Worker finished 28_3_in_4 with score 4.283207422516762
[Main] Worker finished 32_3_in_5 with score 3.8206788952770947
[Main] Worker finished 13_3_in_4 with score 2.856971069599083
[Main] Worker finished 36_3_in_5 with score 4.092476862512821
[13_3_in_4] Starting (50000 attempts)
[14_3_in_5] Starting (50000 attempts)
[6_3_in_5] Starting (5000 attempts)
[31_3_in_4] Starting (50000 attempts)
[25_3_in_5] Success!
[48_3_in_4] Success!
[26_3_in_4] Success!
[24_3_in_5] Success!
[Main] Worker finished 24_3_in_5 with score 3.283222805302757
[35_3_in_5] Starting (50000 attempts)
[Main] Worker finished 48_3_in_4 with score 5.744690457100739
[Main] Worker finished 25_3_in_5 with score 3.3341013868105036
[Main] Worker finished 26_3_in_4 with score 4.120325320823583
[43_3_in_5] Success!
[25_3_in_5] Starting (50000 attempts)
[48_3_in_4] Starting (50000 attempts)
[37_3_in_4] Success!
[7_3_in_5] Success!
[33_3_in_5] Success!
[30_3_in_4] Starting (50000 attempts)
[Main] Worker finished 33_3_in_5 with score 3.8890920112006744
[43_3_in_4] Starting (50000 attempts)
[Main] Worker finished 37_3_in_4 with score 4.93262672615157
[Main] Worker finished 7_3_in_5 with score 1.741520866766487
[Main] Worker finished 43_3_in_5 with score 4.562032078387456
[49_3_in_5] Success!
[13_3_in_5] Success!
[43_3_in_5] Starting (50000 attempts)
[7_3_in_5] Starting (5000 attempts)
[34_3_in_4] Success!
[18_3_in_4] Success!
[9_3_in_5] Success!
[37_3_in_4] Starting (50000 attempts)
[Main] Worker finished 34_3_in_4 with score 4.746504056315433
[21_3_in_4] Starting (50000 attempts)
[Main] Worker finished 18_3_in_4 with score 3.3751769276516335
[Main] Worker finished 9_3_in_5 with score 1.9752434868994524
[Main] Worker finished 13_3_in_5 with score 2.375846612170735
[Main] Worker finished 49_3_in_5 with score 4.968962311953534
[9_3_in_5] Starting (50000 attempts)
[34_3_in_4] Starting (50000 attempts)
[12_3_in_5] Success!
[39_3_in_5] Success!
[49_3_in_5] Starting (50000 attempts)
[36_3_in_4] Success!
[40_3_in_5] Success!
[18_3_in_4] Starting (50000 attempts)
[Main] Worker finished 12_3_in_5 with score 2.2832303171733703
[20_3_in_4] Starting (50000 attempts)
[Main] Worker finished 39_3_in_5 with score 4.265101731376375
[Main] Worker finished 40_3_in_5 with score 4.31844998491346
[19_3_in_4] Success!
[Main] Worker finished 36_3_in_4 with score 4.894371710129382
[39_3_in_5] Starting (50000 attempts)
[15_3_in_5] Success!
[28_3_in_5] Success!
[40_3_in_5] Starting (50000 attempts)
[47_3_in_4] Starting (50000 attempts)
[Main] Worker finished 28_3_in_5 with score 3.5465755140330404
[41_3_in_5] Starting (50000 attempts)
[Main] Worker finished 19_3_in_4 with score 3.4689276614970064
[Main] Worker finished 15_3_in_5 with score 2.5565081596646153
[19_3_in_4] Starting (50000 attempts)
[23_3_in_4] Success!
[28_3_in_5] Starting (50000 attempts)
[Main] Worker finished 23_3_in_4 with score 3.8473670921356797
[44_3_in_4] Starting (50000 attempts)
[40_3_in_4] Starting (50000 attempts)
[38_3_in_5] Success!
[Main] Worker finished 38_3_in_5 with score 4.152137124180145
[11_3_in_5] Success!
[27_3_in_5] Success!
[Main] Worker finished 11_3_in_5 with score 2.18488759208386
[38_3_in_5] Starting (50000 attempts)
[Main] Worker finished 27_3_in_5 with score 3.4891289394435154
[46_3_in_4] Success!
[13_3_in_4] Success!
[27_3_in_5] Starting (50000 attempts)
[29_3_in_5] Success!
[Main] Worker finished 13_3_in_4 with score 2.858544936606995
[33_3_in_4] Starting (50000 attempts)
[Main] Worker finished 46_3_in_4 with score 5.722187193588698
[Main] Worker finished 29_3_in_5 with score 3.623311334981714
[27_3_in_4] Success!
[46_3_in_4] Starting (50000 attempts)
[14_3_in_5] Success!
[45_3_in_4] Starting (50000 attempts)
[Main] Worker finished 27_3_in_4 with score 4.20512018880703
[41_3_in_4] Starting (50000 attempts)
[Main] Worker finished 14_3_in_5 with score 2.4679133123886503
[31_3_in_4] Success!
[14_3_in_5] Starting (50000 attempts)
[6_3_in_5] Success!
[48_3_in_4] Success!
[Main] Worker finished 6_3_in_5 with score 1.6123349429219833
[26_3_in_4] Starting (50000 attempts)
[Main] Worker finished 31_3_in_4 with score 4.517833896537312
[Main] Worker finished 48_3_in_4 with score 5.943418243793153
[35_3_in_5] Success!
[42_3_in_5] Starting (50000 attempts)
[43_3_in_4] Success!
[25_3_in_5] Success!
[8_3_in_5] Starting (50000 attempts)
[30_3_in_4] Success!
[Main] Worker finished 25_3_in_5 with score 3.3536842047922235
[38_3_in_4] Starting (50000 attempts)
[Main] Worker finished 30_3_in_4 with score 4.4374341912448125
[Main] Worker finished 35_3_in_5 with score 3.9897857031199475
[Main] Worker finished 43_3_in_4 with score 5.499210787670189
[35_3_in_5] Starting (50000 attempts)
[7_3_in_5] Success!
[33_3_in_5] Starting (50000 attempts)
[47_3_in_5] Starting (50000 attempts)
[21_3_in_4] Success!
[37_3_in_4] Success!
[Main] Worker finished 37_3_in_4 with score 4.998157855515855
[35_3_in_4] Starting (50000 attempts)
[Main] Worker finished 21_3_in_4 with score 3.680051860288925
[Main] Worker finished 7_3_in_5 with score 1.7415208934363213
[21_3_in_4] Starting (50000 attempts)
[43_3_in_5] Success!
[7_3_in_5] Starting (5000 attempts)
[9_3_in_5] Success!
[Main] Worker finished 43_3_in_5 with score 4.510493453485941
[10_3_in_5] Starting (50000 attempts)
[Main] Worker finished 9_3_in_5 with score 1.9759217523863546
[34_3_in_4] Success!
[13_3_in_5] Starting (50000 attempts)
[18_3_in_4] Success!
[Main] Worker finished 34_3_in_4 with score 4.739567670139682
[34_3_in_5] Starting (50000 attempts)
[Main] Worker finished 18_3_in_4 with score 3.387085036682701
[40_3_in_5] Success!
[41_3_in_5] Success!
[19_3_in_4] Success!
[18_3_in_4] Starting (50000 attempts)
[20_3_in_4] Success!
[49_3_in_5] Success!
[Main] Worker finished 49_3_in_5 with score 4.963580242468016
[23_3_in_5] Starting (50000 attempts)
[Main] Worker finished 20_3_in_4 with score 3.5873658129057695
[Main] Worker finished 19_3_in_4 with score 3.4680188049045104
[Main] Worker finished 41_3_in_5 with score 4.408043779600383
[Main] Worker finished 40_3_in_5 with score 4.303271296636266
[49_3_in_5] Starting (50000 attempts)
[28_3_in_5] Success!
[47_3_in_4] Success!
[40_3_in_5] Starting (50000 attempts)
[39_3_in_5] Success!
[19_3_in_4] Starting (50000 attempts)
[44_3_in_4] Success!
[39_3_in_4] Starting (50000 attempts)
[Main] Worker finished 44_3_in_4 with score 5.545565328029483
[32_3_in_4] Starting (50000 attempts)
[Main] Worker finished 47_3_in_4 with score 5.779207271098406
[Main] Worker finished 39_3_in_5 with score 4.263502373144794
[Main] Worker finished 28_3_in_5 with score 3.556750445599029
[40_3_in_4] Success!
[47_3_in_4] Starting (50000 attempts)
[39_3_in_5] Starting (50000 attempts)
[28_3_in_5] Starting (50000 attempts)
[Main] Worker finished 40_3_in_4 with score 5.217609943391875
[25_3_in_4] Starting (50000 attempts)
[17_3_in_5] Starting (50000 attempts)
[27_3_in_5] Success!
[Main] Worker finished 27_3_in_5 with score 3.4937538479767936
[12_3_in_5] Starting (50000 attempts)
[46_3_in_4] Success!
[Main] Worker finished 46_3_in_4 with score 5.753312181573567
[33_3_in_4] Success!
[Main] Worker finished 33_3_in_4 with score 4.654151930289929
[46_3_in_4] Starting (50000 attempts)
[38_3_in_5] Success!
[26_3_in_4] Success!
[41_3_in_4] Success!
[45_3_in_4] Success!
[Main] Worker finished 45_3_in_4 with score 5.5068625434794205
[33_3_in_4] Starting (50000 attempts)
[Main] Worker finished 26_3_in_4 with score 4.092444011989303
[Main] Worker finished 38_3_in_5 with score 4.205883684352359
[Main] Worker finished 41_3_in_4 with score 5.318307726375001
[45_3_in_4] Starting (50000 attempts)
[41_3_in_4] Starting (50000 attempts)
[26_3_in_4] Starting (50000 attempts)
[14_3_in_5] Success!
[Main] Worker finished 14_3_in_5 with score 2.467474853823032
[38_3_in_5] Starting (50000 attempts)
[38_3_in_4] Success!
[Main] Worker finished 38_3_in_4 with score 5.068608299149818
[46_3_in_5] Starting (50000 attempts)
[8_3_in_5] Success!
[Main] Worker finished 8_3_in_5 with score 1.862270852391448
[38_3_in_4] Starting (50000 attempts)
[42_3_in_5] Success!
[Main] Worker finished 42_3_in_5 with score 4.48316846774775
[8_3_in_5] Starting (50000 attempts)
[23_3_in_4] Starting (50000 attempts)
[47_3_in_5] Success!
[Main] Worker finished 47_3_in_5 with score 4.829577907708746
[35_3_in_5] Success!
[Main] Worker finished 35_3_in_5 with score 4.0017663859876835[47_3_in_5] Starting (50000 attempts)

[35_3_in_5] Starting (50000 attempts)
[13_3_in_5] Success!
[Main] Worker finished 13_3_in_5 with score 2.3763449095988185
[33_3_in_5] Success!
[Main] Worker finished 33_3_in_5 with score 3.876525544461648
[13_3_in_5] Starting (50000 attempts)
[10_3_in_5] Success!
[Main] Worker finished 10_3_in_5 with score 2.082168623435542
[31_3_in_5] Starting (50000 attempts)
[35_3_in_4] Success!
[21_3_in_4] Success!
[Main] Worker finished 35_3_in_4 with score 4.828639698157974
[29_3_in_5] Starting (50000 attempts)
[Main] Worker finished 21_3_in_4 with score 3.682480353133396
[27_3_in_4] Starting (50000 attempts)
[7_3_in_5] Success!
[34_3_in_5] Success!
[Main] Worker finished 7_3_in_5 with score 1.7415210279474596
[45_3_in_5] Starting (50000 attempts)
[Main] Worker finished 34_3_in_5 with score 3.9491139102696873
[23_3_in_5] Success!
[34_3_in_5] Starting (50000 attempts)
[19_3_in_4] Success!
[18_3_in_4] Success!
[Main] Worker finished 19_3_in_4 with score 3.4739425884646424[6_3_in_5] Starting (5000 attempts)

[Main] Worker finished 23_3_in_5 with score 3.2102396436156426
[40_3_in_5] Success!
[Main] Worker finished 18_3_in_4 with score 3.3873174066020546
[49_3_in_5] Success!
[19_3_in_4] Starting (50000 attempts)
[47_3_in_4] Success!
[5_3_in_5] Starting (5000 attempts)
[28_3_in_5] Success!
[Main] Worker finished 28_3_in_5 with score 3.558158907984423
[31_3_in_4] Starting (50000 attempts)
[Main] Worker finished 49_3_in_5 with score 5.003809510261405
[Main] Worker finished 40_3_in_5 with score 4.2957865787028675
[32_3_in_4] Success!
[Main] Worker finished 47_3_in_4 with score 5.807274721653209
[39_3_in_5] Success!
[47_3_in_4] Starting (50000 attempts)
[49_3_in_5] Starting (50000 attempts)
[39_3_in_4] Success!
[40_3_in_5] Starting (50000 attempts)
[Main] Worker finished 39_3_in_4 with score 5.153021075855383
[28_3_in_4] Starting (50000 attempts)
[Main] Worker finished 32_3_in_4 with score 4.585484711591597
[Main] Worker finished 39_3_in_5 with score 4.254283077855283
[32_3_in_4] Starting (50000 attempts)
[36_3_in_5] Starting (50000 attempts)
[32_3_in_5] Starting (50000 attempts)
[25_3_in_4] Success!
[Main] Worker finished 25_3_in_4 with score 4.022939790939626
[25_3_in_4] Starting (50000 attempts)
[17_3_in_5] Success!
[Main] Worker finished 17_3_in_5 with score 2.7249974310545406
[17_3_in_5] Starting (50000 attempts)
[12_3_in_5] Success!
[Main] Worker finished 12_3_in_5 with score 2.2819497265106814
[30_3_in_4] Starting (50000 attempts)
[45_3_in_4] Success!
[Main] Worker finished 45_3_in_4 with score 5.536239110928234
[26_3_in_4] Success!
[46_3_in_4] Success!
[Main] Worker finished 26_3_in_4 with score 4.11519441823685
[45_3_in_4] Starting (50000 attempts)
[Main] Worker finished 46_3_in_4 with score 5.801457570631635
[46_3_in_5] Success!
[33_3_in_4] Success!
[26_3_in_4] Starting (50000 attempts)
[8_3_in_5] Success!
[41_3_in_4] Success!
[Main] Worker finished 41_3_in_4 with score 5.333339773085371
[43_3_in_4] Starting (50000 attempts)
[Main] Worker finished 33_3_in_4 with score 4.672519094050451
[Main] Worker finished 8_3_in_5 with score 1.8622752858782747
[Main] Worker finished 46_3_in_5 with score 4.775689047506527
[38_3_in_5] Success!
[47_3_in_5] Success!
[38_3_in_4] Success!
[23_3_in_4] Success!
[33_3_in_4] Starting (50000 attempts)
[24_3_in_5] Starting (50000 attempts)
[13_3_in_5] Success!
[35_3_in_5] Success!
[20_3_in_4] Starting (50000 attempts)
[Main] Worker finished 13_3_in_5 with score 2.3753095354872182
[41_3_in_5] Starting (50000 attempts)
[Main] Worker finished 23_3_in_4 with score 3.86591706735063
[Main] Worker finished 35_3_in_5 with score 4.01717134146939
[Main] Worker finished 47_3_in_5 with score 4.858633932434746
[Main] Worker finished 38_3_in_4 with score 5.0721030902387945
[31_3_in_5] Success!
[Main] Worker finished 38_3_in_5 with score 4.218461600041243
[47_3_in_5] Starting (50000 attempts)
[13_3_in_5] Starting (50000 attempts)
[29_3_in_5] Success!
[22_3_in_5] Starting (50000 attempts)
[27_3_in_4] Success!
[20_3_in_5] Starting (50000 attempts)
[50_3_in_5] Starting (50000 attempts)
[19_3_in_4] Success!
[Main] Worker finished 31_3_in_5 with score 3.759162489462352
[44_3_in_4] Starting (50000 attempts)
[Main] Worker finished 29_3_in_5 with score 3.625923341971663
[Main] Worker finished 19_3_in_4 with score 3.484125529776815
[Main] Worker finished 27_3_in_4 with score 4.201873442983828
[34_3_in_5] Success!
[45_3_in_5] Success!
[29_3_in_5] Starting (50000 attempts)
[19_3_in_5] Starting (50000 attempts)
[5_3_in_5] Success!
[40_3_in_4] Starting (50000 attempts)
[6_3_in_5] Success!
[Main] Worker finished 34_3_in_5 with score 3.954937200354723
[16_3_in_5] Starting (50000 attempts)
[Main] Worker finished 6_3_in_5 with score 1.6123349418985229
[31_3_in_4] Success!
[Main] Worker finished 5_3_in_5 with score 1.4735924916566159
[Main] Worker finished 45_3_in_5 with score 4.561132686861078
[28_3_in_4] Success!
[45_3_in_5] Starting (50000 attempts)
[32_3_in_4] Success!
[11_3_in_5] Starting (50000 attempts)
[49_3_in_5] Success!
[42_3_in_5] Starting (50000 attempts)
[40_3_in_5] Success!
[32_3_in_5] Success!
[Main] Worker finished 32_3_in_4 with score 4.575952783738667
[25_3_in_5] Starting (50000 attempts)
[Main] Worker finished 49_3_in_5 with score 5.043520862041086
[Main] Worker finished 28_3_in_4 with score 4.270504221721685
[Main] Worker finished 31_3_in_4 with score 4.510707271590469
[36_3_in_5] Success!
[Main] Worker finished 40_3_in_5 with score 4.350306184780458
[Main] Worker finished 32_3_in_5 with score 3.801772215399618
[47_3_in_4] Success!
[25_3_in_4] Success!
[28_3_in_4] Starting (50000 attempts)
[32_3_in_5] Starting (50000 attempts)
[32_3_in_4] Starting (50000 attempts)
[43_3_in_5] Starting (50000 attempts)
[17_3_in_5] Success!
[29_3_in_4] Starting (50000 attempts)
[Main] Worker finished 47_3_in_4 with score 5.81551195876393[48_3_in_4] Starting (50000 attempts)

[Main] Worker finished 25_3_in_4 with score 4.021093120997563
[Main] Worker finished 36_3_in_5 with score 4.056757505681798
[Main] Worker finished 17_3_in_5 with score 2.7177461563499854
[36_3_in_5] Starting (50000 attempts)
[25_3_in_4] Starting (50000 attempts)
[17_3_in_5] Starting (50000 attempts)
[37_3_in_5] Starting (50000 attempts)
[43_3_in_4] Success!
[Main] Worker finished 43_3_in_4 with score 5.491951460441867
[42_3_in_4] Starting (50000 attempts)
[30_3_in_4] Success!
[Main] Worker finished 30_3_in_4 with score 4.433848874750047
[26_3_in_4] Success!
[45_3_in_4] Success!
[Main] Worker finished 26_3_in_4 with score 4.119850353166296
[30_3_in_4] Starting (50000 attempts)
[Main] Worker finished 45_3_in_4 with score 5.651436199073824
[45_3_in_4] Starting (50000 attempts)
[24_3_in_5] Success!
[Main] Worker finished 24_3_in_5 with score 3.285273689993606
[26_3_in_4] Starting (50000 attempts)
[24_3_in_5] Starting (50000 attempts)
[41_3_in_5] Success!
[Main] Worker finished 41_3_in_5 with score 4.433359356028343
[33_3_in_5] Starting (50000 attempts)
[20_3_in_5] Success!
[Main] Worker finished 20_3_in_5 with score 2.963344864323639
[20_3_in_5] Starting (50000 attempts)
[47_3_in_5] Success!
[Main] Worker finished 47_3_in_5 with score 4.8460746021895975
[33_3_in_4] Success!
[29_3_in_5] Success!
[22_3_in_5] Success!
[Main] Worker finished 29_3_in_5 with score 3.619352052300067[35_3_in_4] Starting (50000 attempts)

[Main] Worker finished 33_3_in_4 with score 4.646354402577558
[Main] Worker finished 22_3_in_5 with score 3.13791891076134
[20_3_in_4] Success!
[40_3_in_4] Success!
[29_3_in_5] Starting (50000 attempts)
[13_3_in_5] Success!
[44_3_in_4] Success!
[33_3_in_4] Starting (50000 attempts)
[19_3_in_5] Success!
[Main] Worker finished 13_3_in_5 with score 2.374542391640542
[10_3_in_5] Starting (50000 attempts)
[Main] Worker finished 20_3_in_4 with score 3.5895567940622093
[Main] Worker finished 40_3_in_4 with score 5.2383714382238535
[Main] Worker finished 19_3_in_5 with score 2.894490100452049
[Main] Worker finished 44_3_in_4 with score 5.5696101560901825
[50_3_in_5] Success!
[13_3_in_5] Starting (50000 attempts)
[23_3_in_5] Starting (50000 attempts)
[45_3_in_5] Success!
[42_3_in_5] Success!
[39_3_in_4] Starting (50000 attempts)
[11_3_in_5] Success!
[25_3_in_5] Success!
[16_3_in_5] Success!
[9_3_in_5] Starting (50000 attempts)
[Main] Worker finished 45_3_in_5 with score 4.603076354823493
[12_3_in_5] Starting (50000 attempts)
[Main] Worker finished 50_3_in_5 with score 5.051499597962342
[Main] Worker finished 11_3_in_5 with score 2.18457088804288
[Main] Worker finished 16_3_in_5 with score 2.6452377666002747
[Main] Worker finished 42_3_in_5 with score 4.501108891407314
[28_3_in_4] Success!
[Main] Worker finished 25_3_in_5 with score 3.3575837057777016
[16_3_in_5] Starting (50000 attempts)
[45_3_in_5] Starting (50000 attempts)
[32_3_in_4] Success!
[46_3_in_5] Starting (50000 attempts)
[22_3_in_4] Starting (50000 attempts)
[32_3_in_5] Success!
[23_3_in_4] Starting (50000 attempts)
[Main] Worker finished 32_3_in_4 with score 4.585374638034089
[27_3_in_5] Starting (50000 attempts)
[Main] Worker finished 32_3_in_5 with score 3.8187498822758834
[Main] Worker finished 28_3_in_4 with score 4.282665295217591
[43_3_in_5] Success!
[32_3_in_5] Starting (50000 attempts)
[32_3_in_4] Starting (50000 attempts)
[Main] Worker finished 43_3_in_5 with score 4.544415090187962
[31_3_in_5] Starting (50000 attempts)
[29_3_in_4] Success!
[Main] Worker finished 29_3_in_4 with score 4.356790514046961[43_3_in_5] Starting (50000 attempts)

[29_3_in_4] Starting (50000 attempts)
[25_3_in_4] Success!
[Main] Worker finished 25_3_in_4 with score 4.019043808057727
[25_3_in_4] Starting (50000 attempts)
[36_3_in_5] Success!
[Main] Worker finished 36_3_in_5 with score 4.063147537675553
[36_3_in_5] Starting (50000 attempts)
[17_3_in_5] Success!
[Main] Worker finished 17_3_in_5 with score 2.723541365240401
[17_3_in_5] Starting (50000 attempts)
[48_3_in_4] Success!
[Main] Worker finished 48_3_in_4 with score 5.882751995651736
[48_3_in_4] Starting (50000 attempts)
[37_3_in_5] Success!
[Main] Worker finished 37_3_in_5 with score 4.1224090447026
[37_3_in_5] Starting (50000 attempts)
[24_3_in_5] Success!
[Main] Worker finished 24_3_in_5 with score 3.28214483695474
[42_3_in_4] Success!
[Main] Worker finished 42_3_in_4 with score 5.42024606848092
[27_3_in_4] Starting (50000 attempts)
[26_3_in_4] Success!
[Main] Worker finished 26_3_in_4 with score 4.120900618978455
[30_3_in_5] Starting (50000 attempts)
[30_3_in_4] Success!
[45_3_in_4] Success!
[Main] Worker finished 45_3_in_4 with score 5.6558043873455945
[15_3_in_5] Starting (50000 attempts)
[Main] Worker finished 30_3_in_4 with score 4.420651458171621
[33_3_in_5] Success!
[30_3_in_4] Starting (50000 attempts)
[20_3_in_5] Success!
[Main] Worker finished 20_3_in_5 with score 2.9679322722808794
[45_3_in_4] Starting (50000 attempts)
[Main] Worker finished 33_3_in_5 with score 3.8830095189943075
[20_3_in_5] Starting (50000 attempts)
[29_3_in_5] Success!
[Main] Worker finished 29_3_in_5 with score 3.6252955178315855[14_3_in_5] Starting (50000 attempts)

[35_3_in_4] Success!
[Main] Worker finished 35_3_in_4 with score 4.836741378202467
[6_3_in_5] Starting (5000 attempts)
[23_3_in_5] Success!
[12_3_in_5] Success!
[Main] Worker finished 12_3_in_5 with score 2.281537039064641
[5_3_in_5] Starting (5000 attempts)
[Main] Worker finished 23_3_in_5 with score 3.210077067339119
[13_3_in_5] Success!
[39_3_in_4] Success!
[10_3_in_5] Success!
[31_3_in_4] Starting (50000 attempts)
[Main] Worker finished 10_3_in_5 with score 2.0822264941748503
[37_3_in_4] Starting (50000 attempts)
[Main] Worker finished 13_3_in_5 with score 2.3761589487460775
[Main] Worker finished 39_3_in_4 with score 5.137737105885086
[33_3_in_4] Success!
[10_3_in_5] Starting (50000 attempts)
[39_3_in_4] Starting (50000 attempts)
[9_3_in_5] Success!
[Main] Worker finished 33_3_in_4 with score 4.67070588510787
[43_3_in_4] Starting (50000 attempts)
[Main] Worker finished 9_3_in_5 with score 1.9752539455750515
[16_3_in_5] Success!
[33_3_in_4] Starting (50000 attempts)
[Main] Worker finished 16_3_in_5 with score 2.6364757202549027
[21_3_in_4] Starting (50000 attempts)
[16_3_in_5] Starting (50000 attempts)
[23_3_in_4] Success!
[Main] Worker finished 23_3_in_4 with score 3.8625635625046986
[23_3_in_4] Starting (50000 attempts)
[32_3_in_5] Success!
[Main] Worker finished 32_3_in_5 with score 3.815872973622432
[46_3_in_5] Success!
[Main] Worker finished 46_3_in_5 with score 4.718823269093404
[32_3_in_5] Starting (50000 attempts)
[45_3_in_5] Success!
[22_3_in_4] Success!
[Main] Worker finished 22_3_in_4 with score 3.771055580537708[46_3_in_5] Starting (50000 attempts)

[Main] Worker finished 45_3_in_5 with score 4.708662387201879
[31_3_in_5] Success!
[43_3_in_5] Success!
[34_3_in_4] Starting (50000 attempts)
[27_3_in_5] Success!
[25_3_in_4] Success!
[Main] Worker finished 27_3_in_5 with score 3.4922921078926272
[20_3_in_4] Starting (50000 attempts)
[Main] Worker finished 31_3_in_5 with score 3.7498213543586023
[Main] Worker finished 25_3_in_4 with score 4.029691347701578
[Main] Worker finished 43_3_in_5 with score 4.538863354151099
[36_3_in_5] Success!
[32_3_in_4] Success!
[29_3_in_4] Success!
[31_3_in_5] Starting (50000 attempts)
[17_3_in_5] Success!
[43_3_in_5] Starting (50000 attempts)
[25_3_in_4] Starting (50000 attempts)
[Main] Worker finished 17_3_in_5 with score 2.7241001914993745[41_3_in_5] Starting (50000 attempts)

[Main] Worker finished 36_3_in_5 with score 4.062319170768994
[Main] Worker finished 29_3_in_4 with score 4.353879639558532
[Main] Worker finished 32_3_in_4 with score 4.592061881267662
[29_3_in_4] Starting (50000 attempts)
[37_3_in_5] Success!
[36_3_in_5] Starting (50000 attempts)
[17_3_in_5] Starting (50000 attempts)
[Main] Worker finished 37_3_in_5 with score 4.122036418177843
[22_3_in_5] Starting (50000 attempts)
[48_3_in_4] Success!
[Main] Worker finished 48_3_in_4 with score 5.831604596521761
[37_3_in_5] Starting (50000 attempts)
[48_3_in_4] Starting (50000 attempts)
[27_3_in_4] Success!
[Main] Worker finished 27_3_in_4 with score 4.199736722542713
[30_3_in_5] Success!
[Main] Worker finished 30_3_in_5 with score 3.69246747616373
[27_3_in_4] Starting (50000 attempts)
[15_3_in_5] Success!
[Main] Worker finished 15_3_in_5 with score 2.55713506443138
[21_3_in_5] Starting (50000 attempts)
[50_3_in_5] Starting (50000 attempts)
[20_3_in_5] Success!
[Main] Worker finished 20_3_in_5 with score 2.9808685418642793
[30_3_in_4] Success!
[Main] Worker finished 30_3_in_4 with score 4.43754539360113
[44_3_in_4] Starting (50000 attempts)
[14_3_in_5] Success!
[6_3_in_5] Success!
[Main] Worker finished 14_3_in_5 with score 2.4707017170239247[30_3_in_4] Starting (50000 attempts)

[Main] Worker finished 6_3_in_5 with score 1.6121374931758699
[6_3_in_5] Starting (5000 attempts)
[19_3_in_5] Starting (50000 attempts)
[45_3_in_4] Success!
[Main] Worker finished 45_3_in_4 with score 5.520706650533487
[5_3_in_5] Success!
[31_3_in_4] Success!
[Main] Worker finished 5_3_in_5 with score 1.4735920530241908
[40_3_in_4] Starting (50000 attempts)
[Main] Worker finished 31_3_in_4 with score 4.50257233090988
[33_3_in_4] Success!
[10_3_in_5] Success!
[31_3_in_4] Starting (50000 attempts)
[37_3_in_4] Success!
[39_3_in_4] Success!
[Main] Worker finished 33_3_in_4 with score 4.66331298363442
[41_3_in_4] Starting (50000 attempts)
[Main] Worker finished 39_3_in_4 with score 5.1606309537543655
[Main] Worker finished 37_3_in_4 with score 4.988256122491859
[Main] Worker finished 10_3_in_5 with score 2.0821935876179465
[21_3_in_4] Success!
[37_3_in_4] Starting (50000 attempts)
[11_3_in_5] Starting (50000 attempts)
[18_3_in_5] Starting (50000 attempts)
[43_3_in_4] Success!
[32_3_in_5] Success!
[Main] Worker finished 21_3_in_4 with score 3.6792626882271255
[42_3_in_5] Starting (50000 attempts)
[Main] Worker finished 32_3_in_5 with score 3.8198891014775516
[16_3_in_5] Success!
[Main] Worker finished 43_3_in_4 with score 5.503892009050083
[32_3_in_5] Starting (50000 attempts)
[25_3_in_5] Starting (50000 attempts)
[Main] Worker finished 16_3_in_5 with score 2.6401737146431894
[8_3_in_5] Starting (50000 attempts)
[23_3_in_4] Success!
[Main] Worker finished 23_3_in_4 with score 3.8647772956687594
[16_3_in_5] Starting (50000 attempts)
[38_3_in_4] Starting (50000 attempts)
[34_3_in_4] Success!
[Main] Worker finished 34_3_in_4 with score 4.754442724554937
[46_3_in_5] Success!
[Main] Worker finished 46_3_in_5 with score 4.728545349177508
[44_3_in_5] Starting (50000 attempts)
[46_3_in_5] Starting (50000 attempts)
[20_3_in_4] Success!
[Main] Worker finished 20_3_in_4 with score 3.5623477012030857
[31_3_in_5] Success!
[41_3_in_5] Success!
[Main] Worker finished 31_3_in_5 with score 3.74266359672722
[20_3_in_4] Starting (50000 attempts)
[Main] Worker finished 41_3_in_5 with score 4.368092535273514
[41_3_in_5] Starting (50000 attempts)
[29_3_in_4] Success!
[Main] Worker finished 29_3_in_4 with score 4.345057217919251
[31_3_in_5] Starting (50000 attempts)
[42_3_in_4] Starting (50000 attempts)
[43_3_in_5] Success!
[Main] Worker finished 43_3_in_5 with score 4.551425509209976
[17_3_in_5] Success!
[Main] Worker finished 17_3_in_5 with score 2.7222527783707493
[43_3_in_5] Starting (50000 attempts)
[17_3_in_5] Starting (50000 attempts)
[25_3_in_4] Success!
[Main] Worker finished 25_3_in_4 with score 4.034621471194984
[33_3_in_5] Starting (50000 attempts)
[22_3_in_5] Success!
[Main] Worker finished 22_3_in_5 with score 3.1264447043189048
[22_3_in_5] Starting (50000 attempts)
[37_3_in_5] Success!
[Main] Worker finished 37_3_in_5 with score 4.1219662668106265
[48_3_in_4] Success!
[36_3_in_5] Success!
[Main] Worker finished 48_3_in_4 with score 5.775905156041312
[37_3_in_5] Starting (50000 attempts)
[Main] Worker finished 36_3_in_5 with score 4.059085827770061
[36_3_in_5] Starting (50000 attempts)
[26_3_in_5] Starting (50000 attempts)
[27_3_in_4] Success!
[Main] Worker finished 27_3_in_4 with score 4.201396177680254
[50_3_in_5] Success!
[21_3_in_5] Success!
[Main] Worker finished 21_3_in_5 with score 3.0641163714927715[35_3_in_4] Starting (50000 attempts)

[Main] Worker finished 50_3_in_5 with score 5.086680895007307
[44_3_in_4] Success!
[48_3_in_5] Starting (50000 attempts)
[30_3_in_4] Success!
[6_3_in_5] Success!
[Main] Worker finished 30_3_in_4 with score 4.437957840433547
[Main] Worker finished 44_3_in_4 with score 5.576003679685058
[24_3_in_4] Starting (50000 attempts)
[Main] Worker finished 6_3_in_5 with score 1.612334935277943
[34_3_in_5] Starting (50000 attempts)
[23_3_in_5] Starting (50000 attempts)
[40_3_in_4] Success!
[19_3_in_5] Success!
[Main] Worker finished 19_3_in_5 with score 2.897568526878113[7_3_in_5] Starting (5000 attempts)

[Main] Worker finished 40_3_in_4 with score 5.246174446160965
[9_3_in_5] Starting (50000 attempts)
[39_3_in_5] Starting (50000 attempts)
[8_3_in_5] Success!
[Main] Worker finished 8_3_in_5 with score 1.8622717181603263
[8_3_in_5] Starting (50000 attempts)
[31_3_in_4] Success!
[Main] Worker finished 31_3_in_4 with score 4.516281827490098
[11_3_in_5] Success!
[41_3_in_4] Success!
[18_3_in_5] Success!
[32_3_in_5] Success!
[37_3_in_4] Success!
[Main] Worker finished 41_3_in_4 with score 5.20082418490838
[12_3_in_5] Starting (50000 attempts)
[Main] Worker finished 37_3_in_4 with score 4.998157855515855
[Main] Worker finished 11_3_in_5 with score 2.1852989573785377
[Main] Worker finished 18_3_in_5 with score 2.805009680466953
[42_3_in_5] Success!
[Main] Worker finished 32_3_in_5 with score 3.801198972521551
[41_3_in_4] Starting (50000 attempts)
[25_3_in_5] Success!
[11_3_in_5] Starting (50000 attempts)
[32_3_in_5] Starting (50000 attempts)
[38_3_in_4] Success!
[13_3_in_4] Starting (50000 attempts)
[Main] Worker finished 38_3_in_4 with score 5.070846895365432
[22_3_in_4] Starting (50000 attempts)
[Main] Worker finished 25_3_in_5 with score 3.356830339806951
[46_3_in_5] Success!
[Main] Worker finished 42_3_in_5 with score 4.4907270370365415
[16_3_in_5] Success!
[27_3_in_5] Starting (50000 attempts)
[44_3_in_5] Success!
[38_3_in_5] Starting (50000 attempts)
[Main] Worker finished 16_3_in_5 with score 2.6417597450643466
[30_3_in_5] Starting (50000 attempts)
[Main] Worker finished 46_3_in_5 with score 4.744853285258161
[Main] Worker finished 44_3_in_5 with score 4.6391100925870585
[20_3_in_4] Success!
[46_3_in_5] Starting (50000 attempts)
[16_3_in_5] Starting (50000 attempts)
[Main] Worker finished 20_3_in_4 with score 3.588499938342344
[15_3_in_5] Starting (50000 attempts)
[14_3_in_5] Starting (50000 attempts)
[17_3_in_5] Success!
[Main] Worker finished 17_3_in_5 with score 2.7260966692409485
[41_3_in_5] Success!
[33_3_in_5] Success!
[Main] Worker finished 41_3_in_5 with score 4.357276348439011
[5_3_in_5] Starting (5000 attempts)
[Main] Worker finished 33_3_in_5 with score 3.874416542794509
[31_3_in_5] Success!
[33_3_in_5] Starting (50000 attempts)
[42_3_in_4] Success!
[43_3_in_5] Success!
[Main] Worker finished 42_3_in_4 with score 5.406199430074472
[41_3_in_5] Starting (50000 attempts)
[Main] Worker finished 43_3_in_5 with score 4.485809991227528
[22_3_in_5] Success!
[Main] Worker finished 31_3_in_5 with score 3.7317054446815034
[42_3_in_4] Starting (50000 attempts)
[31_3_in_5] Starting (50000 attempts)
[Main] Worker finished 22_3_in_5 with score 3.127000658922162[43_3_in_5] Starting (50000 attempts)

[22_3_in_5] Starting (50000 attempts)
[37_3_in_5] Success!
[Main] Worker finished 37_3_in_5 with score 4.097393593487989
[26_3_in_5] Success!
[36_3_in_5] Success!
[Main] Worker finished 36_3_in_5 with score 4.056676055058181[37_3_in_5] Starting (50000 attempts)

[Main] Worker finished 26_3_in_5 with score 3.389679239099029
[26_3_in_5] Starting (50000 attempts)
[36_3_in_5] Starting (50000 attempts)
[35_3_in_4] Success!
[Main] Worker finished 35_3_in_4 with score 4.825042646460126
[35_3_in_4] Starting (50000 attempts)
[24_3_in_4] Success!
[Main] Worker finished 24_3_in_4 with score 3.9490592084064158
[35_3_in_5] Starting (50000 attempts)
[48_3_in_5] Success!
[Main] Worker finished 48_3_in_5 with score 4.904891093643268
[34_3_in_5] Success!
[Main] Worker finished 34_3_in_5 with score 3.9449955161265993
[28_3_in_4] Starting (50000 attempts)
[9_3_in_5] Success!
[Main] Worker finished 9_3_in_5 with score 1.9752436107930773[43_3_in_4] Starting (50000 attempts)

[23_3_in_5] Success!
[7_3_in_5] Success!
[Main] Worker finished 7_3_in_5 with score 1.7415210060194886
[21_3_in_4] Starting (50000 attempts)
[Main] Worker finished 23_3_in_5 with score 3.213157356722755
[24_3_in_5] Starting (50000 attempts)
[34_3_in_4] Starting (50000 attempts)
[8_3_in_5] Success!
[Main] Worker finished 8_3_in_5 with score 1.862999418727561
[11_3_in_5] Success!
[12_3_in_5] Success!
[39_3_in_5] Success!
[Main] Worker finished 11_3_in_5 with score 2.1834884587707584
[47_3_in_4] Starting (50000 attempts)
[Main] Worker finished 12_3_in_5 with score 2.286362489025547
[Main] Worker finished 39_3_in_5 with score 4.258330231192132
[41_3_in_4] Success!
[39_3_in_5] Starting (50000 attempts)
[22_3_in_4] Success!
[11_3_in_5] Starting (50000 attempts)
[38_3_in_5] Success!
[32_3_in_5] Success!
[13_3_in_4] Success!
[Main] Worker finished 32_3_in_5 with score 3.8234923184225993
[21_3_in_5] Starting (50000 attempts)
[Main] Worker finished 22_3_in_4 with score 3.770344991031697
[Main] Worker finished 13_3_in_4 with score 2.8563788105010217
[Main] Worker finished 38_3_in_5 with score 4.191977614348059
[Main] Worker finished 41_3_in_4 with score 5.306176326611742
[13_3_in_4] Starting (50000 attempts)
[27_3_in_5] Success!
[30_3_in_5] Success!
[15_3_in_5] Success!
[22_3_in_4] Starting (50000 attempts)
[14_3_in_5] Success!
[38_3_in_5] Starting (50000 attempts)
[41_3_in_4] Starting (50000 attempts)
[5_3_in_5] Success!
[46_3_in_5] Success!
[16_3_in_5] Success!
[Main] Worker finished 30_3_in_5 with score 3.6851025404496145
[50_3_in_5] Starting (50000 attempts)
[Main] Worker finished 14_3_in_5 with score 2.4636051809928583
[Main] Worker finished 27_3_in_5 with score 3.4953666351979678
[Main] Worker finished 15_3_in_5 with score 2.558587550513895
[Main] Worker finished 5_3_in_5 with score 1.4735927818955443
[Main] Worker finished 16_3_in_5 with score 2.644831838924555
[Main] Worker finished 46_3_in_5 with score 4.760693385365639
[30_3_in_5] Starting (50000 attempts)
[14_3_in_5] Starting (50000 attempts)
[33_3_in_5] Success!
[46_3_in_5] Starting (50000 attempts)
[16_3_in_5] Starting (50000 attempts)
[44_3_in_4] Starting (50000 attempts)
[19_3_in_5] Starting (50000 attempts)
[42_3_in_4] Success!
[Main] Worker finished 33_3_in_5 with score 3.8740485293823657
[40_3_in_4] Starting (50000 attempts)
[Main] Worker finished 42_3_in_4 with score 5.429632121705751
[22_3_in_5] Success!
[33_3_in_5] Starting (50000 attempts)
[43_3_in_5] Success!
[31_3_in_5] Success!
[41_3_in_5] Success!
[Main] Worker finished 22_3_in_5 with score 3.125733510804021
[46_3_in_4] Starting (50000 attempts)
[Main] Worker finished 43_3_in_5 with score 4.524999539438165
[Main] Worker finished 41_3_in_5 with score 4.407763928005299
[Main] Worker finished 31_3_in_5 with score 3.7541734665708306
[41_3_in_5] Starting (50000 attempts)
[22_3_in_5] Starting (50000 attempts)
[31_3_in_5] Starting (50000 attempts)
[43_3_in_5] Starting (50000 attempts)
[37_3_in_5] Success!
[Main] Worker finished 37_3_in_5 with score 4.103566981965649
[36_3_in_5] Success!
[Main] Worker finished 36_3_in_5 with score 4.054004284694454
[37_3_in_5] Starting (50000 attempts)
[36_3_in_5] Starting (50000 attempts)
[26_3_in_5] Success!
[Main] Worker finished 26_3_in_5 with score 3.4116603398794765
[26_3_in_5] Starting (50000 attempts)
[35_3_in_5] Success!
[Main] Worker finished 35_3_in_5 with score 4.013825462752092
[35_3_in_5] Starting (50000 attempts)
[35_3_in_4] Success!
[Main] Worker finished 35_3_in_4 with score 4.786408121027798
[35_3_in_4] Starting (50000 attempts)
[28_3_in_4] Success!
[Main] Worker finished 28_3_in_4 with score 4.2821757788740245
[18_3_in_5] Starting (50000 attempts)
[21_3_in_4] Success!
[Main] Worker finished 21_3_in_4 with score 3.6771602180933503
[24_3_in_5] Success!
[43_3_in_4] Success!
[Main] Worker finished 24_3_in_5 with score 3.2842524976787737
[21_3_in_4] Starting (50000 attempts)
[34_3_in_4] Success!
[Main] Worker finished 43_3_in_4 with score 5.436597799609158
[43_3_in_4] Starting (50000 attempts)
[Main] Worker finished 34_3_in_4 with score 4.7539430406942875
[42_3_in_5] Starting (50000 attempts)
[25_3_in_5] Starting (50000 attempts)
[47_3_in_4] Success!
[Main] Worker finished 47_3_in_4 with score 5.854406961913515
[39_3_in_5] Success!
[11_3_in_5] Success!
[21_3_in_5] Success!
[Main] Worker finished 11_3_in_5 with score 2.183756331534564[38_3_in_4] Starting (50000 attempts)

[Main] Worker finished 21_3_in_5 with score 3.0635640221410685
[Main] Worker finished 39_3_in_5 with score 4.2717020786740525
[11_3_in_5] Starting (50000 attempts)
[44_3_in_5] Starting (50000 attempts)
[47_3_in_5] Starting (50000 attempts)
[13_3_in_4] Success!
[Main] Worker finished 13_3_in_4 with score 2.8583781655534057
[41_3_in_4] Success!
[50_3_in_5] Success!
[22_3_in_4] Success!
[30_3_in_5] Success!
[38_3_in_5] Success!
[Main] Worker finished 38_3_in_5 with score 4.218383088547821
[13_3_in_4] Starting (50000 attempts)
[Main] Worker finished 50_3_in_5 with score 5.109319071919103
[Main] Worker finished 22_3_in_4 with score 3.772072647708329
[Main] Worker finished 30_3_in_5 with score 3.6892026662159823
[14_3_in_5] Success!
[Main] Worker finished 41_3_in_4 with score 5.309996556824351
[41_3_in_4] Starting (50000 attempts)
[16_3_in_5] Success!
[48_3_in_5] Starting (50000 attempts)
[10_3_in_5] Starting (50000 attempts)
[46_3_in_5] Success!
[24_3_in_4] Starting (50000 attempts)
[Main] Worker finished 46_3_in_5 with score 4.817098517968115
[34_3_in_5] Starting (50000 attempts)
[Main] Worker finished 16_3_in_5 with score 2.6445042982447684
[Main] Worker finished 14_3_in_5 with score 2.4661636224391983
[14_3_in_5] Starting (50000 attempts)
[40_3_in_4] Success!
[44_3_in_4] Success!
[33_3_in_5] Success!
[23_3_in_5] Starting (50000 attempts)
[19_3_in_5] Success!
[Main] Worker finished 19_3_in_5 with score 2.884060979351459
[7_3_in_5] Starting (5000 attempts)
[Main] Worker finished 40_3_in_4 with score 5.211483859835936
[Main] Worker finished 44_3_in_4 with score 5.581330650453053
[Main] Worker finished 33_3_in_5 with score 3.876699085081123
[46_3_in_4] Success!
[39_3_in_4] Starting (50000 attempts)
[9_3_in_5] Starting (50000 attempts)
[22_3_in_5] Success!
[12_3_in_5] Starting (50000 attempts)
[41_3_in_5] Success!
[Main] Worker finished 22_3_in_5 with score 3.129591844756036
[23_3_in_4] Starting (50000 attempts)
[Main] Worker finished 46_3_in_4 with score 5.753312181573567
[Main] Worker finished 41_3_in_5 with score 4.401336787130617
[41_3_in_5] Starting (50000 attempts)
[22_3_in_5] Starting (50000 attempts)
[31_3_in_5] Success!
[37_3_in_5] Success!
[Main] Worker finished 37_3_in_5 with score 4.1367287939507875
[27_3_in_5] Starting (50000 attempts)
[Main] Worker finished 31_3_in_5 with score 3.7493311659192665
[31_3_in_5] Starting (50000 attempts)
[29_3_in_5] Starting (50000 attempts)
[43_3_in_5] Success!
[Main] Worker finished 43_3_in_5 with score 4.460747298526124
[43_3_in_5] Starting (50000 attempts)
[26_3_in_5] Success!
[Main] Worker finished 26_3_in_5 with score 3.402310687274142
[26_3_in_5] Starting (50000 attempts)
[36_3_in_5] Success!
[Main] Worker finished 36_3_in_5 with score 4.0632443690574505
[27_3_in_4] Starting (50000 attempts)
[35_3_in_5] Success!
[Main] Worker finished 35_3_in_5 with score 4.021945284824138
[18_3_in_5] Success!
[Main] Worker finished 18_3_in_5 with score 2.81376905497559
[18_3_in_4] Starting (50000 attempts)
[21_3_in_4] Success!
[43_3_in_4] Success!
[Main] Worker finished 21_3_in_4 with score 3.6768179979239344[18_3_in_5] Starting (50000 attempts)

[Main] Worker finished 43_3_in_4 with score 5.488133303850226
[35_3_in_4] Success!
[43_3_in_4] Starting (50000 attempts)
[Main] Worker finished 35_3_in_4 with score 4.812544956143762
[21_3_in_4] Starting (50000 attempts)
[35_3_in_4] Starting (50000 attempts)
[42_3_in_5] Success!
[Main] Worker finished 42_3_in_5 with score 4.513402744005318
[25_3_in_5] Success!
[Main] Worker finished 25_3_in_5 with score 3.3523827197842193
[15_3_in_5] Starting (50000 attempts)
[28_3_in_5] Starting (50000 attempts)
[11_3_in_5] Success!
[Main] Worker finished 11_3_in_5 with score 2.184224723917209
[38_3_in_4] Success!
[Main] Worker finished 38_3_in_4 with score 5.090203699497642
[11_3_in_5] Starting (50000 attempts)
[44_3_in_5] Success!
[Main] Worker finished 44_3_in_5 with score 4.629760027579935
[45_3_in_5] Starting (50000 attempts)
[6_3_in_5] Starting (5000 attempts)
[47_3_in_5] Success!
[Main] Worker finished 47_3_in_5 with score 4.877386760747978
[5_3_in_5] Starting (5000 attempts)
[13_3_in_4] Success!
[Main] Worker finished 13_3_in_4 with score 2.857727110056084
[41_3_in_4] Success!
[24_3_in_4] Success!
[Main] Worker finished 24_3_in_4 with score 3.9540035571024084
[31_3_in_4] Starting (50000 attempts)
[Main] Worker finished 41_3_in_4 with score 5.298440653386618
[14_3_in_5] Success!
[48_3_in_5] Success!
[41_3_in_4] Starting (50000 attempts)
[Main] Worker finished 14_3_in_5 with score 2.468511066805074
[28_3_in_4] Starting (50000 attempts)
[Main] Worker finished 48_3_in_5 with score 4.9404894491967974
[9_3_in_5] Success!
[10_3_in_5] Success!
[37_3_in_4] Starting (50000 attempts)
[7_3_in_5] Success!
[Main] Worker finished 9_3_in_5 with score 1.9747800153538626
[24_3_in_5] Starting (50000 attempts)
[Main] Worker finished 10_3_in_5 with score 2.0824565036273626
[Main] Worker finished 7_3_in_5 with score 1.7415209837890295
[9_3_in_5] Starting (50000 attempts)
[34_3_in_5] Success!
[34_3_in_4] Starting (50000 attempts)
[12_3_in_5] Success!
[Main] Worker finished 34_3_in_5 with score 3.9517335767444055[49_3_in_5] Starting (50000 attempts)

[Main] Worker finished 12_3_in_5 with score 2.283166255770938
[23_3_in_5] Success!
[23_3_in_4] Success!
[12_3_in_5] Starting (50000 attempts)
[41_3_in_5] Success!
[27_3_in_5] Success!
[Main] Worker finished 27_3_in_5 with score 3.4894628791485407
[20_3_in_4] Starting (50000 attempts)
[Main] Worker finished 41_3_in_5 with score 4.428207637707449
[Main] Worker finished 23_3_in_4 with score 3.8522973638198255
[Main] Worker finished 23_3_in_5 with score 3.1989438154116927
[39_3_in_4] Success!
[23_3_in_5] Starting (50000 attempts)
[47_3_in_4] Starting (50000 attempts)
[40_3_in_5] Starting (50000 attempts)
[22_3_in_5] Success!
[Main] Worker finished 22_3_in_5 with score 3.132903751608343
[20_3_in_5] Starting (50000 attempts)
[Main] Worker finished 39_3_in_4 with score 5.083545339704124
[39_3_in_4] Starting (50000 attempts)
[29_3_in_5] Success!
[Main] Worker finished 29_3_in_5 with score 3.609788619078422
[21_3_in_5] Starting (50000 attempts)
[29_3_in_5] Starting (50000 attempts)
[31_3_in_5] Success!
[Main] Worker finished 31_3_in_5 with score 3.754882873050317
[19_3_in_4] Starting (50000 attempts)
[27_3_in_4] Success!
[Main] Worker finished 27_3_in_4 with score 4.185211303247267
[43_3_in_5] Success!
[Main] Worker finished 43_3_in_5 with score 4.4525473200192005
[27_3_in_4] Starting (50000 attempts)
[43_3_in_5] Starting (50000 attempts)
[26_3_in_5] Success!
[Main] Worker finished 26_3_in_5 with score 3.421452771625277
[50_3_in_5] Starting (50000 attempts)
