warning: unused variable: `dx_dposx`
   --> src/main.rs:641:33
    |
641 | ...                   let dx_dposx = 1.0;
    |                           ^^^^^^^^ help: if this is intentional, prefix it with an underscore: `_dx_dposx`
    |
    = note: `#[warn(unused_variables)]` (part of `#[warn(unused)]`) on by default

warning: unused variable: `dy_dposy`
   --> src/main.rs:642:33
    |
642 | ...                   let dy_dposy = 1.0;
    |                           ^^^^^^^^ help: if this is intentional, prefix it with an underscore: `_dy_dposy`

warning: `packer_rs` (bin "packer_rs") generated 2 warnings (run `cargo fix --bin "packer_rs" -p packer_rs` to apply 2 suggestions)
    Finished `release` profile [optimized] target(s) in 0.30s
[Main] Starting parallel loop on 32 cores.
[Main] Compiling Rust solver once before spawning workers...
warning: unused variable: `dx_dposx`
   --> src/main.rs:641:33
    |
641 | ...                   let dx_dposx = 1.0;
    |                           ^^^^^^^^ help: if this is intentional, prefix it with an underscore: `_dx_dposx`
    |
    = note: `#[warn(unused_variables)]` (part of `#[warn(unused)]`) on by default

warning: unused variable: `dy_dposy`
   --> src/main.rs:642:33
    |
642 | ...                   let dy_dposy = 1.0;
    |                           ^^^^^^^^ help: if this is intentional, prefix it with an underscore: `_dy_dposy`

warning: `packer_rs` (bin "packer_rs") generated 2 warnings (run `cargo fix --bin "packer_rs" -p packer_rs` to apply 2 suggestions)
    Finished `release` profile [optimized] target(s) in 0.19s
[Main] Loading history into memory...
[17_CIRCLE_in_6] Starting (50000 attempts)
[12_CIRCLE_in_6] Starting (50000 attempts)
[24_DOMINO_in_6] Starting (50000 attempts)
[29_5_in_6] Starting (50000 attempts)
[10_CIRCLE_in_5] Starting (50000 attempts)
[9_CIRCLE_in_5] Starting (50000 attempts)
[10_CIRCLE_in_6] Starting (50000 attempts)
[11_CIRCLE_in_6] Starting (50000 attempts)
Injecting --target-s 4.721959225512638 (from Friedman best_score 4.721959225512637)
Injecting --target-s 5.795418834502115 (from Friedman best_score 4.92987771630786)
[11_CIRCLE_in_5] Starting (50000 attempts)
Injecting --target-s 4.334238231530805 (from Friedman best_score 5.095202624832034)
[15_CIRCLE_in_6] Starting (50000 attempts)
Injecting --target-s 4.119361007927449 (from Friedman best_score 4.1193610079274485)
[13_CIRCLE_in_6] Starting (50000 attempts)
Injecting --target-s 4.104413875035637 (from Friedman best_score 4.825027890101098)
[13_CIRCLE_in_5] Starting (50000 attempts)
Injecting --target-s 4.309402058327411 (from Friedman best_score 4.30940205832741)
[12_CIRCLE_in_5] Starting (50000 attempts)
Injecting --target-s 4.961394742524032 (from Friedman best_score 4.961394742524031)
Injecting --target-s 4.457777385676272 (from Friedman best_score 5.2404316106068185)
[20_CIRCLE_in_6] Starting (50000 attempts)
[22_CIRCLE_in_6] Starting (50000 attempts)
Injecting --target-s 4.619964531942142 (from Friedman best_score 4.619964531942141)
Injecting --target-s 4.8076985700657255 (from Friedman best_score 5.65178863390449)
Injecting --target-s 4.600141220679243 (from Friedman best_score 5.407790335955908)
Injecting --target-s 5.678142415213436 (from Friedman best_score 5.678142415213435)
[17_CIRCLE_in_5] Starting (50000 attempts)
Injecting --target-s 5.95186267022939 (from Friedman best_score 5.9518626702293895)
Injecting --target-s 5.460730472768395 (from Friedman best_score 6.419473677274734)
[19_CIRCLE_in_5] Starting (50000 attempts)
[20_CIRCLE_in_5] Starting (50000 attempts)
[18_CIRCLE_in_5] Starting (50000 attempts)
[14_CIRCLE_in_5] Starting (50000 attempts)
[21_CIRCLE_in_5] Starting (50000 attempts)
Injecting --target-s 5.765766474940665 (from Friedman best_score 6.778065004264964)
[22_CIRCLE_in_5] Starting (50000 attempts)
Injecting --target-s 5.908009788055549 (from Friedman best_score 6.945282047637263)
Injecting --target-s 5.603189090884032 (from Friedman best_score 6.586943826855408)
Injecting --target-s 6.045819811355619 (from Friedman best_score 7.10728744626499)
Injecting --target-s 4.941105994445288 (from Friedman best_score 5.80861846709775)
[23_CIRCLE_in_5] Starting (50000 attempts)
Injecting --target-s 6.1861155731958375 (from Friedman best_score 7.272215005802625)
Injecting --target-s 6.2927145743197865 (from Friedman best_score 7.397529647342157)
[23_CIRCLE_in_6] Starting (50000 attempts)
Injecting --target-s 6.0119178965542215 (from Friedman best_score 6.011917896554221)
[24_CIRCLE_in_5] Starting (50000 attempts)
Injecting --target-s 6.409224695559712 (from Friedman best_score 7.53449550935743)
[15_CIRCLE_in_5] Starting (50000 attempts)
Injecting --target-s 5.057262894890713 (from Friedman best_score 5.9451690931654015)
[14_CIRCLE_in_6] Starting (50000 attempts)
Injecting --target-s 4.666572918703829 (from Friedman best_score 4.666572918703828)
[16_CIRCLE_in_5] Starting (50000 attempts)
Injecting --target-s 5.214168587755284 (from Friedman best_score 6.129622797698456)
[5_DOMINO_in_CIRCLE] Starting (5000 attempts)
[10_5_in_CIRCLE] Starting (50000 attempts)
Injecting --target-s 2.1803977449531997 (from Friedman best_score 2.1803977449531997)
[12_5_in_CIRCLE] Starting (50000 attempts)
Injecting --target-s 3.2916368118400885 (from Friedman best_score 2.800033514793103)
Injecting --target-s 3.549426853920723 (from Friedman best_score 3.019322822474101)
[14_5_in_CIRCLE] Starting (50000 attempts)
Injecting --target-s 3.8032654001171027 (from Friedman best_score 3.235250786986958)
[PASS] Valid configuration, metric s=2.180518866851137
[5_DOMINO_in_CIRCLE] Success!
[Main] Worker finished 5_DOMINO_in_CIRCLE with score 2.1805188668511373
[24_CIRCLE_in_6] Starting (50000 attempts)
Injecting --target-s 6.1198561820016355 (from Friedman best_score 6.119856182001635)
[PASS] Valid configuration, metric s=4.309402171560432
[12_CIRCLE_in_6] Success!
[Main] Worker finished 12_CIRCLE_in_6 with score 4.309402171560432
[PASS] Valid configuration, metric s=5.133562868544002
[17_CIRCLE_in_6] Success!
[PASS] Valid configuration, metric s=5.249993253398876
[Main] Worker finished 17_CIRCLE_in_6 with score 5.133562868544002[16_CIRCLE_in_6] Starting (50000 attempts)
[11_CIRCLE_in_5] Success!
Injecting --target-s 4.999366341805163 (from Friedman best_score 4.999366341805162)

[PASS] Valid configuration, metric s=4.833201512916723
[PASS] Valid configuration, metric s=4.318513001799295
[11_CIRCLE_in_6] Success!
[9_CIRCLE_in_5] Success!
[PASS] Valid configuration, metric s=4.127971354080490
[10_CIRCLE_in_6] Success!
[PASS] Valid configuration, metric s=5.418179850967894
[PASS] Valid configuration, metric s=5.103769917500077
[10_CIRCLE_in_5] Success!
[Main] Worker finished 10_CIRCLE_in_5 with score 5.1037699175000775
[8_CIRCLE_in_6] Starting (50000 attempts)
Injecting --target-s 3.7094036386968585 (from Friedman best_score 3.709403638696858)
[PASS] Valid configuration, metric s=5.662456632949463
[12_CIRCLE_in_5] Success!
[13_CIRCLE_in_5] Success!
[Main] Worker finished 11_CIRCLE_in_6 with score 4.318513001799295
[Main] Worker finished 10_CIRCLE_in_6 with score 4.12797135408049
[Main] Worker finished 11_CIRCLE_in_5 with score 5.249993253398876
[Main] Worker finished 9_CIRCLE_in_5 with score 4.833201512916723
[5_CIRCLE_in_6] Starting (5000 attempts)
Injecting --target-s 2.9993567367365506 (from Friedman best_score 2.99935673673655)
[9_CIRCLE_in_6] Starting (50000 attempts)
Injecting --target-s 4.011844785498148 (from Friedman best_score 4.011844785498147)
[8_CIRCLE_in_5] Starting (50000 attempts)
Injecting --target-s 3.8828666237330554 (from Friedman best_score 4.564583476097915)
[7_CIRCLE_in_5] Starting (5000 attempts)
Injecting --target-s 3.6034615225908775 (from Friedman best_score 4.236123080364597)
[PASS] Valid configuration, metric s=4.630369722961516
[13_CIRCLE_in_6] Success!
[PASS] Valid configuration, metric s=6.431949425698770
[17_CIRCLE_in_5] Success!
[Main] Worker finished 17_CIRCLE_in_5 with score 6.43194942569877
[21_CIRCLE_in_6] Starting (50000 attempts)
Injecting --target-s 5.709404389000289 (from Friedman best_score 5.709404389000288)
[Main] Worker finished 13_CIRCLE_in_5 with score 5.662456632949463
[Main] Batch committing 10 runs...
[PASS] Valid configuration, metric s=4.972581793996480
[15_CIRCLE_in_6] Success!
[PASS] Valid configuration, metric s=5.820050941652189
[14_CIRCLE_in_5] Success!
[PASS] Valid configuration, metric s=6.599903143158532
[PASS] Valid configuration, metric s=5.691485834794928
[18_CIRCLE_in_5] Success!
[PASS] Valid configuration, metric s=6.791309692704560
[20_CIRCLE_in_6] Success!
[19_CIRCLE_in_5] Success!
[PASS] Valid configuration, metric s=7.316774901816174
[PASS] Valid configuration, metric s=5.965887068319776
[21_CIRCLE_in_5] Success!
[22_CIRCLE_in_6] Success!
[PASS] Valid configuration, metric s=7.286607851287084
[22_CIRCLE_in_5] Success!
[PASS] Valid configuration, metric s=4.732098524266093
[24_DOMINO_in_6] Success!
[PASS] Valid configuration, metric s=6.958928960648025
[20_CIRCLE_in_5] Success!
[PASS] Valid configuration, metric s=7.412504092958380
[23_CIRCLE_in_5] Success!
[PASS] Valid configuration, metric s=6.026928329812663
[23_CIRCLE_in_6] Success!
[PASS] Valid configuration, metric s=5.957464100021371
[15_CIRCLE_in_5] Success!
[PASS] Valid configuration, metric s=4.678515771207644
[14_CIRCLE_in_6] Success!
[PASS] Valid configuration, metric s=7.549945952587069
[PASS] Valid configuration, metric s=4.929814055285817
[24_CIRCLE_in_5] Success!
[29_5_in_6] Success!
[PASS] Valid configuration, metric s=2.809695740716984
[10_5_in_CIRCLE] Success!
[PASS] Valid configuration, metric s=3.024932522641383
[12_5_in_CIRCLE] Success!
[PASS] Valid configuration, metric s=6.142396280676911
[16_CIRCLE_in_5] Success!
[PASS] Valid configuration, metric s=3.237983563377362
[14_5_in_CIRCLE] Success!
[PASS] Valid configuration, metric s=3.004876530928477
[5_CIRCLE_in_6] Success!
[PASS] Valid configuration, metric s=4.243434570955204
[7_CIRCLE_in_5] Success!
[PASS] Valid configuration, metric s=4.572208146659769
[8_CIRCLE_in_5] Success!
[PASS] Valid configuration, metric s=3.716928784548378
[8_CIRCLE_in_6] Success!
[PASS] Valid configuration, metric s=4.019324103529966
[9_CIRCLE_in_6] Success!
[PASS] Valid configuration, metric s=6.135395762849153
[24_CIRCLE_in_6] Success!
[PASS] Valid configuration, metric s=5.012029695954504
[16_CIRCLE_in_6] Success!
[PASS] Valid configuration, metric s=5.724090613301625
[21_CIRCLE_in_6] Success!
[main 6d1a7885] auto: batch update of 10 runs
 Committer: ltkhg4 <ltkhg4@compute-34-07.mill>
Your name and email address were configured automatically based
on your username and hostname. Please check that they are accurate.
You can suppress this message by setting them explicitly. Run the
following command and follow the instructions in your editor to edit
your configuration file:

    git config --global --edit

After doing this, you may fix the identity used for this commit with:

    git commit --amend --reset-author

 44 files changed, 665 insertions(+)
 create mode 100644 results/10_5_in_CIRCLE/20260807_185011/solution.json
 create mode 100644 results/10_CIRCLE_in_5/20260807_184957/solution.json
 create mode 100644 results/10_CIRCLE_in_6/20260807_184958/solution.json
 create mode 100644 results/11_CIRCLE_in_5/20260807_184958/solution.json
 create mode 100644 results/11_CIRCLE_in_6/20260807_184958/solution.json
 create mode 100644 results/12_5_in_CIRCLE/20260807_185011/solution.json
 create mode 100644 results/12_CIRCLE_in_5/20260807_184958/solution.json
 create mode 100644 results/12_CIRCLE_in_6/20260807_184957/solution.json
 create mode 100644 results/13_CIRCLE_in_5/20260807_184958/solution.json
 create mode 100644 results/13_CIRCLE_in_6/20260807_184958/solution.json
 create mode 100644 results/14_5_in_CIRCLE/20260807_185013/solution.json
 create mode 100644 results/14_CIRCLE_in_5/20260807_185001/solution.json
 create mode 100644 results/14_CIRCLE_in_6/20260807_185008/solution.json
 create mode 100644 results/15_CIRCLE_in_5/20260807_185007/solution.json
 create mode 100644 results/15_CIRCLE_in_6/20260807_184958/solution.json
 create mode 100644 results/16_CIRCLE_in_5/20260807_185009/solution.json
 create mode 100644 results/17_CIRCLE_in_5/20260807_184959/solution.json
 create mode 100644 results/17_CIRCLE_in_6/20260807_184957/solution.json
 create mode 100644 results/18_CIRCLE_in_5/20260807_185000/solution.json
 create mode 100644 results/19_CIRCLE_in_5/20260807_185000/solution.json
 create mode 100644 results/20_CIRCLE_in_5/20260807_185000/solution.json
 create mode 100644 results/20_CIRCLE_in_6/20260807_184958/solution.json
 create mode 100644 results/21_CIRCLE_in_5/20260807_185001/solution.json
 create mode 100644 results/22_CIRCLE_in_5/20260807_185001/solution.json
 create mode 100644 results/22_CIRCLE_in_6/20260807_184959/solution.json
 create mode 100644 results/23_CIRCLE_in_5/20260807_185001/solution.json
 create mode 100644 results/23_CIRCLE_in_6/20260807_185003/solution.json
 create mode 100644 results/24_CIRCLE_in_5/20260807_185005/solution.json
 create mode 100644 results/24_DOMINO_in_6/20260807_184957/solution.json
 create mode 100644 results/29_5_in_6/20260807_184957/solution.json
 create mode 100644 results/5_CIRCLE_in_6/20260807_184436/solution.json
 create mode 100644 results/5_CIRCLE_in_6/20260807_185442/solution.json
 create mode 100644 results/5_DOMINO_in_CIRCLE/20260807_185010/solution.json
 create mode 100644 results/6_5_in_CIRCLE/20260807_184446/solution.json
 create mode 100644 results/6_DOMINO_in_DOMINO/20260807_184449/solution.json
 create mode 100644 results/7_CIRCLE_in_5/20260807_184436/solution.json
 create mode 100644 results/7_CIRCLE_in_5/20260807_185443/solution.json
 create mode 100644 results/8_CIRCLE_in_5/20260807_185443/solution.json
 create mode 100644 results/8_CIRCLE_in_6/20260807_185442/solution.json
 create mode 100644 results/9_CIRCLE_in_5/20260807_184958/solution.json
 create mode 100644 results/9_CIRCLE_in_6/20260807_185443/solution.json
 create mode 100644 results/mill-2408690.out
 create mode 100644 results/mill-2408691.out
[Main] Worker finished 12_CIRCLE_in_5 with score 5.418179850967894
[Main] Worker finished 13_CIRCLE_in_6 with score 4.630369722961516
[12_CIRCLE_in_6] Starting (50000 attempts)
[6_5_in_CIRCLE] Starting (5000 attempts)
Injecting --target-s 2.6230421606130716 (from Friedman best_score 2.2312929342669907)
[5_DOMINO_in_CIRCLE] Starting (5000 attempts)
Injecting --target-s 2.1803977449531997 (from Friedman best_score 2.1803977449531997)
[Main] Worker finished 18_CIRCLE_in_5 with score 6.599903143158532[6_DOMINO_in_DOMINO] Starting (5000 attempts)
Injecting --target-s 2.9174892150649567 (from Friedman best_score 2.9174892150649567)

[Main] Worker finished 10_5_in_CIRCLE with score 2.8096957407169842
[Main] Worker finished 20_CIRCLE_in_5 with score 6.958928960648025
[Main] Worker finished 15_CIRCLE_in_6 with score 4.97258179399648
[Main] Worker finished 22_CIRCLE_in_5 with score 7.2866078512870835
[Main] Worker finished 21_CIRCLE_in_5 with score 7.316774901816174
[Main] Worker finished 14_CIRCLE_in_6 with score 4.6785157712076435
[Main] Worker finished 20_CIRCLE_in_6 with score 5.691485834794928
[Main] Batch committing 10 runs...
[PASS] Valid configuration, metric s=2.926963590249675
[6_DOMINO_in_DOMINO] Success!
[PASS] Valid configuration, metric s=2.232167754713471
[6_5_in_CIRCLE] Success!
[PASS] Valid configuration, metric s=2.180518866851137
[5_DOMINO_in_CIRCLE] Success!
[main 250761fa] auto: batch update of 10 runs
 Committer: ltkhg4 <ltkhg4@compute-34-07.mill>
Your name and email address were configured automatically based
on your username and hostname. Please check that they are accurate.
You can suppress this message by setting them explicitly. Run the
following command and follow the instructions in your editor to edit
your configuration file:

    git config --global --edit

After doing this, you may fix the identity used for this commit with:

    git commit --amend --reset-author

 8 files changed, 140 insertions(+)
 create mode 100644 results/16_CIRCLE_in_6/20260807_185441/solution.json
 create mode 100644 results/21_CIRCLE_in_6/20260807_185444/solution.json
 create mode 100644 results/24_CIRCLE_in_6/20260807_185440/solution.json
 create mode 100644 results/5_DOMINO_in_CIRCLE/20260807_185932/solution.json
 create mode 100644 results/6_5_in_CIRCLE/20260807_185932/solution.json
 create mode 100644 results/6_DOMINO_in_DOMINO/20260807_185932/solution.json
[Main] Worker finished 19_CIRCLE_in_5 with score 6.7913096927045595
[Main] Worker finished 16_CIRCLE_in_5 with score 6.142396280676911
[Main] Worker finished 12_5_in_CIRCLE with score 3.0249325226413832
[Main] Worker finished 5_CIRCLE_in_6 with score 3.0048765309284766
[Main] Worker finished 24_CIRCLE_in_6 with score 6.135395762849153
[Main] Worker finished 29_5_in_6 with score 4.929814055285817
[Main] Worker finished 16_CIRCLE_in_6 with score 5.012029695954504
[Main] Worker finished 7_CIRCLE_in_5 with score 4.243434570955204
[Main] Worker finished 15_CIRCLE_in_5 with score 5.957464100021371
[Main] Worker finished 24_CIRCLE_in_5 with score 7.549945952587069
[Main] Batch committing 10 runs...
[PASS] Valid configuration, metric s=4.309401176440426
[12_CIRCLE_in_6] Success!
[main fedacccd] auto: batch update of 10 runs
 Committer: ltkhg4 <ltkhg4@compute-34-07.mill>
Your name and email address were configured automatically based
on your username and hostname. Please check that they are accurate.
You can suppress this message by setting them explicitly. Run the
following command and follow the instructions in your editor to edit
your configuration file:

    git config --global --edit

After doing this, you may fix the identity used for this commit with:

    git commit --amend --reset-author

 2 files changed, 44 insertions(+)
[Main] Worker finished 23_CIRCLE_in_6 with score 6.026928329812663
[Main] Worker finished 22_CIRCLE_in_6 with score 5.965887068319776
[Main] Worker finished 8_CIRCLE_in_6 with score 3.7169287845483785
[Main] Worker finished 8_CIRCLE_in_5 with score 4.572208146659769
[Main] Worker finished 24_DOMINO_in_6 with score 4.732098524266093
[Main] Worker finished 9_CIRCLE_in_6 with score 4.019324103529966
[Main] Worker finished 14_CIRCLE_in_5 with score 5.820050941652189
[Main] Worker finished 23_CIRCLE_in_5 with score 7.41250409295838
[Main] Worker finished 21_CIRCLE_in_6 with score 5.724090613301625
[Main] Worker finished 14_5_in_CIRCLE with score 3.237983563377362
[Main] Batch committing 10 runs...
[main 3f7ae152] auto: batch update of 10 runs
 Committer: ltkhg4 <ltkhg4@compute-34-07.mill>
Your name and email address were configured automatically based
on your username and hostname. Please check that they are accurate.
You can suppress this message by setting them explicitly. Run the
following command and follow the instructions in your editor to edit
your configuration file:

    git config --global --edit

After doing this, you may fix the identity used for this commit with:

    git commit --amend --reset-author

 3 files changed, 44 insertions(+)
 create mode 100644 results/12_CIRCLE_in_6/20260807_185932/solution.json
[29_5_in_6] Starting (50000 attempts)
Injecting --target-s 5.795418834502115 (from Friedman best_score 4.92987771630786)
[5_CIRCLE_in_6] Starting (5000 attempts)
Injecting --target-s 2.9993567367365506 (from Friedman best_score 2.99935673673655)
[24_DOMINO_in_6] Starting (50000 attempts)
Injecting --target-s 4.721959225512638 (from Friedman best_score 4.721959225512637)
[10_CIRCLE_in_5] Starting (50000 attempts)
Injecting --target-s 4.334238231530805 (from Friedman best_score 5.095202624832034)
[9_CIRCLE_in_5] Starting (50000 attempts)
Injecting --target-s 4.104413875035637 (from Friedman best_score 4.825027890101098)
[10_CIRCLE_in_6] Starting (50000 attempts)
Injecting --target-s 4.119361007927449 (from Friedman best_score 4.1193610079274485)
[11_CIRCLE_in_6] Starting (50000 attempts)
Injecting --target-s 4.309402058327411 (from Friedman best_score 4.30940205832741)
[7_CIRCLE_in_5] Starting (5000 attempts)
Injecting --target-s 3.6034615225908775 (from Friedman best_score 4.236123080364597)
[11_CIRCLE_in_5] Starting (50000 attempts)
Injecting --target-s 4.457777385676272 (from Friedman best_score 5.2404316106068185)
[15_CIRCLE_in_6] Starting (50000 attempts)
Injecting --target-s 4.961394742524032 (from Friedman best_score 4.961394742524031)
[13_CIRCLE_in_6] Starting (50000 attempts)
Injecting --target-s 4.619964531942142 (from Friedman best_score 4.619964531942141)
[13_CIRCLE_in_5] Starting (50000 attempts)
Injecting --target-s 4.8076985700657255 (from Friedman best_score 5.65178863390449)
[12_CIRCLE_in_5] Starting (50000 attempts)
Injecting --target-s 4.600141220679243 (from Friedman best_score 5.407790335955908)
[20_CIRCLE_in_6] Starting (50000 attempts)
Injecting --target-s 5.678142415213436 (from Friedman best_score 5.678142415213435)
[17_CIRCLE_in_5] Starting (50000 attempts)
Injecting --target-s 5.460730472768395 (from Friedman best_score 6.419473677274734)
[19_CIRCLE_in_5] Starting (50000 attempts)
Injecting --target-s 5.765766474940665 (from Friedman best_score 6.778065004264964)
[20_CIRCLE_in_5] Starting (50000 attempts)
Injecting --target-s 5.908009788055549 (from Friedman best_score 6.945282047637263)
[18_CIRCLE_in_5] Starting (50000 attempts)
Injecting --target-s 5.603189090884032 (from Friedman best_score 6.586943826855408)
[21_CIRCLE_in_5] Starting (50000 attempts)
Injecting --target-s 6.045819811355619 (from Friedman best_score 7.10728744626499)
[22_CIRCLE_in_5] Starting (50000 attempts)
Injecting --target-s 6.1861155731958375 (from Friedman best_score 7.272215005802625)
[17_CIRCLE_in_6] Starting (50000 attempts)
[24_CIRCLE_in_5] Starting (50000 attempts)
Injecting --target-s 6.409224695559712 (from Friedman best_score 7.53449550935743)
[16_CIRCLE_in_6] Starting (50000 attempts)
Injecting --target-s 4.999366341805163 (from Friedman best_score 4.999366341805162)
[15_CIRCLE_in_5] Starting (50000 attempts)
Injecting --target-s 5.057262894890713 (from Friedman best_score 5.9451690931654015)
[24_CIRCLE_in_6] Starting (50000 attempts)
Injecting --target-s 6.1198561820016355 (from Friedman best_score 6.119856182001635)
[14_CIRCLE_in_6] Starting (50000 attempts)
Injecting --target-s 4.666572918703829 (from Friedman best_score 4.666572918703828)
[16_CIRCLE_in_5] Starting (50000 attempts)
Injecting --target-s 5.214168587755284 (from Friedman best_score 6.129622797698456)
[10_5_in_CIRCLE] Starting (50000 attempts)
[Main] Worker finished 5_DOMINO_in_CIRCLE with score 2.1805188668511373
Injecting --target-s 3.2916368118400885 (from Friedman best_score 2.800033514793103)
[Main] Worker finished 6_DOMINO_in_DOMINO with score 2.9269635902496747
[Main] Worker finished 6_5_in_CIRCLE with score 2.232167754713471
[Main] Worker finished 12_CIRCLE_in_6 with score 4.309401176440426
[8_CIRCLE_in_5] Starting (50000 attempts)
Injecting --target-s 3.8828666237330554 (from Friedman best_score 4.564583476097915)
[8_CIRCLE_in_6] Starting (50000 attempts)
Injecting --target-s 3.7094036386968585 (from Friedman best_score 3.709403638696858)
[22_CIRCLE_in_6] Starting (50000 attempts)
Injecting --target-s 5.95186267022939 (from Friedman best_score 5.9518626702293895)
[23_CIRCLE_in_6] Starting (50000 attempts)
Injecting --target-s 6.0119178965542215 (from Friedman best_score 6.011917896554221)
[PASS] Valid configuration, metric s=3.004876530928477
[5_CIRCLE_in_6] Success!
[Main] Worker finished 5_CIRCLE_in_6 with score 3.0048765309284766
[10_6_in_8] Starting (50000 attempts)
Injecting --target-s 3.586003262384047 (from Friedman best_score 2.7446080738430743)
[PASS] Valid configuration, metric s=4.243434570955204
[7_CIRCLE_in_5] Success!
[Main] Worker finished 7_CIRCLE_in_5 with score 4.243434570955204
[9_CIRCLE_in_6] Starting (50000 attempts)
Injecting --target-s 4.011844785498148 (from Friedman best_score 4.011844785498147)
[PASS] Valid configuration, metric s=5.103769917500077
[10_CIRCLE_in_5] Success!
[Main] Worker finished 10_CIRCLE_in_5 with score 5.1037699175000775
[PASS] Valid configuration, metric s=5.249993253398876
[PASS] Valid configuration, metric s=4.833201512916723
[PASS] Valid configuration, metric s=5.418179850967894
[9_CIRCLE_in_5] Success!
[11_CIRCLE_in_5] Success!
[12_CIRCLE_in_5] Success!
[PASS] Valid configuration, metric s=5.662456632949463
[13_CIRCLE_in_5] Success!
[PASS] Valid configuration, metric s=4.127971354080490
[Main] Worker finished 12_CIRCLE_in_5 with score 5.418179850967894[14_CIRCLE_in_5] Starting (50000 attempts)
[10_CIRCLE_in_6] Success!
Injecting --target-s 4.941105994445288 (from Friedman best_score 5.80861846709775)
[PASS] Valid configuration, metric s=4.318513001799295
[11_CIRCLE_in_6] Success!

[Main] Worker finished 11_CIRCLE_in_5 with score 5.249993253398876
[Main] Worker finished 9_CIRCLE_in_5 with score 4.833201512916723
[Main] Batch committing 10 runs...
[PASS] Valid configuration, metric s=4.630369722961516
[13_CIRCLE_in_6] Success!
[PASS] Valid configuration, metric s=6.599903143158532
[18_CIRCLE_in_5] Success!
[PASS] Valid configuration, metric s=5.691485834794928
[20_CIRCLE_in_6] Success!
[PASS] Valid configuration, metric s=6.958928960648025
[20_CIRCLE_in_5] Success!
[PASS] Valid configuration, metric s=5.133571200613463
[17_CIRCLE_in_6] Success!
[PASS] Valid configuration, metric s=4.972581793996480
[15_CIRCLE_in_6] Success!
[PASS] Valid configuration, metric s=6.431949425698770
[17_CIRCLE_in_5] Success!
[PASS] Valid configuration, metric s=6.791309692704560
[19_CIRCLE_in_5] Success!
[PASS] Valid configuration, metric s=7.121334267304427
[21_CIRCLE_in_5] Success!
[PASS] Valid configuration, metric s=7.549945952587069
[PASS] Valid configuration, metric s=7.286607851287084
[24_CIRCLE_in_5] Success!
[22_CIRCLE_in_5] Success!
[PASS] Valid configuration, metric s=5.012029695954504
[16_CIRCLE_in_6] Success!
[PASS] Valid configuration, metric s=5.957464100021371
[15_CIRCLE_in_5] Success!
[PASS] Valid configuration, metric s=4.720282463373158
[24_DOMINO_in_6] Success!
[PASS] Valid configuration, metric s=4.929814055285817
[29_5_in_6] Success!
[PASS] Valid configuration, metric s=4.678515771207644
[14_CIRCLE_in_6] Success!
[PASS] Valid configuration, metric s=6.135395762849153
[24_CIRCLE_in_6] Success!
[PASS] Valid configuration, metric s=2.809695740716984
[10_5_in_CIRCLE] Success!
[PASS] Valid configuration, metric s=6.142396280676911
[16_CIRCLE_in_5] Success!
[PASS] Valid configuration, metric s=4.572208146659769
[8_CIRCLE_in_5] Success!
[PASS] Valid configuration, metric s=3.716928784548378
[8_CIRCLE_in_6] Success!
[PASS] Valid configuration, metric s=5.965887068319776
[22_CIRCLE_in_6] Success!
[PASS] Valid configuration, metric s=6.026928329812663
[23_CIRCLE_in_6] Success!
[PASS] Valid configuration, metric s=2.756578233023460
[10_6_in_8] Success!
[PASS] Valid configuration, metric s=4.019324103529966
[9_CIRCLE_in_6] Success!
[PASS] Valid configuration, metric s=5.820050941652189
[14_CIRCLE_in_5] Success!
[main 2bebde36] auto: batch update of 10 runs
 Committer: ltkhg4 <ltkhg4@compute-34-07.mill>
Your name and email address were configured automatically based
on your username and hostname. Please check that they are accurate.
You can suppress this message by setting them explicitly. Run the
following command and follow the instructions in your editor to edit
your configuration file:

    git config --global --edit

After doing this, you may fix the identity used for this commit with:

    git commit --amend --reset-author

 35 files changed, 440 insertions(+)
 create mode 100644 results/10_5_in_CIRCLE/20260807_190432/solution.json
 create mode 100644 results/10_CIRCLE_in_5/20260807_190421/solution.json
 create mode 100644 results/10_CIRCLE_in_6/20260807_190421/solution.json
 create mode 100644 results/11_CIRCLE_in_5/20260807_190421/solution.json
 create mode 100644 results/11_CIRCLE_in_6/20260807_190421/solution.json
 create mode 100644 results/12_CIRCLE_in_5/20260807_190422/solution.json
 create mode 100644 results/13_CIRCLE_in_5/20260807_190422/solution.json
 create mode 100644 results/13_CIRCLE_in_6/20260807_190422/solution.json
 create mode 100644 results/14_CIRCLE_in_6/20260807_190430/solution.json
 create mode 100644 results/15_CIRCLE_in_5/20260807_190428/solution.json
 create mode 100644 results/15_CIRCLE_in_6/20260807_190422/solution.json
 create mode 100644 results/16_CIRCLE_in_5/20260807_190431/solution.json
 create mode 100644 results/16_CIRCLE_in_6/20260807_190427/solution.json
 create mode 100644 results/17_CIRCLE_in_5/20260807_190422/solution.json
 create mode 100644 results/17_CIRCLE_in_6/20260807_190425/solution.json
 create mode 100644 results/18_CIRCLE_in_5/20260807_190423/solution.json
 create mode 100644 results/19_CIRCLE_in_5/20260807_190423/solution.json
 create mode 100644 results/20_CIRCLE_in_5/20260807_190423/solution.json
 create mode 100644 results/20_CIRCLE_in_6/20260807_190422/solution.json
 create mode 100644 results/21_CIRCLE_in_5/20260807_190424/solution.json
 create mode 100644 results/22_CIRCLE_in_5/20260807_190425/solution.json
 create mode 100644 results/22_CIRCLE_in_6/20260807_190436/solution.json
 create mode 100644 results/23_CIRCLE_in_6/20260807_190438/solution.json
 create mode 100644 results/24_CIRCLE_in_5/20260807_190426/solution.json
 create mode 100644 results/24_CIRCLE_in_6/20260807_190429/solution.json
 create mode 100644 results/24_DOMINO_in_6/20260807_190421/solution.json
 create mode 100644 results/29_5_in_6/20260807_190421/solution.json
 create mode 100644 results/5_CIRCLE_in_6/20260807_190421/solution.json
 create mode 100644 results/7_CIRCLE_in_5/20260807_190421/solution.json
 create mode 100644 results/8_CIRCLE_in_5/20260807_190433/solution.json
 create mode 100644 results/8_CIRCLE_in_6/20260807_190435/solution.json
 create mode 100644 results/9_CIRCLE_in_5/20260807_190421/solution.json
 create mode 100644 results/9_CIRCLE_in_6/20260807_190547/solution.json
[Main] Worker finished 13_CIRCLE_in_5 with score 5.662456632949463
[23_CIRCLE_in_5] Starting (50000 attempts)
Injecting --target-s 6.2927145743197865 (from Friedman best_score 7.397529647342157)
[21_CIRCLE_in_6] Starting (50000 attempts)
Injecting --target-s 5.709404389000289 (from Friedman best_score 5.709404389000288)
[5_DOMINO_in_CIRCLE] Starting (5000 attempts)
Injecting --target-s 2.1803977449531997 (from Friedman best_score 2.1803977449531997)
[Main] Worker finished 8_CIRCLE_in_6 with score 3.7169287845483785
[13_6_in_8] Starting (50000 attempts)
[Main] Worker finished 18_CIRCLE_in_5 with score 6.599903143158532
Injecting --target-s 4.014316855612298 (from Friedman best_score 3.0724251058134984)
[Main] Worker finished 17_CIRCLE_in_6 with score 5.133571200613463
[Main] Worker finished 21_CIRCLE_in_5 with score 7.121334267304427
[Main] Worker finished 23_CIRCLE_in_6 with score 6.026928329812663
[Main] Worker finished 24_DOMINO_in_6 with score 4.720282463373158
[Main] Worker finished 10_CIRCLE_in_6 with score 4.12797135408049
[Main] Worker finished 10_5_in_CIRCLE with score 2.8096957407169842
[Main] Worker finished 10_6_in_8 with score 2.7565782330234603
[Main] Batch committing 10 runs...
[PASS] Valid configuration, metric s=2.180518866851137
[5_DOMINO_in_CIRCLE] Success!
[main b3cab25e] auto: batch update of 10 runs
 Committer: ltkhg4 <ltkhg4@compute-34-07.mill>
Your name and email address were configured automatically based
on your username and hostname. Please check that they are accurate.
You can suppress this message by setting them explicitly. Run the
following command and follow the instructions in your editor to edit
your configuration file:

    git config --global --edit

After doing this, you may fix the identity used for this commit with:

    git commit --amend --reset-author

 5 files changed, 103 insertions(+)
 create mode 100644 results/10_6_in_8/20260807_190515/solution.json
 create mode 100644 results/14_CIRCLE_in_5/20260807_190905/solution.json
 create mode 100644 results/5_DOMINO_in_CIRCLE/20260807_191117/solution.json
[Main] Worker finished 22_CIRCLE_in_6 with score 5.965887068319776
[Main] Worker finished 29_5_in_6 with score 4.929814055285817
[Main] Worker finished 13_CIRCLE_in_6 with score 4.630369722961516
[Main] Worker finished 14_CIRCLE_in_5 with score 5.820050941652189
[Main] Worker finished 20_CIRCLE_in_5 with score 6.958928960648025
[Main] Worker finished 20_CIRCLE_in_6 with score 5.691485834794928
[Main] Worker finished 16_CIRCLE_in_6 with score 5.012029695954504
[Main] Worker finished 9_CIRCLE_in_6 with score 4.019324103529966
[Main] Worker finished 19_CIRCLE_in_5 with score 6.7913096927045595
[Main] Worker finished 24_CIRCLE_in_5 with score 7.549945952587069
[Main] Batch committing 10 runs...
[PASS] Valid configuration, metric s=5.724090613301625
[PASS] Valid configuration, metric s=7.412504092958380
[21_CIRCLE_in_6] Success!
[23_CIRCLE_in_5] Success!
[PASS] Valid configuration, metric s=3.087624644501296
[13_6_in_8] Success!
[main 80096259] auto: batch update of 10 runs
 Committer: ltkhg4 <ltkhg4@compute-34-07.mill>
Your name and email address were configured automatically based
on your username and hostname. Please check that they are accurate.
You can suppress this message by setting them explicitly. Run the
following command and follow the instructions in your editor to edit
your configuration file:

    git config --global --edit

After doing this, you may fix the identity used for this commit with:

    git commit --amend --reset-author

 4 files changed, 61 insertions(+)
 create mode 100644 results/21_CIRCLE_in_6/20260807_191117/solution.json
 create mode 100644 results/23_CIRCLE_in_5/20260807_191117/solution.json
[Main] Worker finished 24_CIRCLE_in_6 with score 6.135395762849153
[Main] Worker finished 14_CIRCLE_in_6 with score 4.6785157712076435
[Main] Worker finished 17_CIRCLE_in_5 with score 6.43194942569877
[Main] Worker finished 15_CIRCLE_in_6 with score 4.97258179399648
[Main] Worker finished 8_CIRCLE_in_5 with score 4.572208146659769
[Main] Worker finished 16_CIRCLE_in_5 with score 6.142396280676911
[Main] Worker finished 11_CIRCLE_in_6 with score 4.318513001799295
[Main] Worker finished 22_CIRCLE_in_5 with score 7.2866078512870835
[Main] Worker finished 15_CIRCLE_in_5 with score 5.957464100021371
[24_DOMINO_in_6] Starting (50000 attempts)
Injecting --target-s 4.721959225512638 (from Friedman best_score 4.721959225512637)
[29_5_in_6] Starting (50000 attempts)
Injecting --target-s 5.795418834502115 (from Friedman best_score 4.92987771630786)
[5_CIRCLE_in_6] Starting (5000 attempts)
Injecting --target-s 2.9993567367365506 (from Friedman best_score 2.99935673673655)
[9_CIRCLE_in_6] Starting (50000 attempts)
Injecting --target-s 4.011844785498148 (from Friedman best_score 4.011844785498147)
[10_CIRCLE_in_5] Starting (50000 attempts)
Injecting --target-s 4.334238231530805 (from Friedman best_score 5.095202624832034)
[9_CIRCLE_in_5] Starting (50000 attempts)
Injecting --target-s 4.104413875035637 (from Friedman best_score 4.825027890101098)
[10_CIRCLE_in_6] Starting (50000 attempts)
Injecting --target-s 4.119361007927449 (from Friedman best_score 4.1193610079274485)
[8_CIRCLE_in_6] Starting (50000 attempts)
Injecting --target-s 3.7094036386968585 (from Friedman best_score 3.709403638696858)
[7_CIRCLE_in_5] Starting (5000 attempts)
Injecting --target-s 3.6034615225908775 (from Friedman best_score 4.236123080364597)
[11_CIRCLE_in_5] Starting (50000 attempts)
Injecting --target-s 4.457777385676272 (from Friedman best_score 5.2404316106068185)
[13_CIRCLE_in_6] Starting (50000 attempts)
Injecting --target-s 4.619964531942142 (from Friedman best_score 4.619964531942141)
[13_CIRCLE_in_5] Starting (50000 attempts)
Injecting --target-s 4.8076985700657255 (from Friedman best_score 5.65178863390449)
[12_CIRCLE_in_5] Starting (50000 attempts)
Injecting --target-s 4.600141220679243 (from Friedman best_score 5.407790335955908)
[20_CIRCLE_in_6] Starting (50000 attempts)
Injecting --target-s 5.678142415213436 (from Friedman best_score 5.678142415213435)
[22_CIRCLE_in_6] Starting (50000 attempts)
Injecting --target-s 5.95186267022939 (from Friedman best_score 5.9518626702293895)
[19_CIRCLE_in_5] Starting (50000 attempts)
Injecting --target-s 5.765766474940665 (from Friedman best_score 6.778065004264964)
[20_CIRCLE_in_5] Starting (50000 attempts)
Injecting --target-s 5.908009788055549 (from Friedman best_score 6.945282047637263)
[18_CIRCLE_in_5] Starting (50000 attempts)
Injecting --target-s 5.603189090884032 (from Friedman best_score 6.586943826855408)
[14_CIRCLE_in_5] Starting (50000 attempts)
Injecting --target-s 4.941105994445288 (from Friedman best_score 5.80861846709775)
[21_CIRCLE_in_5] Starting (50000 attempts)
Injecting --target-s 6.045819811355619 (from Friedman best_score 7.10728744626499)
[23_CIRCLE_in_6] Starting (50000 attempts)
Injecting --target-s 6.0119178965542215 (from Friedman best_score 6.011917896554221)
[17_CIRCLE_in_6] Starting (50000 attempts)
[12_CIRCLE_in_6] Starting (50000 attempts)
[16_CIRCLE_in_6] Starting (50000 attempts)
Injecting --target-s 4.999366341805163 (from Friedman best_score 4.999366341805162)
[6_5_in_CIRCLE] Starting (5000 attempts)
Injecting --target-s 2.6230421606130716 (from Friedman best_score 2.2312929342669907)
[10_5_in_CIRCLE] Starting (50000 attempts)
Injecting --target-s 3.2916368118400885 (from Friedman best_score 2.800033514793103)
[6_DOMINO_in_DOMINO] Starting (5000 attempts)
Injecting --target-s 2.9174892150649567 (from Friedman best_score 2.9174892150649567)
[Main] Worker finished 13_6_in_8 with score 3.087624644501296
[12_5_in_CIRCLE] Starting (50000 attempts)
Injecting --target-s 3.549426853920723 (from Friedman best_score 3.019322822474101)
[Main] Batch committing 10 runs...
[PASS] Valid configuration, metric s=3.004876530928477
[5_CIRCLE_in_6] Success!
[PASS] Valid configuration, metric s=4.243434570955204
[7_CIRCLE_in_5] Success!
[PASS] Valid configuration, metric s=2.926963590249675
[6_DOMINO_in_DOMINO] Success!
[main 016e84b4] auto: batch update of 10 runs
 Committer: ltkhg4 <ltkhg4@compute-34-07.mill>
Your name and email address were configured automatically based
on your username and hostname. Please check that they are accurate.
You can suppress this message by setting them explicitly. Run the
following command and follow the instructions in your editor to edit
your configuration file:

    git config --global --edit

After doing this, you may fix the identity used for this commit with:

    git commit --amend --reset-author

 5 files changed, 122 insertions(+)
 create mode 100644 results/13_6_in_8/20260807_191117/solution.json
 create mode 100644 results/5_CIRCLE_in_6/20260807_191602/solution.json
 create mode 100644 results/7_CIRCLE_in_5/20260807_191602/solution.json
[Main] Worker finished 23_CIRCLE_in_5 with score 7.41250409295838
[Main] Worker finished 21_CIRCLE_in_6 with score 5.724090613301625
[Main] Worker finished 5_DOMINO_in_CIRCLE with score 2.1805188668511373
[17_CIRCLE_in_5] Starting (50000 attempts)
Injecting --target-s 5.460730472768395 (from Friedman best_score 6.419473677274734)
[24_CIRCLE_in_5] Starting (50000 attempts)
Injecting --target-s 6.409224695559712 (from Friedman best_score 7.53449550935743)
[24_CIRCLE_in_6] Starting (50000 attempts)
Injecting --target-s 6.1198561820016355 (from Friedman best_score 6.119856182001635)
[14_CIRCLE_in_6] Starting (50000 attempts)
[Main] Worker finished 5_CIRCLE_in_6 with score 3.0048765309284766
Injecting --target-s 4.666572918703829 (from Friedman best_score 4.666572918703828)
[Main] Worker finished 6_DOMINO_in_DOMINO with score 2.9269635902496747
[Main] Worker finished 7_CIRCLE_in_5 with score 4.243434570955204
[8_CIRCLE_in_5] Starting (50000 attempts)
Injecting --target-s 3.8828666237330554 (from Friedman best_score 4.564583476097915)
[15_CIRCLE_in_6] Starting (50000 attempts)
Injecting --target-s 4.961394742524032 (from Friedman best_score 4.961394742524031)
[16_CIRCLE_in_5] Starting (50000 attempts)
Injecting --target-s 5.214168587755284 (from Friedman best_score 6.129622797698456)
[PASS] Valid configuration, metric s=2.232167754713471
[6_5_in_CIRCLE] Success!
[Main] Worker finished 6_5_in_CIRCLE with score 2.232167754713471
[11_CIRCLE_in_6] Starting (50000 attempts)
Injecting --target-s 4.309402058327411 (from Friedman best_score 4.30940205832741)
[PASS] Valid configuration, metric s=3.716928784548378
[PASS] Valid configuration, metric s=4.833201512916723
[PASS] Valid configuration, metric s=4.127971354080490
[PASS] Valid configuration, metric s=4.019324103529966
[8_CIRCLE_in_6] Success!
[Main] Worker finished 8_CIRCLE_in_6 with score 3.7169287845483785
[9_CIRCLE_in_6] Success!
[9_CIRCLE_in_5] Success!
[Main] Worker finished 9_CIRCLE_in_6 with score 4.019324103529966
[22_CIRCLE_in_5] Starting (50000 attempts)
[Main] Worker finished 9_CIRCLE_in_5 with score 4.833201512916723
Injecting --target-s 6.1861155731958375 (from Friedman best_score 7.272215005802625)
[PASS] Valid configuration, metric s=5.103769917500077
[Main] Batch committing 10 runs...
[10_CIRCLE_in_6] Success!
[10_CIRCLE_in_5] Success!
[PASS] Valid configuration, metric s=5.418179850967894
[PASS] Valid configuration, metric s=5.249993253398876
[11_CIRCLE_in_5] Success!
[12_CIRCLE_in_5] Success!
[PASS] Valid configuration, metric s=4.309406330199947
[12_CIRCLE_in_6] Success!
[PASS] Valid configuration, metric s=4.630369722961516
[13_CIRCLE_in_6] Success!
[PASS] Valid configuration, metric s=5.133571200613463
[PASS] Valid configuration, metric s=5.662456632949463
[17_CIRCLE_in_6] Success!
[13_CIRCLE_in_5] Success!
[PASS] Valid configuration, metric s=6.791309692704560
[19_CIRCLE_in_5] Success!
[PASS] Valid configuration, metric s=5.012029695954504
[16_CIRCLE_in_6] Success!
[PASS] Valid configuration, metric s=5.691485834794928
[PASS] Valid configuration, metric s=2.809695740716984
[20_CIRCLE_in_6] Success!
[10_5_in_CIRCLE] Success!
[PASS] Valid configuration, metric s=5.965887068319776
[PASS] Valid configuration, metric s=5.820050941652189
[14_CIRCLE_in_5] Success!
[22_CIRCLE_in_6] Success!
[PASS] Valid configuration, metric s=6.599903143158532
[18_CIRCLE_in_5] Success!
[PASS] Valid configuration, metric s=6.026928329812663
[23_CIRCLE_in_6] Success!
[PASS] Valid configuration, metric s=6.958928960648025
[20_CIRCLE_in_5] Success!
[PASS] Valid configuration, metric s=7.121334267304427
[21_CIRCLE_in_5] Success!
[PASS] Valid configuration, metric s=4.692513407635144
[24_DOMINO_in_6] Success!
[PASS] Valid configuration, metric s=3.024932522641383
[12_5_in_CIRCLE] Success!
[PASS] Valid configuration, metric s=4.929814055285817
[29_5_in_6] Success!
[PASS] Valid configuration, metric s=6.431949425698770
[17_CIRCLE_in_5] Success!
[PASS] Valid configuration, metric s=6.135395762849153
[PASS] Valid configuration, metric s=4.678515771207644
[24_CIRCLE_in_6] Success!
[14_CIRCLE_in_6] Success!
[PASS] Valid configuration, metric s=7.549945952587069
[24_CIRCLE_in_5] Success!
[PASS] Valid configuration, metric s=4.572208146659769
[8_CIRCLE_in_5] Success!
[PASS] Valid configuration, metric s=4.972581793996480
[15_CIRCLE_in_6] Success!
[PASS] Valid configuration, metric s=6.142396280676911
[16_CIRCLE_in_5] Success!
[PASS] Valid configuration, metric s=4.318513001799295
[11_CIRCLE_in_6] Success!
[main 8114a031] auto: batch update of 10 runs
 Committer: ltkhg4 <ltkhg4@compute-34-07.mill>
Your name and email address were configured automatically based
on your username and hostname. Please check that they are accurate.
You can suppress this message by setting them explicitly. Run the
following command and follow the instructions in your editor to edit
your configuration file:

    git config --global --edit

After doing this, you may fix the identity used for this commit with:

    git commit --amend --reset-author

 29 files changed, 339 insertions(+)
 create mode 100644 results/10_5_in_CIRCLE/20260807_191605/solution.json
 create mode 100644 results/10_CIRCLE_in_5/20260807_191602/solution.json
 create mode 100644 results/10_CIRCLE_in_6/20260807_191602/solution.json
 create mode 100644 results/11_CIRCLE_in_5/20260807_191603/solution.json
 create mode 100644 results/12_5_in_CIRCLE/20260807_191605/solution.json
 create mode 100644 results/12_CIRCLE_in_5/20260807_191603/solution.json
 create mode 100644 results/12_CIRCLE_in_6/20260807_191605/solution.json
 create mode 100644 results/13_CIRCLE_in_5/20260807_191603/solution.json
 create mode 100644 results/13_CIRCLE_in_6/20260807_191603/solution.json
 create mode 100644 results/14_CIRCLE_in_5/20260807_191604/solution.json
 create mode 100644 results/16_CIRCLE_in_6/20260807_191605/solution.json
 create mode 100644 results/17_CIRCLE_in_6/20260807_191605/solution.json
 create mode 100644 results/18_CIRCLE_in_5/20260807_191604/solution.json
 create mode 100644 results/19_CIRCLE_in_5/20260807_191604/solution.json
 create mode 100644 results/20_CIRCLE_in_5/20260807_191604/solution.json
 create mode 100644 results/20_CIRCLE_in_6/20260807_191604/solution.json
 create mode 100644 results/21_CIRCLE_in_5/20260807_191604/solution.json
 create mode 100644 results/22_CIRCLE_in_6/20260807_191604/solution.json
 create mode 100644 results/23_CIRCLE_in_6/20260807_191605/solution.json
 create mode 100644 results/24_DOMINO_in_6/20260807_191602/solution.json
 create mode 100644 results/29_5_in_6/20260807_191602/solution.json
 create mode 100644 results/6_5_in_CIRCLE/20260807_191605/solution.json
 create mode 100644 results/6_DOMINO_in_DOMINO/20260807_191605/solution.json
 create mode 100644 results/8_CIRCLE_in_5/20260807_191833/solution.json
 create mode 100644 results/8_CIRCLE_in_6/20260807_191602/solution.json
 create mode 100644 results/9_CIRCLE_in_5/20260807_191602/solution.json
 create mode 100644 results/9_CIRCLE_in_6/20260807_191602/solution.json
[15_CIRCLE_in_5] Starting (50000 attempts)
[Main] Worker finished 10_CIRCLE_in_5 with score 5.1037699175000775
Injecting --target-s 5.057262894890713 (from Friedman best_score 5.9451690931654015)
[14_5_in_CIRCLE] Starting (50000 attempts)
[Main] Worker finished 12_CIRCLE_in_5 with score 5.418179850967894
[Main] Worker finished 23_CIRCLE_in_6 with score 6.026928329812663
[Main] Worker finished 13_CIRCLE_in_6 with score 4.630369722961516
Injecting --target-s 3.8032654001171027 (from Friedman best_score 3.235250786986958)
[Main] Worker finished 21_CIRCLE_in_5 with score 7.121334267304427
[Main] Worker finished 20_CIRCLE_in_6 with score 5.691485834794928
[Main] Worker finished 16_CIRCLE_in_6 with score 5.012029695954504
[Main] Worker finished 11_CIRCLE_in_6 with score 4.318513001799295
[Main] Worker finished 12_5_in_CIRCLE with score 3.0249325226413832
[Main] Worker finished 13_CIRCLE_in_5 with score 5.662456632949463
[Main] Batch committing 10 runs...
[PASS] Valid configuration, metric s=7.286607851287084
[22_CIRCLE_in_5] Success!
[main 990bd0b6] auto: batch update of 10 runs
 Committer: ltkhg4 <ltkhg4@compute-34-07.mill>
Your name and email address were configured automatically based
on your username and hostname. Please check that they are accurate.
You can suppress this message by setting them explicitly. Run the
following command and follow the instructions in your editor to edit
your configuration file:

    git config --global --edit

After doing this, you may fix the identity used for this commit with:

    git commit --amend --reset-author

 9 files changed, 125 insertions(+)
 create mode 100644 results/11_CIRCLE_in_6/20260807_191841/solution.json
 create mode 100644 results/14_CIRCLE_in_6/20260807_191831/solution.json
 create mode 100644 results/15_CIRCLE_in_6/20260807_191835/solution.json
 create mode 100644 results/16_CIRCLE_in_5/20260807_191836/solution.json
 create mode 100644 results/17_CIRCLE_in_5/20260807_191827/solution.json
 create mode 100644 results/24_CIRCLE_in_5/20260807_191829/solution.json
 create mode 100644 results/24_CIRCLE_in_6/20260807_191830/solution.json
[Main] Worker finished 14_CIRCLE_in_6 with score 4.6785157712076435
[Main] Worker finished 29_5_in_6 with score 4.929814055285817
[Main] Worker finished 11_CIRCLE_in_5 with score 5.249993253398876
[Main] Worker finished 16_CIRCLE_in_5 with score 6.142396280676911
[Main] Worker finished 15_CIRCLE_in_6 with score 4.97258179399648
[PASS] Valid configuration, metric s=5.957464100021371
[Main] Worker finished 24_CIRCLE_in_5 with score 7.549945952587069
[Main] Worker finished 22_CIRCLE_in_6 with score 5.965887068319776
[15_CIRCLE_in_5] Success!
[Main] Worker finished 24_DOMINO_in_6 with score 4.692513407635144
[Main] Worker finished 8_CIRCLE_in_5 with score 4.572208146659769
[Main] Worker finished 10_5_in_CIRCLE with score 2.8096957407169842
[Main] Batch committing 10 runs...
[PASS] Valid configuration, metric s=3.237983563377362
[14_5_in_CIRCLE] Success!
[main 636c8efa] auto: batch update of 10 runs
 Committer: ltkhg4 <ltkhg4@compute-34-07.mill>
Your name and email address were configured automatically based
on your username and hostname. Please check that they are accurate.
You can suppress this message by setting them explicitly. Run the
following command and follow the instructions in your editor to edit
your configuration file:

    git config --global --edit

After doing this, you may fix the identity used for this commit with:

    git commit --amend --reset-author

 4 files changed, 63 insertions(+)
 create mode 100644 results/15_CIRCLE_in_5/20260807_192351/solution.json
 create mode 100644 results/22_CIRCLE_in_5/20260807_192046/solution.json
[Main] Worker finished 20_CIRCLE_in_5 with score 6.958928960648025
[Main] Worker finished 19_CIRCLE_in_5 with score 6.7913096927045595
[Main] Worker finished 17_CIRCLE_in_6 with score 5.133571200613463
[Main] Worker finished 24_CIRCLE_in_6 with score 6.135395762849153
[Main] Worker finished 12_CIRCLE_in_6 with score 4.309406330199947
[Main] Worker finished 17_CIRCLE_in_5 with score 6.43194942569877
[Main] Worker finished 10_CIRCLE_in_6 with score 4.12797135408049
[Main] Worker finished 14_CIRCLE_in_5 with score 5.820050941652189
[Main] Worker finished 18_CIRCLE_in_5 with score 6.599903143158532
[24_DOMINO_in_6] Starting (50000 attempts)
Injecting --target-s 4.721959225512638 (from Friedman best_score 4.721959225512637)
[29_5_in_6] Starting (50000 attempts)
[10_CIRCLE_in_5] Starting (50000 attempts)
Injecting --target-s 5.795418834502115 (from Friedman best_score 4.92987771630786)
Injecting --target-s 4.334238231530805 (from Friedman best_score 5.095202624832034)
[9_CIRCLE_in_5] Starting (50000 attempts)
Injecting --target-s 4.104413875035637 (from Friedman best_score 4.825027890101098)
[11_CIRCLE_in_6] Starting (50000 attempts)
Injecting --target-s 4.309402058327411 (from Friedman best_score 4.30940205832741)
[11_CIRCLE_in_5] Starting (50000 attempts)
Injecting --target-s 4.457777385676272 (from Friedman best_score 5.2404316106068185)
[15_CIRCLE_in_6] Starting (50000 attempts)
Injecting --target-s 4.961394742524032 (from Friedman best_score 4.961394742524031)
[13_CIRCLE_in_6] Starting (50000 attempts)
Injecting --target-s 4.619964531942142 (from Friedman best_score 4.619964531942141)
[13_CIRCLE_in_5] Starting (50000 attempts)
Injecting --target-s 4.8076985700657255 (from Friedman best_score 5.65178863390449)
[12_CIRCLE_in_5] Starting (50000 attempts)
Injecting --target-s 4.600141220679243 (from Friedman best_score 5.407790335955908)
[20_CIRCLE_in_6] Starting (50000 attempts)
Injecting --target-s 5.678142415213436 (from Friedman best_score 5.678142415213435)
[22_CIRCLE_in_6] Starting (50000 attempts)
Injecting --target-s 5.95186267022939 (from Friedman best_score 5.9518626702293895)
[23_CIRCLE_in_5] Starting (50000 attempts)
Injecting --target-s 6.2927145743197865 (from Friedman best_score 7.397529647342157)
[21_CIRCLE_in_5] Starting (50000 attempts)
Injecting --target-s 6.045819811355619 (from Friedman best_score 7.10728744626499)
[21_CIRCLE_in_6] Starting (50000 attempts)
Injecting --target-s 5.709404389000289 (from Friedman best_score 5.709404389000288)
[23_CIRCLE_in_6] Starting (50000 attempts)
Injecting --target-s 6.0119178965542215 (from Friedman best_score 6.011917896554221)
[24_CIRCLE_in_5] Starting (50000 attempts)
Injecting --target-s 6.409224695559712 (from Friedman best_score 7.53449550935743)
[16_CIRCLE_in_6] Starting (50000 attempts)
Injecting --target-s 4.999366341805163 (from Friedman best_score 4.999366341805162)
[14_CIRCLE_in_6] Starting (50000 attempts)
Injecting --target-s 4.666572918703829 (from Friedman best_score 4.666572918703828)
[16_CIRCLE_in_5] Starting (50000 attempts)
Injecting --target-s 5.214168587755284 (from Friedman best_score 6.129622797698456)
[6_5_in_CIRCLE] Starting (5000 attempts)
Injecting --target-s 2.6230421606130716 (from Friedman best_score 2.2312929342669907)
[5_DOMINO_in_CIRCLE] Starting (5000 attempts)
Injecting --target-s 2.1803977449531997 (from Friedman best_score 2.1803977449531997)
[6_DOMINO_in_DOMINO] Starting (5000 attempts)
Injecting --target-s 2.9174892150649567 (from Friedman best_score 2.9174892150649567)
[10_6_in_8] Starting (50000 attempts)
Injecting --target-s 3.586003262384047 (from Friedman best_score 2.7446080738430743)
[10_6_in_5] Starting (50000 attempts)
Injecting --target-s 3.8807698616366815 (from Friedman best_score 4.5621185844222865)
[13_6_in_8] Starting (50000 attempts)
Injecting --target-s 4.014316855612298 (from Friedman best_score 3.0724251058134984)
[17_8_in_8] Starting (50000 attempts)
Injecting --target-s 4.758844808330094 (from Friedman best_score 4.758844808330094)
[12_5_in_CIRCLE] Starting (50000 attempts)
Injecting --target-s 3.549426853920723 (from Friedman best_score 3.019322822474101)
[Main] Worker finished 15_CIRCLE_in_5 with score 5.957464100021371
[Main] Batch committing 10 runs...
[13_5_in_CIRCLE] Starting (50000 attempts)
Injecting --target-s 3.6195495600578704 (from Friedman best_score 3.078972759133498)
[PASS] Valid configuration, metric s=2.926963590249675
[6_DOMINO_in_DOMINO] Success!
[main 56ce2cd3] auto: batch update of 10 runs
 Committer: ltkhg4 <ltkhg4@compute-34-07.mill>
Your name and email address were configured automatically based
on your username and hostname. Please check that they are accurate.
You can suppress this message by setting them explicitly. Run the
following command and follow the instructions in your editor to edit
your configuration file:

    git config --global --edit

After doing this, you may fix the identity used for this commit with:

    git commit --amend --reset-author

 3 files changed, 106 insertions(+)
 create mode 100644 results/14_5_in_CIRCLE/20260807_192351/solution.json
[Main] Worker finished 14_5_in_CIRCLE with score 3.237983563377362
[Main] Worker finished 22_CIRCLE_in_5 with score 7.2866078512870835
[19_CIRCLE_in_5] Starting (50000 attempts)
Injecting --target-s 5.765766474940665 (from Friedman best_score 6.778065004264964)
[20_CIRCLE_in_5] Starting (50000 attempts)
Injecting --target-s 5.908009788055549 (from Friedman best_score 6.945282047637263)
[10_5_in_CIRCLE] Starting (50000 attempts)
[Main] Worker finished 6_DOMINO_in_DOMINO with score 2.9269635902496747
Injecting --target-s 3.2916368118400885 (from Friedman best_score 2.800033514793103)
[17_CIRCLE_in_6] Starting (50000 attempts)
[PASS] Valid configuration, metric s=2.232167754713471
[6_5_in_CIRCLE] Success!
[Main] Worker finished 6_5_in_CIRCLE with score 2.232167754713471
[24_CIRCLE_in_6] Starting (50000 attempts)
Injecting --target-s 6.1198561820016355 (from Friedman best_score 6.119856182001635)
[PASS] Valid configuration, metric s=2.180518866851137
[5_DOMINO_in_CIRCLE] Success!
[Main] Worker finished 5_DOMINO_in_CIRCLE with score 2.1805188668511373
[12_CIRCLE_in_6] Starting (50000 attempts)
[PASS] Valid configuration, metric s=4.833201512916723
[PASS] Valid configuration, metric s=5.103769917500077
[10_CIRCLE_in_5] Success!
[Main] Worker finished 10_CIRCLE_in_5 with score 5.1037699175000775
[PASS] Valid configuration, metric s=4.318513001799295
[11_CIRCLE_in_6] Success!
[9_CIRCLE_in_5] Success!
[PASS] Valid configuration, metric s=5.249993253398876
[11_CIRCLE_in_5] Success!
[17_CIRCLE_in_5] Starting (50000 attempts)
[Main] Worker finished 11_CIRCLE_in_6 with score 4.318513001799295
Injecting --target-s 5.460730472768395 (from Friedman best_score 6.419473677274734)
[PASS] Valid configuration, metric s=5.662456632949463
[PASS] Valid configuration, metric s=5.418179850967894
[Main] Worker finished 9_CIRCLE_in_5 with score 4.833201512916723
[13_CIRCLE_in_5] Success!
[PASS] Valid configuration, metric s=5.691485834794928
[20_CIRCLE_in_6] Success!
[12_CIRCLE_in_5] Success!
[10_CIRCLE_in_6] Starting (50000 attempts)
Injecting --target-s 4.119361007927449 (from Friedman best_score 4.1193610079274485)
[PASS] Valid configuration, metric s=4.630369722961516
[13_CIRCLE_in_6] Success!
[PASS] Valid configuration, metric s=4.972581793996480
[15_CIRCLE_in_6] Success!
[Main] Worker finished 11_CIRCLE_in_5 with score 5.249993253398876
[14_CIRCLE_in_5] Starting (50000 attempts)
[Main] Worker finished 20_CIRCLE_in_6 with score 5.691485834794928
Injecting --target-s 4.941105994445288 (from Friedman best_score 5.80861846709775)
[Main] Batch committing 10 runs...
[PASS] Valid configuration, metric s=4.678515771207644
[14_CIRCLE_in_6] Success!
[PASS] Valid configuration, metric s=5.965887068319776
[22_CIRCLE_in_6] Success!
[PASS] Valid configuration, metric s=7.412504092958380
[23_CIRCLE_in_5] Success!
[PASS] Valid configuration, metric s=7.121334267304427
[21_CIRCLE_in_5] Success!
[PASS] Valid configuration, metric s=5.012029695954504
[16_CIRCLE_in_6] Success!
[PASS] Valid configuration, metric s=6.142396280676911
[PASS] Valid configuration, metric s=5.724090613301625
[16_CIRCLE_in_5] Success!
[21_CIRCLE_in_6] Success!
[PASS] Valid configuration, metric s=7.549945952587069
[24_CIRCLE_in_5] Success!
[PASS] Valid configuration, metric s=6.026928329812663
[23_CIRCLE_in_6] Success!
[PASS] Valid configuration, metric s=4.771540371368060
[24_DOMINO_in_6] Success!
[PASS] Valid configuration, metric s=2.756578233023460
[10_6_in_8] Success!
[PASS] Valid configuration, metric s=4.574769884311197
[10_6_in_5] Success!
[PASS] Valid configuration, metric s=3.024932522641383
[12_5_in_CIRCLE] Success!
[PASS] Valid configuration, metric s=3.087624644501296
[13_6_in_8] Success!
[PASS] Valid configuration, metric s=3.079354837024673
[13_5_in_CIRCLE] Success!
[PASS] Valid configuration, metric s=4.929814055285817
[29_5_in_6] Success!
[PASS] Valid configuration, metric s=4.777396665951670
[17_8_in_8] Success!
[PASS] Valid configuration, metric s=6.791309692704560
[19_CIRCLE_in_5] Success!
[PASS] Valid configuration, metric s=6.958928960648025
[20_CIRCLE_in_5] Success!
[PASS] Valid configuration, metric s=2.809695740716984
[10_5_in_CIRCLE] Success!
[PASS] Valid configuration, metric s=5.133571200613463
[17_CIRCLE_in_6] Success!
[PASS] Valid configuration, metric s=6.135395762849153
[24_CIRCLE_in_6] Success!
[main cbeaf286] auto: batch update of 10 runs
 Committer: ltkhg4 <ltkhg4@compute-34-07.mill>
Your name and email address were configured automatically based
on your username and hostname. Please check that they are accurate.
You can suppress this message by setting them explicitly. Run the
following command and follow the instructions in your editor to edit
your configuration file:

    git config --global --edit

After doing this, you may fix the identity used for this commit with:

    git commit --amend --reset-author

 30 files changed, 339 insertions(+)
 create mode 100644 results/10_6_in_8/20260807_192842/solution.json
 create mode 100644 results/10_CIRCLE_in_5/20260807_192836/solution.json
 create mode 100644 results/11_CIRCLE_in_5/20260807_192836/solution.json
 create mode 100644 results/11_CIRCLE_in_6/20260807_192836/solution.json
 create mode 100644 results/12_5_in_CIRCLE/20260807_192844/solution.json
 create mode 100644 results/12_CIRCLE_in_5/20260807_192836/solution.json
 create mode 100644 results/13_5_in_CIRCLE/20260807_192844/solution.json
 create mode 100644 results/13_6_in_8/20260807_192842/solution.json
 create mode 100644 results/13_CIRCLE_in_5/20260807_192836/solution.json
 create mode 100644 results/13_CIRCLE_in_6/20260807_192836/solution.json
 create mode 100644 results/14_CIRCLE_in_6/20260807_192839/solution.json
 create mode 100644 results/15_CIRCLE_in_6/20260807_192836/solution.json
 create mode 100644 results/16_CIRCLE_in_5/20260807_192839/solution.json
 create mode 100644 results/16_CIRCLE_in_6/20260807_192839/solution.json
 create mode 100644 results/17_8_in_8/20260807_192843/solution.json
 create mode 100644 results/20_CIRCLE_in_6/20260807_192837/solution.json
 create mode 100644 results/21_CIRCLE_in_5/20260807_192837/solution.json
 create mode 100644 results/21_CIRCLE_in_6/20260807_192838/solution.json
 create mode 100644 results/22_CIRCLE_in_6/20260807_192837/solution.json
 create mode 100644 results/23_CIRCLE_in_5/20260807_192837/solution.json
 create mode 100644 results/23_CIRCLE_in_6/20260807_192838/solution.json
 create mode 100644 results/24_CIRCLE_in_5/20260807_192839/solution.json
 create mode 100644 results/24_DOMINO_in_6/20260807_192836/solution.json
 create mode 100644 results/29_5_in_6/20260807_192836/solution.json
 create mode 100644 results/5_DOMINO_in_CIRCLE/20260807_192842/solution.json
 create mode 100644 results/6_5_in_CIRCLE/20260807_192840/solution.json
 create mode 100644 results/6_DOMINO_in_DOMINO/20260807_192842/solution.json
 create mode 100644 results/9_CIRCLE_in_5/20260807_192836/solution.json
[Main] Worker finished 12_CIRCLE_in_5 with score 5.418179850967894
[Main] Worker finished 15_CIRCLE_in_6 with score 4.97258179399648
[Main] Worker finished 13_CIRCLE_in_6 with score 4.630369722961516
[Main] Worker finished 13_CIRCLE_in_5 with score 5.662456632949463
[18_CIRCLE_in_5] Starting (50000 attempts)
Injecting --target-s 5.603189090884032 (from Friedman best_score 6.586943826855408)
[22_CIRCLE_in_5] Starting (50000 attempts)
Injecting --target-s 6.1861155731958375 (from Friedman best_score 7.272215005802625)
[15_CIRCLE_in_5] Starting (50000 attempts)
Injecting --target-s 5.057262894890713 (from Friedman best_score 5.9451690931654015)
[6_5_in_CIRCLE] Starting (5000 attempts)
Injecting --target-s 2.6230421606130716 (from Friedman best_score 2.2312929342669907)
[6_DOMINO_in_DOMINO] Starting (5000 attempts)
Injecting --target-s 2.9174892150649567 (from Friedman best_score 2.9174892150649567)
[Main] Worker finished 12_5_in_CIRCLE with score 3.0249325226413832
[15_5_in_6] Starting (50000 attempts)
[Main] Worker finished 16_CIRCLE_in_5 with score 6.142396280676911
Injecting --target-s 4.277442903466547 (from Friedman best_score 3.638610263513514)
[Main] Worker finished 24_DOMINO_in_6 with score 4.77154037136806
[Main] Worker finished 16_CIRCLE_in_6 with score 5.012029695954504
[Main] Worker finished 24_CIRCLE_in_5 with score 7.549945952587069
[Main] Worker finished 22_CIRCLE_in_6 with score 5.965887068319776
[Main] Batch committing 10 runs...
[PASS] Valid configuration, metric s=2.926963590249675
[6_DOMINO_in_DOMINO] Success!
[PASS] Valid configuration, metric s=2.232167754713471
[6_5_in_CIRCLE] Success!
[PASS] Valid configuration, metric s=4.309402874516071
[12_CIRCLE_in_6] Success!
[PASS] Valid configuration, metric s=6.431949425698770
[17_CIRCLE_in_5] Success!
[PASS] Valid configuration, metric s=4.127971354080490
[10_CIRCLE_in_6] Success!
[PASS] Valid configuration, metric s=5.820050941652189
[14_CIRCLE_in_5] Success!
[main 7c2ae8d6] auto: batch update of 10 runs
 Committer: ltkhg4 <ltkhg4@compute-34-07.mill>
Your name and email address were configured automatically based
on your username and hostname. Please check that they are accurate.
You can suppress this message by setting them explicitly. Run the
following command and follow the instructions in your editor to edit
your configuration file:

    git config --global --edit

After doing this, you may fix the identity used for this commit with:

    git commit --amend --reset-author

 10 files changed, 156 insertions(+)
 create mode 100644 results/10_5_in_CIRCLE/20260807_193116/solution.json
 create mode 100644 results/10_6_in_5/20260807_192842/solution.json
 create mode 100644 results/17_CIRCLE_in_6/20260807_193118/solution.json
 create mode 100644 results/19_CIRCLE_in_5/20260807_193112/solution.json
 create mode 100644 results/20_CIRCLE_in_5/20260807_193114/solution.json
 create mode 100644 results/24_CIRCLE_in_6/20260807_193126/solution.json
 create mode 100644 results/6_5_in_CIRCLE/20260807_193622/solution.json
 create mode 100644 results/6_DOMINO_in_DOMINO/20260807_193622/solution.json
[Main] Worker finished 10_6_in_8 with score 2.7565782330234603
[Main] Worker finished 23_CIRCLE_in_5 with score 7.41250409295838
[Main] Worker finished 13_6_in_8 with score 3.087624644501296
[Main] Worker finished 21_CIRCLE_in_5 with score 7.121334267304427
[Main] Worker finished 10_6_in_5 with score 4.574769884311197
[Main] Worker finished 13_5_in_CIRCLE with score 3.0793548370246726
[Main] Worker finished 24_CIRCLE_in_6 with score 6.135395762849153
[Main] Worker finished 23_CIRCLE_in_6 with score 6.026928329812663
[Main] Worker finished 29_5_in_6 with score 4.929814055285817
[Main] Worker finished 14_CIRCLE_in_6 with score 4.6785157712076435
[Main] Batch committing 10 runs...
[PASS] Valid configuration, metric s=5.957464100021371
[PASS] Valid configuration, metric s=7.286607851287084
[PASS] Valid configuration, metric s=6.599903143158532
[15_CIRCLE_in_5] Success!
[22_CIRCLE_in_5] Success!
[18_CIRCLE_in_5] Success!
[PASS] Valid configuration, metric s=3.657703443575679
[15_5_in_6] Success!
[main 35090d46] auto: batch update of 10 runs
 Committer: ltkhg4 <ltkhg4@compute-34-07.mill>
Your name and email address were configured automatically based
on your username and hostname. Please check that they are accurate.
You can suppress this message by setting them explicitly. Run the
following command and follow the instructions in your editor to edit
your configuration file:

    git config --global --edit

After doing this, you may fix the identity used for this commit with:

    git commit --amend --reset-author

 7 files changed, 92 insertions(+)
 create mode 100644 results/10_CIRCLE_in_6/20260807_193321/solution.json
 create mode 100644 results/12_CIRCLE_in_6/20260807_193241/solution.json
 create mode 100644 results/14_CIRCLE_in_5/20260807_193322/solution.json
 create mode 100644 results/17_CIRCLE_in_5/20260807_193320/solution.json
 create mode 100644 results/22_CIRCLE_in_5/20260807_193621/solution.json
[Main] Worker finished 21_CIRCLE_in_6 with score 5.724090613301625
[Main] Worker finished 10_5_in_CIRCLE with score 2.8096957407169842
[Main] Worker finished 17_CIRCLE_in_6 with score 5.133571200613463
[Main] Worker finished 17_8_in_8 with score 4.77739666595167
[Main] Worker finished 19_CIRCLE_in_5 with score 6.7913096927045595
[Main] Worker finished 20_CIRCLE_in_5 with score 6.958928960648025
[29_5_in_6] Starting (50000 attempts)
Injecting --target-s 5.795418834502115 (from Friedman best_score 4.92987771630786)
[23_CIRCLE_in_5] Starting (50000 attempts)
Injecting --target-s 6.2927145743197865 (from Friedman best_score 7.397529647342157)
[5_DOMINO_in_CIRCLE] Starting (5000 attempts)
Injecting --target-s 2.1803977449531997 (from Friedman best_score 2.1803977449531997)
[16_5_in_8] Starting (50000 attempts)
Injecting --target-s 4.228732116626224 (from Friedman best_score 2.753158087297144)
[14_5_in_CIRCLE] Starting (50000 attempts)
Injecting --target-s 3.8032654001171027 (from Friedman best_score 3.235250786986958)
[18_5_in_CIRCLE] Starting (50000 attempts)
Injecting --target-s 4.251507631089685 (from Friedman best_score 3.6165484031013064)
[22_5_in_CIRCLE] Starting (50000 attempts)
Injecting --target-s 4.700272207249719 (from Friedman best_score 3.9982903525716003)
[10_6_in_8] Starting (50000 attempts)
Injecting --target-s 3.586003262384047 (from Friedman best_score 2.7446080738430743)
[15_8_in_8] Starting (50000 attempts)
Injecting --target-s 4.462543691563868 (from Friedman best_score 4.462543691563868)
[17_5_in_CIRCLE] Starting (50000 attempts)
Injecting --target-s 4.125454269000596 (from Friedman best_score 3.509321008744731)
[17_6_in_8] Starting (50000 attempts)
Injecting --target-s 4.5467412138034575 (from Friedman best_score 3.4799250675482436)
[10_6_in_5] Starting (50000 attempts)
Injecting --target-s 3.8807698616366815 (from Friedman best_score 4.5621185844222865)
[14_5_in_8] Starting (50000 attempts)
Injecting --target-s 3.9408646658134128 (from Friedman best_score 2.5657391214187344)
[20_5_in_CIRCLE] Starting (50000 attempts)
Injecting --target-s 4.467842958202455 (from Friedman best_score 3.8005742239848876)
[20_8_in_6] Starting (50000 attempts)
Injecting --target-s 5.356839984118685 (from Friedman best_score 6.99904873201843)
[17_6_in_CIRCLE] Starting (50000 attempts)
Injecting --target-s 4.302780923114251 (from Friedman best_score 4.302780923114252)
[13_6_in_8] Starting (50000 attempts)
Injecting --target-s 4.014316855612298 (from Friedman best_score 3.0724251058134984)
[12_5_in_CIRCLE] Starting (50000 attempts)
Injecting --target-s 3.549426853920723 (from Friedman best_score 3.019322822474101)
[13_5_in_CIRCLE] Starting (50000 attempts)
Injecting --target-s 3.6195495600578704 (from Friedman best_score 3.078972759133498)
[8_DOMINO_in_5] Starting (50000 attempts)
Injecting --target-s 2.9718425321579196 (from Friedman best_score 3.49361042507589)
[21_DOMINO_in_6] Starting (50000 attempts)
Injecting --target-s 4.490117064227373 (from Friedman best_score 4.4901170642273724)
[24_6_in_CIRCLE] Starting (50000 attempts)
[Main] Worker finished 6_5_in_CIRCLE with score 2.232167754713471
Injecting --target-s 5.085954598976741 (from Friedman best_score 5.085954598976742)
[Main] Worker finished 15_5_in_6 with score 3.6577034435756794
[Main] Worker finished 6_DOMINO_in_DOMINO with score 2.9269635902496747
[Main] Worker finished 18_CIRCLE_in_5 with score 6.599903143158532
[Main] Batch committing 10 runs...
[PASS] Valid configuration, metric s=2.180518866851137
[5_DOMINO_in_CIRCLE] Success!
[main a3c6809f] auto: batch update of 10 runs
 Committer: ltkhg4 <ltkhg4@compute-34-07.mill>
Your name and email address were configured automatically based
on your username and hostname. Please check that they are accurate.
You can suppress this message by setting them explicitly. Run the
following command and follow the instructions in your editor to edit
your configuration file:

    git config --global --edit

After doing this, you may fix the identity used for this commit with:

    git commit --amend --reset-author

 5 files changed, 111 insertions(+)
 create mode 100644 results/15_5_in_6/20260807_193622/solution.json
 create mode 100644 results/15_CIRCLE_in_5/20260807_193622/solution.json
 create mode 100644 results/18_CIRCLE_in_5/20260807_193621/solution.json
[Main] Worker finished 15_CIRCLE_in_5 with score 5.957464100021371
[Main] Worker finished 10_CIRCLE_in_6 with score 4.12797135408049
[Main] Worker finished 14_CIRCLE_in_5 with score 5.820050941652189
[Main] Worker finished 12_CIRCLE_in_6 with score 4.309402874516071
[Main] Worker finished 17_CIRCLE_in_5 with score 6.43194942569877
[Main] Worker finished 22_CIRCLE_in_5 with score 7.2866078512870835
[21_CIRCLE_in_6] Starting (50000 attempts)
Injecting --target-s 5.709404389000289 (from Friedman best_score 5.709404389000288)
[17_CIRCLE_in_6] Starting (50000 attempts)
[10_5_in_CIRCLE] Starting (50000 attempts)
Injecting --target-s 3.2916368118400885 (from Friedman best_score 2.800033514793103)
[17_8_in_8] Starting (50000 attempts)
Injecting --target-s 4.758844808330094 (from Friedman best_score 4.758844808330094)
[25_6_in_CIRCLE] Starting (50000 attempts)
Injecting --target-s 5.191809705932577 (from Friedman best_score 5.191809705932578)
[22_5_in_8] Starting (50000 attempts)
Injecting --target-s 4.902397692928863 (from Friedman best_score 3.1917547584457124)
[23_5_in_CIRCLE] Starting (50000 attempts)
Injecting --target-s 4.787066122977682 (from Friedman best_score 4.07212166714563)
[20_6_in_8] Starting (50000 attempts)
Injecting --target-s 4.869958436095829 (from Friedman best_score 3.727304819600954)
[23_5_in_8] Starting (50000 attempts)
Injecting --target-s 5.001804820745848 (from Friedman best_score 3.2564747573333848)
[21_6_in_5] Starting (50000 attempts)
[Main] Worker finished 5_DOMINO_in_CIRCLE with score 2.1805188668511373
Injecting --target-s 5.446357578265633 (from Friedman best_score 6.402577326431777)
[18_5_in_8] Starting (50000 attempts)
Injecting --target-s 4.444194351205141 (from Friedman best_score 2.8934369172816097)
[PASS] Valid configuration, metric s=2.757555254323801
[PASS] Valid configuration, metric s=7.412504092958380
[PASS] Valid configuration, metric s=3.616547745836317
[18_5_in_CIRCLE] Success!
[Main] Worker finished 18_5_in_CIRCLE with score 3.616547745836317
[16_5_in_8] Success!
[23_CIRCLE_in_5] Success!
[PASS] Valid configuration, metric s=3.087624644501296
[13_6_in_8] Success!
[PASS] Valid configuration, metric s=3.024932522641383
[12_5_in_CIRCLE] Success!
[Main] Worker finished 16_5_in_8 with score 2.757555254323801
[15_5_in_6] Starting (50000 attempts)
[Main] Worker finished 12_5_in_CIRCLE with score 3.0249325226413832
[Main] Batch committing 10 runs...
Injecting --target-s 4.277442903466547 (from Friedman best_score 3.638610263513514)
[PASS] Valid configuration, metric s=3.501543285275724
[8_DOMINO_in_5] Success!
[PASS] Valid configuration, metric s=3.237983563377362
[14_5_in_CIRCLE] Success!
[PASS] Valid configuration, metric s=2.570865533602580
[PASS] Valid configuration, metric s=2.756578233023460
[10_6_in_8] Success!
[14_5_in_8] Success!
[PASS] Valid configuration, metric s=3.998253685736246
[22_5_in_CIRCLE] Success!
[PASS] Valid configuration, metric s=4.574769884311197
[10_6_in_5] Success!
[PASS] Valid configuration, metric s=3.509704759175081
[17_5_in_CIRCLE] Success!
[PASS] Valid configuration, metric s=3.079354837024673
[13_5_in_CIRCLE] Success!
[PASS] Valid configuration, metric s=4.316151292780971
[17_6_in_CIRCLE] Success!
[PASS] Valid configuration, metric s=4.455507583380141
[21_DOMINO_in_6] Success!
[PASS] Valid configuration, metric s=3.800853892949577
[20_5_in_CIRCLE] Success!
[PASS] Valid configuration, metric s=3.498395495831623
[17_6_in_8] Success!
[PASS] Valid configuration, metric s=5.105393906000926
[24_6_in_CIRCLE] Success!
[PASS] Valid configuration, metric s=4.480124023637546
[15_8_in_8] Success!
[PASS] Valid configuration, metric s=4.929814055285817
[29_5_in_6] Success!
[PASS] Valid configuration, metric s=7.021084739848574
[20_8_in_6] Success!
[main 7c5b9ec2] auto: batch update of 10 runs
 Committer: ltkhg4 <ltkhg4@compute-34-07.mill>
Your name and email address were configured automatically based
on your username and hostname. Please check that they are accurate.
You can suppress this message by setting them explicitly. Run the
following command and follow the instructions in your editor to edit
your configuration file:

    git config --global --edit

After doing this, you may fix the identity used for this commit with:

    git commit --amend --reset-author

 24 files changed, 282 insertions(+)
 create mode 100644 results/10_6_in_5/20260807_194108/solution.json
 create mode 100644 results/10_6_in_8/20260807_194107/solution.json
 create mode 100644 results/12_5_in_CIRCLE/20260807_194110/solution.json
 create mode 100644 results/13_5_in_CIRCLE/20260807_194111/solution.json
 create mode 100644 results/13_6_in_8/20260807_194109/solution.json
 create mode 100644 results/14_5_in_8/20260807_194108/solution.json
 create mode 100644 results/14_5_in_CIRCLE/20260807_194106/solution.json
 create mode 100644 results/15_8_in_8/20260807_194107/solution.json
 create mode 100644 results/16_5_in_8/20260807_194106/solution.json
 create mode 100644 results/17_5_in_CIRCLE/20260807_194107/solution.json
 create mode 100644 results/17_6_in_8/20260807_194107/solution.json
 create mode 100644 results/17_6_in_CIRCLE/20260807_194108/solution.json
 create mode 100644 results/18_5_in_CIRCLE/20260807_194106/solution.json
 create mode 100644 results/20_5_in_CIRCLE/20260807_194108/solution.json
 create mode 100644 results/20_8_in_6/20260807_194108/solution.json
 create mode 100644 results/21_DOMINO_in_6/20260807_194112/solution.json
 create mode 100644 results/22_5_in_CIRCLE/20260807_194106/solution.json
 create mode 100644 results/23_CIRCLE_in_5/20260807_194106/solution.json
 create mode 100644 results/24_6_in_CIRCLE/20260807_194113/solution.json
 create mode 100644 results/29_5_in_6/20260807_194106/solution.json
 create mode 100644 results/5_DOMINO_in_CIRCLE/20260807_194106/solution.json
 create mode 100644 results/8_DOMINO_in_5/20260807_194111/solution.json
[Main] Worker finished 23_CIRCLE_in_5 with score 7.41250409295838
[Main] Worker finished 13_6_in_8 with score 3.087624644501296
[22_8_in_8] Starting (50000 attempts)
Injecting --target-s 5.358975508363075 (from Friedman best_score 5.358975508363075)
[17_5_in_8] Starting (50000 attempts)
Injecting --target-s 4.318923209399447 (from Friedman best_score 2.8118778949422008)
[22_5_in_DOMINO] Starting (50000 attempts)
Injecting --target-s 5.804118766618042 (from Friedman best_score 4.937278320594882)
[22_6_in_5] Starting (50000 attempts)
[Main] Worker finished 14_5_in_CIRCLE with score 3.237983563377362
Injecting --target-s 5.566946427026894 (from Friedman best_score 6.54433802021737)
[Main] Worker finished 8_DOMINO_in_5 with score 3.5015432852757242
[Main] Worker finished 17_6_in_CIRCLE with score 4.316151292780971
[Main] Worker finished 10_6_in_8 with score 2.7565782330234603
[Main] Worker finished 17_6_in_8 with score 3.498395495831623
[Main] Worker finished 24_6_in_CIRCLE with score 5.105393906000926
[Main] Worker finished 15_8_in_8 with score 4.480124023637546
[Main] Worker finished 21_DOMINO_in_6 with score 4.455507583380141
[Main] Batch committing 10 runs...
[PASS] Valid configuration, metric s=5.133752647951886
[17_CIRCLE_in_6] Success!
[PASS] Valid configuration, metric s=5.724090613301625
[21_CIRCLE_in_6] Success!
[PASS] Valid configuration, metric s=2.809695740716984
[10_5_in_CIRCLE] Success!
[PASS] Valid configuration, metric s=4.777396665951670
[17_8_in_8] Success!
[PASS] Valid configuration, metric s=4.072528361684914
[23_5_in_CIRCLE] Success!
[PASS] Valid configuration, metric s=3.201035699156441
[22_5_in_8] Success!
[PASS] Valid configuration, metric s=5.211512366335625
[25_6_in_CIRCLE] Success!
[PASS] Valid configuration, metric s=3.266852199814938
[23_5_in_8] Success!
[PASS] Valid configuration, metric s=6.423619008775980
[21_6_in_5] Success!
[PASS] Valid configuration, metric s=2.901054354602868
[18_5_in_8] Success!
[PASS] Valid configuration, metric s=3.749123816145802
[20_6_in_8] Success!
[PASS] Valid configuration, metric s=3.657703443575679
[15_5_in_6] Success!
[main 1f73be8b] auto: batch update of 10 runs
 Committer: ltkhg4 <ltkhg4@compute-34-07.mill>
Your name and email address were configured automatically based
on your username and hostname. Please check that they are accurate.
You can suppress this message by setting them explicitly. Run the
following command and follow the instructions in your editor to edit
your configuration file:

    git config --global --edit

After doing this, you may fix the identity used for this commit with:

    git commit --amend --reset-author

 13 files changed, 178 insertions(+)
 create mode 100644 results/10_5_in_CIRCLE/20260807_194424/solution.json
 create mode 100644 results/17_8_in_8/20260807_194425/solution.json
 create mode 100644 results/17_CIRCLE_in_6/20260807_194423/solution.json
 create mode 100644 results/18_5_in_8/20260807_194434/solution.json
 create mode 100644 results/20_6_in_8/20260807_194430/solution.json
 create mode 100644 results/21_6_in_5/20260807_194432/solution.json
 create mode 100644 results/21_CIRCLE_in_6/20260807_194422/solution.json
 create mode 100644 results/22_5_in_8/20260807_194428/solution.json
 create mode 100644 results/23_5_in_8/20260807_194431/solution.json
 create mode 100644 results/23_5_in_CIRCLE/20260807_194429/solution.json
 create mode 100644 results/25_6_in_CIRCLE/20260807_194426/solution.json
[Main] Worker finished 10_6_in_5 with score 4.574769884311197
[Main] Worker finished 29_5_in_6 with score 4.929814055285817
[Main] Worker finished 20_5_in_CIRCLE with score 3.8008538929495774
[Main] Worker finished 17_5_in_CIRCLE with score 3.509704759175081
[Main] Worker finished 14_5_in_8 with score 2.57086553360258
[Main] Worker finished 20_8_in_6 with score 7.021084739848574
[Main] Worker finished 13_5_in_CIRCLE with score 3.0793548370246726
[Main] Worker finished 22_5_in_CIRCLE with score 3.9982536857362456
[29_5_in_6] Starting (50000 attempts)
Injecting --target-s 5.795418834502115 (from Friedman best_score 4.92987771630786)
[12_CIRCLE_in_6] Starting (50000 attempts)
[16_5_in_8] Starting (50000 attempts)
Injecting --target-s 4.228732116626224 (from Friedman best_score 2.753158087297144)
[14_5_in_CIRCLE] Starting (50000 attempts)
Injecting --target-s 3.8032654001171027 (from Friedman best_score 3.235250786986958)
[18_5_in_CIRCLE] Starting (50000 attempts)
Injecting --target-s 4.251507631089685 (from Friedman best_score 3.6165484031013064)
[10_6_in_8] Starting (50000 attempts)
Injecting --target-s 3.586003262384047 (from Friedman best_score 2.7446080738430743)
[17_6_in_8] Starting (50000 attempts)
Injecting --target-s 4.5467412138034575 (from Friedman best_score 3.4799250675482436)
[17_6_in_CIRCLE] Starting (50000 attempts)
Injecting --target-s 4.302780923114251 (from Friedman best_score 4.302780923114252)
[13_6_in_8] Starting (50000 attempts)
Injecting --target-s 4.014316855612298 (from Friedman best_score 3.0724251058134984)
[12_5_in_CIRCLE] Starting (50000 attempts)
Injecting --target-s 3.549426853920723 (from Friedman best_score 3.019322822474101)
[8_DOMINO_in_5] Starting (50000 attempts)
Injecting --target-s 2.9718425321579196 (from Friedman best_score 3.49361042507589)
[24_6_in_CIRCLE] Starting (50000 attempts)
Injecting --target-s 5.085954598976741 (from Friedman best_score 5.085954598976742)
[7_DOMINO_in_6] Starting (5000 attempts)
Injecting --target-s 2.631522031258826 (from Friedman best_score 2.6315220312588257)
[21_5_in_8] Starting (50000 attempts)
Injecting --target-s 4.798789579460917 (from Friedman best_score 3.124299666083074)
[13_DOMINO_in_CIRCLE] Starting (50000 attempts)
Injecting --target-s 3.280698901053327 (from Friedman best_score 3.280698901053327)
[25_8_in_8] Starting (50000 attempts)
[Main] Worker finished 17_8_in_8 with score 4.77739666595167
Injecting --target-s 5.654781273165983 (from Friedman best_score 5.654781273165983)
[Main] Worker finished 15_5_in_6 with score 3.6577034435756794
[Main] Batch committing 10 runs...
[PASS] Valid configuration, metric s=2.819285173177726
[17_5_in_8] Success!
[PASS] Valid configuration, metric s=4.950411303539053
[22_5_in_DOMINO] Success!
[PASS] Valid configuration, metric s=5.381237089465599
[22_8_in_8] Success!
[PASS] Valid configuration, metric s=6.566008958695746
[22_6_in_5] Success!
[main abb5da74] auto: batch update of 10 runs
 Committer: ltkhg4 <ltkhg4@compute-34-07.mill>
Your name and email address were configured automatically based
on your username and hostname. Please check that they are accurate.
You can suppress this message by setting them explicitly. Run the
following command and follow the instructions in your editor to edit
your configuration file:

    git config --global --edit

After doing this, you may fix the identity used for this commit with:

    git commit --amend --reset-author

 3 files changed, 94 insertions(+)
 create mode 100644 results/15_5_in_6/20260807_194555/solution.json
[Main] Worker finished 17_CIRCLE_in_6 with score 5.133752647951886
[Main] Worker finished 22_5_in_8 with score 3.201035699156441
[Main] Worker finished 21_CIRCLE_in_6 with score 5.724090613301625
[Main] Worker finished 10_5_in_CIRCLE with score 2.8096957407169842
[Main] Worker finished 25_6_in_CIRCLE with score 5.211512366335625
[Main] Worker finished 23_5_in_CIRCLE with score 4.072528361684914
[Main] Worker finished 21_6_in_5 with score 6.42361900877598
[Main] Worker finished 20_6_in_8 with score 3.7491238161458025
[Main] Worker finished 18_5_in_8 with score 2.901054354602868
[Main] Worker finished 23_5_in_8 with score 3.2668521998149376
[Main] Batch committing 10 runs...
[PASS] Valid configuration, metric s=2.631506693470483
[7_DOMINO_in_6] Success!
[PASS] Valid configuration, metric s=4.309402112087078
[12_CIRCLE_in_6] Success!
[PASS] Valid configuration, metric s=2.756578233023460
[PASS] Valid configuration, metric s=3.501543285275724
[8_DOMINO_in_5] Success!
[10_6_in_8] Success!
[PASS] Valid configuration, metric s=3.024932522641383
[PASS] Valid configuration, metric s=3.237983563377362
[12_5_in_CIRCLE] Success!
[14_5_in_CIRCLE] Success!
[PASS] Valid configuration, metric s=3.087624644501296
[13_6_in_8] Success!
[PASS] Valid configuration, metric s=4.316151292780971
[17_6_in_CIRCLE] Success!
[PASS] Valid configuration, metric s=2.757555254323801
[PASS] Valid configuration, metric s=3.616547745836317
[16_5_in_8] Success!
[18_5_in_CIRCLE] Success!
[PASS] Valid configuration, metric s=3.498395495831623
[PASS] Valid configuration, metric s=4.929814055285817
[17_6_in_8] Success!
[PASS] Valid configuration, metric s=3.319545522273389
[29_5_in_6] Success!
[PASS] Valid configuration, metric s=5.105393906000926
[13_DOMINO_in_CIRCLE] Success!
[24_6_in_CIRCLE] Success!
[PASS] Valid configuration, metric s=3.132643489562975
[21_5_in_8] Success!
[PASS] Valid configuration, metric s=5.679885998161292
[25_8_in_8] Success!
[main ade9f33e] auto: batch update of 10 runs
 Committer: ltkhg4 <ltkhg4@compute-34-07.mill>
Your name and email address were configured automatically based
on your username and hostname. Please check that they are accurate.
You can suppress this message by setting them explicitly. Run the
following command and follow the instructions in your editor to edit
your configuration file:

    git config --global --edit

After doing this, you may fix the identity used for this commit with:

    git commit --amend --reset-author

 8 files changed, 117 insertions(+)
 create mode 100644 results/17_5_in_8/20260807_194859/solution.json
 create mode 100644 results/22_5_in_DOMINO/20260807_194859/solution.json
 create mode 100644 results/22_6_in_5/20260807_194900/solution.json
 create mode 100644 results/22_8_in_8/20260807_194859/solution.json
 create mode 100644 results/7_DOMINO_in_6/20260807_195228/solution.json
 create mode 100644 results/8_DOMINO_in_5/20260807_195226/solution.json
[22_5_in_CIRCLE] Starting (50000 attempts)
Injecting --target-s 4.700272207249719 (from Friedman best_score 3.9982903525716003)
[15_8_in_8] Starting (50000 attempts)
[17_5_in_CIRCLE] Starting (50000 attempts)
Injecting --target-s 4.462543691563868 (from Friedman best_score 4.462543691563868)
Injecting --target-s 4.125454269000596 (from Friedman best_score 3.509321008744731)
[10_6_in_5] Starting (50000 attempts)
Injecting --target-s 3.8807698616366815 (from Friedman best_score 4.5621185844222865)
[14_5_in_8] Starting (50000 attempts)
Injecting --target-s 3.9408646658134128 (from Friedman best_score 2.5657391214187344)
[20_5_in_CIRCLE] Starting (50000 attempts)
Injecting --target-s 4.467842958202455 (from Friedman best_score 3.8005742239848876)
[20_8_in_6] Starting (50000 attempts)
Injecting --target-s 5.356839984118685 (from Friedman best_score 6.99904873201843)
[17_8_in_8] Starting (50000 attempts)
Injecting --target-s 4.758844808330094 (from Friedman best_score 4.758844808330094)
[13_5_in_CIRCLE] Starting (50000 attempts)
Injecting --target-s 3.6195495600578704 (from Friedman best_score 3.078972759133498)
[15_5_in_6] Starting (50000 attempts)
Injecting --target-s 4.277442903466547 (from Friedman best_score 3.638610263513514)
[21_DOMINO_in_6] Starting (50000 attempts)
Injecting --target-s 4.490117064227373 (from Friedman best_score 4.4901170642273724)
[24_5_in_CIRCLE] Starting (50000 attempts)
[Main] Worker finished 22_5_in_DOMINO with score 4.950411303539053
Injecting --target-s 4.854720961561159 (from Friedman best_score 4.129672310275592)
[Main] Worker finished 18_5_in_CIRCLE with score 3.616547745836317
[Main] Worker finished 17_5_in_8 with score 2.8192851731777258
[Main] Worker finished 17_6_in_8 with score 3.498395495831623
[Main] Worker finished 13_6_in_8 with score 3.087624644501296
[Main] Worker finished 22_6_in_5 with score 6.566008958695746
[Main] Worker finished 8_DOMINO_in_5 with score 3.5015432852757242
[Main] Worker finished 22_8_in_8 with score 5.381237089465599
[Main] Worker finished 25_8_in_8 with score 5.679885998161292
[Main] Worker finished 12_5_in_CIRCLE with score 3.0249325226413832
[Main] Batch committing 10 runs...
[main ff5dfd95] auto: batch update of 10 runs
 Committer: ltkhg4 <ltkhg4@compute-34-07.mill>
Your name and email address were configured automatically based
on your username and hostname. Please check that they are accurate.
You can suppress this message by setting them explicitly. Run the
following command and follow the instructions in your editor to edit
your configuration file:

    git config --global --edit

After doing this, you may fix the identity used for this commit with:

    git commit --amend --reset-author

 16 files changed, 180 insertions(+)
 create mode 100644 results/10_6_in_8/20260807_195225/solution.json
 create mode 100644 results/12_5_in_CIRCLE/20260807_195225/solution.json
 create mode 100644 results/12_CIRCLE_in_6/20260807_195224/solution.json
 create mode 100644 results/13_6_in_8/20260807_195225/solution.json
 create mode 100644 results/13_DOMINO_in_CIRCLE/20260807_195229/solution.json
 create mode 100644 results/14_5_in_CIRCLE/20260807_195225/solution.json
 create mode 100644 results/16_5_in_8/20260807_195224/solution.json
 create mode 100644 results/17_6_in_8/20260807_195225/solution.json
 create mode 100644 results/17_6_in_CIRCLE/20260807_195225/solution.json
 create mode 100644 results/18_5_in_CIRCLE/20260807_195225/solution.json
 create mode 100644 results/21_5_in_8/20260807_195229/solution.json
 create mode 100644 results/24_6_in_CIRCLE/20260807_195226/solution.json
 create mode 100644 results/25_8_in_8/20260807_195230/solution.json
 create mode 100644 results/29_5_in_6/20260807_195224/solution.json
[Main] Worker finished 10_6_in_8 with score 2.7565782330234603
[Main] Worker finished 17_6_in_CIRCLE with score 4.316151292780971
[Main] Worker finished 12_CIRCLE_in_6 with score 4.309402112087078
[Main] Worker finished 13_DOMINO_in_CIRCLE with score 3.3195455222733887
[Main] Worker finished 14_5_in_CIRCLE with score 3.237983563377362
[Main] Worker finished 24_6_in_CIRCLE with score 5.105393906000926
[Main] Worker finished 16_5_in_8 with score 2.757555254323801
[Main] Worker finished 7_DOMINO_in_6 with score 2.6315066934704827
[Main] Worker finished 21_5_in_8 with score 3.1326434895629753
[Main] Worker finished 29_5_in_6 with score 4.929814055285817
[Main] Batch committing 10 runs...
[PASS] Valid configuration, metric s=4.574769884311197
[PASS] Valid configuration, metric s=3.079354837024673
[10_6_in_5] Success!
[PASS] Valid configuration, metric s=3.998253685736246
[13_5_in_CIRCLE] Success!
[PASS] Valid configuration, metric s=7.021084739848574
[22_5_in_CIRCLE] Success!
[PASS] Valid configuration, metric s=4.462196194395418
[20_8_in_6] Success!
[21_DOMINO_in_6] Success!
[PASS] Valid configuration, metric s=2.570865533602580
[PASS] Valid configuration, metric s=3.509704759175081
[14_5_in_8] Success!
[17_5_in_CIRCLE] Success!
[PASS] Valid configuration, metric s=3.657703443575679
[15_5_in_6] Success!
[PASS] Valid configuration, metric s=3.800853892949577
[20_5_in_CIRCLE] Success!
[PASS] Valid configuration, metric s=4.480124023637546
[15_8_in_8] Success!
[PASS] Valid configuration, metric s=4.124297951923563
[PASS] Valid configuration, metric s=4.777396665951670
[24_5_in_CIRCLE] Success!
[17_8_in_8] Success!
[main 3210f389] auto: batch update of 10 runs
 Committer: ltkhg4 <ltkhg4@compute-34-07.mill>
Your name and email address were configured automatically based
on your username and hostname. Please check that they are accurate.
You can suppress this message by setting them explicitly. Run the
following command and follow the instructions in your editor to edit
your configuration file:

    git config --global --edit

After doing this, you may fix the identity used for this commit with:

    git commit --amend --reset-author

 2 files changed, 74 insertions(+)
[29_5_in_6] Starting (50000 attempts)
Injecting --target-s 5.795418834502115 (from Friedman best_score 4.92987771630786)
[18_5_in_CIRCLE] Starting (50000 attempts)
Injecting --target-s 4.251507631089685 (from Friedman best_score 3.6165484031013064)
[17_6_in_8] Starting (50000 attempts)
Injecting --target-s 4.5467412138034575 (from Friedman best_score 3.4799250675482436)
[25_6_in_CIRCLE] Starting (50000 attempts)
Injecting --target-s 5.191809705932577 (from Friedman best_score 5.191809705932578)
[22_5_in_8] Starting (50000 attempts)
Injecting --target-s 4.902397692928863 (from Friedman best_score 3.1917547584457124)
[23_5_in_CIRCLE] Starting (50000 attempts)
Injecting --target-s 4.787066122977682 (from Friedman best_score 4.07212166714563)
[13_6_in_8] Starting (50000 attempts)
Injecting --target-s 4.014316855612298 (from Friedman best_score 3.0724251058134984)
[8_DOMINO_in_5] Starting (50000 attempts)
Injecting --target-s 2.9718425321579196 (from Friedman best_score 3.49361042507589)
[12_DOMINO_in_DOMINO] Starting (50000 attempts)
Injecting --target-s 3.9186103619302903 (from Friedman best_score 3.9186103619302903)
[21_5_in_6] Starting (50000 attempts)
Injecting --target-s 4.986885789630469 (from Friedman best_score 4.242098428108458)
[23_8_in_8] Starting (50000 attempts)
Injecting --target-s 5.421551360138886 (from Friedman best_score 5.421551360138886)
[20_6_in_8] Starting (50000 attempts)
Injecting --target-s 4.869958436095829 (from Friedman best_score 3.727304819600954)
[23_5_in_8] Starting (50000 attempts)
Injecting --target-s 5.001804820745848 (from Friedman best_score 3.2564747573333848)
[28_5_in_8] Starting (50000 attempts)
Injecting --target-s 5.479051888531001 (from Friedman best_score 3.567191205685717)
[11_6_in_5] Starting (50000 attempts)
Injecting --target-s 4.019239406619577 (from Friedman best_score 4.724899297287477)
[21_6_in_5] Starting (50000 attempts)
Injecting --target-s 5.446357578265633 (from Friedman best_score 6.402577326431777)
[25_5_in_8] Starting (50000 attempts)
Injecting --target-s 5.174842069344664 (from Friedman best_score 3.3691323783991427)
[18_5_in_8] Starting (50000 attempts)
Injecting --target-s 4.444194351205141 (from Friedman best_score 2.8934369172816097)
[22_8_in_8] Starting (50000 attempts)
Injecting --target-s 5.358975508363075 (from Friedman best_score 5.358975508363075)
[Main] Worker finished 20_8_in_6 with score 7.021084739848574
[17_5_in_8] Starting (50000 attempts)
Injecting --target-s 4.318923209399447 (from Friedman best_score 2.8118778949422008)
[Main] Worker finished 17_5_in_CIRCLE with score 3.509704759175081
[Main] Worker finished 17_8_in_8 with score 4.77739666595167
[Main] Worker finished 13_5_in_CIRCLE with score 3.0793548370246726
[Main] Worker finished 15_8_in_8 with score 4.480124023637546
[Main] Worker finished 24_5_in_CIRCLE with score 4.124297951923563
[Main] Worker finished 15_5_in_6 with score 3.6577034435756794
[Main] Worker finished 22_5_in_CIRCLE with score 3.9982536857362456
[Main] Worker finished 20_5_in_CIRCLE with score 3.8008538929495774
[Main] Worker finished 10_6_in_5 with score 4.574769884311197
[Main] Batch committing 10 runs...
[main 7f40f5cb] auto: batch update of 10 runs
 Committer: ltkhg4 <ltkhg4@compute-34-07.mill>
Your name and email address were configured automatically based
on your username and hostname. Please check that they are accurate.
You can suppress this message by setting them explicitly. Run the
following command and follow the instructions in your editor to edit
your configuration file:

    git config --global --edit

After doing this, you may fix the identity used for this commit with:

    git commit --amend --reset-author

 14 files changed, 172 insertions(+)
 create mode 100644 results/10_6_in_5/20260807_195712/solution.json
 create mode 100644 results/13_5_in_CIRCLE/20260807_195713/solution.json
 create mode 100644 results/14_5_in_8/20260807_195712/solution.json
 create mode 100644 results/15_5_in_6/20260807_195713/solution.json
 create mode 100644 results/15_8_in_8/20260807_195712/solution.json
 create mode 100644 results/17_5_in_CIRCLE/20260807_195712/solution.json
 create mode 100644 results/17_8_in_8/20260807_195713/solution.json
 create mode 100644 results/20_5_in_CIRCLE/20260807_195712/solution.json
 create mode 100644 results/20_8_in_6/20260807_195712/solution.json
 create mode 100644 results/21_DOMINO_in_6/20260807_195714/solution.json
 create mode 100644 results/22_5_in_CIRCLE/20260807_195712/solution.json
 create mode 100644 results/24_5_in_CIRCLE/20260807_195714/solution.json
[Main] Worker finished 21_DOMINO_in_6 with score 4.462196194395418
[Main] Worker finished 14_5_in_8 with score 2.57086553360258
[12_CIRCLE_in_6] Starting (50000 attempts)
[16_5_in_8] Starting (50000 attempts)
Injecting --target-s 4.228732116626224 (from Friedman best_score 2.753158087297144)
[14_5_in_CIRCLE] Starting (50000 attempts)
Injecting --target-s 3.8032654001171027 (from Friedman best_score 3.235250786986958)
[10_6_in_8] Starting (50000 attempts)
Injecting --target-s 3.586003262384047 (from Friedman best_score 2.7446080738430743)
[17_5_in_CIRCLE] Starting (50000 attempts)
Injecting --target-s 4.125454269000596 (from Friedman best_score 3.509321008744731)
[20_8_in_6] Starting (50000 attempts)
Injecting --target-s 5.356839984118685 (from Friedman best_score 6.99904873201843)
[17_6_in_CIRCLE] Starting (50000 attempts)
Injecting --target-s 4.302780923114251 (from Friedman best_score 4.302780923114252)
[22_6_in_6] Starting (50000 attempts)
Injecting --target-s 5.29540470083123 (from Friedman best_score 5.29540470083123)
[24_6_in_CIRCLE] Starting (50000 attempts)
Injecting --target-s 5.085954598976741 (from Friedman best_score 5.085954598976742)
[22_5_in_DOMINO] Starting (50000 attempts)
Injecting --target-s 5.804118766618042 (from Friedman best_score 4.937278320594882)
[22_6_in_5] Starting (50000 attempts)
Injecting --target-s 5.566946427026894 (from Friedman best_score 6.54433802021737)
[7_DOMINO_in_6] Starting (5000 attempts)
Injecting --target-s 2.631522031258826 (from Friedman best_score 2.6315220312588257)
[PASS] Valid configuration, metric s=3.935981746673115
[PASS] Valid configuration, metric s=3.087624644501296
[PASS] Valid configuration, metric s=3.501543285275724
[13_6_in_8] Success!
[Main] Worker finished 13_6_in_8 with score 3.087624644501296
[8_DOMINO_in_5] Success!
[12_DOMINO_in_DOMINO] Success!
[Main] Worker finished 8_DOMINO_in_5 with score 3.5015432852757242
[17_8_in_8] Starting (50000 attempts)
[Main] Worker finished 12_DOMINO_in_DOMINO with score 3.935981746673115
Injecting --target-s 4.758844808330094 (from Friedman best_score 4.758844808330094)
[15_8_in_8] Starting (50000 attempts)
Injecting --target-s 4.462543691563868 (from Friedman best_score 4.462543691563868)
[13_5_in_CIRCLE] Starting (50000 attempts)
Injecting --target-s 3.6195495600578704 (from Friedman best_score 3.078972759133498)
[PASS] Valid configuration, metric s=4.738880780683014
[11_6_in_5] Success!
[Main] Worker finished 11_6_in_5 with score 4.738880780683014
[21_6_in_8] Starting (50000 attempts)
Injecting --target-s 4.978233847479377 (from Friedman best_score 3.81017523173895)
[PASS] Valid configuration, metric s=3.498395495831623
[17_6_in_8] Success!
[Main] Worker finished 17_6_in_8 with score 3.498395495831623
[15_5_in_6] Starting (50000 attempts)
Injecting --target-s 4.277442903466547 (from Friedman best_score 3.638610263513514)
[PASS] Valid configuration, metric s=3.616547745836317
[18_5_in_CIRCLE] Success!
[Main] Worker finished 18_5_in_CIRCLE with score 3.616547745836317
[PASS] Valid configuration, metric s=4.072121108848746
[23_5_in_CIRCLE] Success!
[Main] Worker finished 23_5_in_CIRCLE with score 4.072121108848746
[22_5_in_CIRCLE] Starting (50000 attempts)
Injecting --target-s 4.700272207249719 (from Friedman best_score 3.9982903525716003)
[20_5_in_CIRCLE] Starting (50000 attempts)
Injecting --target-s 4.467842958202455 (from Friedman best_score 3.8005742239848876)
[PASS] Valid configuration, metric s=4.267065428004290
[21_5_in_6] Success!
[Main] Worker finished 21_5_in_6 with score 4.26706542800429
[Main] Batch committing 10 runs...
[PASS] Valid configuration, metric s=3.266852199814938
[23_5_in_8] Success!
[PASS] Valid configuration, metric s=3.749123816145802
[PASS] Valid configuration, metric s=4.929814055285817
[PASS] Valid configuration, metric s=3.201035699156441
[20_6_in_8] Success!
[22_5_in_8] Success!
[29_5_in_6] Success!
[PASS] Valid configuration, metric s=6.423619008775980
[21_6_in_5] Success!
[PASS] Valid configuration, metric s=5.211512366335625
[25_6_in_CIRCLE] Success!
[PASS] Valid configuration, metric s=2.819285173177726
[17_5_in_8] Success!
[PASS] Valid configuration, metric s=2.901054354602868
[18_5_in_8] Success!
[PASS] Valid configuration, metric s=3.383558796385488
[25_5_in_8] Success!
[PASS] Valid configuration, metric s=3.582215248748605
[28_5_in_8] Success!
[PASS] Valid configuration, metric s=5.381237089465599
[22_8_in_8] Success!
[PASS] Valid configuration, metric s=5.445689579242635
[23_8_in_8] Success!
[PASS] Valid configuration, metric s=2.631506693470483
[7_DOMINO_in_6] Success!
[PASS] Valid configuration, metric s=4.309406330199947
[12_CIRCLE_in_6] Success!
[PASS] Valid configuration, metric s=2.756578233023460
[10_6_in_8] Success!
[PASS] Valid configuration, metric s=3.237983563377362
[14_5_in_CIRCLE] Success!
[PASS] Valid configuration, metric s=2.757555254323801
[16_5_in_8] Success!
[PASS] Valid configuration, metric s=3.509704759175081
[17_5_in_CIRCLE] Success!
[PASS] Valid configuration, metric s=4.316151292780971
[17_6_in_CIRCLE] Success!
[PASS] Valid configuration, metric s=4.950411303539053
[22_5_in_DOMINO] Success!
[PASS] Valid configuration, metric s=5.319190116042833
[22_6_in_6] Success!
[PASS] Valid configuration, metric s=7.021084739848574
[20_8_in_6] Success!
[PASS] Valid configuration, metric s=5.105393906000926
[24_6_in_CIRCLE] Success!
[PASS] Valid configuration, metric s=6.566008958695746
[22_6_in_5] Success!
[main 3e931010] auto: batch update of 10 runs
 Committer: ltkhg4 <ltkhg4@compute-34-07.mill>
Your name and email address were configured automatically based
on your username and hostname. Please check that they are accurate.
You can suppress this message by setting them explicitly. Run the
following command and follow the instructions in your editor to edit
your configuration file:

    git config --global --edit

After doing this, you may fix the identity used for this commit with:

    git commit --amend --reset-author

 23 files changed, 303 insertions(+)
 create mode 100644 results/11_6_in_5/20260807_200159/solution.json
 create mode 100644 results/12_DOMINO_in_DOMINO/20260807_200158/solution.json
 create mode 100644 results/13_6_in_8/20260807_200158/solution.json
 create mode 100644 results/17_5_in_8/20260807_200200/solution.json
 create mode 100644 results/17_6_in_8/20260807_200157/solution.json
 create mode 100644 results/18_5_in_8/20260807_200200/solution.json
 create mode 100644 results/18_5_in_CIRCLE/20260807_200157/solution.json
 create mode 100644 results/20_6_in_8/20260807_200159/solution.json
 create mode 100644 results/21_5_in_6/20260807_200158/solution.json
 create mode 100644 results/21_6_in_5/20260807_200200/solution.json
 create mode 100644 results/22_5_in_8/20260807_200158/solution.json
 create mode 100644 results/22_8_in_8/20260807_200200/solution.json
 create mode 100644 results/23_5_in_8/20260807_200159/solution.json
 create mode 100644 results/23_5_in_CIRCLE/20260807_200158/solution.json
 create mode 100644 results/23_8_in_8/20260807_200158/solution.json
 create mode 100644 results/25_5_in_8/20260807_200200/solution.json
 create mode 100644 results/25_6_in_CIRCLE/20260807_200157/solution.json
 create mode 100644 results/28_5_in_8/20260807_200159/solution.json
 create mode 100644 results/29_5_in_6/20260807_200157/solution.json
 create mode 100644 results/7_DOMINO_in_6/20260807_200456/solution.json
 create mode 100644 results/8_DOMINO_in_5/20260807_200158/solution.json
[Main] Worker finished 22_6_in_6 with score 5.319190116042833
[10_6_in_5] Starting (50000 attempts)
[Main] Worker finished 23_5_in_8 with score 3.2668521998149376
Injecting --target-s 3.8807698616366815 (from Friedman best_score 4.5621185844222865)
[Main] Worker finished 24_6_in_CIRCLE with score 5.105393906000926
[Main] Worker finished 21_6_in_5 with score 6.42361900877598
[Main] Worker finished 20_6_in_8 with score 3.7491238161458025
[Main] Worker finished 17_5_in_CIRCLE with score 3.509704759175081
[Main] Worker finished 14_5_in_CIRCLE with score 3.237983563377362
[Main] Worker finished 22_5_in_8 with score 3.201035699156441
[Main] Worker finished 16_5_in_8 with score 2.757555254323801
[Main] Worker finished 20_8_in_6 with score 7.021084739848574
[Main] Batch committing 10 runs...
[PASS] Valid configuration, metric s=3.079354837024673
[PASS] Valid configuration, metric s=4.480124023637546
[13_5_in_CIRCLE] Success!
[15_8_in_8] Success!
[PASS] Valid configuration, metric s=3.832919053395452
[21_6_in_8] Success!
[PASS] Valid configuration, metric s=4.777396665951670
[17_8_in_8] Success!
[PASS] Valid configuration, metric s=3.657703443575679
[15_5_in_6] Success!
[PASS] Valid configuration, metric s=3.800853892949577
[20_5_in_CIRCLE] Success!
[PASS] Valid configuration, metric s=3.998253685736246
[22_5_in_CIRCLE] Success!
