warning: unused variable: `dx_dposx`
   --> src/main.rs:601:33
    |
601 | ...                   let dx_dposx = 1.0;
    |                           ^^^^^^^^ help: if this is intentional, prefix it with an underscore: `_dx_dposx`
    |
    = note: `#[warn(unused_variables)]` (part of `#[warn(unused)]`) on by default

warning: unused variable: `dy_dposy`
   --> src/main.rs:602:33
    |
602 | ...                   let dy_dposy = 1.0;
    |                           ^^^^^^^^ help: if this is intentional, prefix it with an underscore: `_dy_dposy`

warning: `packer_rs` (bin "packer_rs") generated 2 warnings (run `cargo fix --bin "packer_rs" -p packer_rs` to apply 2 suggestions)
    Finished `release` profile [optimized] target(s) in 0.73s
[Main] Starting parallel loop on 32 cores.
[Main] Compiling Rust solver once before spawning workers...
warning: unused variable: `dx_dposx`
   --> src/main.rs:601:33
    |
601 | ...                   let dx_dposx = 1.0;
    |                           ^^^^^^^^ help: if this is intentional, prefix it with an underscore: `_dx_dposx`
    |
    = note: `#[warn(unused_variables)]` (part of `#[warn(unused)]`) on by default

warning: unused variable: `dy_dposy`
   --> src/main.rs:602:33
    |
602 | ...                   let dy_dposy = 1.0;
    |                           ^^^^^^^^ help: if this is intentional, prefix it with an underscore: `_dy_dposy`

warning: `packer_rs` (bin "packer_rs") generated 2 warnings (run `cargo fix --bin "packer_rs" -p packer_rs` to apply 2 suggestions)
    Finished `release` profile [optimized] target(s) in 0.17s
[5_6_in_DOMINO] Starting (5000 attempts)
[5_8_in_DOMINO] Starting (5000 attempts)
[6_5_in_CIRCLE] Starting (5000 attempts)
[5_5_in_CIRCLE] Starting (5000 attempts)
[6_6_in_DOMINO] Starting (5000 attempts)
[6_8_in_8] Starting (5000 attempts)
[5_8_in_6] Starting (5000 attempts)
[5_8_in_CIRCLE] Starting (5000 attempts)
[5_5_in_6] Starting (5000 attempts)
[6_8_in_CIRCLE] Starting (5000 attempts)
[6_5_in_8] Starting (5000 attempts)
[9_5_in_CIRCLE] Starting (50000 attempts)
[5_6_in_CIRCLE] Starting (5000 attempts)
[5_5_in_8] Starting (5000 attempts)
[10_6_in_CIRCLE] Starting (50000 attempts)
[5_8_in_8] Starting (5000 attempts)
[9_6_in_CIRCLE] Starting (50000 attempts)
[9_8_in_6] Starting (50000 attempts)
[10_8_in_CIRCLE] Starting (50000 attempts)
[10_5_in_DOMINO] Starting (50000 attempts)
[9_8_in_CIRCLE] Starting (50000 attempts)
[9_5_in_DOMINO] Starting (50000 attempts)
[10_5_in_CIRCLE] Starting (50000 attempts)
[5_DOMINO_in_8] Starting (5000 attempts)
[5_5_in_DOMINO] Starting (5000 attempts)
[11_6_in_DOMINO] Starting (50000 attempts)
[11_6_in_CIRCLE] Starting (50000 attempts)
[7_5_in_DOMINO] Starting (5000 attempts)
[9_6_in_DOMINO] Starting (50000 attempts)
[11_8_in_CIRCLE] Starting (50000 attempts)
[10_8_in_DOMINO] Starting (50000 attempts)
[11_8_in_8] Starting (50000 attempts)
[6_5_in_CIRCLE] Success!
[Main] Worker finished 6_5_in_CIRCLE with score 2.2448159807401584
[5_5_in_CIRCLE] Success!
[6_6_in_DOMINO] Success!
[5_8_in_CIRCLE] Success!
[5_6_in_DOMINO] Success!
[Main] Worker finished 5_8_in_CIRCLE with score 3.379748256163793
[8_5_in_CIRCLE] Starting (50000 attempts)
[Main] Worker finished 5_6_in_DOMINO with score 3.2487893949776403
[Main] Worker finished 6_6_in_DOMINO with score 3.412190038465937
[Main] Worker finished 5_5_in_CIRCLE with score 2.03272181014613
[6_8_in_8] Success!
[6_5_in_8] Success!
[6_8_in_CIRCLE] Success!
[5_5_in_6] Success!
[5_8_in_DOMINO] Success!
[6_5_in_DOMINO] Starting (5000 attempts)
[5_8_in_6] Success!
[9_5_in_CIRCLE] Success!
[6_8_in_DOMINO] Starting (5000 attempts)
[5_6_in_CIRCLE] Success!
[5_5_in_8] Success!
[8_8_in_6] Starting (50000 attempts)
[Main] Worker finished 5_6_in_CIRCLE with score 2.4714099800125626[11_8_in_6] Starting (50000 attempts)

[Main] Worker finished 5_5_in_8 with score 1.617632919653511
[Main] Worker finished 6_8_in_8 with score 2.9903520398567633
[Main] Worker finished 6_8_in_CIRCLE with score 3.698004722007813
[Main] Worker finished 5_5_in_6 with score 2.2194979105731463
[Main] Worker finished 5_8_in_6 with score 3.718683176646496
[Main] Worker finished 6_5_in_8 with score 1.7800787738480903
[Main] Worker finished 5_8_in_DOMINO with score 4.287990287177315
[Main] Worker finished 9_5_in_CIRCLE with score 2.7017279254073068
[5_8_in_8] Success!
[9_6_in_CIRCLE] Success!
[10_6_in_CIRCLE] Success!
[11_5_in_CIRCLE] Starting (50000 attempts)
[6_8_in_6] Starting (5000 attempts)
[8_5_in_6] Starting (50000 attempts)
[9_8_in_6] Success!
[9_8_in_CIRCLE] Success!
[8_5_in_5] Starting (50000 attempts)
[10_5_in_DOMINO] Success!
[9_8_in_DOMINO] Starting (50000 attempts)
[10_8_in_CIRCLE] Success!
[10_5_in_CIRCLE] Success!
[9_5_in_DOMINO] Success!
[6_6_in_6] Starting (5000 attempts)
[7_DOMINO_in_8] Starting (5000 attempts)
[5_DOMINO_in_8] Success!
[11_5_in_8] Starting (50000 attempts)
[5_5_in_DOMINO] Success!
[Main] Worker finished 9_6_in_CIRCLE with score 3.301685183089424
[12_5_in_CIRCLE] Starting (50000 attempts)
[Main] Worker finished 9_5_in_DOMINO with score 3.3350706296639823
[Main] Worker finished 10_6_in_CIRCLE with score 3.4883456646766517
[Main] Worker finished 9_8_in_6 with score 4.9334906423517095
[Main] Worker finished 10_8_in_CIRCLE with score 4.731911236779564
[Main] Worker finished 10_5_in_CIRCLE with score 2.810563744065405
[Main] Worker finished 5_DOMINO_in_8 with score 1.7165792692883637
[Main] Worker finished 9_8_in_CIRCLE with score 4.461023448046407
[Main] Worker finished 10_5_in_DOMINO with score 3.5209345875067064
[Main] Worker finished 5_5_in_DOMINO with score 2.4731698921611427
[Main] Worker finished 5_8_in_8 with score 2.7071480467545586
[11_6_in_CIRCLE] Success!
[11_6_in_DOMINO] Success!
[8_8_in_CIRCLE] Starting (50000 attempts)
[7_5_in_DOMINO] Success!
[10_8_in_6] Starting (50000 attempts)
[9_5_in_6] Starting (50000 attempts)
[11_5_in_DOMINO] Starting (50000 attempts)
[9_6_in_DOMINO] Success!
[8_5_in_DOMINO] Starting (50000 attempts)
[12_8_in_DOMINO] Starting (50000 attempts)
[11_8_in_CIRCLE] Success!
[10_8_in_8] Starting (50000 attempts)
[7_5_in_CIRCLE] Starting (5000 attempts)
[11_8_in_8] Success!
[10_8_in_DOMINO] Success!
[10_5_in_8] Starting (50000 attempts)
[13_6_in_DOMINO] Starting (50000 attempts)
[Main] Worker finished 9_6_in_DOMINO with score 4.060235788083775
[11_5_in_6] Starting (50000 attempts)
[Main] Worker finished 11_6_in_DOMINO with score 4.505392888904952
[Main] Worker finished 11_8_in_CIRCLE with score 4.882128715462701
[Main] Worker finished 10_8_in_DOMINO with score 5.830393533977369
[Main] Worker finished 11_6_in_CIRCLE with score 3.5902924577299857
[Main] Worker finished 11_8_in_8 with score 3.9328916733656962
[Main] Worker finished 7_5_in_DOMINO with score 2.919773978455972
[13_8_in_CIRCLE] Starting (50000 attempts)
[13_8_in_6] Starting (50000 attempts)
[9_5_in_8] Starting (50000 attempts)
[11_8_in_DOMINO] Starting (50000 attempts)
[12_6_in_DOMINO] Starting (50000 attempts)
[14_5_in_CIRCLE] Starting (50000 attempts)
[15_8_in_CIRCLE] Starting (50000 attempts)
[8_5_in_CIRCLE] Success!
[Main] Worker finished 8_5_in_CIRCLE with score 2.481283560845094
[6_5_in_DOMINO] Success!
[Main] Worker finished 6_5_in_DOMINO with score 2.6922843278571964
[12_5_in_DOMINO] Starting (50000 attempts)
[13_6_in_CIRCLE] Starting (50000 attempts)
[6_8_in_DOMINO] Success!
[Main] Worker finished 6_8_in_DOMINO with score 4.508077960588995
[8_8_in_6] Success!
[Main] Worker finished 8_8_in_6 with score 4.566557709972744[15_5_in_CIRCLE] Starting (50000 attempts)

[11_5_in_CIRCLE] Success!
[Main] Worker finished 11_5_in_CIRCLE with score 2.901945782859286
[10_5_in_5] Starting (50000 attempts)
[6_8_in_6] Success!
[11_8_in_6] Success!
[Main] Worker finished 11_8_in_6 with score 5.3482215930650865
[5_DOMINO_in_5] Starting (5000 attempts)
[Main] Worker finished 6_8_in_6 with score 3.9517550324284993
[8_5_in_6] Success!
[8_5_in_5] Success!
[12_8_in_CIRCLE] Starting (50000 attempts)
[9_8_in_DOMINO] Success!
[Main] Worker finished 9_8_in_DOMINO with score 5.495387962874541
[7_5_in_5] Starting (5000 attempts)
[Main] Worker finished 8_5_in_5 with score 3.3353820579813593
[Main] Worker finished 8_5_in_6 with score 2.719452216859648
[7_DOMINO_in_8] Success!
[6_6_in_6] Success!
[17_8_in_CIRCLE] Starting (50000 attempts)
[15_8_in_6] Starting (50000 attempts)
[11_5_in_8] Success!
[Main] Worker finished 11_5_in_8 with score 2.3352348035452555
[13_8_in_DOMINO] Starting (50000 attempts)
[Main] Worker finished 7_DOMINO_in_8 with score 2.010963427499484
[Main] Worker finished 6_6_in_6 with score 2.887323432188493
[13_5_in_6] Starting (50000 attempts)
[16_5_in_CIRCLE] Starting (50000 attempts)
[8_5_in_8] Starting (50000 attempts)
[8_8_in_CIRCLE] Success!
[Main] Worker finished 8_8_in_CIRCLE with score 4.124712135933074
[12_5_in_CIRCLE] Success!
[Main] Worker finished 12_5_in_CIRCLE with score 3.0365949777867485
[13_5_in_DOMINO] Starting (50000 attempts)
[13_5_in_8] Starting (50000 attempts)
[9_5_in_6] Success!
[Main] Worker finished 9_5_in_6 with score 2.8769663566878974
[10_8_in_6] Success!
[8_5_in_DOMINO] Success!
[Main] Worker finished 10_8_in_6 with score 5.069344021054535
[8_6_in_CIRCLE] Starting (50000 attempts)
[Main] Worker finished 8_5_in_DOMINO with score 3.0778174087735874
[11_5_in_DOMINO] Success!
[15_5_in_8] Starting (50000 attempts)
[7_5_in_CIRCLE] Success!
[Main] Worker finished 7_5_in_CIRCLE with score 2.2947270961973794[10_6_in_DOMINO] Starting (50000 attempts)

[Main] Worker finished 11_5_in_DOMINO with score 3.6174320987557165
[15_6_in_CIRCLE] Starting (50000 attempts)
[10_8_in_8] Success!
[10_5_in_8] Success!
[Main] Worker finished 10_5_in_8 with score 2.211504203545943
[8_8_in_8] Starting (50000 attempts)
[Main] Worker finished 10_8_in_8 with score 3.7073195460350816
[11_5_in_6] Success!
[12_8_in_DOMINO] Success!
[13_8_in_8] Starting (50000 attempts)
[13_6_in_DOMINO] Success!
[Main] Worker finished 12_8_in_DOMINO with score 6.315037330212945
[20_8_in_DOMINO] Starting (50000 attempts)
[Main] Worker finished 11_5_in_6 with score 3.162431841207716
[13_8_in_CIRCLE] Success!
[Main] Worker finished 13_6_in_DOMINO with score 4.8162564249882
[7_6_in_DOMINO] Starting (5000 attempts)
[9_5_in_8] Success!
[19_5_in_DOMINO] Starting (50000 attempts)
[Main] Worker finished 9_5_in_8 with score 2.095399706196413
[16_8_in_CIRCLE] Starting (50000 attempts)
[Main] Worker finished 13_8_in_CIRCLE with score 5.236082792430488
[13_8_in_6] Success!
[10_DOMINO_in_6] Starting (50000 attempts)
[14_5_in_CIRCLE] Success!
[Main] Worker finished 13_8_in_6 with score 5.774076565572148
[12_6_in_5] Starting (50000 attempts)
[Main] Worker finished 14_5_in_CIRCLE with score 3.2584106401780235
[12_6_in_DOMINO] Success!
[11_8_in_DOMINO] Success!
[15_8_in_CIRCLE] Success!
[20_5_in_DOMINO] Starting (50000 attempts)
[Main] Worker finished 15_8_in_CIRCLE with score 5.641124029788944
[12_8_in_8] Starting (50000 attempts)
[Main] Worker finished 12_6_in_DOMINO with score 4.617274529201505
[Main] Worker finished 11_8_in_DOMINO with score 6.031250214982396
[7_5_in_8] Starting (5000 attempts)
[21_8_in_DOMINO] Starting (50000 attempts)
[13_8_in_5] Starting (50000 attempts)
[12_5_in_DOMINO] Success!
[Main] Worker finished 12_5_in_DOMINO with score 3.748947107457924
[18_5_in_DOMINO] Starting (50000 attempts)
[13_6_in_CIRCLE] Success!
[Main] Worker finished 13_6_in_CIRCLE with score 3.8329225162157257
[15_5_in_CIRCLE] Success!
[Main] Worker finished 15_5_in_CIRCLE with score 3.342438976643318
[17_8_in_8] Starting (50000 attempts)
[5_DOMINO_in_5] Success!
[10_5_in_5] Success!
[Main] Worker finished 10_5_in_5 with score 3.6846771964957084
[13_5_in_CIRCLE] Starting (50000 attempts)
[Main] Worker finished 5_DOMINO_in_5 with score 2.8073311988083587
[12_8_in_CIRCLE] Success!
[16_5_in_DOMINO] Starting (50000 attempts)
[7_5_in_5] Success!
[Main] Worker finished 7_5_in_5 with score 3.0786967395377114[15_5_in_6] Starting (50000 attempts)

[Main] Worker finished 12_8_in_CIRCLE with score 5.002765039485882
[15_8_in_6] Success!
[16_5_in_8] Starting (50000 attempts)
[Main] Worker finished 15_8_in_6 with score 6.1485622123089225
[18_8_in_CIRCLE] Starting (50000 attempts)
[17_8_in_CIRCLE] Success!
[13_5_in_6] Success!
[8_5_in_8] Success!
[16_5_in_CIRCLE] Success!
[13_8_in_DOMINO] Success!
[Main] Worker finished 16_5_in_CIRCLE with score 3.4730840916600028
[21_5_in_CIRCLE] Starting (50000 attempts)
[Main] Worker finished 8_5_in_8 with score 1.9598964344390954
[Main] Worker finished 13_8_in_DOMINO with score 6.513821525314956
[Main] Worker finished 13_5_in_6 with score 3.419076826649032
[Main] Worker finished 17_8_in_CIRCLE with score 5.953764403418401
[18_5_in_CIRCLE] Starting (50000 attempts)
[13_5_in_8] Success!
[13_5_in_DOMINO] Success!
[22_5_in_CIRCLE] Starting (50000 attempts)
[8_6_in_CIRCLE] Success!
[14_8_in_CIRCLE] Starting (50000 attempts)
[13_6_in_5] Starting (50000 attempts)
[15_5_in_8] Success!
[Main] Worker finished 15_5_in_8 with score 2.682429903685507
[14_6_in_5] Starting (50000 attempts)
[Main] Worker finished 8_6_in_CIRCLE with score 2.9847604921286273
[Main] Worker finished 13_5_in_8 with score 2.5052538214555913
[Main] Worker finished 13_5_in_DOMINO with score 3.8849886045587247
[11_DOMINO_in_6] Starting (50000 attempts)
[15_6_in_CIRCLE] Success!
[15_8_in_8] Starting (50000 attempts)
[7_8_in_CIRCLE] Starting (5000 attempts)
[10_6_in_DOMINO] Success!
[Main] Worker finished 15_6_in_CIRCLE with score 4.082530506062867
[17_5_in_CIRCLE] Starting (50000 attempts)
[Main] Worker finished 10_6_in_DOMINO with score 4.177190110394029
[8_8_in_8] Success!
[9_5_in_5] Starting (50000 attempts)
[13_8_in_8] Success!
[Main] Worker finished 8_8_in_8 with score 3.275348062204641
[12_6_in_8] Starting (50000 attempts)
[Main] Worker finished 13_8_in_8 with score 4.171770127680911
[16_8_in_8] Starting (50000 attempts)
[7_6_in_DOMINO] Success!
[Main] Worker finished 7_6_in_DOMINO with score 3.487224509587221
[17_6_in_8] Starting (50000 attempts)
[8_DOMINO_in_6] Starting (50000 attempts)
[16_8_in_CIRCLE] Success!
[Main] Worker finished 16_8_in_CIRCLE with score 5.7444315016788705
[20_8_in_DOMINO] Success!
[19_5_in_DOMINO] Success!
[Main] Worker finished 20_8_in_DOMINO with score 8.089722651511702
[17_6_in_5] Starting (50000 attempts)
[Main] Worker finished 19_5_in_DOMINO with score 4.686584538793382
[10_DOMINO_in_6] Success!
[14_5_in_8] Starting (50000 attempts)
[12_6_in_5] Success!
[Main] Worker finished 12_6_in_5 with score 4.922616182091373
[16_6_in_8] Starting (50000 attempts)
[Main] Worker finished 10_DOMINO_in_6 with score 3.2099606383669643
[20_5_in_DOMINO] Success!
[20_8_in_CIRCLE] Starting (50000 attempts)
[7_5_in_8] Success!
[Main] Worker finished 20_5_in_DOMINO with score 4.8087657944433255
[20_5_in_CIRCLE] Starting (50000 attempts)
[Main] Worker finished 7_5_in_8 with score 1.8234814096525724
[15_6_in_6] Starting (50000 attempts)
[12_8_in_8] Success!
[Main] Worker finished 12_8_in_8 with score 4.000478709815032
[19_8_in_DOMINO] Starting (50000 attempts)
[11_DOMINO_in_8] Starting (50000 attempts)
[13_8_in_5] Success!
[Main] Worker finished 13_8_in_5 with score 6.971472962287854
[20_8_in_6] Starting (50000 attempts)
[18_5_in_DOMINO] Success!
[Main] Worker finished 18_5_in_DOMINO with score 4.558841191810819
[21_8_in_DOMINO] Success!
[Main] Worker finished 21_8_in_DOMINO with score 8.224997212393477
[23_5_in_CIRCLE] Starting (50000 attempts)
[17_6_in_CIRCLE] Starting (50000 attempts)
[17_8_in_8] Success!
[Main] Worker finished 17_8_in_8 with score 4.795558251964339
[21_5_in_DOMINO] Starting (50000 attempts)
[16_5_in_DOMINO] Success!
[Main] Worker finished 16_5_in_DOMINO with score 4.324998296212249
[13_5_in_CIRCLE] Success!
[15_5_in_6] Success!
[Main] Worker finished 13_5_in_CIRCLE with score 3.0955502836327007
[22_6_in_CIRCLE] Starting (50000 attempts)
[Main] Worker finished 15_5_in_6 with score 3.6597459716757257
[16_5_in_8] Success!
[15_5_in_DOMINO] Starting (50000 attempts)
[18_8_in_CIRCLE] Success!
[21_5_in_CIRCLE] Success!
[Main] Worker finished 16_5_in_8 with score 2.7652751633416526
[17_5_in_DOMINO] Starting (50000 attempts)
[Main] Worker finished 18_8_in_CIRCLE with score 6.07241321232294
[Main] Worker finished 21_5_in_CIRCLE with score 4.180934001627332
[18_5_in_CIRCLE] Success!
[12_5_in_5] Starting (50000 attempts)
[17_8_in_5] Starting (50000 attempts)
[22_5_in_CIRCLE] Success!
[Main] Worker finished 22_5_in_CIRCLE with score 4.124346091357558
[8_DOMINO_in_5] Starting (50000 attempts)
[Main] Worker finished 18_5_in_CIRCLE with score 3.734049545824984
[11_5_in_5] Starting (50000 attempts)
[8_6_in_DOMINO] Starting (50000 attempts)
[14_6_in_5] Success!
[Main] Worker finished 14_6_in_5 with score 5.294445349349041
[11_DOMINO_in_6] Success!
[13_6_in_5] Success!
[Main] Worker finished 13_6_in_5 with score 5.10247936309483
[18_8_in_8] Starting (50000 attempts)
[Main] Worker finished 11_DOMINO_in_6 with score 3.3941922413751477
[15_8_in_8] Success!
[22_8_in_DOMINO] Starting (50000 attempts)
[14_8_in_CIRCLE] Success!
[7_8_in_CIRCLE] Success!
[Main] Worker finished 14_8_in_CIRCLE with score 5.3428175757963245
[12_6_in_CIRCLE] Starting (50000 attempts)
[Main] Worker finished 7_8_in_CIRCLE with score 3.773377197225438
[Main] Worker finished 15_8_in_8 with score 4.512825325256429
[17_5_in_CIRCLE] Success!
[14_8_in_8] Starting (50000 attempts)
[18_6_in_8] Starting (50000 attempts)
[9_5_in_5] Success!
[Main] Worker finished 9_5_in_5 with score 3.449923892172803
[21_DOMINO_in_6] Starting (50000 attempts)
[Main] Worker finished 17_5_in_CIRCLE with score 3.613755111948211
[16_8_in_8] Success!
[18_8_in_5] Starting (50000 attempts)
[17_6_in_8] Success!
[12_6_in_8] Success!
[Main] Worker finished 16_8_in_8 with score 4.601023864233911[23_6_in_CIRCLE] Starting (50000 attempts)

[Main] Worker finished 12_6_in_8 with score 2.922192066431099
[Main] Worker finished 17_6_in_8 with score 3.4991784765228644
[8_DOMINO_in_6] Success!
[16_8_in_DOMINO] Starting (50000 attempts)
[19_8_in_5] Starting (50000 attempts)
[Main] Worker finished 8_DOMINO_in_6 with score 2.8539527790543495
[14_8_in_5] Starting (50000 attempts)
[14_5_in_8] Success!
[17_6_in_5] Success!
[Main] Worker finished 14_5_in_8 with score 2.59067578179536
[18_5_in_8] Starting (50000 attempts)
[Main] Worker finished 17_6_in_5 with score 5.82153217927277
[16_6_in_8] Success!
[16_6_in_5] Starting (50000 attempts)
[Main] Worker finished 16_6_in_8 with score 3.3719337995386294
[14_6_in_8] Starting (50000 attempts)
[20_8_in_CIRCLE] Success!
[20_5_in_CIRCLE] Success!
[Main] Worker finished 20_5_in_CIRCLE with score 3.9063957453843905[22_8_in_8] Starting (50000 attempts)

[Main] Worker finished 20_8_in_CIRCLE with score 6.371186505657623
[17_5_in_8] Starting (50000 attempts)
[15_6_in_6] Success!
[11_DOMINO_in_8] Success!
[Main] Worker finished 11_DOMINO_in_8 with score 2.518904126416464
[10_DOMINO_in_8] Starting (50000 attempts)
[Main] Worker finished 15_6_in_6 with score 4.4575630764188245
[20_5_in_8] Starting (50000 attempts)
[20_8_in_6] Success!
[Main] Worker finished 20_8_in_6 with score 7.24657571928384
[10_5_in_6] Starting (50000 attempts)
[24_6_in_CIRCLE] Starting (50000 attempts)
[23_5_in_CIRCLE] Success!
[Main] Worker finished 23_5_in_CIRCLE with score 4.477770126438488
[17_6_in_CIRCLE] Success!
[Main] Worker finished 17_6_in_CIRCLE with score 4.359896182763006
[25_6_in_CIRCLE] Starting (50000 attempts)
[19_8_in_DOMINO] Success!
[Main] Worker finished 19_8_in_DOMINO with score 7.7813071250623
[14_6_in_6] Starting (50000 attempts)
[21_5_in_DOMINO] Success!
[Main] Worker finished 21_5_in_DOMINO with score 4.892391081741039
[12_8_in_6] Starting (50000 attempts)
[22_6_in_CIRCLE] Success!
[Main] Worker finished 22_6_in_CIRCLE with score 4.897689037307793
[19_6_in_5] Starting (50000 attempts)
[12_5_in_6] Starting (50000 attempts)
[15_5_in_DOMINO] Success!
[Main] Worker finished 15_5_in_DOMINO with score 4.1194335210052015
[12_5_in_5] Success!
[Main] Worker finished 12_5_in_5 with score 3.973455287834672
[18_6_in_5] Starting (50000 attempts)
[17_5_in_DOMINO] Success!
[17_8_in_5] Success!
[Main] Worker finished 17_8_in_5 with score 7.919573634938392
[20_8_in_5] Starting (50000 attempts)
[Main] Worker finished 17_5_in_DOMINO with score 4.398883096789043
[8_DOMINO_in_5] Success!
[21_5_in_8] Starting (50000 attempts)
[Main] Worker finished 8_DOMINO_in_5 with score 3.505645804343286
[22_5_in_8] Starting (50000 attempts)
[14_6_in_CIRCLE] Starting (50000 attempts)
[11_5_in_5] Success!
[Main] Worker finished 11_5_in_5 with score 3.7970696253421474
[16_8_in_6] Starting (50000 attempts)
[18_8_in_8] Success!
[Main] Worker finished 18_8_in_8 with score 4.8609585679789085
[8_6_in_DOMINO] Success!
[Main] Worker finished 8_6_in_DOMINO with score 3.690828347954162
[22_6_in_8] Starting (50000 attempts)
[12_DOMINO_in_6] Starting (50000 attempts)
[12_6_in_CIRCLE] Success!
[Main] Worker finished 12_6_in_CIRCLE with score 3.606831478752314
[14_5_in_6] Starting (50000 attempts)
[14_8_in_8] Success!
[Main] Worker finished 14_8_in_8 with score 4.282012272184617
[18_6_in_8] Success!
[21_DOMINO_in_6] Success!
[Main] Worker finished 21_DOMINO_in_6 with score 4.626525709133091
[9_DOMINO_in_8] Starting (50000 attempts)
[Main] Worker finished 18_6_in_8 with score 3.5786089818764615
[22_8_in_DOMINO] Success!
[19_5_in_CIRCLE] Starting (50000 attempts)
[18_8_in_5] Success!
[Main] Worker finished 22_8_in_DOMINO with score 8.368216513079963[20_6_in_DOMINO] Starting (50000 attempts)

[Main] Worker finished 18_8_in_5 with score 8.1276807257948
[23_6_in_CIRCLE] Success!
[9_8_in_8] Starting (50000 attempts)
[Main] Worker finished 23_6_in_CIRCLE with score 4.993994528353886
[16_6_in_CIRCLE] Starting (50000 attempts)
[16_8_in_DOMINO] Success!
[Main] Worker finished 16_8_in_DOMINO with score 7.148109147766812
[12_6_in_6] Starting (50000 attempts)
[18_5_in_8] Success!
[Main] Worker finished 18_5_in_8 with score 2.9118212710356306
[7_DOMINO_in_5] Starting (5000 attempts)
[16_6_in_5] Success!
[Main] Worker finished 16_6_in_5 with score 5.618438003287637
[20_5_in_6] Starting (50000 attempts)
[19_8_in_5] Success!
[14_6_in_8] Success!
[Main] Worker finished 14_6_in_8 with score 3.135183895305146[19_6_in_DOMINO] Starting (50000 attempts)

[Main] Worker finished 19_8_in_5 with score 8.344521944061078
[22_8_in_8] Success!
[17_5_in_8] Success!
[24_5_in_CIRCLE] Starting (50000 attempts)
[14_8_in_5] Success!
[Main] Worker finished 14_8_in_5 with score 7.16216041655297
[15_6_in_5] Starting (50000 attempts)
[Main] Worker finished 17_5_in_8 with score 2.8461201950035018
[Main] Worker finished 22_8_in_8 with score 5.416192397326227
[20_6_in_CIRCLE] Starting (50000 attempts)
[10_DOMINO_in_8] Success!
[20_5_in_8] Success!
[14_6_in_DOMINO] Starting (50000 attempts)
[24_6_in_CIRCLE] Success!
[Main] Worker finished 10_DOMINO_in_8 with score 2.356882531014546
[21_5_in_6] Starting (50000 attempts)
[Main] Worker finished 20_5_in_8 with score 3.0474183386500915
[Main] Worker finished 24_6_in_CIRCLE with score 5.373934822574327
[10_5_in_6] Success!
[6_DOMINO_in_6] Starting (5000 attempts)
[20_6_in_5] Starting (50000 attempts)
[25_6_in_CIRCLE] Success!
[Main] Worker finished 25_6_in_CIRCLE with score 5.938576643416377
[16_8_in_5] Starting (50000 attempts)
[Main] Worker finished 10_5_in_6 with score 2.936824124057404
[16_5_in_6] Starting (50000 attempts)
[14_6_in_6] Success!
[Main] Worker finished 14_6_in_6 with score 4.269540072498029
[19_5_in_5] Starting (50000 attempts)
[20_6_in_8] Starting (50000 attempts)
[12_8_in_6] Success!
[Main] Worker finished 12_8_in_6 with score 5.389755950704758
[12_5_in_6] Success!
[Main] Worker finished 12_5_in_6 with score 3.2151294980423084
[19_5_in_8] Starting (50000 attempts)
[23_5_in_8] Starting (50000 attempts)
[19_6_in_5] Success!
[Main] Worker finished 19_6_in_5 with score 6.115072999999578
[18_6_in_5] Success!
[Main] Worker finished 18_6_in_5 with score 5.9487002378805585
[22_6_in_DOMINO] Starting (50000 attempts)
[21_6_in_5] Starting (50000 attempts)
[20_8_in_5] Success!
[Main] Worker finished 20_8_in_5 with score 8.549801055433676
[22_5_in_8] Success!
[14_6_in_CIRCLE] Success!
[Main] Worker finished 14_6_in_CIRCLE with score 3.8776925447610013
[15_8_in_5] Starting (50000 attempts)
[Main] Worker finished 22_5_in_8 with score 3.227658897536068
[21_5_in_8] Success!
[21_8_in_8] Starting (50000 attempts)
[Main] Worker finished 21_5_in_8 with score 3.1796227747715844
[7_8_in_8] Starting (5000 attempts)
[12_DOMINO_in_6] Success!
[22_6_in_8] Success!
[Main] Worker finished 12_DOMINO_in_6 with score 3.488203207993241[26_6_in_CIRCLE] Starting (50000 attempts)

[Main] Worker finished 22_6_in_8 with score 3.9403627992086934
[22_5_in_DOMINO] Starting (50000 attempts)
[16_8_in_6] Success!
[Main] Worker finished 16_8_in_6 with score 6.227691973009203
[22_6_in_5] Starting (50000 attempts)
[24_8_in_8] Starting (50000 attempts)
[9_DOMINO_in_8] Success!
[Main] Worker finished 9_DOMINO_in_8 with score 2.2089998340522063
[7_DOMINO_in_6] Starting (5000 attempts)
[14_5_in_6] Success!
[Main] Worker finished 14_5_in_6 with score 3.4886036938630687
[19_5_in_CIRCLE] Success!
[Main] Worker finished 19_5_in_CIRCLE with score 3.7188271749523367
[21_6_in_8] Starting (50000 attempts)
[20_8_in_8] Starting (50000 attempts)
[20_6_in_DOMINO] Success!
[Main] Worker finished 20_6_in_DOMINO with score 5.86850558533507
[9_8_in_8] Success!
[16_6_in_CIRCLE] Success!
[Main] Worker finished 16_6_in_CIRCLE with score 4.13973978250304
[22_5_in_6] Starting (50000 attempts)
[Main] Worker finished 9_8_in_8 with score 3.4148062243727244
[12_6_in_6] Success!
[14_8_in_6] Starting (50000 attempts)
[7_DOMINO_in_5] Success!
[Main] Worker finished 12_6_in_6 with score 3.941665481313825
[19_8_in_8] Starting (50000 attempts)
[Main] Worker finished 7_DOMINO_in_5 with score 3.2460583607575746
[20_5_in_6] Success!
[16_6_in_6] Starting (50000 attempts)
[Main] Worker finished 20_5_in_6 with score 4.160721571466066
[14_5_in_DOMINO] Starting (50000 attempts)
[6_DOMINO_in_5] Starting (5000 attempts)
[24_5_in_CIRCLE] Success!
[Main] Worker finished 24_5_in_CIRCLE with score 4.238069544518656
[15_6_in_5] Success!
[19_6_in_DOMINO] Success!
[Main] Worker finished 15_6_in_5 with score 5.414199746647559
[9_DOMINO_in_5] Starting (50000 attempts)
[Main] Worker finished 19_6_in_DOMINO with score 5.681535284189753
[20_6_in_CIRCLE] Success!
[17_8_in_6] Starting (50000 attempts)
[14_6_in_DOMINO] Success!
[Main] Worker finished 14_6_in_DOMINO with score 4.855540231024056
[25_8_in_8] Starting (50000 attempts)
[Main] Worker finished 20_6_in_CIRCLE with score 4.628569206045577
[21_5_in_6] Success!
[6_DOMINO_in_6] Success!
[23_6_in_5] Starting (50000 attempts)
[20_6_in_5] Success!
[Main] Worker finished 6_DOMINO_in_6 with score 2.4699692625693257
[17_5_in_5] Starting (50000 attempts)
[Main] Worker finished 21_5_in_6 with score 4.348942375577296
[Main] Worker finished 20_6_in_5 with score 6.261004867408969
[14_8_in_DOMINO] Starting (50000 attempts)
[23_8_in_8] Starting (50000 attempts)
[16_5_in_6] Success!
[19_5_in_5] Success!
[Main] Worker finished 16_5_in_6 with score 3.7231156166834656
[28_5_in_8] Starting (50000 attempts)
[Main] Worker finished 19_5_in_5 with score 4.961270644326138
[27_5_in_8] Starting (50000 attempts)
[20_6_in_8] Success!
[Main] Worker finished 20_6_in_8 with score 3.804814459859004
[25_5_in_8] Starting (50000 attempts)
[13_5_in_5] Starting (50000 attempts)
[16_8_in_5] Success!
[Main] Worker finished 16_8_in_5 with score 7.625542337307798
[19_5_in_8] Success!
[Main] Worker finished 19_5_in_8 with score 2.965576916380911
[22_6_in_6] Starting (50000 attempts)
[23_5_in_6] Starting (50000 attempts)
[23_5_in_8] Success!
[Main] Worker finished 23_5_in_8 with score 3.2715047858974993
[31_5_in_8] Starting (50000 attempts)
[21_6_in_5] Success!
[Main] Worker finished 21_6_in_5 with score 6.432434497638354
[22_6_in_DOMINO] Success!
[Main] Worker finished 22_6_in_DOMINO with score 6.186252197432229
[26_5_in_8] Starting (50000 attempts)
[23_6_in_6] Starting (50000 attempts)
[21_8_in_8] Success!
[Main] Worker finished 21_8_in_8 with score 5.199831833412223
[29_5_in_8] Starting (50000 attempts)
[7_8_in_8] Success!
[Main] Worker finished 7_8_in_8 with score 3.0001643064096313
[26_6_in_CIRCLE] Success!
[15_8_in_5] Success!
[22_5_in_DOMINO] Success!
[Main] Worker finished 22_5_in_DOMINO with score 4.9647201723283265
[20_5_in_5] Starting (50000 attempts)
[Main] Worker finished 15_8_in_5 with score 7.367389066196936
[Main] Worker finished 26_6_in_CIRCLE with score 5.266080780732194
[22_6_in_5] Success!
[18_5_in_5] Starting (50000 attempts)
[24_8_in_8] Success!
[14_5_in_5] Starting (50000 attempts)
[7_DOMINO_in_6] Success!
[Main] Worker finished 22_6_in_5 with score 6.574622628785089[26_8_in_8] Starting (50000 attempts)

[Main] Worker finished 7_DOMINO_in_6 with score 2.6318810635409817
[Main] Worker finished 24_8_in_8 with score 5.5796258251695745
[21_6_in_8] Success!
[24_6_in_5] Starting (50000 attempts)
[20_8_in_8] Success!
[25_5_in_6] Starting (50000 attempts)
[Main] Worker finished 21_6_in_8 with score 3.874301220309337
[21_5_in_5] Starting (50000 attempts)
[Main] Worker finished 20_8_in_8 with score 5.188990856898727
[15_DOMINO_in_8] Starting (50000 attempts)
[15_8_in_DOMINO] Starting (50000 attempts)
[22_5_in_6] Success!
[Main] Worker finished 22_5_in_6 with score 4.3371653383127
[19_8_in_8] Success!
[Main] Worker finished 19_8_in_8 with score 4.954185817862143
[28_5_in_6] Starting (50000 attempts)
[25_6_in_6] Starting (50000 attempts)
[16_6_in_6] Success!
[Main] Worker finished 16_6_in_6 with score 4.552766879922191
[14_8_in_6] Success!
[Main] Worker finished 14_8_in_6 with score 5.784092319753361
[7_6_in_8] Starting (5000 attempts)
[6_DOMINO_in_5] Success!
[14_5_in_DOMINO] Success!
[Main] Worker finished 6_DOMINO_in_5 with score 2.9891077837743882
[26_6_in_5] Starting (50000 attempts)
[Main] Worker finished 14_5_in_DOMINO with score 3.9296416606382114
[9_DOMINO_in_5] Success!
[29_8_in_8] Starting (50000 attempts)
[17_8_in_6] Success!
[Main] Worker finished 17_8_in_6 with score 6.357487408141246
[24_5_in_8] Starting (50000 attempts)
[Main] Worker finished 9_DOMINO_in_5 with score 3.659944318377379
[31_5_in_6] Starting (50000 attempts)
[25_8_in_8] Success!
[Main] Worker finished 25_8_in_8 with score 5.689543262957784
[21_DOMINO_in_5] Starting (50000 attempts)
[19_8_in_CIRCLE] Starting (50000 attempts)
[17_5_in_5] Success!
[Main] Worker finished 17_5_in_5 with score 4.658740172832984
[23_6_in_5] Success!
[Main] Worker finished 23_6_in_5 with score 6.677739603652575
[21_6_in_CIRCLE] Starting (50000 attempts)
[21_DOMINO_in_8] Starting (50000 attempts)
[23_8_in_8] Success!
[Main] Worker finished 23_8_in_8 with score 5.494770840388837
[30_8_in_8] Starting (50000 attempts)
[28_5_in_8] Success!
[Main] Worker finished 28_5_in_8 with score 3.588096386916915
[25_5_in_8] Success!
[27_5_in_8] Success!
[Main] Worker finished 27_5_in_8 with score 4.30053227802715
[26_5_in_6] Starting (50000 attempts)
[Main] Worker finished 25_5_in_8 with score 3.439292423320631
[13_5_in_5] Success!
[22_5_in_5] Starting (50000 attempts)
[Main] Worker finished 13_5_in_5 with score 4.069465436487953
[19_6_in_8] Starting (50000 attempts)
[22_6_in_6] Success!
[14_8_in_DOMINO] Success!
[Main] Worker finished 14_8_in_DOMINO with score 6.566717109350519[15_6_in_DOMINO] Starting (50000 attempts)

[Main] Worker finished 22_6_in_6 with score 5.3874802778060635
[23_5_in_6] Success!
[25_6_in_5] Starting (50000 attempts)
[31_5_in_8] Success!
[Main] Worker finished 23_5_in_6 with score 4.464626554413507
[30_5_in_8] Starting (50000 attempts)
[Main] Worker finished 31_5_in_8 with score 3.884578760679903
[26_5_in_8] Success!
[21_6_in_DOMINO] Starting (50000 attempts)
[23_6_in_6] Success!
[Main] Worker finished 23_6_in_6 with score 6.243487487331579
[10_DOMINO_in_5] Starting (50000 attempts)
[Main] Worker finished 26_5_in_8 with score 3.4900227685889504
[24_5_in_5] Starting (50000 attempts)
[29_5_in_8] Success!
[Main] Worker finished 29_5_in_8 with score 3.666913474248022
[29_5_in_6] Starting (50000 attempts)
[27_6_in_5] Starting (50000 attempts)
[20_5_in_5] Success!
[Main] Worker finished 20_5_in_5 with score 5.035279650543993
[18_5_in_5] Success!
[14_5_in_5] Success!
[Main] Worker finished 14_5_in_5 with score 4.236503266712543
[17_5_in_6] Starting (50000 attempts)
[Main] Worker finished 18_5_in_5 with score 4.7777219266896935
[26_6_in_6] Starting (50000 attempts)
[24_5_in_6] Starting (50000 attempts)
[26_8_in_8] Success!
[Main] Worker finished 26_8_in_8 with score 5.768098124688649
[24_6_in_5] Success!
[Main] Worker finished 24_6_in_5 with score 7.053799985877653
[24_6_in_6] Starting (50000 attempts)
[17_6_in_6] Starting (50000 attempts)
[25_5_in_6] Success!
[Main] Worker finished 25_5_in_6 with score 4.624525476551327
[14_DOMINO_in_6] Starting (50000 attempts)
[21_5_in_5] Success!
[Main] Worker finished 21_5_in_5 with score 5.251541540123586
[30_DOMINO_in_5] Starting (50000 attempts)
[15_DOMINO_in_8] Success!
[Main] Worker finished 15_DOMINO_in_8 with score 3.0106704948079646
[27_8_in_8] Starting (50000 attempts)
[28_5_in_6] Success!
[Main] Worker finished 28_5_in_6 with score 5.383664109897997
[18_6_in_DOMINO] Starting (50000 attempts)
[25_6_in_6] Success!
[Main] Worker finished 25_6_in_6 with score 6.132658295072175
[7_6_in_8] Success!
[Main] Worker finished 7_6_in_8 with score 2.182868631020293
[27_6_in_CIRCLE] Starting (50000 attempts)
[15_8_in_DOMINO] Success!
[Main] Worker finished 15_8_in_DOMINO with score 6.770204241184824
[22_DOMINO_in_6] Starting (50000 attempts)
[32_6_in_5] Starting (50000 attempts)
[26_6_in_5] Success!
[Main] Worker finished 26_6_in_5 with score 7.133647806355392
[28_6_in_6] Starting (50000 attempts)
[29_8_in_8] Success!
[Main] Worker finished 29_8_in_8 with score 7.740807294603693
[24_5_in_8] Success!
[Main] Worker finished 24_5_in_8 with score 3.4486979930530217
[22_DOMINO_in_5] Starting (50000 attempts)
[16_DOMINO_in_8] Starting (50000 attempts)
[31_5_in_6] Success!
[Main] Worker finished 31_5_in_6 with score 5.367169851784146
[21_DOMINO_in_5] Success!
[Main] Worker finished 21_DOMINO_in_5 with score 5.614111830886864
[25_5_in_5] Starting (50000 attempts)
[27_5_in_6] Starting (50000 attempts)
[19_8_in_CIRCLE] Success!
[Main] Worker finished 19_8_in_CIRCLE with score 6.092400121952731
[21_6_in_CIRCLE] Success!
[Main] Worker finished 21_6_in_CIRCLE with score 5.313757978623284
[14_DOMINO_in_5] Starting (50000 attempts)
[21_DOMINO_in_8] Success!
[Main] Worker finished 21_DOMINO_in_8 with score 3.518280693712854
[31_6_in_5] Starting (50000 attempts)
[9_DOMINO_in_6] Starting (50000 attempts)
[30_8_in_8] Success!
[Main] Worker finished 30_8_in_8 with score 7.040090537085883
[29_6_in_5] Starting (50000 attempts)
[26_5_in_6] Success!
[Main] Worker finished 26_5_in_6 with score 4.674723850526608
[22_5_in_5] Success!
[19_6_in_8] Success!
[Main] Worker finished 19_6_in_8 with score 3.590069631434398
[23_5_in_5] Starting (50000 attempts)
[Main] Worker finished 22_5_in_5 with score 5.29290972296808
[13_DOMINO_in_6] Starting (50000 attempts)
[25_6_in_5] Success!
[Main] Worker finished 25_6_in_5 with score 6.964848399803586
[27_DOMINO_in_8] Starting (50000 attempts)
[30_5_in_8] Success!
[Main] Worker finished 30_5_in_8 with score 3.8214106685872355
[28_6_in_5] Starting (50000 attempts)
[15_6_in_DOMINO] Success!
[Main] Worker finished 15_6_in_DOMINO with score 4.960801954210347
[30_5_in_6] Starting (50000 attempts)
[10_DOMINO_in_5] Success!
[24_5_in_5] Success!
[Main] Worker finished 10_DOMINO_in_5 with score 3.840608533906711
[18_5_in_6] Starting (50000 attempts)
[Main] Worker finished 24_5_in_5 with score 5.570010378462801
[27_6_in_5] Success!
[29_5_in_6] Success!
[20_DOMINO_in_6] Starting (50000 attempts)
[21_6_in_DOMINO] Success!
[Main] Worker finished 21_6_in_DOMINO with score 5.862711194567863
[26_5_in_5] Starting (50000 attempts)
[Main] Worker finished 29_5_in_6 with score 5.185501973522223
[Main] Worker finished 27_6_in_5 with score 7.183821505483945
[6_DOMINO_in_8] Starting (5000 attempts)
[17_5_in_6] Success!
[16_DOMINO_in_6] Starting (50000 attempts)
[26_6_in_6] Success!
[24_5_in_6] Success!
[Main] Worker finished 24_5_in_6 with score 4.508473817561804
[14_DOMINO_in_8] Starting (50000 attempts)
[Main] Worker finished 17_5_in_6 with score 3.7678213853494107
[Main] Worker finished 26_6_in_6 with score 5.751531659184749
[17_6_in_6] Success!
[12_DOMINO_in_5] Starting (50000 attempts)
[24_6_in_6] Success!
[18_8_in_6] Starting (50000 attempts)
[14_DOMINO_in_6] Success!
[30_DOMINO_in_5] Success!
[Main] Worker finished 14_DOMINO_in_6 with score 3.7031796535755417
[17_DOMINO_in_6] Starting (50000 attempts)
[Main] Worker finished 17_6_in_6 with score 4.63100252209216
[Main] Worker finished 30_DOMINO_in_5 with score 6.526596407914662
[Main] Worker finished 24_6_in_6 with score 5.48752785415649
[30_6_in_5] Starting (50000 attempts)
[27_8_in_8] Success!
[32_6_in_6] Starting (50000 attempts)
[18_6_in_DOMINO] Success!
[28_DOMINO_in_6] Starting (50000 attempts)
[27_6_in_CIRCLE] Success!
[22_DOMINO_in_6] Success!
[Main] Worker finished 22_DOMINO_in_6 with score 4.670094356720682
[13_DOMINO_in_8] Starting (50000 attempts)
[Main] Worker finished 27_8_in_8 with score 6.641454933829111
[Main] Worker finished 18_6_in_DOMINO with score 5.442859412642044
[Main] Worker finished 27_6_in_CIRCLE with score 5.418323367092372
[32_6_in_5] Success!
[28_6_in_6] Success!
[29_DOMINO_in_5] Starting (50000 attempts)
[22_DOMINO_in_5] Success!
[18_DOMINO_in_8] Starting (50000 attempts)
[16_5_in_5] Starting (50000 attempts)
[Main] Worker finished 32_6_in_5 with score 7.8179153188508375
[11_DOMINO_in_5] Starting (50000 attempts)
[Main] Worker finished 22_DOMINO_in_5 with score 5.763930351322336
[Main] Worker finished 28_6_in_6 with score 6.020851560697969
[16_DOMINO_in_8] Success!
[15_DOMINO_in_5] Starting (50000 attempts)
[25_5_in_5] Success!
[7_8_in_6] Starting (5000 attempts)
[27_5_in_6] Success!
[Main] Worker finished 16_DOMINO_in_8 with score 2.9915110622347365
[24_DOMINO_in_5] Starting (50000 attempts)
[Main] Worker finished 27_5_in_6 with score 4.73179950548483
[Main] Worker finished 25_5_in_5 with score 6.043227433847628
[14_DOMINO_in_5] Success!
[28_8_in_8] Starting (50000 attempts)
[31_6_in_5] Success!
[9_DOMINO_in_6] Success!
[17_DOMINO_in_8] Starting (50000 attempts)
[Main] Worker finished 14_DOMINO_in_5 with score 4.536959608086233
[20_DOMINO_in_8] Starting (50000 attempts)
[Main] Worker finished 31_6_in_5 with score 8.83295101890341
[Main] Worker finished 9_DOMINO_in_6 with score 2.9753252488090425
[29_6_in_5] Success!
[19_DOMINO_in_8] Starting (50000 attempts)
[23_5_in_5] Success!
[13_DOMINO_in_6] Success!
[19_DOMINO_in_5] Starting (50000 attempts)
[27_DOMINO_in_8] Success!
[Main] Worker finished 13_DOMINO_in_6 with score 3.5633637932644753
[27_6_in_6] Starting (50000 attempts)
[Main] Worker finished 27_DOMINO_in_8 with score 3.9297511539461447
[Main] Worker finished 29_6_in_5 with score 7.381369149313744
[Main] Worker finished 23_5_in_5 with score 5.462699387502675
[20_DOMINO_in_5] Starting (50000 attempts)
[28_6_in_5] Success!
[7_5_in_6] Starting (5000 attempts)
[30_5_in_6] Success!
[27_DOMINO_in_5] Starting (50000 attempts)
[18_5_in_6] Success!
[Main] Worker finished 28_6_in_5 with score 7.251662044115522
[25_DOMINO_in_5] Starting (50000 attempts)
[Main] Worker finished 18_5_in_6 with score 3.8519938429381386
[Main] Worker finished 30_5_in_6 with score 5.8404326963229245
[20_DOMINO_in_6] Success!
[16_DOMINO_in_5] Starting (50000 attempts)
[26_5_in_5] Success!
[13_DOMINO_in_5] Starting (50000 attempts)
[Main] Worker finished 26_5_in_5 with score 6.324160616592605
[22_DOMINO_in_8] Starting (50000 attempts)
[Main] Worker finished 20_DOMINO_in_6 with score 4.388526600503097
[6_DOMINO_in_8] Success!
[19_DOMINO_in_6] Starting (50000 attempts)
[16_DOMINO_in_6] Success!
[14_DOMINO_in_8] Success!
[Main] Worker finished 6_DOMINO_in_8 with score 1.7534315209270457
[15_DOMINO_in_6] Starting (50000 attempts)
[Main] Worker finished 16_DOMINO_in_6 with score 4.074211999157604
[Main] Worker finished 14_DOMINO_in_8 with score 2.7851652599783856
[12_DOMINO_in_5] Success!
[29_DOMINO_in_6] Starting (50000 attempts)
[18_8_in_6] Success!
[28_DOMINO_in_8] Starting (50000 attempts)
[Main] Worker finished 12_DOMINO_in_5 with score 4.214904418594042
[19_5_in_6] Starting (50000 attempts)
[Main] Worker finished 18_8_in_6 with score 6.437110716913375
[27_DOMINO_in_6] Starting (50000 attempts)
[17_DOMINO_in_6] Success!
[Main] Worker finished 17_DOMINO_in_6 with score 4.05610815599106
[26_DOMINO_in_5] Starting (50000 attempts)
[23_DOMINO_in_5] Starting (50000 attempts)
[32_6_in_6] Success!
[Main] Worker finished 32_6_in_6 with score 6.368759820485222
[28_DOMINO_in_6] Success!
[30_6_in_5] Success!
[13_DOMINO_in_8] Success!
[Main] Worker finished 30_6_in_5 with score 7.46448773734188[23_DOMINO_in_6] Starting (50000 attempts)

[Main] Worker finished 28_DOMINO_in_6 with score 5.506546578821588
[Main] Worker finished 13_DOMINO_in_8 with score 2.743110402550752
[28_DOMINO_in_5] Starting (50000 attempts)
[29_DOMINO_in_5] Success!
[29_DOMINO_in_8] Starting (50000 attempts)
[18_DOMINO_in_8] Success!
[Main] Worker finished 29_DOMINO_in_5 with score 6.701557764590032[7_6_in_6] Starting (5000 attempts)

[Main] Worker finished 18_DOMINO_in_8 with score 3.129666749246597
[16_5_in_5] Success!
[11_DOMINO_in_5] Success!
[15_DOMINO_in_5] Success!
[33_6_in_6] Starting (50000 attempts)
[Main] Worker finished 16_5_in_5 with score 4.475541745046282
[17_DOMINO_in_5] Starting (50000 attempts)
[Main] Worker finished 15_DOMINO_in_5 with score 4.652128172683757
[Main] Worker finished 11_DOMINO_in_5 with score 3.9477453679953984
[25_DOMINO_in_8] Starting (50000 attempts)
[7_8_in_6] Success!
[24_DOMINO_in_5] Success!
[18_6_in_6] Starting (50000 attempts)
[Main] Worker finished 7_8_in_6 with score 3.9771802467528956
[26_DOMINO_in_6] Starting (50000 attempts)
[Main] Worker finished 24_DOMINO_in_5 with score 5.869549848295244
[28_8_in_8] Success!
[19_8_in_6] Starting (50000 attempts)
[17_DOMINO_in_8] Success!
[Main] Worker finished 17_DOMINO_in_8 with score 3.002053140435838[18_DOMINO_in_5] Starting (50000 attempts)

[Main] Worker finished 28_8_in_8 with score 6.005529234953876
[20_DOMINO_in_8] Success!
[18_DOMINO_in_6] Starting (50000 attempts)
[Main] Worker finished 20_DOMINO_in_8 with score 3.2950538242750733
[25_DOMINO_in_6] Starting (50000 attempts)
[19_DOMINO_in_8] Success!
[Main] Worker finished 19_DOMINO_in_8 with score 3.2358001236068357
[30_DOMINO_in_6] Starting (50000 attempts)
[19_DOMINO_in_5] Success!
[Main] Worker finished 19_DOMINO_in_5 with score 5.234208130662085
[23_DOMINO_in_8] Starting (50000 attempts)
[24_DOMINO_in_8] Starting (50000 attempts)
[20_DOMINO_in_5] Success!
[Main] Worker finished 20_DOMINO_in_5 with score 5.501686529560237
[27_6_in_6] Success!
[7_5_in_6] Success!
[Main] Worker finished 7_5_in_6 with score 2.365289384810053
[30_DOMINO_in_8] Starting (50000 attempts)
[Main] Worker finished 27_6_in_6 with score 5.8996881781481765
[27_DOMINO_in_5] Success!
[25_DOMINO_in_5] Success!
[24_DOMINO_in_6] Starting (50000 attempts)
[Main] Worker finished 25_DOMINO_in_5 with score 5.900107481896659
[26_DOMINO_in_8] Starting (50000 attempts)
[Main] Worker finished 27_DOMINO_in_5 with score 6.18017261138789
[16_DOMINO_in_5] Success!
[31_DOMINO_in_8] Starting (50000 attempts)
[Main] Worker finished 16_DOMINO_in_5 with score 4.826751055230346
[19_6_in_6] Starting (50000 attempts)
[13_DOMINO_in_5] Success!
[22_DOMINO_in_8] Success!
[Main] Worker finished 13_DOMINO_in_5 with score 4.358468202622958[11_6_in_5] Starting (50000 attempts)

[Main] Worker finished 22_DOMINO_in_8 with score 3.577021531457959
[25_6_in_CIRCLE] Starting (50000 attempts)
[19_DOMINO_in_6] Success!
[Main] Worker finished 19_DOMINO_in_6 with score 4.313014325741137
[27_5_in_8] Starting (50000 attempts)
[23_6_in_6] Starting (50000 attempts)
[15_DOMINO_in_6] Success!
[Main] Worker finished 15_DOMINO_in_6 with score 3.9661818180175907
[28_5_in_6] Starting (50000 attempts)
[29_DOMINO_in_6] Success!
[Main] Worker finished 29_DOMINO_in_6 with score 5.42487534175108
[19_5_in_6] Success!
[28_DOMINO_in_8] Success!
[27_DOMINO_in_6] Success!
[Main] Worker finished 27_DOMINO_in_6 with score 5.206629226857864
[29_8_in_8] Starting (50000 attempts)
[Main] Worker finished 28_DOMINO_in_8 with score 4.172034538067222
[Main] Worker finished 19_5_in_6 with score 3.886410372020647
[26_DOMINO_in_5] Success!
[23_DOMINO_in_5] Success!
[21_6_in_CIRCLE] Starting (50000 attempts)
[30_8_in_8] Starting (50000 attempts)
[Main] Worker finished 26_DOMINO_in_5 with score 6.098803994165773
[27_8_in_8] Starting (50000 attempts)
[Main] Worker finished 23_DOMINO_in_5 with score 6.260266141703968
[31_6_in_5] Starting (50000 attempts)
[23_DOMINO_in_6] Success!
[Main] Worker finished 23_DOMINO_in_6 with score 4.813425863934019
[30_5_in_6] Starting (50000 attempts)
[28_DOMINO_in_5] Success!
[Main] Worker finished 28_DOMINO_in_5 with score 6.282130860438569
[26_5_in_5] Starting (50000 attempts)
[29_DOMINO_in_8] Success!
[7_6_in_6] Success!
[Main] Worker finished 29_DOMINO_in_8 with score 4.932205764807428[6_5_in_CIRCLE] Starting (5000 attempts)

[Main] Worker finished 7_6_in_6 with score 2.88701111080539
[17_DOMINO_in_5] Success!
[33_6_in_6] Success!
[10_8_in_CIRCLE] Starting (50000 attempts)
[Main] Worker finished 17_DOMINO_in_5 with score 4.993124152560439
[10_5_in_CIRCLE] Starting (50000 attempts)
[Main] Worker finished 33_6_in_6 with score 6.301860726586056
[25_DOMINO_in_8] Success!
[7_DOMINO_in_8] Starting (5000 attempts)
[18_6_in_6] Success!
[Main] Worker finished 25_DOMINO_in_8 with score 3.7947647362218606
[12_5_in_CIRCLE] Starting (50000 attempts)
[Main] Worker finished 18_6_in_6 with score 4.621349430444607
[26_DOMINO_in_6] Success!
[28_DOMINO_in_8] Starting (50000 attempts)
[Main] Worker finished 26_DOMINO_in_6 with score 5.069114024073276[9_5_in_6] Starting (50000 attempts)

[19_8_in_6] Success!
[18_DOMINO_in_5] Success!
[18_DOMINO_in_6] Success!
[Main] Worker finished 18_DOMINO_in_6 with score 4.150433535926765
[13_8_in_6] Starting (50000 attempts)
[Main] Worker finished 18_DOMINO_in_5 with score 5.1194162339411
[Main] Worker finished 19_8_in_6 with score 6.448136467114426
[25_DOMINO_in_6] Success!
[23_DOMINO_in_5] Starting (50000 attempts)
[30_DOMINO_in_6] Success!
[10_8_in_5] Starting (50000 attempts)
[Main] Worker finished 30_DOMINO_in_6 with score 5.5165731796094635
[9_6_in_8] Starting (50000 attempts)
[Main] Worker finished 25_DOMINO_in_6 with score 4.967893251041706
[23_DOMINO_in_8] Success!
[24_DOMINO_in_8] Success!
[29_DOMINO_in_8] Starting (50000 attempts)
[Main] Worker finished 24_DOMINO_in_8 with score 4.198789294208267
[14_5_in_CIRCLE] Starting (50000 attempts)
[Main] Worker finished 23_DOMINO_in_8 with score 3.60511706931935
[30_DOMINO_in_8] Success!
[15_8_in_CIRCLE] Starting (50000 attempts)
[24_DOMINO_in_6] Success!
[13_6_in_CIRCLE] Starting (50000 attempts)
[Main] Worker finished 24_DOMINO_in_6 with score 5.013861864361179
[Main] Worker finished 30_DOMINO_in_8 with score 4.898211593777919
[26_DOMINO_in_8] Success!
[9_8_in_5] Starting (50000 attempts)
[31_DOMINO_in_8] Success!
[Main] Worker finished 31_DOMINO_in_8 with score 5.18229106406766
[13_5_in_6] Starting (50000 attempts)
[Main] Worker finished 26_DOMINO_in_8 with score 3.9069115345308734
[19_6_in_6] Success!
[16_5_in_CIRCLE] Starting (50000 attempts)
[Main] Worker finished 19_6_in_6 with score 4.667249123233281
[13_5_in_8] Starting (50000 attempts)
[11_6_in_5] Success!
[Main] Worker finished 11_6_in_5 with score 4.774038446212972[11_6_in_6] Starting (50000 attempts)

[10_6_in_5] Starting (50000 attempts)
[25_6_in_CIRCLE] Success!
[Main] Worker finished 25_6_in_CIRCLE with score 5.197932449442212
[28_5_in_6] Success!
[Main] Worker finished 28_5_in_6 with score 4.861278188951596
[20_8_in_DOMINO] Starting (50000 attempts)
[19_5_in_DOMINO] Starting (50000 attempts)
[27_5_in_8] Success!
[Main] Worker finished 27_5_in_8 with score 3.5096510820028146
[23_6_in_6] Success!
[Main] Worker finished 23_6_in_6 with score 5.465666255018317
[24_DOMINO_in_8] Starting (50000 attempts)
[16_8_in_CIRCLE] Starting (50000 attempts)
[21_6_in_CIRCLE] Success!
[Main] Worker finished 21_6_in_CIRCLE with score 4.68620237775619
[11_8_in_5] Starting (50000 attempts)
[6_5_in_CIRCLE] Success!
[Main] Worker finished 6_5_in_CIRCLE with score 2.2312929342669907
[29_8_in_8] Success!
[Main] Worker finished 29_8_in_8 with score 6.090749152360154
[30_DOMINO_in_8] Starting (50000 attempts)
[31_6_in_5] Success!
[Main] Worker finished 31_6_in_5 with score 7.680763819026371
[31_DOMINO_in_8] Starting (50000 attempts)
[26_DOMINO_in_8] Starting (50000 attempts)
[10_5_in_CIRCLE] Success!
[Main] Worker finished 10_5_in_CIRCLE with score 2.804808373925404
[7_DOMINO_in_8] Success!
[Main] Worker finished 7_DOMINO_in_8 with score 2.0052721736657615
[20_5_in_DOMINO] Starting (50000 attempts)
[10_8_in_CIRCLE] Success!
[18_5_in_DOMINO] Starting (50000 attempts)
[Main] Worker finished 10_8_in_CIRCLE with score 4.75127218611163
[28_DOMINO_in_8] Success!
[26_5_in_5] Success!
[Main] Worker finished 28_DOMINO_in_8 with score 3.900860751232619
[17_8_in_8] Starting (50000 attempts)
[Main] Worker finished 26_5_in_5 with score 5.703447277666007
[12_5_in_CIRCLE] Success!
[30_5_in_6] Success!
[13_5_in_CIRCLE] Starting (50000 attempts)
[9_5_in_6] Success!
[Main] Worker finished 12_5_in_CIRCLE with score 3.026588588751193
[16_5_in_DOMINO] Starting (50000 attempts)
[Main] Worker finished 30_5_in_6 with score 4.970853579895428
[Main] Worker finished 9_5_in_6 with score 2.8900148954966616
[27_8_in_8] Success!
[15_5_in_6] Starting (50000 attempts)
[16_5_in_8] Starting (50000 attempts)
[Main] Worker finished 27_8_in_8 with score 5.815470563365018
[18_8_in_CIRCLE] Starting (50000 attempts)
[21_5_in_CIRCLE] Starting (50000 attempts)
[30_8_in_8] Success!
[Main] Worker finished 30_8_in_8 with score 6.156533643123495
[18_5_in_CIRCLE] Starting (50000 attempts)
[29_DOMINO_in_8] Success!
[Main] Worker finished 29_DOMINO_in_8 with score 4.033652173451082
[9_6_in_8] Success!
[23_DOMINO_in_5] Success!
[10_8_in_5] Success!
[13_8_in_6] Success!
[Main] Worker finished 9_6_in_8 with score 2.6341109191657477
[10_5_in_CIRCLE] Starting (50000 attempts)
[Main] Worker finished 13_8_in_6 with score 5.790189669490146
[Main] Worker finished 10_8_in_5 with score 6.3086008314667135
[Main] Worker finished 23_DOMINO_in_5 with score 5.682660290105599
[10_8_in_CIRCLE] Starting (50000 attempts)
[22_5_in_CIRCLE] Starting (50000 attempts)
[14_5_in_CIRCLE] Success!
[13_6_in_CIRCLE] Success!
[11_DOMINO_in_6] Starting (50000 attempts)
[Main] Worker finished 13_6_in_CIRCLE with score 3.8369336484278946
[15_8_in_8] Starting (50000 attempts)
[Main] Worker finished 14_5_in_CIRCLE with score 3.235250786986958
[12_5_in_CIRCLE] Starting (50000 attempts)
[9_8_in_5] Success!
[15_8_in_CIRCLE] Success!
[Main] Worker finished 15_8_in_CIRCLE with score 5.628638076460831[11_6_in_5] Starting (50000 attempts)

[Main] Worker finished 9_8_in_5 with score 5.994170884047151
[9_5_in_6] Starting (50000 attempts)
[13_5_in_6] Success!
[17_5_in_CIRCLE] Starting (50000 attempts)
[Main] Worker finished 13_5_in_6 with score 3.4115105969609285
[16_5_in_CIRCLE] Success!
[13_5_in_8] Success!
[Main] Worker finished 13_5_in_8 with score 2.5069731037578142[12_5_in_8] Starting (50000 attempts)

[Main] Worker finished 16_5_in_CIRCLE with score 3.4389739282988523
[11_6_in_6] Success!
[9_6_in_8] Starting (50000 attempts)
[10_6_in_5] Success!
[Main] Worker finished 10_6_in_5 with score 4.5621185844222865[17_6_in_8] Starting (50000 attempts)

[Main] Worker finished 11_6_in_6 with score 3.9493073634468594
[13_8_in_6] Starting (50000 attempts)
[24_DOMINO_in_8] Success!
[Main] Worker finished 24_DOMINO_in_8 with score 3.655338197289365
[10_8_in_5] Starting (50000 attempts)
[20_8_in_DOMINO] Success!
[Main] Worker finished 20_8_in_DOMINO with score 8.102774853359481[14_5_in_8] Starting (50000 attempts)

[13_6_in_CIRCLE] Starting (50000 attempts)
[19_5_in_DOMINO] Success!
[Main] Worker finished 19_5_in_DOMINO with score 4.697834635053744
[20_5_in_CIRCLE] Starting (50000 attempts)
[11_8_in_5] Success!
[Main] Worker finished 11_8_in_5 with score 6.497991980936347
[30_DOMINO_in_8] Success!
[31_DOMINO_in_8] Success!
[26_DOMINO_in_8] Success!
[16_8_in_CIRCLE] Success!
[Main] Worker finished 26_DOMINO_in_8 with score 3.7301866469305605
[15_8_in_CIRCLE] Starting (50000 attempts)
[Main] Worker finished 30_DOMINO_in_8 with score 4.092933717725107
[Main] Worker finished 31_DOMINO_in_8 with score 4.1556935896769716
[Main] Worker finished 16_8_in_CIRCLE with score 5.736101805919613
[9_8_in_5] Starting (50000 attempts)
[13_5_in_8] Starting (50000 attempts)
[15_6_in_6] Starting (50000 attempts)
[11_DOMINO_in_8] Starting (50000 attempts)
[13_5_in_CIRCLE] Success!
[Main] Worker finished 13_5_in_CIRCLE with score 3.078972759133498
[20_8_in_6] Starting (50000 attempts)
[20_5_in_DOMINO] Success!
[Main] Worker finished 20_5_in_DOMINO with score 4.8203042879733635
[18_5_in_DOMINO] Success!
[Main] Worker finished 18_5_in_DOMINO with score 4.569815862524372[23_5_in_CIRCLE] Starting (50000 attempts)

[16_5_in_DOMINO] Success!
[18_8_in_CIRCLE] Success!
[Main] Worker finished 16_5_in_DOMINO with score 4.299527754809248
[17_6_in_CIRCLE] Starting (50000 attempts)
[Main] Worker finished 18_8_in_CIRCLE with score 6.064838671903889
[15_5_in_6] Success!
[21_5_in_CIRCLE] Success!
[20_8_in_DOMINO] Starting (50000 attempts)
[17_8_in_8] Success!
[Main] Worker finished 17_8_in_8 with score 4.776862821368748
[19_5_in_DOMINO] Starting (50000 attempts)
[Main] Worker finished 21_5_in_CIRCLE with score 3.909947918442856
[Main] Worker finished 15_5_in_6 with score 3.652300870990018
[16_5_in_8] Success!
[18_5_in_CIRCLE] Success!
[11_8_in_5] Starting (50000 attempts)
[10_5_in_CIRCLE] Success!
[21_5_in_DOMINO] Starting (50000 attempts)
[Main] Worker finished 16_5_in_8 with score 2.753158087297144
[17_5_in_DOMINO] Starting (50000 attempts)
[Main] Worker finished 18_5_in_CIRCLE with score 3.61663420966025
[Main] Worker finished 10_5_in_CIRCLE with score 2.800033514793103
[8_DOMINO_in_5] Starting (50000 attempts)
[11_DOMINO_in_6] Success!
[10_8_in_CIRCLE] Success!
[22_8_in_DOMINO] Starting (50000 attempts)
[Main] Worker finished 11_DOMINO_in_6 with score 3.34153837716045
[18_6_in_8] Starting (50000 attempts)
[Main] Worker finished 10_8_in_CIRCLE with score 4.75127218611163
[20_5_in_DOMINO] Starting (50000 attempts)
[18_5_in_DOMINO] Starting (50000 attempts)
[22_5_in_CIRCLE] Success!
[Main] Worker finished 22_5_in_CIRCLE with score 3.999265229145284
[12_5_in_CIRCLE] Success!
[9_5_in_6] Success!
[Main] Worker finished 12_5_in_CIRCLE with score 3.019322822474101
[16_5_in_DOMINO] Starting (50000 attempts)
[Main] Worker finished 9_5_in_6 with score 2.8900148954966616
[11_6_in_5] Success!
[17_8_in_8] Starting (50000 attempts)
[15_8_in_8] Success!
[Main] Worker finished 15_8_in_8 with score 4.462543691563868
[21_DOMINO_in_6] Starting (50000 attempts)
[Main] Worker finished 11_6_in_5 with score 4.787429691394307
[15_5_in_6] Starting (50000 attempts)
[16_8_in_DOMINO] Starting (50000 attempts)
[17_5_in_CIRCLE] Success!
[Main] Worker finished 17_5_in_CIRCLE with score 3.509321008744731
[9_6_in_8] Success!
[Main] Worker finished 9_6_in_8 with score 2.6447738834161796
[18_5_in_8] Starting (50000 attempts)
[12_5_in_8] Success!
[Main] Worker finished 12_5_in_8 with score 2.4007400073217737
[22_8_in_8] Starting (50000 attempts)
[17_5_in_8] Starting (50000 attempts)
[13_8_in_6] Success!
[Main] Worker finished 13_8_in_6 with score 5.790189669490146
[17_6_in_8] Success!
[10_8_in_5] Success!
[Main] Worker finished 10_8_in_5 with score 6.3086008314667135[10_DOMINO_in_8] Starting (50000 attempts)

[Main] Worker finished 17_6_in_8 with score 3.4923893631002816
[10_8_in_CIRCLE] Starting (50000 attempts)
[14_5_in_8] Success!
[13_6_in_CIRCLE] Success!
[Main] Worker finished 14_5_in_8 with score 2.5657391214187344
[24_6_in_CIRCLE] Starting (50000 attempts)
[Main] Worker finished 13_6_in_CIRCLE with score 3.8369336484278946
[9_5_in_6] Starting (50000 attempts)
[21_5_in_8] Starting (50000 attempts)
[20_5_in_CIRCLE] Success!
[Main] Worker finished 20_5_in_CIRCLE with score 3.8005742239848876
[22_5_in_8] Starting (50000 attempts)
[11_DOMINO_in_8] Success!
[Main] Worker finished 11_DOMINO_in_8 with score 2.462150627779868
[15_6_in_6] Success!
[13_5_in_8] Success!
[9_8_in_5] Success!
[Main] Worker finished 13_5_in_8 with score 2.5069731037578142[11_6_in_5] Starting (50000 attempts)

[Main] Worker finished 9_8_in_5 with score 5.994170884047151
[Main] Worker finished 15_6_in_6 with score 4.475245630635559
[12_5_in_8] Starting (50000 attempts)
[15_8_in_CIRCLE] Success!
[16_8_in_6] Starting (50000 attempts)
[Main] Worker finished 15_8_in_CIRCLE with score 5.616806384346602
[22_6_in_8] Starting (50000 attempts)
[13_8_in_6] Starting (50000 attempts)
[17_6_in_CIRCLE] Success!
[Main] Worker finished 17_6_in_CIRCLE with score 4.302780923114252
[23_5_in_CIRCLE] Success!
[11_8_in_5] Success!
[20_8_in_6] Success!
[8_DOMINO_in_5] Success!
[Main] Worker finished 8_DOMINO_in_5 with score 3.49361042507589
[12_DOMINO_in_6] Starting (50000 attempts)
[Main] Worker finished 20_8_in_6 with score 6.99904873201843
[Main] Worker finished 11_8_in_5 with score 6.497991980936347
[Main] Worker finished 23_5_in_CIRCLE with score 4.076902504166756
[13_6_in_CIRCLE] Starting (50000 attempts)
[17_6_in_8] Starting (50000 attempts)
[19_5_in_DOMINO] Success!
[14_5_in_6] Starting (50000 attempts)
[21_5_in_DOMINO] Success!
[17_5_in_DOMINO] Success!
[Main] Worker finished 17_5_in_DOMINO with score 4.409839693042728[9_DOMINO_in_8] Starting (50000 attempts)

[20_5_in_DOMINO] Success!
[20_8_in_DOMINO] Success!
[Main] Worker finished 21_5_in_DOMINO with score 4.904537362780794
[Main] Worker finished 19_5_in_DOMINO with score 4.697834635053744
[13_5_in_8] Starting (50000 attempts)
[16_5_in_DOMINO] Success!
[11_DOMINO_in_8] Starting (50000 attempts)
[Main] Worker finished 16_5_in_DOMINO with score 4.309862100185108
[19_5_in_CIRCLE] Starting (50000 attempts)
[Main] Worker finished 20_5_in_DOMINO with score 4.8203042879733635
[Main] Worker finished 20_8_in_DOMINO with score 8.102774853359481
[18_5_in_DOMINO] Success!
[15_6_in_6] Starting (50000 attempts)
[20_6_in_DOMINO] Starting (50000 attempts)
[Main] Worker finished 18_5_in_DOMINO with score 4.569815862524372
[20_5_in_6] Starting (50000 attempts)
[19_6_in_DOMINO] Starting (50000 attempts)
[18_6_in_8] Success!
[Main] Worker finished 18_6_in_8 with score 3.572870031894738
[24_5_in_CIRCLE] Starting (50000 attempts)
[21_DOMINO_in_6] Success!
[Main] Worker finished 21_DOMINO_in_6 with score 4.4901170642273724
[15_5_in_6] Success!
[Main] Worker finished 15_5_in_6 with score 3.645260226224486
[11_8_in_5] Starting (50000 attempts)
[17_8_in_8] Success!
[Main] Worker finished 17_8_in_8 with score 4.758844808330094
[21_5_in_6] Starting (50000 attempts)
[22_8_in_DOMINO] Success!
[Main] Worker finished 22_8_in_DOMINO with score 8.382506079934158[17_5_in_DOMINO] Starting (50000 attempts)

[18_5_in_8] Success!
[16_8_in_DOMINO] Success!
[Main] Worker finished 18_5_in_8 with score 2.9018881122062448
[21_5_in_DOMINO] Starting (50000 attempts)
[Main] Worker finished 16_8_in_DOMINO with score 7.160232969366078
[17_5_in_8] Success!
[19_5_in_DOMINO] Starting (50000 attempts)
[Main] Worker finished 17_5_in_8 with score 2.820084221336549
[16_5_in_DOMINO] Starting (50000 attempts)
[10_DOMINO_in_8] Success!
[Main] Worker finished 10_DOMINO_in_8 with score 2.329547642765257[20_5_in_DOMINO] Starting (50000 attempts)

[10_8_in_CIRCLE] Success!
[Main] Worker finished 10_8_in_CIRCLE with score 4.75127218611163
[20_8_in_DOMINO] Starting (50000 attempts)
[22_8_in_8] Success!
[Main] Worker finished 22_8_in_8 with score 5.396363285804716
[18_5_in_DOMINO] Starting (50000 attempts)
[9_5_in_6] Success!
[Main] Worker finished 9_5_in_6 with score 2.8900148954966616[6_DOMINO_in_6] Starting (5000 attempts)

[24_6_in_CIRCLE] Success!
[Main] Worker finished 24_6_in_CIRCLE with score 5.091739006169618
[20_6_in_5] Starting (50000 attempts)
[15_5_in_6] Starting (50000 attempts)
[21_5_in_8] Success!
[Main] Worker finished 21_5_in_8 with score 3.133252010302697
[18_6_in_8] Starting (50000 attempts)
[12_5_in_8] Success!
[Main] Worker finished 12_5_in_8 with score 2.4007400073217737
[11_6_in_5] Success!
[Main] Worker finished 11_6_in_5 with score 4.787429691394307
[22_8_in_DOMINO] Starting (50000 attempts)
[16_5_in_6] Starting (50000 attempts)
[22_5_in_8] Success!
[Main] Worker finished 22_5_in_8 with score 3.1997886445277595
[20_6_in_8] Starting (50000 attempts)
[13_8_in_6] Success!
[Main] Worker finished 13_8_in_6 with score 5.790189669490146
[22_6_in_8] Success!
[12_DOMINO_in_6] Success!
[Main] Worker finished 22_6_in_8 with score 3.9349734831282106
[19_5_in_8] Starting (50000 attempts)
[Main] Worker finished 12_DOMINO_in_6 with score 3.4599247985454893
[16_8_in_6] Success!
[10_8_in_CIRCLE] Starting (50000 attempts)
[13_6_in_CIRCLE] Success!
[Main] Worker finished 16_8_in_6 with score 6.2478639807772485
[16_8_in_DOMINO] Starting (50000 attempts)
[Main] Worker finished 13_6_in_CIRCLE with score 3.8369336484278946
[9_5_in_6] Starting (50000 attempts)
[9_DOMINO_in_8] Success!
[Main] Worker finished 9_DOMINO_in_8 with score 2.198140734442995
[23_5_in_8] Starting (50000 attempts)
[22_6_in_DOMINO] Starting (50000 attempts)
[11_DOMINO_in_8] Success!
[Main] Worker finished 11_DOMINO_in_8 with score 2.4710354843797564
[17_6_in_8] Success!
[14_5_in_6] Success!
[Main] Worker finished 17_6_in_8 with score 3.4859760445346586
[21_6_in_5] Starting (50000 attempts)
[Main] Worker finished 14_5_in_6 with score 3.484133155549617
[13_5_in_8] Success!
[11_6_in_5] Starting (50000 attempts)
[Main] Worker finished 13_5_in_8 with score 2.5069731037578142
[18_5_in_8] Starting (50000 attempts)
[12_5_in_8] Starting (50000 attempts)
[19_5_in_CIRCLE] Success!
[Main] Worker finished 19_5_in_CIRCLE with score 3.6721132563744656
[15_6_in_6] Success!
[Main] Worker finished 15_6_in_6 with score 4.475245630635559
[13_8_in_6] Starting (50000 attempts)
[19_6_in_DOMINO] Success!
[20_5_in_6] Success!
[Main] Worker finished 20_5_in_6 with score 4.155944003662484
[22_8_in_8] Starting (50000 attempts)
[Main] Worker finished 19_6_in_DOMINO with score 5.693379391606711
[17_5_in_8] Starting (50000 attempts)
[20_6_in_DOMINO] Success!
[11_8_in_5] Success!
[Main] Worker finished 20_6_in_DOMINO with score 5.83127628478469
[10_DOMINO_in_8] Starting (50000 attempts)
[Main] Worker finished 11_8_in_5 with score 6.497991980936347
[13_6_in_CIRCLE] Starting (50000 attempts)
[24_5_in_CIRCLE] Success!
[Main] Worker finished 24_5_in_CIRCLE with score 4.142682808536443
[22_5_in_DOMINO] Starting (50000 attempts)
[22_6_in_5] Starting (50000 attempts)
[17_5_in_DOMINO] Success!
[Main] Worker finished 17_5_in_DOMINO with score 4.409839693042728
[17_6_in_8] Starting (50000 attempts)
[21_5_in_DOMINO] Success!
[Main] Worker finished 21_5_in_DOMINO with score 4.904537362780794
[21_5_in_6] Success!
[Main] Worker finished 21_5_in_6 with score 4.258724526836574
[24_8_in_8] Starting (50000 attempts)
[16_5_in_DOMINO] Success!
[19_5_in_DOMINO] Success!
[Main] Worker finished 16_5_in_DOMINO with score 4.309862100185108
[13_5_in_8] Starting (50000 attempts)
[Main] Worker finished 19_5_in_DOMINO with score 4.697834635053744
[6_DOMINO_in_6] Success!
[20_5_in_DOMINO] Success!
[21_6_in_8] Starting (50000 attempts)
[Main] Worker finished 6_DOMINO_in_6 with score 2.443517572612156
[15_6_in_6] Starting (50000 attempts)
[Main] Worker finished 20_5_in_DOMINO with score 4.8203042879733635
[18_5_in_DOMINO] Success!
[20_8_in_8] Starting (50000 attempts)
[Main] Worker finished 18_5_in_DOMINO with score 4.569815862524372
[22_5_in_6] Starting (50000 attempts)
[21_5_in_8] Starting (50000 attempts)
[15_5_in_6] Success!
[Main] Worker finished 15_5_in_6 with score 3.638610263513514
[20_8_in_DOMINO] Success!
[Main] Worker finished 20_8_in_DOMINO with score 8.102774853359481[11_DOMINO_in_8] Starting (50000 attempts)

[20_6_in_5] Success!
[Main] Worker finished 20_6_in_5 with score 6.281350871924349[22_5_in_8] Starting (50000 attempts)

[19_8_in_8] Starting (50000 attempts)
[18_6_in_8] Success!
[Main] Worker finished 18_6_in_8 with score 3.5674703234347533
[16_5_in_6] Success!
[Main] Worker finished 16_5_in_6 with score 3.7187369621593063
[21_5_in_DOMINO] Starting (50000 attempts)
[16_8_in_6] Starting (50000 attempts)
[20_6_in_8] Success!
[Main] Worker finished 20_6_in_8 with score 3.727304819600954
[22_6_in_8] Starting (50000 attempts)
[22_8_in_DOMINO] Success!
[Main] Worker finished 22_8_in_DOMINO with score 8.382506079934158
[19_5_in_DOMINO] Starting (50000 attempts)
[10_8_in_CIRCLE] Success!
[Main] Worker finished 10_8_in_CIRCLE with score 4.75127218611163
[9_5_in_6] Success!
[19_5_in_8] Success!
[Main] Worker finished 9_5_in_6 with score 2.8900148954966616
[16_6_in_6] Starting (50000 attempts)
[Main] Worker finished 19_5_in_8 with score 2.959425959855693
[20_5_in_DOMINO] Starting (50000 attempts)
[18_5_in_DOMINO] Starting (50000 attempts)
[16_8_in_DOMINO] Success!
[Main] Worker finished 16_8_in_DOMINO with score 7.160232969366078
[22_6_in_DOMINO] Success!
[11_6_in_5] Success!
[Main] Worker finished 22_6_in_DOMINO with score 6.146608374864791
[17_5_in_DOMINO] Starting (50000 attempts)
[Main] Worker finished 11_6_in_5 with score 4.749142922997121
[23_5_in_8] Success!
[12_5_in_8] Success!
[20_8_in_DOMINO] Starting (50000 attempts)
[Main] Worker finished 12_5_in_8 with score 2.4007400073217737
[14_5_in_6] Starting (50000 attempts)
[Main] Worker finished 23_5_in_8 with score 3.2633220163411067
[18_5_in_8] Success!
[21_6_in_5] Success!
[16_5_in_DOMINO] Starting (50000 attempts)
[Main] Worker finished 18_5_in_8 with score 2.8934369172816097
[20_6_in_DOMINO] Starting (50000 attempts)
[Main] Worker finished 21_6_in_5 with score 6.402577326431777
[10_DOMINO_in_8] Success!
[25_8_in_8] Starting (50000 attempts)
[Main] Worker finished 10_DOMINO_in_8 with score 2.324083875658053
[23_6_in_5] Starting (50000 attempts)
[13_8_in_6] Success!
[13_6_in_CIRCLE] Success!
[17_5_in_8] Success!
[Main] Worker finished 17_5_in_8 with score 2.8118778949422008
[20_5_in_6] Starting (50000 attempts)
[Main] Worker finished 13_6_in_CIRCLE with score 3.8369336484278946
[Main] Worker finished 13_8_in_6 with score 5.790189669490146
[19_6_in_DOMINO] Starting (50000 attempts)
[24_5_in_CIRCLE] Starting (50000 attempts)
[22_5_in_DOMINO] Success!
[Main] Worker finished 22_5_in_DOMINO with score 4.937278320594882
[21_5_in_6] Starting (50000 attempts)
[22_8_in_DOMINO] Starting (50000 attempts)
[17_6_in_8] Success!
[Main] Worker finished 17_6_in_8 with score 3.4799250675482436
[13_5_in_8] Success!
[22_6_in_5] Success!
[Main] Worker finished 13_5_in_8 with score 2.5069731037578142
[20_6_in_5] Starting (50000 attempts)
[Main] Worker finished 22_6_in_5 with score 6.54433802021737
[22_8_in_8] Success!
[18_6_in_8] Starting (50000 attempts)
[Main] Worker finished 22_8_in_8 with score 5.377293477291475
[16_5_in_6] Starting (50000 attempts)
[15_6_in_6] Success!
[24_8_in_8] Success!
[21_6_in_8] Success!
[Main] Worker finished 21_6_in_8 with score 3.819465338042965
[23_8_in_8] Starting (50000 attempts)
[Main] Worker finished 15_6_in_6 with score 4.475245630635559
[Main] Worker finished 24_8_in_8 with score 5.562005919418596
[16_8_in_DOMINO] Starting (50000 attempts)
[23_5_in_8] Starting (50000 attempts)
[11_DOMINO_in_8] Success!
[22_5_in_6] Success!
[Main] Worker finished 11_DOMINO_in_8 with score 2.469306278371665
[28_5_in_8] Starting (50000 attempts)
[Main] Worker finished 22_5_in_6 with score 4.333923241366794
[20_8_in_8] Success!
[21_5_in_8] Success!
[11_6_in_5] Starting (50000 attempts)
[Main] Worker finished 21_5_in_8 with score 3.124299666083074
[22_6_in_DOMINO] Starting (50000 attempts)
[Main] Worker finished 20_8_in_8 with score 5.09725209874807
[25_5_in_8] Starting (50000 attempts)
[22_6_in_6] Starting (50000 attempts)
[22_5_in_8] Success!
[Main] Worker finished 22_5_in_8 with score 3.2080940897797676
[23_5_in_6] Starting (50000 attempts)
[21_5_in_DOMINO] Success!
[Main] Worker finished 21_5_in_DOMINO with score 4.904537362780794
[22_6_in_8] Success!
[19_8_in_8] Success!
[Main] Worker finished 19_8_in_8 with score 4.9389490726376035
[31_5_in_8] Starting (50000 attempts)
[Main] Worker finished 22_6_in_8 with score 3.9299173735844306
[22_8_in_8] Starting (50000 attempts)
[21_6_in_8] Starting (50000 attempts)
[16_8_in_6] Success!
[Main] Worker finished 16_8_in_6 with score 6.2478639807772485
[26_5_in_8] Starting (50000 attempts)
[19_5_in_DOMINO] Success!
[Main] Worker finished 19_5_in_DOMINO with score 4.697834635053744
[15_6_in_6] Starting (50000 attempts)
[16_6_in_6] Success!
[Main] Worker finished 16_6_in_6 with score 4.53850664765424
[20_5_in_DOMINO] Success!
[18_5_in_DOMINO] Success!
[Main] Worker finished 20_5_in_DOMINO with score 4.8203042879733635
[29_5_in_8] Starting (50000 attempts)
[Main] Worker finished 18_5_in_DOMINO with score 4.569815862524372
[17_5_in_DOMINO] Success!
[22_5_in_6] Starting (50000 attempts)
[Main] Worker finished 17_5_in_DOMINO with score 4.409839693042728[14_5_in_5] Starting (50000 attempts)

[20_8_in_8] Starting (50000 attempts)
[14_5_in_6] Success!
[Main] Worker finished 14_5_in_6 with score 3.479943526755655
[26_8_in_8] Starting (50000 attempts)
[16_5_in_DOMINO] Success!
[Main] Worker finished 16_5_in_DOMINO with score 4.309862100185108
[11_DOMINO_in_8] Starting (50000 attempts)
[20_6_in_DOMINO] Success!
[Main] Worker finished 20_6_in_DOMINO with score 5.8434126687983206
[24_6_in_5] Starting (50000 attempts)
[20_8_in_DOMINO] Success!
[Main] Worker finished 20_8_in_DOMINO with score 8.102774853359481
[22_5_in_8] Starting (50000 attempts)
[19_6_in_DOMINO] Success!
[Main] Worker finished 19_6_in_DOMINO with score 5.693379391606711
[20_5_in_6] Success!
[Main] Worker finished 20_5_in_6 with score 4.151474159026857
[25_5_in_6] Starting (50000 attempts)
[23_6_in_5] Success!
[Main] Worker finished 23_6_in_5 with score 6.700106835949054
[21_5_in_5] Starting (50000 attempts)
[21_5_in_6] Success!
[25_8_in_8] Success!
[Main] Worker finished 21_5_in_6 with score 4.2541346268160325
[21_5_in_DOMINO] Starting (50000 attempts)
[Main] Worker finished 25_8_in_8 with score 5.671778254092202
[24_5_in_CIRCLE] Success!
[15_DOMINO_in_8] Starting (50000 attempts)
[Main] Worker finished 24_5_in_CIRCLE with score 4.1298735618884885
[16_8_in_6] Starting (50000 attempts)
[18_6_in_8] Success!
[16_5_in_6] Success!
[Main] Worker finished 18_6_in_8 with score 3.5623955010957657
[25_6_in_6] Starting (50000 attempts)
[Main] Worker finished 16_5_in_6 with score 3.714638890050593
[20_6_in_5] Success!
[26_6_in_5] Starting (50000 attempts)
[22_8_in_DOMINO] Success!
[Main] Worker finished 20_6_in_5 with score 6.281350871924349
[22_6_in_8] Starting (50000 attempts)
[Main] Worker finished 22_8_in_DOMINO with score 8.382506079934158
[16_6_in_6] Starting (50000 attempts)
[11_6_in_5] Success!
[Main] Worker finished 11_6_in_5 with score 4.724899297287477
[24_5_in_8] Starting (50000 attempts)
[23_5_in_8] Success!
[16_8_in_DOMINO] Success!
[Main] Worker finished 16_8_in_DOMINO with score 7.160232969366078
[17_5_in_DOMINO] Starting (50000 attempts)
[Main] Worker finished 23_5_in_8 with score 3.2564747573333848
[14_5_in_6] Starting (50000 attempts)
[16_5_in_DOMINO] Starting (50000 attempts)
[23_8_in_8] Success!
[Main] Worker finished 23_8_in_8 with score 5.437747503273199
[31_5_in_6] Starting (50000 attempts)
[25_5_in_8] Success!
[Main] Worker finished 25_5_in_8 with score 3.3691323783991427
[28_5_in_8] Success!
[22_6_in_DOMINO] Success!
[Main] Worker finished 28_5_in_8 with score 3.567191205685717
[21_DOMINO_in_5] Starting (50000 attempts)
[Main] Worker finished 22_6_in_DOMINO with score 6.107722653084625
[22_6_in_6] Success!
[19_8_in_CIRCLE] Starting (50000 attempts)
[23_5_in_6] Success!
[Main] Worker finished 23_5_in_6 with score 4.43132074898442
[20_6_in_DOMINO] Starting (50000 attempts)
[Main] Worker finished 22_6_in_6 with score 5.29540470083123
[25_8_in_8] Starting (50000 attempts)
[21_DOMINO_in_8] Starting (50000 attempts)
[22_8_in_8] Success!
[Main] Worker finished 22_8_in_8 with score 5.358975508363075
[15_6_in_6] Success!
[Main] Worker finished 15_6_in_6 with score 4.475245630635559
[23_6_in_5] Starting (50000 attempts)
[21_6_in_8] Success!
[Main] Worker finished 21_6_in_8 with score 3.816148138344318[20_5_in_6] Starting (50000 attempts)

[19_6_in_DOMINO] Starting (50000 attempts)
[31_5_in_8] Success!
[Main] Worker finished 31_5_in_8 with score 3.76458482821966
[22_5_in_6] Success!
[Main] Worker finished 22_5_in_6 with score 4.330905711998268
[26_5_in_6] Starting (50000 attempts)
[14_5_in_5] Success!
[26_5_in_8] Success!
[Main] Worker finished 14_5_in_5 with score 4.224131662018365
[22_5_in_5] Starting (50000 attempts)
[Main] Worker finished 26_5_in_8 with score 3.448583845726221
[21_5_in_6] Starting (50000 attempts)
[11_DOMINO_in_8] Success!
[Main] Worker finished 11_DOMINO_in_8 with score 2.464372354683038
[22_8_in_DOMINO] Starting (50000 attempts)
[20_6_in_5] Starting (50000 attempts)
[29_5_in_8] Success!
[Main] Worker finished 29_5_in_8 with score 3.627715492468421
[16_5_in_6] Starting (50000 attempts)
[20_8_in_8] Success!
[Main] Worker finished 20_8_in_8 with score 5.08100826606695
[23_8_in_8] Starting (50000 attempts)
[22_5_in_8] Success!
[Main] Worker finished 22_5_in_8 with score 3.2080940897797676
[15_DOMINO_in_8] Success!
[26_8_in_8] Success!
[Main] Worker finished 26_8_in_8 with score 5.751474952889565
[25_6_in_5] Starting (50000 attempts)
[Main] Worker finished 15_DOMINO_in_8 with score 2.81519422308548
[24_6_in_5] Success!
[25_5_in_6] Success!
[30_5_in_8] Starting (50000 attempts)
[Main] Worker finished 24_6_in_5 with score 6.817316351277816
[16_8_in_DOMINO] Starting (50000 attempts)
[Main] Worker finished 25_5_in_6 with score 4.59260950858139
[21_5_in_5] Success!
[21_5_in_DOMINO] Success!
[10_DOMINO_in_5] Starting (50000 attempts)
[Main] Worker finished 21_5_in_DOMINO with score 4.904537362780794
[27_5_in_8] Starting (50000 attempts)
[Main] Worker finished 21_5_in_5 with score 5.162533653034662
[22_6_in_DOMINO] Starting (50000 attempts)
[16_8_in_6] Success!
[Main] Worker finished 16_8_in_6 with score 6.2478639807772485
[24_5_in_5] Starting (50000 attempts)
[29_5_in_6] Starting (50000 attempts)
[22_6_in_8] Success!
[Main] Worker finished 22_6_in_8 with score 3.925178763774446
[16_6_in_6] Success!
[25_6_in_6] Success!
[Main] Worker finished 16_6_in_6 with score 4.558228051991228
[27_6_in_5] Starting (50000 attempts)
[Main] Worker finished 25_6_in_6 with score 5.638356292340858
[17_5_in_DOMINO] Success!
[14_5_in_6] Success!
[17_5_in_6] Starting (50000 attempts)
[26_6_in_5] Success!
[16_5_in_DOMINO] Success!
[24_5_in_8] Success!
[Main] Worker finished 17_5_in_DOMINO with score 4.409839693042728
[26_6_in_6] Starting (50000 attempts)
[Main] Worker finished 16_5_in_DOMINO with score 4.309862100185108
[Main] Worker finished 26_6_in_5 with score 7.048417234585714
[Main] Worker finished 24_5_in_8 with score 3.293533327193608
[Main] Worker finished 14_5_in_6 with score 3.4760210565934737
[24_5_in_6] Starting (50000 attempts)
[23_5_in_6] Starting (50000 attempts)
[31_5_in_8] Starting (50000 attempts)
[26_5_in_8] Starting (50000 attempts)
[21_DOMINO_in_5] Success!
[Main] Worker finished 21_DOMINO_in_5 with score 5.422755618210451
[17_6_in_6] Starting (50000 attempts)
[21_DOMINO_in_8] Success!
[Main] Worker finished 21_DOMINO_in_8 with score 3.342329739257678
[23_6_in_6] Starting (50000 attempts)
[20_8_in_8] Starting (50000 attempts)
[20_6_in_DOMINO] Success!
[Main] Worker finished 20_6_in_DOMINO with score 5.8434126687983206
[31_5_in_6] Success!
[19_8_in_CIRCLE] Success!
[Main] Worker finished 19_8_in_CIRCLE with score 6.0953254095291225
[14_DOMINO_in_6] Starting (50000 attempts)
[Main] Worker finished 31_5_in_6 with score 5.115248712199355
[29_5_in_8] Starting (50000 attempts)
[18_6_in_DOMINO] Starting (50000 attempts)
[20_5_in_6] Success!
[Main] Worker finished 20_5_in_6 with score 4.1472960965539265
[14_5_in_5] Starting (50000 attempts)
[19_6_in_DOMINO] Success!
[Main] Worker finished 19_6_in_DOMINO with score 5.693379391606711
[22_5_in_5] Success!
[Main] Worker finished 22_5_in_5 with score 5.278208251889842
[26_8_in_8] Starting (50000 attempts)
[23_6_in_5] Success!
[Main] Worker finished 23_6_in_5 with score 6.700106835949054
[11_DOMINO_in_8] Starting (50000 attempts)
[21_5_in_6] Success!
[Main] Worker finished 21_5_in_6 with score 4.249844223171721
[24_6_in_5] Starting (50000 attempts)
[26_5_in_6] Success!
[25_8_in_8] Success!
[Main] Worker finished 26_5_in_6 with score 4.6741342922859515
[22_5_in_8] Starting (50000 attempts)
[Main] Worker finished 25_8_in_8 with score 5.696462874024032
[25_5_in_6] Starting (50000 attempts)
[20_6_in_5] Success!
[Main] Worker finished 20_6_in_5 with score 6.281350871924349
[15_DOMINO_in_8] Starting (50000 attempts)
[16_5_in_6] Success!
[Main] Worker finished 16_5_in_6 with score 3.710807033854501
[16_8_in_6] Starting (50000 attempts)
[28_5_in_6] Starting (50000 attempts)
[22_8_in_DOMINO] Success!
[Main] Worker finished 22_8_in_DOMINO with score 8.382506079934158
[25_6_in_6] Starting (50000 attempts)
[16_8_in_DOMINO] Success!
[Main] Worker finished 16_8_in_DOMINO with score 7.160232969366078
[10_DOMINO_in_5] Success!
[25_6_in_5] Success!
[Main] Worker finished 25_6_in_5 with score 6.933907362932419
[27_6_in_CIRCLE] Starting (50000 attempts)
[Main] Worker finished 10_DOMINO_in_5 with score 3.825446483127054
[29_8_in_8] Starting (50000 attempts)
[16_6_in_6] Starting (50000 attempts)
[23_8_in_8] Success!
[Main] Worker finished 23_8_in_8 with score 5.421551360138886
[22_DOMINO_in_6] Starting (50000 attempts)
[30_5_in_8] Success!
[Main] Worker finished 30_5_in_8 with score 3.7033679870201235
[27_5_in_8] Success!
[22_6_in_DOMINO] Success!
[Main] Worker finished 27_5_in_8 with score 3.5068608405216044
[32_6_in_5] Starting (50000 attempts)
[Main] Worker finished 22_6_in_DOMINO with score 6.069596930529948
[14_5_in_6] Starting (50000 attempts)
[24_5_in_5] Success!
[Main] Worker finished 24_5_in_5 with score 5.514392354859372[31_5_in_6] Starting (50000 attempts)

[17_5_in_6] Success!
[Main] Worker finished 17_5_in_6 with score 3.7683056475804717
[19_8_in_CIRCLE] Starting (50000 attempts)
[28_6_in_6] Starting (50000 attempts)
[29_5_in_6] Success!
[Main] Worker finished 29_5_in_6 with score 4.943088540325798
[20_6_in_DOMINO] Starting (50000 attempts)
[27_6_in_5] Success!
[Main] Worker finished 27_6_in_5 with score 7.208876137043892
[25_8_in_8] Starting (50000 attempts)
[24_5_in_6] Success!
[Main] Worker finished 24_5_in_6 with score 4.479450015973007
[21_DOMINO_in_8] Starting (50000 attempts)
[17_6_in_6] Success!
[Main] Worker finished 17_6_in_6 with score 4.619100571921561
[23_5_in_6] Success!
[Main] Worker finished 23_5_in_6 with score 4.428235832120012[23_6_in_5] Starting (50000 attempts)

[26_6_in_6] Success!
[Main] Worker finished 26_6_in_6 with score 5.735663181552993[22_DOMINO_in_5] Starting (50000 attempts)

[23_6_in_6] Success!
[26_5_in_8] Success!
[14_DOMINO_in_6] Success!
[Main] Worker finished 26_5_in_8 with score 3.44499647435254
[16_DOMINO_in_8] Starting (50000 attempts)
[Main] Worker finished 23_6_in_6 with score 5.488740257886188
[Main] Worker finished 14_DOMINO_in_6 with score 3.667423960054199
[19_6_in_DOMINO] Starting (50000 attempts)
[25_5_in_5] Starting (50000 attempts)
[31_5_in_8] Success!
[Main] Worker finished 31_5_in_8 with score 3.7608570903135465[26_5_in_6] Starting (50000 attempts)

[22_5_in_5] Starting (50000 attempts)
[11_DOMINO_in_8] Success!
[Main] Worker finished 11_DOMINO_in_8 with score 2.4744975300295144
[14_5_in_5] Success!
[20_8_in_8] Success!
[18_6_in_DOMINO] Success!
[Main] Worker finished 14_5_in_5 with score 4.212319033891546[27_5_in_6] Starting (50000 attempts)

[Main] Worker finished 18_6_in_DOMINO with score 5.410034547912116
[Main] Worker finished 20_8_in_8 with score 5.102893955208136
[14_DOMINO_in_5] Starting (50000 attempts)
[29_5_in_8] Success!
[21_5_in_6] Starting (50000 attempts)
[Main] Worker finished 29_5_in_8 with score 3.6266852590778553[9_DOMINO_in_6] Starting (50000 attempts)

[20_6_in_5] Starting (50000 attempts)
[15_DOMINO_in_8] Success!
[Main] Worker finished 15_DOMINO_in_8 with score 2.793942216148419
[16_8_in_6] Success!
[Main] Worker finished 16_8_in_6 with score 6.2478639807772485[16_5_in_6] Starting (50000 attempts)

[22_5_in_8] Success!
[Main] Worker finished 22_5_in_8 with score 3.1917547584457124
[23_5_in_5] Starting (50000 attempts)
[24_6_in_5] Success!
[Main] Worker finished 24_6_in_5 with score 6.787214634017203
[13_DOMINO_in_6] Starting (50000 attempts)
[27_DOMINO_in_8] Starting (50000 attempts)
[25_5_in_6] Success!
[Main] Worker finished 25_5_in_6 with score 4.591371862667766
[25_6_in_5] Starting (50000 attempts)
[26_8_in_8] Success!
[Main] Worker finished 26_8_in_8 with score 5.777467632032182
[30_5_in_8] Starting (50000 attempts)
[28_5_in_6] Success!
[Main] Worker finished 28_5_in_6 with score 4.85989954654252
[25_6_in_6] Success!
[16_6_in_6] Success!
[Main] Worker finished 16_6_in_6 with score 4.558228051991228
[27_5_in_8] Starting (50000 attempts)
[Main] Worker finished 25_6_in_6 with score 5.663881359656193
[22_DOMINO_in_6] Success!
[24_5_in_5] Starting (50000 attempts)
[27_6_in_CIRCLE] Success!
[Main] Worker finished 22_DOMINO_in_6 with score 4.618960888044945
[29_5_in_6] Starting (50000 attempts)
[Main] Worker finished 27_6_in_CIRCLE with score 5.289512270969785
[14_5_in_6] Success!
[27_6_in_5] Starting (50000 attempts)
[Main] Worker finished 14_5_in_6 with score 3.472352217598895
[20_DOMINO_in_6] Starting (50000 attempts)
[17_5_in_6] Starting (50000 attempts)
[21_DOMINO_in_8] Success!
[Main] Worker finished 21_DOMINO_in_8 with score 3.3168170351804376
[28_6_in_6] Success!
[Main] Worker finished 28_6_in_6 with score 5.921582803504327
[26_6_in_6] Starting (50000 attempts)
[19_8_in_CIRCLE] Success!
[Main] Worker finished 19_8_in_CIRCLE with score 6.0953254095291225
[24_5_in_6] Starting (50000 attempts)
[23_5_in_6] Starting (50000 attempts)
[29_8_in_8] Success!
[Main] Worker finished 29_8_in_8 with score 6.073239978866936
[20_6_in_DOMINO] Success!
[Main] Worker finished 20_6_in_DOMINO with score 5.8434126687983206
[31_5_in_8] Starting (50000 attempts)
[26_5_in_8] Starting (50000 attempts)
[31_5_in_6] Success!
[Main] Worker finished 31_5_in_6 with score 5.113785337679533
[32_6_in_5] Success!
[Main] Worker finished 32_6_in_5 with score 7.784901398442698
[16_DOMINO_in_6] Starting (50000 attempts)
[23_6_in_6] Starting (50000 attempts)
[16_DOMINO_in_8] Success!
[Main] Worker finished 16_DOMINO_in_8 with score 2.9143265579953863
[22_DOMINO_in_5] Success!
[Main] Worker finished 22_DOMINO_in_5 with score 5.566954849811148
[20_8_in_8] Starting (50000 attempts)
[14_DOMINO_in_8] Starting (50000 attempts)
[23_6_in_5] Success!
[Main] Worker finished 23_6_in_5 with score 6.700106835949054
[19_6_in_DOMINO] Success!
[Main] Worker finished 19_6_in_DOMINO with score 5.693379391606711
[12_DOMINO_in_5] Starting (50000 attempts)
[29_5_in_8] Starting (50000 attempts)
[25_5_in_5] Success!
[Main] Worker finished 25_5_in_5 with score 5.594858087107836
[25_8_in_8] Success!
[22_5_in_5] Success!
[Main] Worker finished 22_5_in_5 with score 5.302443940088193
[26_8_in_8] Starting (50000 attempts)
[Main] Worker finished 25_8_in_8 with score 5.654781273165983
[14_DOMINO_in_5] Success!
[26_5_in_6] Success!
[9_DOMINO_in_6] Success!
[25_5_in_6] Starting (50000 attempts)
[Main] Worker finished 14_DOMINO_in_5 with score 4.505460540956388
[28_5_in_6] Starting (50000 attempts)
[Main] Worker finished 26_5_in_6 with score 4.673590214675345
[Main] Worker finished 9_DOMINO_in_6 with score 2.9407739902523184
[25_6_in_6] Starting (50000 attempts)
[29_8_in_8] Starting (50000 attempts)
[21_5_in_6] Success!
[27_5_in_6] Success!
[Main] Worker finished 21_5_in_6 with score 4.245837341646496
[16_6_in_6] Starting (50000 attempts)
[Main] Worker finished 27_5_in_6 with score 4.733780902267363
[20_6_in_5] Success!
[27_DOMINO_in_8] Success!
[13_DOMINO_in_6] Success!
[16_5_in_6] Success!
[22_DOMINO_in_6] Starting (50000 attempts)
[Main] Worker finished 20_6_in_5 with score 6.281350871924349[32_6_in_5] Starting (50000 attempts)

[Main] Worker finished 13_DOMINO_in_6 with score 3.5270775652050976
[Main] Worker finished 16_5_in_6 with score 3.7072273353537804
[Main] Worker finished 27_DOMINO_in_8 with score 3.8570536566353777
[31_5_in_6] Starting (50000 attempts)
[23_5_in_5] Success!
[19_8_in_CIRCLE] Starting (50000 attempts)
[28_6_in_6] Starting (50000 attempts)
[Main] Worker finished 23_5_in_5 with score 5.372243768304024[20_6_in_DOMINO] Starting (50000 attempts)

[23_6_in_5] Starting (50000 attempts)
[25_6_in_5] Success!
[Main] Worker finished 25_6_in_5 with score 6.903950231592421
[16_DOMINO_in_8] Starting (50000 attempts)
[27_5_in_8] Success!
[Main] Worker finished 27_5_in_8 with score 3.504602572869968
[25_5_in_5] Starting (50000 attempts)
[20_DOMINO_in_6] Success!
[Main] Worker finished 20_DOMINO_in_6 with score 4.396096171827871
[24_5_in_5] Success!
[Main] Worker finished 24_5_in_5 with score 5.4996826062998005
[26_5_in_6] Starting (50000 attempts)
[17_5_in_6] Success!
[Main] Worker finished 17_5_in_6 with score 3.7683056475804717
[17_DOMINO_in_6] Starting (50000 attempts)
[22_5_in_5] Starting (50000 attempts)
[30_5_in_8] Success!
[Main] Worker finished 30_5_in_8 with score 3.6841480504712787
[27_5_in_6] Starting (50000 attempts)
[29_5_in_6] Success!
[Main] Worker finished 29_5_in_6 with score 4.942004917784334
[24_5_in_6] Success!
[Main] Worker finished 24_5_in_6 with score 4.479815897501027
[31_6_in_5] Starting (50000 attempts)
[16_5_in_6] Starting (50000 attempts)
[16_DOMINO_in_6] Success!
[Main] Worker finished 16_DOMINO_in_6 with score 3.8943946000641203
[27_DOMINO_in_8] Starting (50000 attempts)
[14_DOMINO_in_8] Success!
[Main] Worker finished 14_DOMINO_in_8 with score 2.7156892101454315
[27_6_in_5] Success!
[23_5_in_6] Success!
[Main] Worker finished 27_6_in_5 with score 7.208876137043892
[23_5_in_5] Starting (50000 attempts)
[Main] Worker finished 23_5_in_6 with score 4.398349391386404
[32_6_in_6] Starting (50000 attempts)
[31_5_in_8] Success!
[26_6_in_6] Success!
[Main] Worker finished 26_6_in_6 with score 5.720536937430391
[28_DOMINO_in_6] Starting (50000 attempts)
[Main] Worker finished 31_5_in_8 with score 3.757828103686657
[12_DOMINO_in_5] Success!
[26_5_in_8] Success!
[20_8_in_8] Success!
[23_6_in_6] Success!
[20_DOMINO_in_6] Starting (50000 attempts)
[Main] Worker finished 12_DOMINO_in_5 with score 4.16816265915921
[13_DOMINO_in_8] Starting (50000 attempts)
[Main] Worker finished 23_6_in_6 with score 5.448268872272794
[Main] Worker finished 20_8_in_8 with score 5.102893955208136
[Main] Worker finished 26_5_in_8 with score 3.442078602128796
[30_5_in_8] Starting (50000 attempts)
[29_5_in_6] Starting (50000 attempts)
[17_5_in_6] Starting (50000 attempts)
[24_5_in_6] Starting (50000 attempts)
[26_8_in_8] Success!
[Main] Worker finished 26_8_in_8 with score 5.777467632032182
[25_6_in_6] Success!
[Main] Worker finished 25_6_in_6 with score 5.663881359656193[26_5_in_5] Starting (50000 attempts)

[22_DOMINO_in_6] Success!
[29_5_in_8] Success!
[25_5_in_6] Success!
[Main] Worker finished 25_5_in_6 with score 4.590227398418843[29_DOMINO_in_5] Starting (50000 attempts)

[Main] Worker finished 22_DOMINO_in_6 with score 4.610989039220096
[Main] Worker finished 29_5_in_8 with score 3.6258601768084384
[27_6_in_5] Starting (50000 attempts)
[28_5_in_6] Success!
[16_6_in_6] Success!
[14_DOMINO_in_8] Starting (50000 attempts)
[Main] Worker finished 16_6_in_6 with score 4.558228051991228
[18_DOMINO_in_8] Starting (50000 attempts)
[Main] Worker finished 28_5_in_6 with score 4.8586244513866825
[31_5_in_8] Starting (50000 attempts)
[12_DOMINO_in_5] Starting (50000 attempts)
[20_6_in_DOMINO] Success!
[Main] Worker finished 20_6_in_DOMINO with score 5.8434126687983206
[19_8_in_CIRCLE] Success!
[31_5_in_6] Success!
[Main] Worker finished 31_5_in_6 with score 5.112431827805381
[23_6_in_6] Starting (50000 attempts)
[Main] Worker finished 19_8_in_CIRCLE with score 6.0953254095291225
[28_6_in_6] Success!
[26_5_in_8] Starting (50000 attempts)
[32_6_in_5] Success!
[23_6_in_5] Success!
[16_DOMINO_in_8] Success!
[29_8_in_8] Success!
[Main] Worker finished 32_6_in_5 with score 7.812784092602333
[20_8_in_8] Starting (50000 attempts)
[Main] Worker finished 28_6_in_6 with score 5.949837118888085
[Main] Worker finished 29_8_in_8 with score 6.100717150518816
[Main] Worker finished 16_DOMINO_in_8 with score 3.0294424570362044
[Main] Worker finished 23_6_in_5 with score 6.700106835949054
[29_5_in_8] Starting (50000 attempts)
[26_8_in_8] Starting (50000 attempts)
[25_5_in_6] Starting (50000 attempts)
[17_DOMINO_in_6] Success!
[16_5_in_5] Starting (50000 attempts)
[25_6_in_6] Starting (50000 attempts)
[Main] Worker finished 17_DOMINO_in_6 with score 4.041751229264535
[15_DOMINO_in_5] Starting (50000 attempts)
[25_5_in_5] Success!
[Main] Worker finished 25_5_in_5 with score 5.6215705425904785
[28_5_in_6] Starting (50000 attempts)
[22_5_in_5] Success!
[Main] Worker finished 22_5_in_5 with score 5.302443940088193
[22_DOMINO_in_6] Starting (50000 attempts)
[26_5_in_6] Success!
[Main] Worker finished 26_5_in_6 with score 4.673088177934919
[31_5_in_6] Starting (50000 attempts)
[16_5_in_6] Success!
[Main] Worker finished 16_5_in_6 with score 3.7038860893015912
[27_DOMINO_in_8] Success!
[Main] Worker finished 27_DOMINO_in_8 with score 3.922392999616021
[19_8_in_CIRCLE] Starting (50000 attempts)
[32_6_in_5] Starting (50000 attempts)
[31_6_in_5] Success!
[Main] Worker finished 31_6_in_5 with score 7.707891527545897
[28_DOMINO_in_6] Success!
[Main] Worker finished 28_DOMINO_in_6 with score 5.196541172154802
[28_6_in_6] Starting (50000 attempts)
[20_DOMINO_in_6] Success!
[27_5_in_6] Success!
[Main] Worker finished 27_5_in_6 with score 4.733780902267363
[29_8_in_8] Starting (50000 attempts)
[Main] Worker finished 20_DOMINO_in_6 with score 4.3510465326757455
[13_DOMINO_in_8] Success!
[23_5_in_5] Success!
[16_DOMINO_in_8] Starting (50000 attempts)
[Main] Worker finished 23_5_in_5 with score 5.359098940898318
[24_DOMINO_in_5] Starting (50000 attempts)
[Main] Worker finished 13_DOMINO_in_8 with score 2.578331540908866
[25_5_in_5] Starting (50000 attempts)
[17_DOMINO_in_6] Starting (50000 attempts)
[17_5_in_6] Success!
[Main] Worker finished 17_5_in_6 with score 3.7683056475804717
[22_5_in_5] Starting (50000 attempts)
[32_6_in_6] Success!
[Main] Worker finished 32_6_in_6 with score 6.2685296021793295
[26_5_in_6] Starting (50000 attempts)
[29_DOMINO_in_5] Success!
[Main] Worker finished 29_DOMINO_in_5 with score 6.366764143026497
[30_5_in_8] Success!
[Main] Worker finished 30_5_in_8 with score 3.742031098299584
[28_8_in_8] Starting (50000 attempts)
[24_5_in_6] Success!
[29_5_in_6] Success!
[14_DOMINO_in_8] Success!
[Main] Worker finished 29_5_in_6 with score 4.941003582336044
[17_DOMINO_in_8] Starting (50000 attempts)
[Main] Worker finished 24_5_in_6 with score 4.479815897501027
[Main] Worker finished 14_DOMINO_in_8 with score 2.72976517994299
[18_DOMINO_in_8] Success!
[27_5_in_6] Starting (50000 attempts)
[31_6_in_5] Starting (50000 attempts)
[12_DOMINO_in_5] Success!
[26_5_in_5] Success!
[Main] Worker finished 26_5_in_5 with score 5.689890204144913
[27_DOMINO_in_8] Starting (50000 attempts)
[Main] Worker finished 18_DOMINO_in_8 with score 3.0481118693074354
[Main] Worker finished 12_DOMINO_in_5 with score 4.138864111453027
[27_6_in_5] Success!
[23_5_in_5] Starting (50000 attempts)
[20_DOMINO_in_8] Starting (50000 attempts)
[Main] Worker finished 27_6_in_5 with score 7.153410212646325
[19_DOMINO_in_8] Starting (50000 attempts)
[28_DOMINO_in_6] Starting (50000 attempts)
[26_5_in_8] Success!
[Main] Worker finished 26_5_in_8 with score 3.439714539833198
[31_5_in_8] Success!
[Main] Worker finished 31_5_in_8 with score 3.7553760908747846
[19_DOMINO_in_5] Starting (50000 attempts)
[29_5_in_8] Success!
[Main] Worker finished 29_5_in_8 with score 3.641820487433201
[27_6_in_6] Starting (50000 attempts)
[30_5_in_8] Starting (50000 attempts)
[15_DOMINO_in_5] Success!
[Main] Worker finished 15_DOMINO_in_5 with score 4.622697671048495
[16_5_in_5] Success!
[23_6_in_6] Success!
[Main] Worker finished 23_6_in_6 with score 5.431613626461278
[29_5_in_6] Starting (50000 attempts)
[Main] Worker finished 16_5_in_5 with score 4.4350097507776285
[20_DOMINO_in_5] Starting (50000 attempts)
[17_5_in_6] Starting (50000 attempts)
[22_DOMINO_in_6] Success!
[Main] Worker finished 22_DOMINO_in_6 with score 4.579812418082424
[24_5_in_6] Starting (50000 attempts)
[25_5_in_6] Success!
[Main] Worker finished 25_5_in_6 with score 4.589169398041832
[13_DOMINO_in_8] Starting (50000 attempts)
[20_8_in_8] Success!
[Main] Worker finished 20_8_in_8 with score 5.102893955208136
[25_6_in_6] Success!
[Main] Worker finished 25_6_in_6 with score 5.663881359656193
[26_5_in_5] Starting (50000 attempts)
[27_DOMINO_in_5] Starting (50000 attempts)
[26_8_in_8] Success!
[Main] Worker finished 26_8_in_8 with score 5.777467632032182
[26_5_in_8] Starting (50000 attempts)
[28_5_in_6] Success!
[Main] Worker finished 28_5_in_6 with score 4.857445474115241
[31_5_in_8] Starting (50000 attempts)
[16_DOMINO_in_8] Success!
[Main] Worker finished 16_DOMINO_in_8 with score 3.0294424570362044
[24_DOMINO_in_5] Success!
[Main] Worker finished 24_DOMINO_in_5 with score 5.7555003158195435
[14_DOMINO_in_8] Starting (50000 attempts)
[31_5_in_6] Success!
[19_8_in_CIRCLE] Success!
[17_DOMINO_in_6] Success!
[Main] Worker finished 31_5_in_6 with score 5.111180306608735
[29_5_in_8] Starting (50000 attempts)
[Main] Worker finished 19_8_in_CIRCLE with score 6.0953254095291225
[Main] Worker finished 17_DOMINO_in_6 with score 4.041478072069874
[23_6_in_6] Starting (50000 attempts)
[28_6_in_6] Success!
[16_DOMINO_in_5] Starting (50000 attempts)
[32_6_in_5] Success!
[Main] Worker finished 32_6_in_5 with score 7.812784092602333
[13_DOMINO_in_5] Starting (50000 attempts)
[Main] Worker finished 28_6_in_6 with score 5.949837118888085
[25_5_in_6] Starting (50000 attempts)
[25_5_in_5] Success!
[Main] Worker finished 25_5_in_5 with score 5.6215705425904785[18_DOMINO_in_8] Starting (50000 attempts)

[22_DOMINO_in_8] Starting (50000 attempts)
[17_DOMINO_in_8] Success!
[Main] Worker finished 17_DOMINO_in_8 with score 3.1206342394830537
[16_5_in_5] Starting (50000 attempts)
[22_5_in_5] Success!
[Main] Worker finished 22_5_in_5 with score 5.302443940088193
[27_DOMINO_in_8] Success!
[Main] Worker finished 27_DOMINO_in_8 with score 3.7460412903571165
[28_5_in_6] Starting (50000 attempts)
[26_5_in_6] Success!
[Main] Worker finished 26_5_in_6 with score 4.672624992289787[25_6_in_6] Starting (50000 attempts)

[20_DOMINO_in_8] Success!
[19_DOMINO_in_8] Success!
[Main] Worker finished 20_DOMINO_in_8 with score 3.19734417280043
[19_DOMINO_in_6] Starting (50000 attempts)
[29_8_in_8] Success!
[Main] Worker finished 19_DOMINO_in_8 with score 3.1352386814005566
[15_DOMINO_in_5] Starting (50000 attempts)
[Main] Worker finished 29_8_in_8 with score 6.100717150518816
[31_5_in_6] Starting (50000 attempts)
[16_DOMINO_in_8] Starting (50000 attempts)
[28_DOMINO_in_6] Success!
[Main] Worker finished 28_DOMINO_in_6 with score 5.176312627316074
[32_6_in_5] Starting (50000 attempts)
[28_8_in_8] Success!
[Main] Worker finished 28_8_in_8 with score 5.837617794331301
[27_5_in_6] Success!
[23_5_in_5] Success!
[Main] Worker finished 27_5_in_6 with score 4.733780902267363
[28_6_in_6] Starting (50000 attempts)
[Main] Worker finished 23_5_in_5 with score 5.384931350321754
[25_5_in_5] Starting (50000 attempts)
[17_DOMINO_in_6] Starting (50000 attempts)
[19_DOMINO_in_5] Success!
[Main] Worker finished 19_DOMINO_in_5 with score 5.165308566590611
[31_6_in_5] Success!
[Main] Worker finished 31_6_in_5 with score 7.707891527545897
[15_DOMINO_in_6] Starting (50000 attempts)
[29_DOMINO_in_6] Starting (50000 attempts)
[20_DOMINO_in_5] Success!
[Main] Worker finished 20_DOMINO_in_5 with score 5.3041643290505744
[17_5_in_6] Success!
[Main] Worker finished 17_5_in_6 with score 3.7683056475804717
[26_5_in_6] Starting (50000 attempts)
[13_DOMINO_in_8] Success!
[29_5_in_6] Success!
[27_6_in_6] Success!
[Main] Worker finished 29_5_in_6 with score 4.940078500111987
[17_DOMINO_in_8] Starting (50000 attempts)
[Main] Worker finished 13_DOMINO_in_8 with score 2.5794828405467167
[Main] Worker finished 27_6_in_6 with score 5.734497359224317
[29_8_in_8] Starting (50000 attempts)
[24_5_in_6] Success!
[27_DOMINO_in_6] Starting (50000 attempts)
[30_5_in_8] Success!
[Main] Worker finished 24_5_in_6 with score 4.479815897501027
[27_DOMINO_in_8] Starting (50000 attempts)
[Main] Worker finished 30_5_in_8 with score 3.7200887922679824
[27_5_in_6] Starting (50000 attempts)
[27_DOMINO_in_5] Success!
[Main] Worker finished 27_DOMINO_in_5 with score 6.082969702882483
[26_DOMINO_in_5] Starting (50000 attempts)
[26_5_in_5] Success!
[Main] Worker finished 26_5_in_5 with score 5.717590854823145
[23_5_in_5] Starting (50000 attempts)
[14_DOMINO_in_8] Success!
[Main] Worker finished 14_DOMINO_in_8 with score 2.72976517994299
[20_DOMINO_in_8] Starting (50000 attempts)
[31_6_in_5] Starting (50000 attempts)
[16_DOMINO_in_5] Success!
[Main] Worker finished 16_DOMINO_in_5 with score 4.737400416977929
[13_DOMINO_in_5] Success!
[Main] Worker finished 13_DOMINO_in_5 with score 4.320067517213193
[19_DOMINO_in_8] Starting (50000 attempts)
[26_5_in_8] Success!
[Main] Worker finished 26_5_in_8 with score 3.4538562079264596[28_DOMINO_in_6] Starting (50000 attempts)

[29_5_in_6] Starting (50000 attempts)
[22_DOMINO_in_8] Success!
[Main] Worker finished 22_DOMINO_in_8 with score 3.3977233190545606
[23_DOMINO_in_6] Starting (50000 attempts)
[31_5_in_8] Success!
[Main] Worker finished 31_5_in_8 with score 3.753397336164312
[23_6_in_6] Success!
[Main] Worker finished 23_6_in_6 with score 5.4156888438614805
[27_6_in_6] Starting (50000 attempts)
[18_DOMINO_in_8] Success!
[Main] Worker finished 18_DOMINO_in_8 with score 3.1153105438085373
[24_5_in_6] Starting (50000 attempts)
[29_5_in_8] Success!
[16_5_in_5] Success!
[25_5_in_6] Success!
[Main] Worker finished 16_5_in_5 with score 4.426425120704206
[30_5_in_8] Starting (50000 attempts)
[Main] Worker finished 25_5_in_6 with score 4.588191585222832
[Main] Worker finished 29_5_in_8 with score 3.641820487433201
[19_DOMINO_in_6] Success!
[28_DOMINO_in_5] Starting (50000 attempts)
[15_DOMINO_in_5] Success!
[13_DOMINO_in_8] Starting (50000 attempts)
[28_5_in_6] Success!
[Main] Worker finished 19_DOMINO_in_6 with score 4.237052405484782
[26_5_in_5] Starting (50000 attempts)
[Main] Worker finished 28_5_in_6 with score 4.856355668512603
[Main] Worker finished 15_DOMINO_in_5 with score 4.606373481567585
[14_DOMINO_in_8] Starting (50000 attempts)
[25_6_in_6] Success!
[13_DOMINO_in_5] Starting (50000 attempts)
[Main] Worker finished 25_6_in_6 with score 5.663881359656193
[33_6_in_6] Starting (50000 attempts)
[22_DOMINO_in_8] Starting (50000 attempts)
[16_DOMINO_in_8] Success!
[Main] Worker finished 16_DOMINO_in_8 with score 3.0294424570362044
[17_DOMINO_in_5] Starting (50000 attempts)
[17_DOMINO_in_6] Success!
[Main] Worker finished 17_DOMINO_in_6 with score 4.041467296638518
[25_DOMINO_in_8] Starting (50000 attempts)
[15_DOMINO_in_6] Success!
[Main] Worker finished 15_DOMINO_in_6 with score 3.800119281616542
[18_DOMINO_in_8] Starting (50000 attempts)
[31_5_in_6] Success!
[Main] Worker finished 31_5_in_6 with score 5.110023409368523
[16_5_in_5] Starting (50000 attempts)
[25_5_in_5] Success!
[Main] Worker finished 25_5_in_5 with score 5.6215705425904785
[29_DOMINO_in_6] Success!
[Main] Worker finished 29_DOMINO_in_6 with score 5.328449659510382
[28_DOMINO_in_8] Starting (50000 attempts)
[26_DOMINO_in_6] Starting (50000 attempts)
[28_6_in_6] Success!
[Main] Worker finished 28_6_in_6 with score 5.949837118888085
[19_DOMINO_in_6] Starting (50000 attempts)
[32_6_in_5] Success!
[Main] Worker finished 32_6_in_5 with score 7.812784092602333
[17_DOMINO_in_8] Success!
[Main] Worker finished 17_DOMINO_in_8 with score 3.1206342394830537
[23_DOMINO_in_5] Starting (50000 attempts)
[29_DOMINO_in_8] Starting (50000 attempts)
[27_DOMINO_in_6] Success!
[Main] Worker finished 27_DOMINO_in_6 with score 5.033279288774603
[18_DOMINO_in_5] Starting (50000 attempts)
[26_5_in_6] Success!
[Main] Worker finished 26_5_in_6 with score 4.672197701285595
[18_DOMINO_in_6] Starting (50000 attempts)
[27_DOMINO_in_8] Success!
[Main] Worker finished 27_DOMINO_in_8 with score 3.820307154948568
[27_5_in_6] Success!
[Main] Worker finished 27_5_in_6 with score 4.733780902267363
[17_DOMINO_in_6] Starting (50000 attempts)
[15_DOMINO_in_6] Starting (50000 attempts)
[20_DOMINO_in_8] Success!
[Main] Worker finished 20_DOMINO_in_8 with score 3.3236392676260467
[26_DOMINO_in_5] Success!
[23_5_in_5] Success!
[Main] Worker finished 26_DOMINO_in_5 with score 5.993021013773624
[25_DOMINO_in_6] Starting (50000 attempts)
[Main] Worker finished 23_5_in_5 with score 5.384931350321754
[19_DOMINO_in_8] Success!
[25_5_in_5] Starting (50000 attempts)
[29_8_in_8] Success!
[Main] Worker finished 19_DOMINO_in_8 with score 3.2024351839685585[29_DOMINO_in_6] Starting (50000 attempts)

[Main] Worker finished 29_8_in_8 with score 6.056529720239095
[23_DOMINO_in_6] Success!
[28_DOMINO_in_6] Success!
[32_6_in_5] Starting (50000 attempts)
[Main] Worker finished 28_DOMINO_in_6 with score 5.154168302609424
[28_6_in_6] Starting (50000 attempts)
[Main] Worker finished 23_DOMINO_in_6 with score 4.686004462947639
[17_DOMINO_in_8] Starting (50000 attempts)
[27_DOMINO_in_6] Starting (50000 attempts)
[31_6_in_5] Success!
[Main] Worker finished 31_6_in_5 with score 7.648736354436046
[30_DOMINO_in_6] Starting (50000 attempts)
[29_5_in_6] Success!
[Main] Worker finished 29_5_in_6 with score 4.939224048497261
[13_DOMINO_in_8] Success!
[Main] Worker finished 13_DOMINO_in_8 with score 2.5794828405467167
[27_DOMINO_in_8] Starting (50000 attempts)
[13_DOMINO_in_5] Success!
[Main] Worker finished 13_DOMINO_in_5 with score 4.280944212017085
[23_DOMINO_in_8] Starting (50000 attempts)
[27_6_in_6] Success!
[14_DOMINO_in_8] Success!
[24_5_in_6] Success!
[Main] Worker finished 14_DOMINO_in_8 with score 2.72976517994299[20_DOMINO_in_8] Starting (50000 attempts)

[Main] Worker finished 24_5_in_6 with score 4.479815897501027
[Main] Worker finished 27_6_in_6 with score 5.724849731172783
[28_DOMINO_in_5] Success!
[23_5_in_5] Starting (50000 attempts)
[19_DOMINO_in_8] Starting (50000 attempts)
[30_5_in_8] Success!
[Main] Worker finished 28_DOMINO_in_5 with score 6.222518488602049[24_DOMINO_in_6] Starting (50000 attempts)

[Main] Worker finished 30_5_in_8 with score 3.767229394968456
[22_DOMINO_in_8] Success!
[25_DOMINO_in_8] Success!
[17_DOMINO_in_5] Success!
[28_DOMINO_in_6] Starting (50000 attempts)
[26_5_in_5] Success!
[Main] Worker finished 17_DOMINO_in_5 with score 4.8506057039752415
[24_DOMINO_in_8] Starting (50000 attempts)
[Main] Worker finished 25_DOMINO_in_8 with score 3.635290938824361
[Main] Worker finished 26_5_in_5 with score 5.677020127738932
[Main] Worker finished 22_DOMINO_in_8 with score 3.440622428928729
[31_6_in_5] Starting (50000 attempts)
[23_DOMINO_in_6] Starting (50000 attempts)
[13_DOMINO_in_8] Starting (50000 attempts)
[30_DOMINO_in_8] Starting (50000 attempts)
[28_DOMINO_in_8] Success!
[Main] Worker finished 28_DOMINO_in_8 with score 3.867108722629126
[18_DOMINO_in_8] Success!
[Main] Worker finished 18_DOMINO_in_8 with score 3.027835876592687
[13_DOMINO_in_5] Starting (50000 attempts)
[16_5_in_5] Success!
[Main] Worker finished 16_5_in_5 with score 4.418316100768158
[14_DOMINO_in_8] Starting (50000 attempts)
[26_DOMINO_in_8] Starting (50000 attempts)
[26_DOMINO_in_6] Success!
[Main] Worker finished 26_DOMINO_in_6 with score 4.92647085768483
[33_6_in_6] Success!
[Main] Worker finished 33_6_in_6 with score 6.293454094105282
[19_6_in_6] Starting (50000 attempts)
[29_DOMINO_in_8] Success!
[Main] Worker finished 29_DOMINO_in_8 with score 3.9506038669090153
[31_DOMINO_in_8] Starting (50000 attempts)
[19_DOMINO_in_6] Success!
[Main] Worker finished 19_DOMINO_in_6 with score 4.2559486648884635[31_5_in_8] Starting (50000 attempts)

[23_6_in_6] Starting (50000 attempts)
[23_DOMINO_in_5] Success!
[Main] Worker finished 23_DOMINO_in_5 with score 5.67502752108069
[18_DOMINO_in_5] Success!
[18_DOMINO_in_6] Success!
[Main] Worker finished 18_DOMINO_in_6 with score 4.08527986486613
[25_DOMINO_in_8] Starting (50000 attempts)
[Main] Worker finished 18_DOMINO_in_5 with score 4.992745176884099
[17_DOMINO_in_6] Success!
[22_DOMINO_in_8] Starting (50000 attempts)
[Main] Worker finished 17_DOMINO_in_6 with score 4.041466874764639
[25_5_in_6] Starting (50000 attempts)
[15_DOMINO_in_6] Success!
[25_DOMINO_in_6] Success!
[Main] Worker finished 25_DOMINO_in_6 with score 4.859740098724881
[28_DOMINO_in_8] Starting (50000 attempts)
[Main] Worker finished 15_DOMINO_in_6 with score 3.744429329158158
[18_DOMINO_in_8] Starting (50000 attempts)
[28_5_in_6] Starting (50000 attempts)
[29_DOMINO_in_6] Success!
[Main] Worker finished 29_DOMINO_in_6 with score 5.326513451366944
[26_DOMINO_in_6] Starting (50000 attempts)
[17_DOMINO_in_8] Success!
[Main] Worker finished 17_DOMINO_in_8 with score 3.1206342394830537
[33_6_in_6] Starting (50000 attempts)
[25_5_in_5] Success!
[Main] Worker finished 25_5_in_5 with score 5.6215705425904785
[28_6_in_6] Success!
[27_DOMINO_in_6] Success!
[Main] Worker finished 28_6_in_6 with score 5.949837118888085
[29_DOMINO_in_8] Starting (50000 attempts)
[Main] Worker finished 27_DOMINO_in_6 with score 5.033603721994568
[19_DOMINO_in_6] Starting (50000 attempts)
[23_DOMINO_in_5] Starting (50000 attempts)
[30_DOMINO_in_6] Success!
[Main] Worker finished 30_DOMINO_in_6 with score 5.336136596745584
[23_DOMINO_in_8] Success!
[Main] Worker finished 23_DOMINO_in_8 with score 3.498180921919444
[18_DOMINO_in_6] Starting (50000 attempts)
[18_DOMINO_in_5] Starting (50000 attempts)
[27_DOMINO_in_8] Success!
[Main] Worker finished 27_DOMINO_in_8 with score 3.820307154948568
[32_6_in_5] Success!
[Main] Worker finished 32_6_in_5 with score 7.812784092602333
[17_DOMINO_in_6] Starting (50000 attempts)
[20_DOMINO_in_8] Success!
[28_DOMINO_in_6] Success!
[Main] Worker finished 20_DOMINO_in_8 with score 3.3572113814404516
[25_DOMINO_in_6] Starting (50000 attempts)
[Main] Worker finished 28_DOMINO_in_6 with score 5.167041411140228
[15_DOMINO_in_6] Starting (50000 attempts)
[24_DOMINO_in_8] Success!
[24_DOMINO_in_6] Success!
[19_DOMINO_in_8] Success!
[Main] Worker finished 19_DOMINO_in_8 with score 3.2024351839685585
[29_DOMINO_in_6] Starting (50000 attempts)
[Main] Worker finished 24_DOMINO_in_8 with score 3.5564353829351334
[Main] Worker finished 24_DOMINO_in_6 with score 4.746483024260806
[17_DOMINO_in_8] Starting (50000 attempts)
[30_DOMINO_in_8] Success!
[31_5_in_6] Starting (50000 attempts)
[23_5_in_5] Success!
[13_DOMINO_in_8] Success!
[23_DOMINO_in_6] Success!
[Main] Worker finished 13_DOMINO_in_8 with score 2.5794828405467167[26_5_in_6] Starting (50000 attempts)

[Main] Worker finished 30_DOMINO_in_8 with score 4.093531798667193
[Main] Worker finished 23_5_in_5 with score 5.384931350321754
[Main] Worker finished 23_DOMINO_in_6 with score 4.717083370073929
[13_DOMINO_in_5] Success!
[27_DOMINO_in_6] Starting (50000 attempts)
[30_DOMINO_in_6] Starting (50000 attempts)
[26_DOMINO_in_8] Success!
[23_DOMINO_in_8] Starting (50000 attempts)
[14_DOMINO_in_8] Success!
[Main] Worker finished 26_DOMINO_in_8 with score 3.8247664824142262[29_5_in_6] Starting (50000 attempts)

[Main] Worker finished 14_DOMINO_in_8 with score 2.72976517994299
[Main] Worker finished 13_DOMINO_in_5 with score 4.2769026151080025
[20_DOMINO_in_8] Starting (50000 attempts)
[28_DOMINO_in_6] Starting (50000 attempts)
[31_DOMINO_in_8] Success!
[Main] Worker finished 31_DOMINO_in_8 with score 4.104737035953608
[27_DOMINO_in_8] Starting (50000 attempts)
[31_6_in_5] Success!
[Main] Worker finished 31_6_in_5 with score 7.676416747555321
[19_DOMINO_in_8] Starting (50000 attempts)
[24_DOMINO_in_8] Starting (50000 attempts)
[19_6_in_6] Success!
[Main] Worker finished 19_6_in_6 with score 4.6421823161217075
[25_DOMINO_in_8] Success!
[28_DOMINO_in_8] Success!
[Main] Worker finished 28_DOMINO_in_8 with score 3.9671434273642867
[24_DOMINO_in_6] Starting (50000 attempts)
[Main] Worker finished 25_DOMINO_in_8 with score 3.595066752873783
[13_DOMINO_in_8] Starting (50000 attempts)
[30_DOMINO_in_8] Starting (50000 attempts)
[22_DOMINO_in_8] Success!
[Main] Worker finished 22_DOMINO_in_8 with score 3.440622428928729
[23_6_in_6] Success!
[Main] Worker finished 23_6_in_6 with score 5.40048176991982
[20_DOMINO_in_CIRCLE] Starting (50000 attempts)
[18_DOMINO_in_8] Success!
[Main] Worker finished 18_DOMINO_in_8 with score 3.0351924158142594
[23_DOMINO_in_6] Starting (50000 attempts)
[31_5_in_8] Success!
[Main] Worker finished 31_5_in_8 with score 3.751804613875416
[26_DOMINO_in_8] Starting (50000 attempts)
[17_DOMINO_in_CIRCLE] Starting (50000 attempts)
[25_5_in_6] Success!
[Main] Worker finished 25_5_in_6 with score 4.5872881022745196
[13_DOMINO_in_5] Starting (50000 attempts)
[28_5_in_6] Success!
[Main] Worker finished 28_5_in_6 with score 4.855348547252799
[29_DOMINO_in_8] Success!
[Main] Worker finished 29_DOMINO_in_8 with score 3.92869008295522
[31_DOMINO_in_8] Starting (50000 attempts)
[26_DOMINO_in_6] Success!
[Main] Worker finished 26_DOMINO_in_6 with score 4.919659210711603
[31_6_in_5] Starting (50000 attempts)
[18_DOMINO_in_6] Success!
[19_DOMINO_in_6] Success!
[Main] Worker finished 19_DOMINO_in_6 with score 4.261059124476035
[19_6_in_6] Starting (50000 attempts)
[Main] Worker finished 18_DOMINO_in_6 with score 4.148648307735542
[18_DOMINO_in_5] Success!
[23_DOMINO_in_5] Success!
[25_DOMINO_in_8] Starting (50000 attempts)
[17_DOMINO_in_6] Success!
[Main] Worker finished 17_DOMINO_in_6 with score 4.024124995381911
[28_DOMINO_in_8] Starting (50000 attempts)
[Main] Worker finished 23_DOMINO_in_5 with score 5.6519417862819825
[Main] Worker finished 18_DOMINO_in_5 with score 5.0691257436898285
[18_DOMINO_in_8] Starting (50000 attempts)
[22_DOMINO_in_8] Starting (50000 attempts)
[15_DOMINO_in_6] Success!
[Main] Worker finished 15_DOMINO_in_6 with score 3.794088693785276
[19_DOMINO_in_DOMINO] Starting (50000 attempts)
[29_DOMINO_in_6] Success!
[Main] Worker finished 29_DOMINO_in_6 with score 5.204265770292785
[31_5_in_8] Starting (50000 attempts)
[25_DOMINO_in_6] Success!
[17_DOMINO_in_8] Success!
[Main] Worker finished 17_DOMINO_in_8 with score 3.1206342394830537
[19_DOMINO_in_6] Starting (50000 attempts)
[Main] Worker finished 25_DOMINO_in_6 with score 4.8546121698824445
[33_6_in_6] Success!
[29_DOMINO_in_8] Starting (50000 attempts)
[Main] Worker finished 33_6_in_6 with score 6.285570527282787
[28_5_in_6] Starting (50000 attempts)
[23_DOMINO_in_8] Success!
[Main] Worker finished 23_DOMINO_in_8 with score 3.429038804259795
[26_DOMINO_in_6] Starting (50000 attempts)
[30_DOMINO_in_6] Success!
[31_5_in_6] Success!
[Main] Worker finished 31_5_in_6 with score 5.108954257076046[33_6_in_6] Starting (50000 attempts)

[Main] Worker finished 30_DOMINO_in_6 with score 5.330815611715633
[18_DOMINO_in_6] Starting (50000 attempts)
[28_DOMINO_in_6] Success!
[27_DOMINO_in_6] Success!
[20_DOMINO_in_8] Success!
[Main] Worker finished 20_DOMINO_in_8 with score 3.3236392676260467
[17_DOMINO_in_6] Starting (50000 attempts)
[Main] Worker finished 27_DOMINO_in_6 with score 5.113770317494244
[Main] Worker finished 28_DOMINO_in_6 with score 5.233607986772508
[26_5_in_6] Success!
[15_DOMINO_in_6] Starting (50000 attempts)
[18_DOMINO_in_5] Starting (50000 attempts)
[19_DOMINO_in_8] Success!
[29_5_in_6] Success!
[27_DOMINO_in_8] Success!
[Main] Worker finished 29_5_in_6 with score 4.938434992631042
[29_DOMINO_in_6] Starting (50000 attempts)
[Main] Worker finished 26_5_in_6 with score 4.6718035660101584
[Main] Worker finished 27_DOMINO_in_8 with score 3.820307154948568
[Main] Worker finished 19_DOMINO_in_8 with score 3.1061029439157934
[24_DOMINO_in_8] Success!
[25_DOMINO_in_6] Starting (50000 attempts)
[27_DOMINO_in_6] Starting (50000 attempts)
[19_DOMINO_in_8] Starting (50000 attempts)
[30_DOMINO_in_8] Success!
[Main] Worker finished 24_DOMINO_in_8 with score 3.5703799076483236
[30_DOMINO_in_6] Starting (50000 attempts)
[Main] Worker finished 30_DOMINO_in_8 with score 4.017690290180235
[23_DOMINO_in_8] Starting (50000 attempts)
[13_DOMINO_in_8] Success!
[24_DOMINO_in_6] Success!
[Main] Worker finished 13_DOMINO_in_8 with score 2.5794828405467167
[31_5_in_6] Starting (50000 attempts)
[Main] Worker finished 24_DOMINO_in_6 with score 4.736763492747254
[26_DOMINO_in_8] Success!
[24_DOMINO_in_6] Starting (50000 attempts)
[Main] Worker finished 26_DOMINO_in_8 with score 3.721013360681842
[24_DOMINO_in_8] Starting (50000 attempts)
[20_DOMINO_in_CIRCLE] Success!
[17_DOMINO_in_CIRCLE] Success!
[Main] Worker finished 20_DOMINO_in_CIRCLE with score 4.014686042046874[30_DOMINO_in_8] Starting (50000 attempts)

[Main] Worker finished 17_DOMINO_in_CIRCLE with score 3.759141572791398
[23_DOMINO_in_6] Success!
[29_5_in_6] Starting (50000 attempts)
[13_DOMINO_in_5] Success!
[Main] Worker finished 23_DOMINO_in_6 with score 4.710483744185148
[26_DOMINO_in_8] Starting (50000 attempts)
[Main] Worker finished 13_DOMINO_in_5 with score 4.490747745863403
[31_DOMINO_in_8] Success!
[26_5_in_6] Starting (50000 attempts)
[Main] Worker finished 31_DOMINO_in_8 with score 4.211850105668564[27_DOMINO_in_8] Starting (50000 attempts)

[23_DOMINO_in_6] Starting (50000 attempts)
[18_DOMINO_in_8] Success!
[Main] Worker finished 18_DOMINO_in_8 with score 3.0351924158142594
[31_DOMINO_in_8] Starting (50000 attempts)
[19_DOMINO_in_DOMINO] Success!
[Main] Worker finished 19_DOMINO_in_DOMINO with score 4.882630265799585
[20_DOMINO_in_CIRCLE] Starting (50000 attempts)
[19_6_in_6] Success!
[Main] Worker finished 19_6_in_6 with score 4.6201430505186885
[19_DOMINO_in_6] Success!
[22_DOMINO_in_8] Success!
[25_DOMINO_in_8] Success!
[Main] Worker finished 19_DOMINO_in_6 with score 4.235568044869794
[18_DOMINO_in_8] Starting (50000 attempts)
[Main] Worker finished 25_DOMINO_in_8 with score 3.5648403286634087
[Main] Worker finished 22_DOMINO_in_8 with score 3.440622428928729
[28_DOMINO_in_8] Success!
[22_DOMINO_in_8] Starting (50000 attempts)
[19_DOMINO_in_6] Starting (50000 attempts)
[18_DOMINO_in_6] Success!
[Main] Worker finished 28_DOMINO_in_8 with score 3.851816367847195
[25_DOMINO_in_8] Starting (50000 attempts)
[Main] Worker finished 18_DOMINO_in_6 with score 4.120531797875164
[26_DOMINO_in_6] Success!
[31_6_in_5] Success!
[28_DOMINO_in_8] Starting (50000 attempts)
[29_DOMINO_in_8] Success!
[Main] Worker finished 26_DOMINO_in_6 with score 4.996104015840589
[18_DOMINO_in_6] Starting (50000 attempts)
[Main] Worker finished 31_6_in_5 with score 7.676416747555321
[Main] Worker finished 29_DOMINO_in_8 with score 3.933556629036189
[17_DOMINO_in_6] Success!
[26_DOMINO_in_6] Starting (50000 attempts)
[29_DOMINO_in_8] Starting (50000 attempts)
[15_DOMINO_in_6] Success!
[Main] Worker finished 15_DOMINO_in_6 with score 3.722677988079332
[31_6_in_5] Starting (50000 attempts)
[Main] Worker finished 17_DOMINO_in_6 with score 4.056824903975825
[5_6_in_DOMINO] Starting (5000 attempts)
[31_5_in_8] Success!
[28_5_in_6] Success!
[Main] Worker finished 28_5_in_6 with score 4.854418057791339
[5_8_in_DOMINO] Starting (5000 attempts)
[Main] Worker finished 31_5_in_8 with score 3.7505253273218626
[18_DOMINO_in_5] Success!
[28_5_in_6] Starting (50000 attempts)
[25_DOMINO_in_6] Success!
[Main] Worker finished 25_DOMINO_in_6 with score 4.817574320672789[5_5_in_CIRCLE] Starting (5000 attempts)

[Main] Worker finished 18_DOMINO_in_5 with score 4.976114028256912
[18_DOMINO_in_5] Starting (50000 attempts)
[19_DOMINO_in_8] Success!
[Main] Worker finished 19_DOMINO_in_8 with score 3.117498006277882
[25_DOMINO_in_6] Starting (50000 attempts)
[33_6_in_6] Success!
[29_DOMINO_in_6] Success!
[Main] Worker finished 29_DOMINO_in_6 with score 5.196323095708319
[19_DOMINO_in_8] Starting (50000 attempts)
[Main] Worker finished 33_6_in_6 with score 6.278185000492673
[27_DOMINO_in_6] Success!
[29_DOMINO_in_6] Starting (50000 attempts)
[Main] Worker finished 27_DOMINO_in_6 with score 5.033603721994568
[6_6_in_DOMINO] Starting (5000 attempts)
[27_DOMINO_in_6] Starting (50000 attempts)
[30_DOMINO_in_6] Success!
[Main] Worker finished 30_DOMINO_in_6 with score 5.388954132068166
[30_DOMINO_in_8] Success!
[23_DOMINO_in_8] Success!
[24_DOMINO_in_6] Success!
[Main] Worker finished 30_DOMINO_in_8 with score 3.9938064594550418
[30_DOMINO_in_6] Starting (50000 attempts)
[Main] Worker finished 23_DOMINO_in_8 with score 3.431077442578044
[Main] Worker finished 24_DOMINO_in_6 with score 4.8116963312316985
[24_DOMINO_in_8] Success!
[23_DOMINO_in_8] Starting (50000 attempts)
[24_DOMINO_in_6] Starting (50000 attempts)
[26_DOMINO_in_8] Success!
[Main] Worker finished 24_DOMINO_in_8 with score 3.5703799076483236[30_DOMINO_in_8] Starting (50000 attempts)

[Main] Worker finished 26_DOMINO_in_8 with score 3.7211543644081986
[31_5_in_6] Success!
[24_DOMINO_in_8] Starting (50000 attempts)
[Main] Worker finished 31_5_in_6 with score 5.107966431039223
[26_DOMINO_in_8] Starting (50000 attempts)
[31_5_in_6] Starting (50000 attempts)
[23_DOMINO_in_6] Success!
[Main] Worker finished 23_DOMINO_in_6 with score 4.6566207935437705
[29_5_in_6] Success!
[Main] Worker finished 29_5_in_6 with score 4.937706462575649
[23_DOMINO_in_6] Starting (50000 attempts)
[29_5_in_6] Starting (50000 attempts)
[27_DOMINO_in_8] Success!
[Main] Worker finished 27_DOMINO_in_8 with score 3.820307154948568
[31_DOMINO_in_8] Success!
[Main] Worker finished 31_DOMINO_in_8 with score 4.066164801844494
[6_8_in_8] Starting (5000 attempts)
[31_DOMINO_in_8] Starting (50000 attempts)
[26_5_in_6] Success!
[Main] Worker finished 26_5_in_6 with score 4.671440050189325
[26_5_in_6] Starting (50000 attempts)
[20_DOMINO_in_CIRCLE] Success!
[Main] Worker finished 20_DOMINO_in_CIRCLE with score 4.069078977365869
[18_DOMINO_in_8] Success!
[Main] Worker finished 18_DOMINO_in_8 with score 3.1792276704223217
[20_DOMINO_in_CIRCLE] Starting (50000 attempts)
[19_DOMINO_in_6] Success!
[Main] Worker finished 19_DOMINO_in_6 with score 4.263522405970115
[5_8_in_6] Starting (5000 attempts)
[6_5_in_CIRCLE] Starting (5000 attempts)
[18_DOMINO_in_6] Success!
[Main] Worker finished 18_DOMINO_in_6 with score 4.1382891233744825
[22_DOMINO_in_8] Success!
[5_6_in_DOMINO] Success!
[Main] Worker finished 5_6_in_DOMINO with score 3.2531176663263763
[18_DOMINO_in_6] Starting (50000 attempts)
[Main] Worker finished 22_DOMINO_in_8 with score 3.440622428928729
[5_8_in_CIRCLE] Starting (5000 attempts)
[25_DOMINO_in_8] Success!
[5_8_in_DOMINO] Success!
[Main] Worker finished 5_8_in_DOMINO with score 4.293483619432756
[5_5_in_6] Starting (5000 attempts)
[Main] Worker finished 25_DOMINO_in_8 with score 3.6521991511468035
[29_DOMINO_in_8] Success!
[26_DOMINO_in_6] Success!
[28_DOMINO_in_8] Success!
[5_5_in_CIRCLE] Success!
[25_DOMINO_in_8] Starting (50000 attempts)
[Main] Worker finished 26_DOMINO_in_6 with score 5.032207586843795
[6_8_in_CIRCLE] Starting (5000 attempts)
[Main] Worker finished 5_5_in_CIRCLE with score 2.0338761676062855
[Main] Worker finished 28_DOMINO_in_8 with score 4.003963114377159
[Main] Worker finished 29_DOMINO_in_8 with score 3.935917589280831
[18_DOMINO_in_5] Success!
[26_DOMINO_in_6] Starting (50000 attempts)
[29_DOMINO_in_8] Starting (50000 attempts)
[28_5_in_6] Success!
[25_DOMINO_in_6] Success!
[6_6_in_DOMINO] Success!
[19_DOMINO_in_8] Success!
[6_5_in_8] Starting (5000 attempts)
[Main] Worker finished 28_5_in_6 with score 4.853558558601432
[9_5_in_CIRCLE] Starting (50000 attempts)
[Main] Worker finished 18_DOMINO_in_5 with score 4.9623878960300685
[Main] Worker finished 25_DOMINO_in_6 with score 4.909431868422852
[Main] Worker finished 19_DOMINO_in_8 with score 3.117498006277882
[Main] Worker finished 6_6_in_DOMINO with score 3.4175597497180172
[31_6_in_5] Success!
[25_DOMINO_in_6] Starting (50000 attempts)
[30_DOMINO_in_6] Success!
[29_DOMINO_in_6] Success!
[19_DOMINO_in_8] Starting (50000 attempts)
[5_6_in_DOMINO] Starting (5000 attempts)
[27_DOMINO_in_6] Success!
[5_8_in_DOMINO] Starting (5000 attempts)
[24_DOMINO_in_6] Success!
[Main] Worker finished 29_DOMINO_in_6 with score 5.253854577399189
[5_6_in_CIRCLE] Starting (5000 attempts)
[Main] Worker finished 30_DOMINO_in_6 with score 5.283825397278663
[Main] Worker finished 31_6_in_5 with score 7.676416747555321
[Main] Worker finished 27_DOMINO_in_6 with score 5.002490374274168
[Main] Worker finished 24_DOMINO_in_6 with score 4.807848321172265
[23_DOMINO_in_8] Success!
[30_DOMINO_in_6] Starting (50000 attempts)
[24_DOMINO_in_6] Starting (50000 attempts)
[26_DOMINO_in_8] Success!
[31_6_in_5] Starting (50000 attempts)
[29_DOMINO_in_6] Starting (50000 attempts)
[30_DOMINO_in_8] Success!
[Main] Worker finished 23_DOMINO_in_8 with score 3.431077442578044[27_DOMINO_in_6] Starting (50000 attempts)

[Main] Worker finished 30_DOMINO_in_8 with score 4.041368043263178
[Main] Worker finished 26_DOMINO_in_8 with score 3.705928105350065
[24_DOMINO_in_8] Success!
[23_DOMINO_in_8] Starting (50000 attempts)
[30_DOMINO_in_8] Starting (50000 attempts)
[23_DOMINO_in_6] Success!
[6_8_in_8] Success!
[31_DOMINO_in_8] Success!
[Main] Worker finished 24_DOMINO_in_8 with score 3.5703799076483236
[26_DOMINO_in_8] Starting (50000 attempts)
[Main] Worker finished 23_DOMINO_in_6 with score 4.64960591758442
[Main] Worker finished 31_DOMINO_in_8 with score 4.080168592572487
[Main] Worker finished 6_8_in_8 with score 2.9988689333566723
[23_DOMINO_in_6] Starting (50000 attempts)
[24_DOMINO_in_8] Starting (50000 attempts)
[31_5_in_6] Success!
[31_DOMINO_in_8] Starting (50000 attempts)
[Main] Worker finished 31_5_in_6 with score 5.107053947828628
[5_5_in_CIRCLE] Starting (5000 attempts)
[31_5_in_6] Starting (50000 attempts)
[29_5_in_6] Success!
[Main] Worker finished 29_5_in_6 with score 4.937033931247914
[20_DOMINO_in_CIRCLE] Success!
[5_8_in_6] Success!
[6_5_in_CIRCLE] Success!
[Main] Worker finished 6_5_in_CIRCLE with score 2.232167754713471
[29_5_in_6] Starting (50000 attempts)
[Main] Worker finished 20_DOMINO_in_CIRCLE with score 4.069078977365869
[Main] Worker finished 5_8_in_6 with score 3.727320758878269
[20_DOMINO_in_CIRCLE] Starting (50000 attempts)
[26_5_in_6] Success!
[6_6_in_DOMINO] Starting (5000 attempts)
[5_8_in_CIRCLE] Success!
[Main] Worker finished 5_8_in_CIRCLE with score 3.3927411887210233
[5_5_in_8] Starting (5000 attempts)
[5_5_in_6] Success!
[18_DOMINO_in_6] Success!
[Main] Worker finished 26_5_in_6 with score 4.671104806138732
[26_5_in_6] Starting (50000 attempts)
[Main] Worker finished 5_5_in_6 with score 2.227600303864269
[10_6_in_CIRCLE] Starting (50000 attempts)
[Main] Worker finished 18_DOMINO_in_6 with score 4.110242820503859
[5_8_in_8] Starting (5000 attempts)
[6_8_in_CIRCLE] Success!
[Main] Worker finished 6_8_in_CIRCLE with score 3.712322839747455
[9_6_in_CIRCLE] Starting (50000 attempts)
[6_8_in_8] Starting (5000 attempts)
[29_DOMINO_in_8] Success!
[Main] Worker finished 29_DOMINO_in_8 with score 3.887022406195413
[29_DOMINO_in_8] Starting (50000 attempts)
[6_5_in_8] Success!
[Main] Worker finished 6_5_in_8 with score 1.7887272021501535
[25_DOMINO_in_8] Success!
[Main] Worker finished 25_DOMINO_in_8 with score 3.5764417535910717
[9_8_in_6] Starting (50000 attempts)
[26_DOMINO_in_6] Success!
[9_5_in_CIRCLE] Success!
[Main] Worker finished 9_5_in_CIRCLE with score 2.7056475688823127
[25_DOMINO_in_8] Starting (50000 attempts)
[Main] Worker finished 26_DOMINO_in_6 with score 4.934038331021986
[5_8_in_6] Starting (5000 attempts)
[5_6_in_DOMINO] Success!
[Main] Worker finished 5_6_in_DOMINO with score 3.2531176663263763
[6_5_in_CIRCLE] Starting (5000 attempts)
[5_8_in_DOMINO] Success!
[Main] Worker finished 5_8_in_DOMINO with score 4.293483619432756
[5_8_in_CIRCLE] Starting (5000 attempts)
[25_DOMINO_in_6] Success!
[5_6_in_CIRCLE] Success!
[19_DOMINO_in_8] Success!
[Main] Worker finished 25_DOMINO_in_6 with score 4.89325663829154
[10_5_in_DOMINO] Starting (50000 attempts)
[Main] Worker finished 5_6_in_CIRCLE with score 2.4843071937359382
[Main] Worker finished 19_DOMINO_in_8 with score 3.2614080911115835
[5_5_in_6] Starting (5000 attempts)
[6_8_in_CIRCLE] Starting (5000 attempts)
[30_DOMINO_in_6] Success!
[Main] Worker finished 30_DOMINO_in_6 with score 5.431985989517285
[9_8_in_CIRCLE] Starting (50000 attempts)
[9_5_in_DOMINO] Starting (50000 attempts)
[24_DOMINO_in_6] Success!
[Main] Worker finished 24_DOMINO_in_6 with score 4.725856382520951
[24_DOMINO_in_6] Starting (50000 attempts)
[29_DOMINO_in_6] Success!
[Main] Worker finished 29_DOMINO_in_6 with score 5.337528950270475
[6_5_in_8] Starting (5000 attempts)
[27_DOMINO_in_6] Success!
[Main] Worker finished 27_DOMINO_in_6 with score 5.031829263038627
[23_DOMINO_in_8] Success!
[Main] Worker finished 23_DOMINO_in_8 with score 3.431077442578044
[27_DOMINO_in_6] Starting (50000 attempts)
[23_DOMINO_in_6] Success!
[31_DOMINO_in_8] Success!
[30_DOMINO_in_8] Success!
[Main] Worker finished 30_DOMINO_in_8 with score 3.9573800752399815
[23_DOMINO_in_8] Starting (50000 attempts)
[Main] Worker finished 23_DOMINO_in_6 with score 4.7393932910143475
[Main] Worker finished 31_DOMINO_in_8 with score 4.032706441923925
[26_DOMINO_in_8] Success!
[30_DOMINO_in_8] Starting (50000 attempts)
[31_6_in_5] Success!
[31_DOMINO_in_8] Starting (50000 attempts)
[5_5_in_CIRCLE] Success!
[Main] Worker finished 5_5_in_CIRCLE with score 2.0338761676062855[5_6_in_DOMINO] Starting (5000 attempts)

[Main] Worker finished 31_6_in_5 with score 7.676416747555321
[Main] Worker finished 26_DOMINO_in_8 with score 3.6835660678180226
[24_DOMINO_in_8] Success!
[26_DOMINO_in_8] Starting (50000 attempts)
[5_8_in_DOMINO] Starting (5000 attempts)
[Main] Worker finished 24_DOMINO_in_8 with score 3.5703799076483236
[9_5_in_CIRCLE] Starting (50000 attempts)
[5_6_in_CIRCLE] Starting (5000 attempts)
[6_6_in_DOMINO] Success!
[Main] Worker finished 6_6_in_DOMINO with score 3.4175597497180172
[5_DOMINO_in_8] Starting (5000 attempts)
[5_5_in_8] Success!
[Main] Worker finished 5_5_in_8 with score 1.6257511872443808
[20_DOMINO_in_CIRCLE] Success!
[Main] Worker finished 20_DOMINO_in_CIRCLE with score 4.069078977365869
[5_5_in_DOMINO] Starting (5000 attempts)
[20_DOMINO_in_CIRCLE] Starting (50000 attempts)
[10_6_in_CIRCLE] Success!
[Main] Worker finished 10_6_in_CIRCLE with score 3.4825644057794745
[29_5_in_6] Success!
[Main] Worker finished 29_5_in_6 with score 4.936413193183134
[11_6_in_DOMINO] Starting (50000 attempts)
[5_8_in_8] Success!
[26_5_in_6] Success!
[31_5_in_6] Success!
[9_6_in_CIRCLE] Success!
[6_8_in_8] Success!
[Main] Worker finished 26_5_in_6 with score 4.670795661548032
[29_5_in_6] Starting (50000 attempts)
[Main] Worker finished 6_8_in_8 with score 2.9988689333566723
[Main] Worker finished 5_8_in_8 with score 2.715199605587582
[Main] Worker finished 9_6_in_CIRCLE with score 3.3194742793762795
[Main] Worker finished 31_5_in_6 with score 5.1062112347328
[31_5_in_6] Starting (50000 attempts)
[26_5_in_6] Starting (50000 attempts)
[5_5_in_CIRCLE] Starting (5000 attempts)
[11_6_in_CIRCLE] Starting (50000 attempts)
[9_8_in_6] Success!
[5_8_in_6] Success!
[6_5_in_CIRCLE] Success!
[Main] Worker finished 9_8_in_6 with score 4.94557232614842[7_5_in_DOMINO] Starting (5000 attempts)

[Main] Worker finished 6_5_in_CIRCLE with score 2.232167754713471
[Main] Worker finished 5_8_in_6 with score 3.727320758878269
[29_DOMINO_in_8] Success!
[6_6_in_DOMINO] Starting (5000 attempts)
[25_DOMINO_in_8] Success!
[5_8_in_CIRCLE] Success!
[5_5_in_8] Starting (5000 attempts)
[5_5_in_6] Success!
[10_5_in_DOMINO] Success!
[Main] Worker finished 29_DOMINO_in_8 with score 3.80140790409427
[9_6_in_DOMINO] Starting (50000 attempts)
[Main] Worker finished 25_DOMINO_in_8 with score 3.5764417535910717
[6_8_in_CIRCLE] Success!
[Main] Worker finished 5_5_in_6 with score 2.227600303864269
[Main] Worker finished 10_5_in_DOMINO with score 3.528139528444775
[Main] Worker finished 5_8_in_CIRCLE with score 3.3927411887210233
[25_DOMINO_in_8] Starting (50000 attempts)
[29_DOMINO_in_8] Starting (50000 attempts)
[6_8_in_8] Starting (5000 attempts)
[9_8_in_CIRCLE] Success!
[9_5_in_DOMINO] Success!
[10_6_in_CIRCLE] Starting (50000 attempts)
[Main] Worker finished 6_8_in_CIRCLE with score 3.712322839747455
[5_8_in_8] Starting (5000 attempts)
[Main] Worker finished 9_8_in_CIRCLE with score 4.480024298540383
[Main] Worker finished 9_5_in_DOMINO with score 3.341942287083622
[6_5_in_8] Success!
[24_DOMINO_in_6] Success!
[9_6_in_CIRCLE] Starting (50000 attempts)
[9_8_in_6] Starting (50000 attempts)
[11_8_in_CIRCLE] Starting (50000 attempts)
[Main] Worker finished 24_DOMINO_in_6 with score 4.739970382626691
[Main] Worker finished 6_5_in_8 with score 1.7887272021501535
[5_8_in_6] Starting (5000 attempts)
[6_5_in_CIRCLE] Starting (5000 attempts)
[5_6_in_DOMINO] Success!
[Main] Worker finished 5_6_in_DOMINO with score 3.2531176663263763
[10_8_in_DOMINO] Starting (50000 attempts)
[5_8_in_DOMINO] Success!
[Main] Worker finished 5_8_in_DOMINO with score 4.293483619432756
[23_DOMINO_in_8] Success!
[Main] Worker finished 23_DOMINO_in_8 with score 3.431077442578044
[11_8_in_8] Starting (50000 attempts)
[9_5_in_CIRCLE] Success!
[27_DOMINO_in_6] Success!
[30_DOMINO_in_8] Success!
[5_6_in_CIRCLE] Success!
[Main] Worker finished 9_5_in_CIRCLE with score 2.7056475688823127
[5_5_in_6] Starting (5000 attempts)
[Main] Worker finished 5_6_in_CIRCLE with score 2.4843071937359382
[Main] Worker finished 27_DOMINO_in_6 with score 5.13759272670469
[Main] Worker finished 30_DOMINO_in_8 with score 4.026621863429831
[5_8_in_CIRCLE] Starting (5000 attempts)
[6_8_in_CIRCLE] Starting (5000 attempts)
[10_5_in_DOMINO] Starting (50000 attempts)
[9_8_in_CIRCLE] Starting (50000 attempts)
[5_DOMINO_in_8] Success!
[Main] Worker finished 5_DOMINO_in_8 with score 1.717814742322048
[31_DOMINO_in_8] Success!
[26_DOMINO_in_8] Success!
[Main] Worker finished 26_DOMINO_in_8 with score 3.7487368429551218
[9_5_in_DOMINO] Starting (50000 attempts)
[Main] Worker finished 31_DOMINO_in_8 with score 4.085091429602335
[5_5_in_DOMINO] Success!
[31_DOMINO_in_8] Starting (50000 attempts)
[Main] Worker finished 5_5_in_DOMINO with score 2.4783826951247696
[6_5_in_8] Starting (5000 attempts)
[5_6_in_DOMINO] Starting (5000 attempts)
[11_6_in_DOMINO] Success!
[Main] Worker finished 11_6_in_DOMINO with score 4.513254229052472
[20_DOMINO_in_CIRCLE] Success!
[Main] Worker finished 20_DOMINO_in_CIRCLE with score 4.069078977365869
[5_8_in_DOMINO] Starting (5000 attempts)
[8_5_in_CIRCLE] Starting (50000 attempts)
[5_5_in_CIRCLE] Success!
[Main] Worker finished 5_5_in_CIRCLE with score 2.0338761676062855
[9_5_in_CIRCLE] Starting (50000 attempts)
[7_5_in_DOMINO] Success!
[Main] Worker finished 7_5_in_DOMINO with score 2.9259899367556788
[11_6_in_CIRCLE] Success!
[Main] Worker finished 11_6_in_CIRCLE with score 3.6123575178296905[5_6_in_CIRCLE] Starting (5000 attempts)

[6_5_in_DOMINO] Starting (5000 attempts)
[6_6_in_DOMINO] Success!
[Main] Worker finished 6_6_in_DOMINO with score 3.4175597497180172
[5_5_in_8] Success!
[29_5_in_6] Success!
[Main] Worker finished 5_5_in_8 with score 1.6257511872443808
[6_8_in_DOMINO] Starting (5000 attempts)
[Main] Worker finished 29_5_in_6 with score 4.935840344181789
[29_5_in_6] Starting (50000 attempts)
[26_5_in_6] Success!
[9_6_in_DOMINO] Success!
[Main] Worker finished 26_5_in_6 with score 4.670510607070165
[8_8_in_6] Starting (50000 attempts)
[Main] Worker finished 9_6_in_DOMINO with score 4.067430878148075
[31_5_in_6] Success!
[26_5_in_6] Starting (50000 attempts)
[6_8_in_8] Success!
[Main] Worker finished 6_8_in_8 with score 2.9988689333566723
[5_DOMINO_in_8] Starting (5000 attempts)
[Main] Worker finished 31_5_in_6 with score 5.105433105858407
[10_6_in_CIRCLE] Success!
[31_5_in_6] Starting (50000 attempts)
[Main] Worker finished 10_6_in_CIRCLE with score 3.5012349670061145
[5_5_in_DOMINO] Starting (5000 attempts)
[5_8_in_8] Success!
[Main] Worker finished 5_8_in_8 with score 2.715199605587582
[5_5_in_CIRCLE] Starting (5000 attempts)
[25_DOMINO_in_8] Success!
[9_6_in_CIRCLE] Success!
[Main] Worker finished 25_DOMINO_in_8 with score 3.5764417535910717
[11_6_in_DOMINO] Starting (50000 attempts)
[Main] Worker finished 9_6_in_CIRCLE with score 3.3194742793762795
[29_DOMINO_in_8] Success!
[6_6_in_DOMINO] Starting (5000 attempts)
[5_8_in_6] Success!
[Main] Worker finished 29_DOMINO_in_8 with score 3.833926104130867
[11_8_in_6] Starting (50000 attempts)
[Main] Worker finished 5_8_in_6 with score 3.727320758878269
[29_DOMINO_in_8] Starting (50000 attempts)
[9_8_in_6] Success!
[6_5_in_CIRCLE] Success!
[11_8_in_CIRCLE] Success!
[Main] Worker finished 9_8_in_6 with score 4.94557232614842
[5_5_in_8] Starting (5000 attempts)
[Main] Worker finished 11_8_in_CIRCLE with score 4.904368447733293
[Main] Worker finished 6_5_in_CIRCLE with score 2.232167754713471
[6_8_in_8] Starting (5000 attempts)
[11_5_in_CIRCLE] Starting (50000 attempts)
[6_8_in_6] Starting (5000 attempts)
[10_8_in_DOMINO] Success!
[Main] Worker finished 10_8_in_DOMINO with score 5.839105042742959
[5_5_in_6] Success!
[5_8_in_CIRCLE] Success!
[Main] Worker finished 5_8_in_CIRCLE with score 3.3927411887210233
[11_6_in_CIRCLE] Starting (50000 attempts)
[Main] Worker finished 5_5_in_6 with score 2.227600303864269
[6_8_in_CIRCLE] Success!
[10_5_in_DOMINO] Success!
[11_8_in_8] Success!
[10_6_in_CIRCLE] Starting (50000 attempts)
[Main] Worker finished 11_8_in_8 with score 3.945980521708767
[5_8_in_8] Starting (5000 attempts)
[Main] Worker finished 10_5_in_DOMINO with score 3.528139528444775
[Main] Worker finished 6_8_in_CIRCLE with score 3.712322839747455
[9_8_in_CIRCLE] Success!
[9_6_in_CIRCLE] Starting (50000 attempts)
[9_5_in_DOMINO] Success!
[7_5_in_DOMINO] Starting (5000 attempts)
[Main] Worker finished 9_8_in_CIRCLE with score 4.480024298540383
[8_5_in_6] Starting (50000 attempts)
[Main] Worker finished 9_5_in_DOMINO with score 3.341942287083622
[5_8_in_6] Starting (5000 attempts)
[6_5_in_8] Success!
[5_6_in_DOMINO] Success!
[Main] Worker finished 5_6_in_DOMINO with score 3.2531176663263763
[9_8_in_6] Starting (50000 attempts)
[Main] Worker finished 6_5_in_8 with score 1.7887272021501535
[6_5_in_CIRCLE] Starting (5000 attempts)
[8_5_in_5] Starting (50000 attempts)
[5_8_in_DOMINO] Success!
[Main] Worker finished 5_8_in_DOMINO with score 4.293483619432756
[9_6_in_DOMINO] Starting (50000 attempts)
[31_DOMINO_in_8] Success!
[Main] Worker finished 31_DOMINO_in_8 with score 4.085091429602335
[8_5_in_CIRCLE] Success!
[Main] Worker finished 8_5_in_CIRCLE with score 2.482256626695394
[5_8_in_CIRCLE] Starting (5000 attempts)
[5_5_in_6] Starting (5000 attempts)
[9_5_in_CIRCLE] Success!
[Main] Worker finished 9_5_in_CIRCLE with score 2.7056475688823127
[11_8_in_CIRCLE] Starting (50000 attempts)
[5_6_in_CIRCLE] Success!
[Main] Worker finished 5_6_in_CIRCLE with score 2.4843071937359382
[6_5_in_DOMINO] Success!
[Main] Worker finished 6_5_in_DOMINO with score 2.6981213339973915
[10_5_in_DOMINO] Starting (50000 attempts)
[6_8_in_DOMINO] Success!
[Main] Worker finished 6_8_in_DOMINO with score 4.514862304517881
[6_8_in_CIRCLE] Starting (5000 attempts)
[9_8_in_CIRCLE] Starting (50000 attempts)
[5_DOMINO_in_8] Success!
[Main] Worker finished 5_DOMINO_in_8 with score 1.717814742322048
[8_8_in_6] Success!
[Main] Worker finished 8_8_in_6 with score 4.578789919294264
[9_5_in_DOMINO] Starting (50000 attempts)
[5_5_in_DOMINO] Success!
[Main] Worker finished 5_5_in_DOMINO with score 2.4783826951247696
[9_8_in_DOMINO] Starting (50000 attempts)
[5_5_in_CIRCLE] Success!
[Main] Worker finished 5_5_in_CIRCLE with score 2.0338761676062855
[6_5_in_8] Starting (5000 attempts)
[11_6_in_DOMINO] Success!
[Main] Worker finished 11_6_in_DOMINO with score 4.513254229052472
[10_5_in_CIRCLE] Starting (50000 attempts)
[6_6_in_DOMINO] Success!
[29_5_in_6] Success!
[Main] Worker finished 29_5_in_6 with score 4.935311761871978
[6_6_in_6] Starting (5000 attempts)
[Main] Worker finished 6_6_in_DOMINO with score 3.4175597497180172
[29_5_in_6] Starting (50000 attempts)
[5_5_in_8] Success!
[26_5_in_6] Success!
[6_8_in_8] Success!
[Main] Worker finished 26_5_in_6 with score 4.670247784685389
[9_5_in_CIRCLE] Starting (50000 attempts)
[Main] Worker finished 5_5_in_8 with score 1.6257511872443808
[Main] Worker finished 6_8_in_8 with score 2.9988689333566723
[11_5_in_CIRCLE] Success!
[26_5_in_6] Starting (50000 attempts)
[11_8_in_6] Success!
[5_6_in_CIRCLE] Starting (5000 attempts)
[Main] Worker finished 11_5_in_CIRCLE with score 2.9047374925098137
[10_8_in_DOMINO] Starting (50000 attempts)
[Main] Worker finished 11_8_in_6 with score 5.362635247289482
[6_8_in_6] Success!
[11_8_in_8] Starting (50000 attempts)
[29_DOMINO_in_8] Success!
[31_5_in_6] Success!
[Main] Worker finished 29_DOMINO_in_8 with score 3.833926104130867
[11_5_in_8] Starting (50000 attempts)
[Main] Worker finished 31_5_in_6 with score 5.10471473898235
[Main] Worker finished 6_8_in_6 with score 3.9623805299701846
[31_5_in_6] Starting (50000 attempts)
[11_6_in_CIRCLE] Success!
[10_6_in_CIRCLE] Success!
[29_DOMINO_in_8] Starting (50000 attempts)
[5_8_in_8] Success!
[9_6_in_CIRCLE] Success!
[Main] Worker finished 5_8_in_8 with score 2.715199605587582
[8_5_in_CIRCLE] Starting (50000 attempts)
[Main] Worker finished 11_6_in_CIRCLE with score 3.6123575178296905
[Main] Worker finished 10_6_in_CIRCLE with score 3.5012349670061145
[Main] Worker finished 9_6_in_CIRCLE with score 3.3194742793762795
[5_5_in_8] Starting (5000 attempts)
[6_5_in_DOMINO] Starting (5000 attempts)
[8_5_in_6] Success!
[7_5_in_DOMINO] Success!
[8_8_in_CIRCLE] Starting (50000 attempts)
[5_8_in_6] Success!
[Main] Worker finished 8_5_in_6 with score 2.731573847783613
[6_8_in_DOMINO] Starting (5000 attempts)
[Main] Worker finished 5_8_in_6 with score 3.727320758878269
[Main] Worker finished 7_5_in_DOMINO with score 2.9259899367556788
[8_8_in_6] Starting (50000 attempts)
[9_8_in_6] Success!
[6_5_in_CIRCLE] Success!
[5_DOMINO_in_8] Starting (5000 attempts)
[Main] Worker finished 9_8_in_6 with score 4.94557232614842
[5_5_in_DOMINO] Starting (5000 attempts)
[Main] Worker finished 6_5_in_CIRCLE with score 2.232167754713471
[10_8_in_6] Starting (50000 attempts)
[8_5_in_5] Success!
[Main] Worker finished 8_5_in_5 with score 3.3468360532778014[11_6_in_DOMINO] Starting (50000 attempts)

[5_5_in_6] Success!
[5_8_in_CIRCLE] Success!
[9_6_in_DOMINO] Success!
[Main] Worker finished 5_5_in_6 with score 2.227600303864269
[11_8_in_6] Starting (50000 attempts)
[Main] Worker finished 9_6_in_DOMINO with score 4.067430878148075
[Main] Worker finished 5_8_in_CIRCLE with score 3.3927411887210233
[10_6_in_CIRCLE] Starting (50000 attempts)
[5_8_in_8] Starting (5000 attempts)
[11_5_in_DOMINO] Starting (50000 attempts)
[11_8_in_CIRCLE] Success!
[Main] Worker finished 11_8_in_CIRCLE with score 4.904368447733293
[10_5_in_DOMINO] Success!
[Main] Worker finished 10_5_in_DOMINO with score 3.528139528444775
[9_6_in_CIRCLE] Starting (50000 attempts)
[6_8_in_CIRCLE] Success!
[Main] Worker finished 6_8_in_CIRCLE with score 3.712322839747455
[11_5_in_CIRCLE] Starting (50000 attempts)
[6_8_in_6] Starting (5000 attempts)
[9_8_in_CIRCLE] Success!
[Main] Worker finished 9_8_in_CIRCLE with score 4.480024298540383
[9_5_in_DOMINO] Success!
[Main] Worker finished 9_5_in_DOMINO with score 3.341942287083622
[11_6_in_CIRCLE] Starting (50000 attempts)
[6_5_in_8] Success!
[Main] Worker finished 6_5_in_8 with score 1.7887272021501535[9_8_in_6] Starting (50000 attempts)

[7_5_in_DOMINO] Starting (5000 attempts)
[9_8_in_DOMINO] Success!
[Main] Worker finished 9_8_in_DOMINO with score 5.5038150704551665
[10_5_in_CIRCLE] Success!
[Main] Worker finished 10_5_in_CIRCLE with score 2.8096957407169842
[8_5_in_6] Starting (50000 attempts)
[6_6_in_6] Success!
[Main] Worker finished 6_6_in_6 with score 2.897262290237134
[8_5_in_DOMINO] Starting (50000 attempts)
[12_8_in_DOMINO] Starting (50000 attempts)
[9_5_in_CIRCLE] Success!
[Main] Worker finished 9_5_in_CIRCLE with score 2.7056475688823127
[5_6_in_CIRCLE] Success!
[Main] Worker finished 5_6_in_CIRCLE with score 2.4843071937359382
[10_8_in_8] Starting (50000 attempts)
[7_5_in_CIRCLE] Starting (5000 attempts)
[10_8_in_DOMINO] Success!
[Main] Worker finished 10_8_in_DOMINO with score 5.839105042742959
[11_5_in_8] Success!
[11_8_in_8] Success!
[Main] Worker finished 11_8_in_8 with score 3.945980521708767
[10_5_in_DOMINO] Starting (50000 attempts)
[Main] Worker finished 11_5_in_8 with score 2.3343366670282952
[29_5_in_6] Success!
[26_5_in_6] Success!
[9_8_in_CIRCLE] Starting (50000 attempts)
[Main] Worker finished 29_5_in_6 with score 4.934824087205828
[10_5_in_8] Starting (50000 attempts)
[5_5_in_8] Success!
[Main] Worker finished 26_5_in_6 with score 4.670005476807664
[6_5_in_DOMINO] Success!
[8_5_in_CIRCLE] Success!
[26_5_in_6] Starting (50000 attempts)
[29_5_in_6] Starting (50000 attempts)
[Main] Worker finished 5_5_in_8 with score 1.6257511872443808
[Main] Worker finished 6_5_in_DOMINO with score 2.6981213339973915
[Main] Worker finished 8_5_in_CIRCLE with score 2.482256626695394
[9_5_in_DOMINO] Starting (50000 attempts)
[29_DOMINO_in_8] Success!
[8_8_in_CIRCLE] Success!
[13_6_in_DOMINO] Starting (50000 attempts)
[6_8_in_DOMINO] Success!
[5_DOMINO_in_8] Success!
[Main] Worker finished 5_DOMINO_in_8 with score 1.717814742322048
[11_5_in_6] Starting (50000 attempts)
[Main] Worker finished 8_8_in_CIRCLE with score 4.144759796535852
[Main] Worker finished 6_8_in_DOMINO with score 4.514862304517881
[Main] Worker finished 29_DOMINO_in_8 with score 3.833926104130867
[8_8_in_6] Success!
[5_5_in_DOMINO] Success!
[29_DOMINO_in_8] Starting (50000 attempts)
[10_8_in_6] Success!
[13_8_in_CIRCLE] Starting (50000 attempts)
[31_5_in_6] Success!
[8_5_in_5] Starting (50000 attempts)
[Main] Worker finished 10_8_in_6 with score 5.083417758613617
[9_6_in_DOMINO] Starting (50000 attempts)
[Main] Worker finished 8_8_in_6 with score 4.578789919294264
[Main] Worker finished 31_5_in_6 with score 5.137266596489844
[Main] Worker finished 5_5_in_DOMINO with score 2.4783826951247696
[11_6_in_DOMINO] Success!
[11_8_in_CIRCLE] Starting (50000 attempts)
[10_6_in_CIRCLE] Success!
[9_8_in_DOMINO] Starting (50000 attempts)
[5_8_in_8] Success!
[10_5_in_CIRCLE] Starting (50000 attempts)
[11_8_in_6] Success!
[Main] Worker finished 5_8_in_8 with score 2.715199605587582
[6_6_in_6] Starting (5000 attempts)
[Main] Worker finished 11_8_in_6 with score 5.362635247289482
[Main] Worker finished 11_6_in_DOMINO with score 4.513254229052472
[Main] Worker finished 10_6_in_CIRCLE with score 3.5012349670061145
[11_5_in_DOMINO] Success!
[9_5_in_8] Starting (50000 attempts)
[10_8_in_DOMINO] Starting (50000 attempts)
[11_8_in_DOMINO] Starting (50000 attempts)
[9_6_in_CIRCLE] Success!
[Main] Worker finished 9_6_in_CIRCLE with score 3.3194742793762795
[7_DOMINO_in_8] Starting (5000 attempts)
[Main] Worker finished 11_5_in_DOMINO with score 3.625554767546156
[11_5_in_CIRCLE] Success!
[11_8_in_8] Starting (50000 attempts)
[Main] Worker finished 11_5_in_CIRCLE with score 2.9047374925098137
[7_8_in_5] Starting (5000 attempts)
[6_8_in_6] Success!
[Main] Worker finished 6_8_in_6 with score 3.9623805299701846
[11_5_in_8] Starting (50000 attempts)
[11_6_in_CIRCLE] Success!
[Main] Worker finished 11_6_in_CIRCLE with score 3.6123575178296905
[8_5_in_CIRCLE] Starting (50000 attempts)
[7_5_in_DOMINO] Success!
[9_8_in_6] Success!
[Main] Worker finished 9_8_in_6 with score 4.94557232614842
[8_8_in_5] Starting (50000 attempts)
[Main] Worker finished 7_5_in_DOMINO with score 2.9259899367556788
[8_5_in_6] Success!
[6_5_in_DOMINO] Starting (5000 attempts)
[Main] Worker finished 8_5_in_6 with score 2.731573847783613
[12_6_in_DOMINO] Starting (50000 attempts)
[8_5_in_DOMINO] Success!
[Main] Worker finished 8_5_in_DOMINO with score 3.0848025018440732
[8_8_in_CIRCLE] Starting (50000 attempts)
[6_8_in_DOMINO] Starting (5000 attempts)
[12_8_in_DOMINO] Success!
[Main] Worker finished 12_8_in_DOMINO with score 6.324910948264516
[7_5_in_CIRCLE] Success!
[10_8_in_8] Success!
[Main] Worker finished 7_5_in_CIRCLE with score 2.301873562409722
[8_8_in_6] Starting (50000 attempts)
[Main] Worker finished 10_8_in_8 with score 3.7204861167355805
[5_6_in_6] Starting (5000 attempts)
[10_5_in_DOMINO] Success!
[Main] Worker finished 10_5_in_DOMINO with score 3.528139528444775
[5_DOMINO_in_8] Starting (5000 attempts)
[5_5_in_DOMINO] Starting (5000 attempts)
[9_8_in_CIRCLE] Success!
[Main] Worker finished 9_8_in_CIRCLE with score 4.480024298540383
[10_5_in_8] Success!
[Main] Worker finished 10_5_in_8 with score 2.2118080678298013
[10_8_in_6] Starting (50000 attempts)
[29_5_in_6] Success!
[9_5_in_DOMINO] Success!
[Main] Worker finished 29_5_in_6 with score 4.934374206895752
[11_6_in_DOMINO] Starting (50000 attempts)
[Main] Worker finished 9_5_in_DOMINO with score 3.341942287083622
[29_5_in_6] Starting (50000 attempts)
[13_6_in_DOMINO] Success!
[11_5_in_6] Success!
[Main] Worker finished 11_5_in_6 with score 3.177349149882355
[12_5_in_DOMINO] Starting (50000 attempts)
[Main] Worker finished 13_6_in_DOMINO with score 4.825278353773088
[8_5_in_5] Success!
[11_8_in_6] Starting (50000 attempts)
[9_6_in_DOMINO] Success!
[26_5_in_6] Success!
[Main] Worker finished 8_5_in_5 with score 3.3468360532778014[11_5_in_DOMINO] Starting (50000 attempts)

[Main] Worker finished 26_5_in_6 with score 4.6697820960996435
[Main] Worker finished 9_6_in_DOMINO with score 4.067430878148075
[26_5_in_6] Starting (50000 attempts)
[13_8_in_CIRCLE] Success!
[29_DOMINO_in_8] Success!
[9_8_in_DOMINO] Success!
[11_5_in_CIRCLE] Starting (50000 attempts)
[10_5_in_CIRCLE] Success!
[11_8_in_CIRCLE] Success!
[6_6_in_6] Success!
[Main] Worker finished 10_5_in_CIRCLE with score 2.8096957407169842
[6_8_in_6] Starting (5000 attempts)
[Main] Worker finished 11_8_in_CIRCLE with score 4.904368447733293
[Main] Worker finished 9_8_in_DOMINO with score 5.5038150704551665
[Main] Worker finished 29_DOMINO_in_8 with score 3.833926104130867
[Main] Worker finished 6_6_in_6 with score 2.897262290237134
[Main] Worker finished 13_8_in_CIRCLE with score 5.262303631584142
[9_5_in_8] Success!
[11_6_in_CIRCLE] Starting (50000 attempts)
[7_5_in_DOMINO] Starting (5000 attempts)
[8_5_in_6] Starting (50000 attempts)
[7_DOMINO_in_8] Success!
[8_5_in_DOMINO] Starting (50000 attempts)
[10_8_in_DOMINO] Success!
[11_8_in_DOMINO] Success!
[15_5_in_CIRCLE] Starting (50000 attempts)
[Main] Worker finished 7_DOMINO_in_8 with score 2.005203530355048
[10_5_in_5] Starting (50000 attempts)
[Main] Worker finished 11_8_in_DOMINO with score 6.04077488592788
[Main] Worker finished 9_5_in_8 with score 2.0959010073397857
[Main] Worker finished 10_8_in_DOMINO with score 5.839105042742959
[12_8_in_DOMINO] Starting (50000 attempts)
[5_DOMINO_in_5] Starting (5000 attempts)
[7_8_in_5] Success!
[11_8_in_8] Success!
[11_5_in_8] Success!
[10_8_in_8] Starting (50000 attempts)
[8_5_in_CIRCLE] Success!
[Main] Worker finished 11_5_in_8 with score 2.3335048277690014
[12_8_in_CIRCLE] Starting (50000 attempts)
[Main] Worker finished 8_5_in_CIRCLE with score 2.482256626695394
[Main] Worker finished 11_8_in_8 with score 3.945980521708767
[Main] Worker finished 7_8_in_5 with score 5.267893853748814
[7_5_in_CIRCLE] Starting (5000 attempts)
[7_5_in_5] Starting (5000 attempts)
[8_8_in_5] Success!
[6_5_in_DOMINO] Success!
[10_5_in_8] Starting (50000 attempts)
[Main] Worker finished 8_8_in_5 with score 5.632417990309691
[11_6_in_8] Starting (50000 attempts)
[Main] Worker finished 6_5_in_DOMINO with score 2.6981213339973915
[13_6_in_DOMINO] Starting (50000 attempts)
[8_8_in_CIRCLE] Success!
[6_8_in_DOMINO] Success!
[12_6_in_DOMINO] Success!
[Main] Worker finished 6_8_in_DOMINO with score 4.514862304517881
[11_5_in_6] Starting (50000 attempts)
[Main] Worker finished 12_6_in_DOMINO with score 4.626004523607166
[Main] Worker finished 8_8_in_CIRCLE with score 4.144759796535852
[6_6_in_5] Starting (5000 attempts)
[13_8_in_CIRCLE] Starting (50000 attempts)
[8_5_in_5] Starting (50000 attempts)
[5_6_in_6] Success!
[Main] Worker finished 5_6_in_6 with score 2.6752287330593756
[8_8_in_6] Success!
[5_DOMINO_in_8] Success!
[Main] Worker finished 8_8_in_6 with score 4.578789919294264
[9_6_in_DOMINO] Starting (50000 attempts)
[Main] Worker finished 5_DOMINO_in_8 with score 1.717814742322048
[5_5_in_DOMINO] Success!
[11_8_in_CIRCLE] Starting (50000 attempts)
[Main] Worker finished 5_5_in_DOMINO with score 2.4783826951247696[17_8_in_CIRCLE] Starting (50000 attempts)

[9_8_in_DOMINO] Starting (50000 attempts)
[11_6_in_DOMINO] Success!
[Main] Worker finished 11_6_in_DOMINO with score 4.513254229052472
[10_8_in_6] Success!
[Main] Worker finished 10_8_in_6 with score 5.083417758613617
[10_5_in_CIRCLE] Starting (50000 attempts)
[12_5_in_DOMINO] Success!
[Main] Worker finished 12_5_in_DOMINO with score 3.7576743076763917[6_8_in_5] Starting (5000 attempts)

[15_8_in_6] Starting (50000 attempts)
[11_5_in_DOMINO] Success!
[Main] Worker finished 11_5_in_DOMINO with score 3.625554767546156
[11_8_in_6] Success!
[Main] Worker finished 11_8_in_6 with score 5.362635247289482
[13_8_in_DOMINO] Starting (50000 attempts)
[11_5_in_CIRCLE] Success!
[Main] Worker finished 11_5_in_CIRCLE with score 2.9047374925098137
[6_6_in_6] Starting (5000 attempts)
[29_5_in_6] Success!
[6_8_in_6] Success!
[Main] Worker finished 6_8_in_6 with score 3.9623805299701846
[9_6_in_5] Starting (50000 attempts)
[Main] Worker finished 29_5_in_6 with score 4.933959236786185
[8_5_in_6] Success!
[7_5_in_DOMINO] Success!
[29_5_in_6] Starting (50000 attempts)
[26_5_in_6] Success!
[11_6_in_CIRCLE] Success!
[8_5_in_DOMINO] Success!
[Main] Worker finished 8_5_in_6 with score 2.731573847783613
[9_5_in_8] Starting (50000 attempts)
[Main] Worker finished 8_5_in_DOMINO with score 3.0848025018440732
[Main] Worker finished 7_5_in_DOMINO with score 2.9259899367556788
[Main] Worker finished 26_5_in_6 with score 4.669576175961809
[Main] Worker finished 11_6_in_CIRCLE with score 3.6123575178296905
[10_8_in_DOMINO] Starting (50000 attempts)
[10_5_in_5] Success!
[15_5_in_CIRCLE] Success!
[11_8_in_DOMINO] Starting (50000 attempts)
[5_DOMINO_in_5] Success!
[7_DOMINO_in_8] Starting (5000 attempts)
[11_8_in_8] Starting (50000 attempts)
[Main] Worker finished 5_DOMINO_in_5 with score 2.8090852688546946
[7_8_in_5] Starting (5000 attempts)
[Main] Worker finished 15_5_in_CIRCLE with score 3.3390189274621664
[Main] Worker finished 10_5_in_5 with score 3.698242161628505
[11_5_in_8] Starting (50000 attempts)
[10_8_in_8] Success!
[12_5_in_CIRCLE] Starting (50000 attempts)
[Main] Worker finished 10_8_in_8 with score 3.7204861167355805
[8_5_in_CIRCLE] Starting (50000 attempts)
[7_5_in_CIRCLE] Success!
[12_8_in_DOMINO] Success!
[7_5_in_5] Success!
[Main] Worker finished 7_5_in_CIRCLE with score 2.301873562409722
[8_8_in_5] Starting (50000 attempts)
[Main] Worker finished 7_5_in_5 with score 3.0901213766355777
[Main] Worker finished 12_8_in_DOMINO with score 6.324910948264516
[6_5_in_DOMINO] Starting (5000 attempts)
[10_5_in_8] Success!
[12_8_in_CIRCLE] Success!
[11_6_in_8] Success!
[8_5_in_8] Starting (50000 attempts)
[Main] Worker finished 10_5_in_8 with score 2.2118080678298013[13_5_in_DOMINO] Starting (50000 attempts)

[Main] Worker finished 11_6_in_8 with score 2.8825199114397533
[Main] Worker finished 12_8_in_CIRCLE with score 5.028859189736653
[6_6_in_5] Success!
[11_5_in_6] Success!
[13_6_in_DOMINO] Success!
[12_6_in_DOMINO] Starting (50000 attempts)
[8_8_in_CIRCLE] Starting (50000 attempts)
[8_5_in_5] Success!
[Main] Worker finished 6_6_in_5 with score 3.561048493188362
[6_8_in_DOMINO] Starting (5000 attempts)
[Main] Worker finished 13_6_in_DOMINO with score 4.825278353773088
[Main] Worker finished 11_5_in_6 with score 3.177349149882355
[Main] Worker finished 8_5_in_5 with score 3.3468360532778014
[13_8_in_CIRCLE] Success!
[8_8_in_6] Starting (50000 attempts)
[7_6_in_5] Starting (5000 attempts)
[9_6_in_DOMINO] Success!
[8_6_in_CIRCLE] Starting (50000 attempts)
[Main] Worker finished 9_6_in_DOMINO with score 4.067430878148075[14_5_in_CIRCLE] Starting (50000 attempts)

[Main] Worker finished 13_8_in_CIRCLE with score 5.262303631584142
[10_8_in_6] Starting (50000 attempts)
[11_8_in_CIRCLE] Success!
[Main] Worker finished 11_8_in_CIRCLE with score 4.904368447733293
[15_5_in_8] Starting (50000 attempts)
[9_8_in_DOMINO] Success!
[Main] Worker finished 9_8_in_DOMINO with score 5.5038150704551665
[10_6_in_DOMINO] Starting (50000 attempts)
[10_5_in_CIRCLE] Success!
[6_8_in_5] Success!
[Main] Worker finished 6_8_in_5 with score 4.7818533607437725
[15_6_in_CIRCLE] Starting (50000 attempts)
[Main] Worker finished 10_5_in_CIRCLE with score 2.8096957407169842
[12_5_in_DOMINO] Starting (50000 attempts)
[11_8_in_6] Starting (50000 attempts)
[17_8_in_CIRCLE] Success!
[Main] Worker finished 17_8_in_CIRCLE with score 5.984846717852844
[11_5_in_DOMINO] Starting (50000 attempts)
[6_6_in_6] Success!
[Main] Worker finished 6_6_in_6 with score 2.897262290237134
[15_8_in_6] Success!
[13_8_in_DOMINO] Success!
[Main] Worker finished 13_8_in_DOMINO with score 6.524385953685497
[10_6_in_8] Starting (50000 attempts)
[Main] Worker finished 15_8_in_6 with score 6.16650656709864
[11_5_in_CIRCLE] Starting (50000 attempts)
[9_6_in_5] Success!
[Main] Worker finished 9_6_in_5 with score 4.356225059804148
[6_DOMINO_in_DOMINO] Starting (5000 attempts)
[6_8_in_6] Starting (5000 attempts)
[9_5_in_8] Success!
[Main] Worker finished 9_5_in_8 with score 2.0959010073397857
[8_8_in_8] Starting (50000 attempts)
[10_8_in_DOMINO] Success!
[Main] Worker finished 10_8_in_DOMINO with score 5.839105042742959
[7_DOMINO_in_8] Success!
[Main] Worker finished 7_DOMINO_in_8 with score 2.0051998417052825
[12_8_in_5] Starting (50000 attempts)
[6_5_in_6] Starting (5000 attempts)
[11_5_in_8] Success!
[Main] Worker finished 11_5_in_8 with score 2.3327346915720666
[11_8_in_DOMINO] Success!
[8_5_in_CIRCLE] Success!
[7_8_in_5] Success!
[12_5_in_CIRCLE] Success!
[Main] Worker finished 8_5_in_CIRCLE with score 2.482256626695394
[8_5_in_6] Starting (50000 attempts)
[Main] Worker finished 7_8_in_5 with score 5.267893853748814
[Main] Worker finished 12_5_in_CIRCLE with score 3.0249325226413832
[Main] Worker finished 11_8_in_DOMINO with score 6.04077488592788
[6_5_in_DOMINO] Success!
[11_8_in_8] Success!
[8_8_in_5] Success!
[8_5_in_DOMINO] Starting (50000 attempts)
[29_5_in_6] Success!
[15_5_in_CIRCLE] Starting (50000 attempts)
[13_8_in_8] Starting (50000 attempts)
[8_5_in_8] Success!
[Main] Worker finished 11_8_in_8 with score 3.945980521708767[10_5_in_5] Starting (50000 attempts)

[Main] Worker finished 29_5_in_6 with score 4.9335765061479835
[Main] Worker finished 6_5_in_DOMINO with score 2.6981213339973915
[Main] Worker finished 8_8_in_5 with score 5.632417990309691
[Main] Worker finished 8_5_in_8 with score 1.961731631080694
[29_5_in_6] Starting (50000 attempts)
[12_8_in_DOMINO] Starting (50000 attempts)
[5_8_in_5] Starting (5000 attempts)
[13_5_in_DOMINO] Success!
[5_DOMINO_in_5] Starting (5000 attempts)
[8_8_in_CIRCLE] Success!
[Main] Worker finished 8_8_in_CIRCLE with score 4.144759796535852[10_8_in_8] Starting (50000 attempts)

[12_6_in_DOMINO] Success!
[Main] Worker finished 13_5_in_DOMINO with score 3.8942198794588005
[6_8_in_DOMINO] Success!
[12_8_in_CIRCLE] Starting (50000 attempts)
[8_8_in_6] Success!
[Main] Worker finished 12_6_in_DOMINO with score 4.626004523607166
[7_6_in_DOMINO] Starting (5000 attempts)
[Main] Worker finished 8_8_in_6 with score 4.578789919294264
[Main] Worker finished 6_8_in_DOMINO with score 4.514862304517881
[7_6_in_5] Success!
[10_6_in_6] Starting (50000 attempts)
[8_6_in_CIRCLE] Success!
[7_5_in_CIRCLE] Starting (5000 attempts)
[Main] Worker finished 8_6_in_CIRCLE with score 2.9900974090750925
[5_6_in_5] Starting (5000 attempts)
[Main] Worker finished 7_6_in_5 with score 3.8131538775656013
[8_6_in_6] Starting (50000 attempts)
[14_5_in_CIRCLE] Success!
[Main] Worker finished 14_5_in_CIRCLE with score 3.237983563377362
[7_5_in_5] Starting (5000 attempts)
[10_8_in_6] Success!
[10_5_in_8] Starting (50000 attempts)
[Main] Worker finished 10_8_in_6 with score 5.083417758613617
[11_6_in_8] Starting (50000 attempts)
[10_6_in_DOMINO] Success!
[Main] Worker finished 10_6_in_DOMINO with score 4.1854014009789955
[13_6_in_DOMINO] Starting (50000 attempts)
[15_5_in_8] Success!
[Main] Worker finished 15_5_in_8 with score 2.685060232664588
[11_5_in_6] Starting (50000 attempts)
[15_6_in_CIRCLE] Success!
[Main] Worker finished 15_6_in_CIRCLE with score 4.090319119219042
[12_5_in_DOMINO] Success!
[Main] Worker finished 12_5_in_DOMINO with score 3.7576743076763917
[10_DOMINO_in_6] Starting (50000 attempts)
[11_5_in_DOMINO] Success!
[Main] Worker finished 11_5_in_DOMINO with score 3.625554767546156
[12_6_in_5] Starting (50000 attempts)
[11_8_in_6] Success!
[Main] Worker finished 11_8_in_6 with score 5.362635247289482[6_6_in_5] Starting (5000 attempts)

[13_8_in_CIRCLE] Starting (50000 attempts)
[11_5_in_CIRCLE] Success!
[Main] Worker finished 11_5_in_CIRCLE with score 2.9047374925098137
[10_6_in_8] Success!
[Main] Worker finished 10_6_in_8 with score 2.7565782330234603
[8_5_in_5] Starting (50000 attempts)
[6_DOMINO_in_DOMINO] Success!
[6_8_in_6] Success!
[Main] Worker finished 6_DOMINO_in_DOMINO with score 2.9269635902496747[17_8_in_CIRCLE] Starting (50000 attempts)

[Main] Worker finished 6_8_in_6 with score 3.9623805299701846
[9_8_in_DOMINO] Starting (50000 attempts)
[12_8_in_8] Starting (50000 attempts)
[8_8_in_8] Success!
[Main] Worker finished 8_8_in_8 with score 3.2878617804289507
[6_5_in_6] Success!
[Main] Worker finished 6_5_in_6 with score 2.334325046090789[6_8_in_5] Starting (5000 attempts)

[15_8_in_6] Starting (50000 attempts)
[8_5_in_6] Success!
[Main] Worker finished 8_5_in_6 with score 2.731573847783613
[8_5_in_DOMINO] Success!
[Main] Worker finished 8_5_in_DOMINO with score 3.0848025018440732
[7_5_in_8] Starting (5000 attempts)
[12_8_in_5] Success!
[Main] Worker finished 12_8_in_5 with score 6.735575862316236[13_8_in_DOMINO] Starting (50000 attempts)

[10_5_in_5] Success!
[15_5_in_CIRCLE] Success!
[Main] Worker finished 10_5_in_5 with score 3.698242161628505[6_6_in_6] Starting (5000 attempts)

[Main] Worker finished 15_5_in_CIRCLE with score 3.345343483244312
[5_8_in_5] Success!
[13_8_in_8] Success!
[5_DOMINO_in_5] Success!
[9_6_in_5] Starting (50000 attempts)
[Main] Worker finished 13_8_in_8 with score 4.18778997474247
[9_5_in_8] Starting (50000 attempts)
[Main] Worker finished 5_DOMINO_in_5 with score 2.8090852688546946
[Main] Worker finished 5_8_in_5 with score 4.348618287689763
[12_8_in_DOMINO] Success!
[21_8_in_DOMINO] Starting (50000 attempts)
[10_8_in_8] Success!
[13_5_in_6] Starting (50000 attempts)
[Main] Worker finished 10_8_in_8 with score 3.7204861167355805
[11_8_in_DOMINO] Starting (50000 attempts)
[Main] Worker finished 12_8_in_DOMINO with score 6.324910948264516
[7_6_in_DOMINO] Success!
[13_8_in_5] Starting (50000 attempts)
[Main] Worker finished 7_6_in_DOMINO with score 3.4941454320093825[7_DOMINO_in_8] Starting (5000 attempts)

[7_5_in_CIRCLE] Success!
[10_6_in_6] Success!
[5_6_in_5] Success!
[12_8_in_CIRCLE] Success!
[Main] Worker finished 10_6_in_6 with score 3.749715252387216
[13_6_in_8] Starting (50000 attempts)
[Main] Worker finished 12_8_in_CIRCLE with score 5.028859189736653
[Main] Worker finished 7_5_in_CIRCLE with score 2.301873562409722
[Main] Worker finished 5_6_in_5 with score 3.229490810765495
[11_5_in_8] Starting (50000 attempts)
[29_5_in_6] Success!
[8_6_in_6] Success!
[12_5_in_CIRCLE] Starting (50000 attempts)
[7_5_in_5] Success!
[16_5_in_CIRCLE] Starting (50000 attempts)
[Main] Worker finished 8_6_in_6 with score 3.3262785051421733[8_5_in_8] Starting (50000 attempts)

[Main] Worker finished 29_5_in_6 with score 4.933223542875898
[Main] Worker finished 7_5_in_5 with score 3.0901213766355777
[10_5_in_8] Success!
[29_5_in_6] Starting (50000 attempts)
[11_6_in_8] Success!
[13_5_in_DOMINO] Starting (50000 attempts)
[Main] Worker finished 11_6_in_8 with score 2.8825199114397533
[12_6_in_DOMINO] Starting (50000 attempts)
[Main] Worker finished 10_5_in_8 with score 2.2118080678298013
[13_6_in_DOMINO] Success!
[8_6_in_8] Starting (50000 attempts)
[11_5_in_6] Success!
[Main] Worker finished 13_6_in_DOMINO with score 4.825278353773088[8_8_in_CIRCLE] Starting (50000 attempts)

[Main] Worker finished 11_5_in_6 with score 3.177349149882355
[10_DOMINO_in_6] Success!
[7_6_in_5] Starting (5000 attempts)
[6_6_in_5] Success!
[Main] Worker finished 6_6_in_5 with score 3.561048493188362
[8_6_in_CIRCLE] Starting (50000 attempts)
[Main] Worker finished 10_DOMINO_in_6 with score 3.214216984114548
[14_5_in_CIRCLE] Starting (50000 attempts)
[12_6_in_5] Success!
[Main] Worker finished 12_6_in_5 with score 4.937376466774466
[10_8_in_6] Starting (50000 attempts)
[15_8_in_CIRCLE] Starting (50000 attempts)
[8_5_in_5] Success!
[Main] Worker finished 8_5_in_5 with score 3.3468360532778014
[15_5_in_8] Starting (50000 attempts)
[13_8_in_CIRCLE] Success!
[Main] Worker finished 13_8_in_CIRCLE with score 5.262303631584142
[14_8_in_CIRCLE] Starting (50000 attempts)
[9_8_in_DOMINO] Success!
[Main] Worker finished 9_8_in_DOMINO with score 5.5038150704551665
[13_6_in_5] Starting (50000 attempts)
[6_8_in_5] Success!
[Main] Worker finished 6_8_in_5 with score 4.7818533607437725
[10_6_in_DOMINO] Starting (50000 attempts)
[12_8_in_8] Success!
[Main] Worker finished 12_8_in_8 with score 4.016020462419165
[17_8_in_CIRCLE] Success!
[Main] Worker finished 17_8_in_CIRCLE with score 5.984846717852844
[15_6_in_CIRCLE] Starting (50000 attempts)
[12_5_in_DOMINO] Starting (50000 attempts)
[7_5_in_8] Success!
[Main] Worker finished 7_5_in_8 with score 1.8261429737118473
[11_5_in_DOMINO] Starting (50000 attempts)
[6_6_in_6] Success!
[Main] Worker finished 6_6_in_6 with score 2.897262290237134
[15_8_in_6] Success!
[13_8_in_DOMINO] Success!
[Main] Worker finished 15_8_in_6 with score 6.16650656709864
[14_6_in_5] Starting (50000 attempts)
[Main] Worker finished 13_8_in_DOMINO with score 6.524385953685497
[9_6_in_5] Success!
[9_5_in_8] Success!
[10_6_in_8] Starting (50000 attempts)
[Main] Worker finished 9_5_in_8 with score 2.0959010073397857
[7_8_in_CIRCLE] Starting (5000 attempts)
[Main] Worker finished 9_6_in_5 with score 4.356225059804148
[11_8_in_DOMINO] Success!
[8_8_in_8] Starting (50000 attempts)
[Main] Worker finished 11_8_in_DOMINO with score 6.04077488592788
[12_8_in_5] Starting (50000 attempts)
[7_DOMINO_in_8] Success!
[13_5_in_6] Success!
[Main] Worker finished 13_5_in_6 with score 3.4285041744862585
[9_5_in_5] Starting (50000 attempts)
[Main] Worker finished 7_DOMINO_in_8 with score 2.005199643952856
[6_5_in_6] Starting (5000 attempts)
[11_5_in_8] Success!
[Main] Worker finished 11_5_in_8 with score 2.332021940481986
[12_6_in_8] Starting (50000 attempts)
[13_8_in_5] Success!
[13_6_in_8] Success!
[12_5_in_CIRCLE] Success!
[Main] Worker finished 12_5_in_CIRCLE with score 3.0249325226413832
[16_8_in_8] Starting (50000 attempts)
[Main] Worker finished 13_6_in_8 with score 3.087624644501296
[Main] Worker finished 13_8_in_5 with score 6.988532146169312
[21_8_in_DOMINO] Success!
[10_6_in_5] Starting (50000 attempts)
[8_5_in_8] Success!
[8_5_in_DOMINO] Starting (50000 attempts)
[16_5_in_CIRCLE] Success!
[Main] Worker finished 21_8_in_DOMINO with score 8.238698760322144
[15_5_in_CIRCLE] Starting (50000 attempts)
[Main] Worker finished 16_5_in_CIRCLE with score 3.4411605671771976
[Main] Worker finished 8_5_in_8 with score 1.961731631080694
[13_5_in_DOMINO] Success!
[8_DOMINO_in_6] Starting (50000 attempts)
[13_8_in_8] Starting (50000 attempts)
[12_6_in_DOMINO] Success!
[8_6_in_8] Success!
[Main] Worker finished 8_6_in_8 with score 2.42115433681355
[10_5_in_5] Starting (50000 attempts)
[Main] Worker finished 12_6_in_DOMINO with score 4.626004523607166
[Main] Worker finished 13_5_in_DOMINO with score 3.8942198794588005
[12_8_in_DOMINO] Starting (50000 attempts)
[8_8_in_CIRCLE] Success!
[7_6_in_5] Success!
[5_8_in_5] Starting (5000 attempts)
[Main] Worker finished 8_8_in_CIRCLE with score 4.144759796535852
[5_DOMINO_in_5] Starting (5000 attempts)
[Main] Worker finished 7_6_in_5 with score 3.8131538775656013
[8_6_in_CIRCLE] Success!
[17_6_in_5] Starting (50000 attempts)
[29_5_in_6] Success!
[Main] Worker finished 8_6_in_CIRCLE with score 2.9900974090750925
[10_8_in_8] Starting (50000 attempts)
[Main] Worker finished 29_5_in_6 with score 4.9328980595641845
[29_5_in_6] Starting (50000 attempts)
[10_8_in_6] Success!
[14_5_in_CIRCLE] Success!
[Main] Worker finished 10_8_in_6 with score 5.083417758613617
[12_8_in_CIRCLE] Starting (50000 attempts)
[Main] Worker finished 14_5_in_CIRCLE with score 3.237983563377362
[7_6_in_DOMINO] Starting (5000 attempts)
[16_6_in_8] Starting (50000 attempts)
[15_5_in_8] Success!
[Main] Worker finished 15_5_in_8 with score 2.685060232664588
[15_8_in_CIRCLE] Success!
[Main] Worker finished 15_8_in_CIRCLE with score 5.64521259112362
[7_5_in_CIRCLE] Starting (5000 attempts)
[20_8_in_CIRCLE] Starting (50000 attempts)
[14_8_in_CIRCLE] Success!
[Main] Worker finished 14_8_in_CIRCLE with score 5.373206866816074
[13_6_in_5] Success!
[10_6_in_DOMINO] Success!
[Main] Worker finished 10_6_in_DOMINO with score 4.1854014009789955
[16_8_in_CIRCLE] Starting (50000 attempts)
[Main] Worker finished 13_6_in_5 with score 5.118118581027425
[12_5_in_DOMINO] Success!
[5_6_in_5] Starting (5000 attempts)
[11_5_in_DOMINO] Success!
[15_6_in_CIRCLE] Success!
[Main] Worker finished 12_5_in_DOMINO with score 3.7576743076763917[8_6_in_6] Starting (50000 attempts)

[Main] Worker finished 15_6_in_CIRCLE with score 4.090319119219042
[Main] Worker finished 11_5_in_DOMINO with score 3.625554767546156
[15_6_in_8] Starting (50000 attempts)
[7_5_in_5] Starting (5000 attempts)
[14_6_in_5] Success!
[10_6_in_8] Success!
[Main] Worker finished 14_6_in_5 with score 5.310683556026722[10_5_in_8] Starting (50000 attempts)

[Main] Worker finished 10_6_in_8 with score 2.7565782330234603
[13_6_in_DOMINO] Starting (50000 attempts)
[7_8_in_CIRCLE] Success!
[8_8_in_8] Success!
[Main] Worker finished 7_8_in_CIRCLE with score 3.7950462907018387
[11_5_in_6] Starting (50000 attempts)
[Main] Worker finished 8_8_in_8 with score 3.2878617804289507
[12_8_in_5] Success!
[6_5_in_6] Success!
[9_5_in_5] Success!
[10_DOMINO_in_6] Starting (50000 attempts)
[Main] Worker finished 6_5_in_6 with score 2.334325046090789
[12_6_in_5] Starting (50000 attempts)
[Main] Worker finished 12_8_in_5 with score 6.735575862316236
[Main] Worker finished 9_5_in_5 with score 3.463680674666948
[12_6_in_8] Success!
[13_8_in_CIRCLE] Starting (50000 attempts)
[17_8_in_CIRCLE] Starting (50000 attempts)
[Main] Worker finished 12_6_in_8 with score 2.9377634562638297
[19_8_in_DOMINO] Starting (50000 attempts)
[8_5_in_DOMINO] Success!
[Main] Worker finished 8_5_in_DOMINO with score 3.0848025018440732[12_8_in_8] Starting (50000 attempts)

[10_6_in_5] Success!
[Main] Worker finished 10_6_in_5 with score 4.574769884311197
[6_8_in_5] Starting (5000 attempts)
[8_DOMINO_in_6] Success!
[Main] Worker finished 8_DOMINO_in_6 with score 2.9422489384062622
[15_8_in_6] Starting (50000 attempts)
[10_5_in_5] Success!
[15_5_in_CIRCLE] Success!
[16_8_in_8] Success!
[5_DOMINO_in_5] Success!
[Main] Worker finished 15_5_in_CIRCLE with score 3.345343483244312
[7_5_in_8] Starting (5000 attempts)
[Main] Worker finished 10_5_in_5 with score 3.698242161628505
[Main] Worker finished 16_8_in_8 with score 4.619342824798609
[5_8_in_5] Success!
[Main] Worker finished 5_DOMINO_in_5 with score 2.8090852688546946
[22_6_in_CIRCLE] Starting (50000 attempts)
[13_8_in_8] Success!
[12_8_in_DOMINO] Success!
[13_8_in_DOMINO] Starting (50000 attempts)
[9_5_in_8] Starting (50000 attempts)
[Main] Worker finished 13_8_in_8 with score 4.18778997474247
[21_8_in_DOMINO] Starting (50000 attempts)
[Main] Worker finished 12_8_in_DOMINO with score 6.324910948264516
[Main] Worker finished 5_8_in_5 with score 4.348618287689763
[10_8_in_8] Success!
[17_6_in_5] Success!
[13_5_in_6] Starting (50000 attempts)
[11_8_in_DOMINO] Starting (50000 attempts)
[7_6_in_DOMINO] Success!
[Main] Worker finished 17_6_in_5 with score 5.839596123437023
[13_8_in_5] Starting (50000 attempts)
[Main] Worker finished 10_8_in_8 with score 3.7204861167355805
[Main] Worker finished 7_6_in_DOMINO with score 3.4941454320093825
[7_5_in_CIRCLE] Success!
[7_DOMINO_in_8] Starting (5000 attempts)
[12_8_in_CIRCLE] Success!
[15_5_in_DOMINO] Starting (50000 attempts)
[16_6_in_8] Success!
[Main] Worker finished 7_5_in_CIRCLE with score 2.301873562409722
[13_6_in_8] Starting (50000 attempts)
[Main] Worker finished 12_8_in_CIRCLE with score 5.028859189736653
[Main] Worker finished 16_6_in_8 with score 3.389995430732657
[29_5_in_6] Success!
[11_5_in_8] Starting (50000 attempts)
[12_5_in_CIRCLE] Starting (50000 attempts)
[Main] Worker finished 29_5_in_6 with score 4.93259794043128[13_5_in_CIRCLE] Starting (50000 attempts)

[5_6_in_5] Success!
[Main] Worker finished 5_6_in_5 with score 3.229490810765495
[29_5_in_6] Starting (50000 attempts)
[12_5_in_5] Starting (50000 attempts)
[8_6_in_6] Success!
[Main] Worker finished 8_6_in_6 with score 3.3262785051421733
[17_8_in_5] Starting (50000 attempts)
[16_8_in_CIRCLE] Success!
[Main] Worker finished 16_8_in_CIRCLE with score 5.76766116388135
[16_5_in_CIRCLE] Starting (50000 attempts)
[20_8_in_CIRCLE] Success!
[Main] Worker finished 20_8_in_CIRCLE with score 6.408094950662928
[7_5_in_5] Success!
[Main] Worker finished 7_5_in_5 with score 3.0901213766355777
[8_5_in_8] Starting (50000 attempts)
[15_6_in_8] Success!
[Main] Worker finished 15_6_in_8 with score 3.300980431842543
[13_5_in_DOMINO] Starting (50000 attempts)
[10_5_in_8] Success!
[Main] Worker finished 10_5_in_8 with score 2.2118080678298013
[12_6_in_DOMINO] Starting (50000 attempts)
[8_6_in_8] Starting (50000 attempts)
[13_6_in_DOMINO] Success!
[Main] Worker finished 13_6_in_DOMINO with score 4.825278353773088
[11_5_in_6] Success!
[10_DOMINO_in_6] Success!
[Main] Worker finished 10_DOMINO_in_6 with score 3.214216984114548
[16_5_in_8] Starting (50000 attempts)
[Main] Worker finished 11_5_in_6 with score 3.177349149882355
[11_5_in_5] Starting (50000 attempts)
[8_6_in_DOMINO] Starting (50000 attempts)
[12_6_in_5] Success!
[Main] Worker finished 12_6_in_5 with score 4.937376466774466
[7_6_in_5] Starting (5000 attempts)
[12_8_in_8] Success!
[Main] Worker finished 12_8_in_8 with score 4.016020462419165
[6_8_in_5] Success!
[Main] Worker finished 6_8_in_5 with score 4.7818533607437725
[8_6_in_CIRCLE] Starting (50000 attempts)
[18_8_in_8] Starting (50000 attempts)
[13_8_in_CIRCLE] Success!
[Main] Worker finished 13_8_in_CIRCLE with score 5.262303631584142
[14_5_in_CIRCLE] Starting (50000 attempts)
[7_5_in_8] Success!
[Main] Worker finished 7_5_in_8 with score 1.8261429737118473
[19_8_in_DOMINO] Success!
[17_8_in_CIRCLE] Success!
[Main] Worker finished 17_8_in_CIRCLE with score 5.984846717852844
[15_8_in_CIRCLE] Starting (50000 attempts)
[Main] Worker finished 19_8_in_DOMINO with score 7.794562305764205
[18_8_in_CIRCLE] Starting (50000 attempts)
[15_8_in_6] Success!
[9_5_in_8] Success!
[13_8_in_DOMINO] Success!
[Main] Worker finished 13_8_in_DOMINO with score 6.524385953685497
[21_5_in_CIRCLE] Starting (50000 attempts)
[Main] Worker finished 9_5_in_8 with score 2.0959010073397857
[Main] Worker finished 15_8_in_6 with score 6.16650656709864
[13_5_in_6] Success!
[15_5_in_8] Starting (50000 attempts)
[12_6_in_CIRCLE] Starting (50000 attempts)
[22_6_in_CIRCLE] Success!
[7_DOMINO_in_8] Success!
[11_8_in_DOMINO] Success!
[Main] Worker finished 11_8_in_DOMINO with score 6.04077488592788[14_8_in_8] Starting (50000 attempts)

[Main] Worker finished 13_5_in_6 with score 3.4285041744862585
[Main] Worker finished 22_6_in_CIRCLE with score 4.9125338429934695
[Main] Worker finished 7_DOMINO_in_8 with score 2.005199633352468
[18_5_in_CIRCLE] Starting (50000 attempts)
[22_5_in_CIRCLE] Starting (50000 attempts)
[13_6_in_8] Success!
[15_5_in_DOMINO] Success!
[14_8_in_CIRCLE] Starting (50000 attempts)
[11_5_in_8] Success!
[13_8_in_5] Success!
[Main] Worker finished 13_6_in_8 with score 3.087624644501296[13_6_in_5] Starting (50000 attempts)

[Main] Worker finished 15_5_in_DOMINO with score 4.129846426323647
[Main] Worker finished 13_8_in_5 with score 6.988532146169312
[Main] Worker finished 11_5_in_8 with score 2.331362522098815
[12_5_in_CIRCLE] Success!
[10_6_in_DOMINO] Starting (50000 attempts)
[13_5_in_CIRCLE] Success!
[21_8_in_DOMINO] Success!
[15_6_in_CIRCLE] Starting (50000 attempts)
[12_5_in_DOMINO] Starting (50000 attempts)
[12_5_in_5] Success!
[Main] Worker finished 12_5_in_CIRCLE with score 3.0249325226413832
[14_6_in_5] Starting (50000 attempts)
[Main] Worker finished 12_5_in_5 with score 3.9895552022139587
[Main] Worker finished 13_5_in_CIRCLE with score 3.0793548370246726
[Main] Worker finished 21_8_in_DOMINO with score 8.238698760322144
[8_5_in_8] Success!
[18_8_in_5] Starting (50000 attempts)
[23_6_in_CIRCLE] Starting (50000 attempts)
[16_5_in_CIRCLE] Success!
[11_DOMINO_in_6] Starting (50000 attempts)
[Main] Worker finished 16_5_in_CIRCLE with score 3.484020489154712
[15_8_in_8] Starting (50000 attempts)
[Main] Worker finished 8_5_in_8 with score 1.961731631080694
[13_5_in_DOMINO] Success!
[7_8_in_CIRCLE] Starting (5000 attempts)
[29_5_in_6] Success!
[Main] Worker finished 13_5_in_DOMINO with score 3.8942198794588005
[8_8_in_8] Starting (50000 attempts)
[Main] Worker finished 29_5_in_6 with score 4.932321229061439
[17_8_in_5] Success!
[29_5_in_6] Starting (50000 attempts)
[Main] Worker finished 17_8_in_5 with score 7.939579459363951
[19_8_in_5] Starting (50000 attempts)
[12_6_in_DOMINO] Success!
[8_6_in_8] Success!
[Main] Worker finished 12_6_in_DOMINO with score 4.626004523607166
[17_5_in_CIRCLE] Starting (50000 attempts)
[Main] Worker finished 8_6_in_8 with score 2.42115433681355
[11_5_in_5] Success!
[14_8_in_5] Starting (50000 attempts)
[Main] Worker finished 11_5_in_5 with score 3.8126405255728777
[12_8_in_5] Starting (50000 attempts)
[8_6_in_DOMINO] Success!
[Main] Worker finished 8_6_in_DOMINO with score 3.698483979583938
[9_5_in_5] Starting (50000 attempts)
[16_5_in_8] Success!
[7_6_in_5] Success!
[Main] Worker finished 7_6_in_5 with score 3.8131538775656013
[6_5_in_6] Starting (5000 attempts)
[Main] Worker finished 16_5_in_8 with score 2.757555254323801
[8_6_in_CIRCLE] Success!
[12_6_in_8] Starting (50000 attempts)
[Main] Worker finished 8_6_in_CIRCLE with score 2.9900974090750925
[16_6_in_5] Starting (50000 attempts)
[14_6_in_8] Starting (50000 attempts)
[14_5_in_CIRCLE] Success!
[Main] Worker finished 14_5_in_CIRCLE with score 3.237983563377362
[16_8_in_8] Starting (50000 attempts)
[18_8_in_8] Success!
[Main] Worker finished 18_8_in_8 with score 4.880795652783389
[15_8_in_CIRCLE] Success!
[Main] Worker finished 15_8_in_CIRCLE with score 5.64521259112362
[10_6_in_5] Starting (50000 attempts)
[12_6_in_CIRCLE] Success!
[Main] Worker finished 12_6_in_CIRCLE with score 3.619137531048797
[15_5_in_CIRCLE] Starting (50000 attempts)
[8_DOMINO_in_6] Starting (50000 attempts)
[15_5_in_8] Success!
[Main] Worker finished 15_5_in_8 with score 2.685060232664588
[18_5_in_CIRCLE] Success!
[21_5_in_CIRCLE] Success!
[18_8_in_CIRCLE] Success!
[Main] Worker finished 21_5_in_CIRCLE with score 3.909639951095922
[13_8_in_8] Starting (50000 attempts)
[Main] Worker finished 18_8_in_CIRCLE with score 6.099037994484778
[Main] Worker finished 18_5_in_CIRCLE with score 3.616566011518087
[10_5_in_5] Starting (50000 attempts)
[5_8_in_5] Starting (5000 attempts)
[14_8_in_8] Success!
[Main] Worker finished 14_8_in_8 with score 4.29961501261876
[5_DOMINO_in_5] Starting (5000 attempts)
[17_6_in_5] Starting (50000 attempts)
[10_6_in_DOMINO] Success!
[Main] Worker finished 10_6_in_DOMINO with score 4.1854014009789955
[20_5_in_8] Starting (50000 attempts)
[13_6_in_5] Success!
[Main] Worker finished 13_6_in_5 with score 5.118118581027425
[12_8_in_CIRCLE] Starting (50000 attempts)
[22_5_in_CIRCLE] Success!
[Main] Worker finished 22_5_in_CIRCLE with score 3.998462426723429
[14_8_in_CIRCLE] Success!
[Main] Worker finished 14_8_in_CIRCLE with score 5.373206866816074
[7_6_in_DOMINO] Starting (5000 attempts)
[15_6_in_CIRCLE] Success!
[12_5_in_DOMINO] Success!
[Main] Worker finished 15_6_in_CIRCLE with score 4.090319119219042
[14_5_in_8] Starting (50000 attempts)
[Main] Worker finished 12_5_in_DOMINO with score 3.7576743076763917
[10_5_in_6] Starting (50000 attempts)
[16_6_in_8] Starting (50000 attempts)
[14_6_in_5] Success!
[Main] Worker finished 14_6_in_5 with score 5.310683556026722
[11_DOMINO_in_6] Success!
[Main] Worker finished 11_DOMINO_in_6 with score 3.34275373640043
[20_8_in_CIRCLE] Starting (50000 attempts)
[14_6_in_6] Starting (50000 attempts)
[7_8_in_CIRCLE] Success!
[Main] Worker finished 7_8_in_CIRCLE with score 3.7950462907018387
[8_8_in_8] Success!
[18_8_in_5] Success!
[Main] Worker finished 18_8_in_5 with score 8.14847732217796
[16_8_in_CIRCLE] Starting (50000 attempts)
[Main] Worker finished 8_8_in_8 with score 3.2878617804289507
[20_5_in_CIRCLE] Starting (50000 attempts)
[15_6_in_8] Starting (50000 attempts)
[23_6_in_CIRCLE] Success!
[Main] Worker finished 23_6_in_CIRCLE with score 4.986626785389051
[15_8_in_8] Success!
[17_5_in_CIRCLE] Success!
[Main] Worker finished 15_8_in_8 with score 4.480124023637546
[12_8_in_6] Starting (50000 attempts)
[Main] Worker finished 17_5_in_CIRCLE with score 3.509704759175081
[7_5_in_5] Starting (5000 attempts)
[14_8_in_5] Success!
[9_5_in_5] Success!
[Main] Worker finished 14_8_in_5 with score 7.180558738898597
[19_6_in_5] Starting (50000 attempts)
[Main] Worker finished 9_5_in_5 with score 3.463680674666948
[6_5_in_6] Success!
[12_8_in_5] Success!
[10_DOMINO_in_6] Starting (50000 attempts)
[19_8_in_5] Success!
[Main] Worker finished 19_8_in_5 with score 8.365946794416464
[12_5_in_6] Starting (50000 attempts)
[Main] Worker finished 6_5_in_6 with score 2.334325046090789
[Main] Worker finished 12_8_in_5 with score 6.735575862316236
[12_6_in_5] Starting (50000 attempts)
[12_6_in_8] Success!
[29_5_in_6] Success!
[18_6_in_5] Starting (50000 attempts)
[16_6_in_5] Success!
[Main] Worker finished 29_5_in_6 with score 4.96404810255859
[20_8_in_5] Starting (50000 attempts)
[Main] Worker finished 16_6_in_5 with score 5.636369710672743
[Main] Worker finished 12_6_in_8 with score 2.9377634562638297
[14_6_in_8] Success!
[17_8_in_CIRCLE] Starting (50000 attempts)
[19_8_in_DOMINO] Starting (50000 attempts)
[Main] Worker finished 14_6_in_8 with score 3.1527750330791813
[20_8_in_6] Starting (50000 attempts)
[23_5_in_CIRCLE] Starting (50000 attempts)
[8_DOMINO_in_6] Success!
[Main] Worker finished 8_DOMINO_in_6 with score 2.8579441508209107
[16_8_in_8] Success!
[10_6_in_5] Success!
[Main] Worker finished 10_6_in_5 with score 4.574769884311197
[17_6_in_CIRCLE] Starting (50000 attempts)
[Main] Worker finished 16_8_in_8 with score 4.619342824798609
[15_5_in_CIRCLE] Success!
[12_8_in_8] Starting (50000 attempts)
[Main] Worker finished 15_5_in_CIRCLE with score 3.345343483244312
[14_6_in_CIRCLE] Starting (50000 attempts)
[5_DOMINO_in_5] Success!
[5_8_in_5] Success!
[10_5_in_5] Success!
[Main] Worker finished 10_5_in_5 with score 3.698242161628505
[6_8_in_5] Starting (5000 attempts)
[Main] Worker finished 5_8_in_5 with score 4.348618287689763
[Main] Worker finished 5_DOMINO_in_5 with score 2.8090852688546946
[15_8_in_6] Starting (50000 attempts)
[7_5_in_8] Starting (5000 attempts)
[20_5_in_8] Success!
[Main] Worker finished 20_5_in_8 with score 3.055752327695466
[22_6_in_CIRCLE] Starting (50000 attempts)
[13_8_in_8] Success!
[17_6_in_5] Success!
[7_6_in_DOMINO] Success!
[Main] Worker finished 7_6_in_DOMINO with score 3.4941454320093825[13_8_in_DOMINO] Starting (50000 attempts)

[Main] Worker finished 17_6_in_5 with score 5.839596123437023
[Main] Worker finished 13_8_in_8 with score 4.18778997474247
[21_8_in_DOMINO] Starting (50000 attempts)
[12_8_in_CIRCLE] Success!
[13_5_in_6] Starting (50000 attempts)
[10_5_in_6] Success!
[14_5_in_8] Success!
[Main] Worker finished 12_8_in_CIRCLE with score 5.028859189736653
[13_8_in_5] Starting (50000 attempts)
[Main] Worker finished 14_5_in_8 with score 2.57086553360258
[Main] Worker finished 10_5_in_6 with score 2.953665845198902
[15_5_in_DOMINO] Starting (50000 attempts)
[16_6_in_8] Success!
[13_6_in_8] Starting (50000 attempts)
[Main] Worker finished 16_6_in_8 with score 3.389995430732657[17_8_in_8] Starting (50000 attempts)

[14_6_in_6] Success!
[Main] Worker finished 14_6_in_6 with score 4.287421360885064
[13_5_in_CIRCLE] Starting (50000 attempts)
[12_5_in_5] Starting (50000 attempts)
[7_5_in_5] Success!
[Main] Worker finished 7_5_in_5 with score 3.0901213766355777
[20_5_in_CIRCLE] Success!
[15_6_in_8] Success!
[Main] Worker finished 15_6_in_8 with score 3.300980431842543
[17_8_in_5] Starting (50000 attempts)
[Main] Worker finished 20_5_in_CIRCLE with score 3.8008538929495774
[10_DOMINO_in_6] Success!
[16_5_in_CIRCLE] Starting (50000 attempts)
[20_8_in_CIRCLE] Success!
[12_8_in_6] Success!
[Main] Worker finished 12_8_in_6 with score 5.407277882325043
[9_8_in_8] Starting (50000 attempts)
[Main] Worker finished 10_DOMINO_in_6 with score 3.214216984114548
[Main] Worker finished 20_8_in_CIRCLE with score 6.408094950662928
[8_5_in_8] Starting (50000 attempts)
[12_5_in_6] Success!
[16_8_in_CIRCLE] Success!
[16_6_in_CIRCLE] Starting (50000 attempts)
[Main] Worker finished 16_8_in_CIRCLE with score 5.76766116388135
[12_6_in_6] Starting (50000 attempts)
[Main] Worker finished 12_5_in_6 with score 3.2336586610955442
[12_6_in_5] Success!
[19_6_in_5] Success!
[13_5_in_DOMINO] Starting (50000 attempts)
[Main] Worker finished 19_6_in_5 with score 6.134720683760772
[8_DOMINO_in_5] Starting (50000 attempts)
[Main] Worker finished 12_6_in_5 with score 4.937376466774466
[7_DOMINO_in_5] Starting (5000 attempts)
[8_6_in_8] Starting (50000 attempts)
[18_6_in_5] Success!
[Main] Worker finished 18_6_in_5 with score 5.96787115637767
[16_5_in_8] Starting (50000 attempts)
[17_8_in_CIRCLE] Success!
[Main] Worker finished 17_8_in_CIRCLE with score 5.984846717852844
[15_6_in_5] Starting (50000 attempts)
[23_5_in_CIRCLE] Success!
[Main] Worker finished 23_5_in_CIRCLE with score 4.072350608987922
[20_8_in_5] Success!
[19_8_in_DOMINO] Success!
[Main] Worker finished 20_8_in_5 with score 8.571897635222657
[11_5_in_5] Starting (50000 attempts)
[20_8_in_6] Success!
[Main] Worker finished 19_8_in_DOMINO with score 7.794562305764205
[17_6_in_CIRCLE] Success!
[8_6_in_DOMINO] Starting (50000 attempts)
[12_8_in_8] Success!
[6_8_in_5] Success!
[14_6_in_CIRCLE] Success!
[Main] Worker finished 17_6_in_CIRCLE with score 4.367403997439509
[8_6_in_CIRCLE] Starting (50000 attempts)
[Main] Worker finished 20_8_in_6 with score 7.021084739848574
[Main] Worker finished 6_8_in_5 with score 4.7818533607437725
[Main] Worker finished 12_8_in_8 with score 4.016020462419165
[Main] Worker finished 14_6_in_CIRCLE with score 3.8935082219066706
[7_5_in_8] Success!
[18_8_in_8] Starting (50000 attempts)
[20_6_in_CIRCLE] Starting (50000 attempts)
[14_5_in_CIRCLE] Starting (50000 attempts)
[14_6_in_DOMINO] Starting (50000 attempts)
[Main] Worker finished 7_5_in_8 with score 1.8261429737118473
[18_8_in_CIRCLE] Starting (50000 attempts)
[15_8_in_6] Success!
[13_8_in_DOMINO] Success!
[22_6_in_CIRCLE] Success!
[Main] Worker finished 22_6_in_CIRCLE with score 4.9125338429934695
[21_5_in_CIRCLE] Starting (50000 attempts)
[Main] Worker finished 13_8_in_DOMINO with score 6.524385953685497
[13_5_in_6] Success!
[Main] Worker finished 15_8_in_6 with score 6.16650656709864
[15_5_in_8] Starting (50000 attempts)
[12_6_in_CIRCLE] Starting (50000 attempts)
[13_8_in_5] Success!
[15_5_in_DOMINO] Success!
[Main] Worker finished 15_5_in_DOMINO with score 4.129846426323647
[14_8_in_8] Starting (50000 attempts)
[Main] Worker finished 13_5_in_6 with score 3.4285041744862585
[Main] Worker finished 13_8_in_5 with score 6.988532146169312
[13_6_in_8] Success!
[18_5_in_CIRCLE] Starting (50000 attempts)
[13_5_in_CIRCLE] Success!
[21_8_in_DOMINO] Success!
[22_5_in_CIRCLE] Starting (50000 attempts)
[Main] Worker finished 13_6_in_8 with score 3.087624644501296
[14_8_in_CIRCLE] Starting (50000 attempts)
[Main] Worker finished 21_8_in_DOMINO with score 8.238698760322144
[Main] Worker finished 13_5_in_CIRCLE with score 3.0793548370246726
[12_5_in_5] Success!
[16_8_in_5] Starting (50000 attempts)
[17_8_in_8] Success!
[13_6_in_5] Starting (50000 attempts)
[Main] Worker finished 17_8_in_8 with score 4.77739666595167
[10_6_in_DOMINO] Starting (50000 attempts)
[Main] Worker finished 12_5_in_5 with score 3.9895552022139587
[9_8_in_8] Success!
[8_5_in_8] Success!
[19_5_in_5] Starting (50000 attempts)
[Main] Worker finished 8_5_in_8 with score 1.961731631080694
[21_DOMINO_in_6] Starting (50000 attempts)
[Main] Worker finished 9_8_in_8 with score 3.429337475000999
[16_5_in_CIRCLE] Success!
[15_6_in_CIRCLE] Starting (50000 attempts)
[8_DOMINO_in_5] Success!
[12_6_in_6] Success!
[7_DOMINO_in_5] Success!
[Main] Worker finished 8_DOMINO_in_5 with score 3.5015432852757242
[14_6_in_5] Starting (50000 attempts)
[Main] Worker finished 12_6_in_6 with score 3.9584777795716133
[Main] Worker finished 7_DOMINO_in_5 with score 3.2561120298168578
[Main] Worker finished 16_5_in_CIRCLE with score 3.5451997346116135
[17_8_in_5] Success!
[8_6_in_8] Success!
[13_5_in_DOMINO] Success!
[16_6_in_CIRCLE] Success!
[18_8_in_5] Starting (50000 attempts)
[23_6_in_CIRCLE] Starting (50000 attempts)
[11_DOMINO_in_6] Starting (50000 attempts)
[Main] Worker finished 13_5_in_DOMINO with score 3.8942198794588005
[15_8_in_8] Starting (50000 attempts)
[Main] Worker finished 16_6_in_CIRCLE with score 4.15748647722219
[Main] Worker finished 8_6_in_8 with score 2.42115433681355
[Main] Worker finished 17_8_in_5 with score 7.939579459363951
[7_8_in_CIRCLE] Starting (5000 attempts)
[8_8_in_8] Starting (50000 attempts)
[19_8_in_5] Starting (50000 attempts)
[16_5_in_8] Success!
[Main] Worker finished 16_5_in_8 with score 2.757555254323801
[17_5_in_CIRCLE] Starting (50000 attempts)
[8_6_in_DOMINO] Success!
[Main] Worker finished 8_6_in_DOMINO with score 3.698483979583938
[15_8_in_5] Starting (50000 attempts)
[11_5_in_5] Success!
[15_6_in_5] Success!
[Main] Worker finished 15_6_in_5 with score 5.431937953348882
[14_8_in_5] Starting (50000 attempts)
[Main] Worker finished 11_5_in_5 with score 3.8126405255728777
[12_8_in_5] Starting (50000 attempts)
[8_6_in_CIRCLE] Success!
[Main] Worker finished 8_6_in_CIRCLE with score 2.9900974090750925[9_5_in_5] Starting (50000 attempts)

[12_6_in_8] Starting (50000 attempts)
[14_5_in_CIRCLE] Success!
[Main] Worker finished 14_5_in_CIRCLE with score 3.237983563377362
[14_6_in_DOMINO] Success!
[Main] Worker finished 14_6_in_DOMINO with score 4.865863965284076
[16_6_in_5] Starting (50000 attempts)
[14_6_in_8] Starting (50000 attempts)
[18_8_in_8] Success!
[Main] Worker finished 18_8_in_8 with score 4.880795652783389
[20_6_in_CIRCLE] Success!
[Main] Worker finished 20_6_in_CIRCLE with score 4.627004892734379
[16_8_in_8] Starting (50000 attempts)
[8_DOMINO_in_6] Starting (50000 attempts)
[15_5_in_8] Success!
[Main] Worker finished 15_5_in_8 with score 2.685060232664588
[12_6_in_CIRCLE] Success!
[18_8_in_CIRCLE] Success!
[Main] Worker finished 12_6_in_CIRCLE with score 3.619137531048797[13_8_in_8] Starting (50000 attempts)

[21_5_in_CIRCLE] Success!
[Main] Worker finished 18_8_in_CIRCLE with score 6.099037994484778
[14_8_in_8] Success!
[5_8_in_5] Starting (5000 attempts)
[18_5_in_CIRCLE] Success!
[Main] Worker finished 14_8_in_8 with score 4.29961501261876
[21_8_in_8] Starting (50000 attempts)
[Main] Worker finished 18_5_in_CIRCLE with score 3.6165514924388846
[Main] Worker finished 21_5_in_CIRCLE with score 3.921198244633912
[17_6_in_5] Starting (50000 attempts)
[20_5_in_8] Starting (50000 attempts)
[7_6_in_DOMINO] Starting (5000 attempts)
[22_5_in_CIRCLE] Success!
[Main] Worker finished 22_5_in_CIRCLE with score 3.9982903525716003
[14_8_in_CIRCLE] Success!
[13_6_in_5] Success!
[10_6_in_DOMINO] Success!
[Main] Worker finished 10_6_in_DOMINO with score 4.1854014009789955
[7_8_in_8] Starting (5000 attempts)
[Main] Worker finished 13_6_in_5 with score 5.118118581027425
[Main] Worker finished 14_8_in_CIRCLE with score 5.373206866816074
[14_5_in_8] Starting (50000 attempts)
[26_6_in_CIRCLE] Starting (50000 attempts)
[16_8_in_5] Success!
[Main] Worker finished 16_8_in_5 with score 7.645526350820605
[10_5_in_6] Starting (50000 attempts)
[24_6_in_CIRCLE] Starting (50000 attempts)
[21_DOMINO_in_6] Success!
[Main] Worker finished 21_DOMINO_in_6 with score 4.5373443689855835
[16_6_in_8] Starting (50000 attempts)
[19_5_in_5] Success!
[Main] Worker finished 19_5_in_5 with score 4.98239171642297
[15_6_in_CIRCLE] Success!
[Main] Worker finished 15_6_in_CIRCLE with score 4.090319119219042
[25_6_in_CIRCLE] Starting (50000 attempts)
[11_DOMINO_in_6] Success!
[14_6_in_5] Success!
[Main] Worker finished 14_6_in_5 with score 5.310683556026722
[20_8_in_CIRCLE] Starting (50000 attempts)
[Main] Worker finished 11_DOMINO_in_6 with score 3.34275373640043
[7_8_in_CIRCLE] Success!
[14_6_in_6] Starting (50000 attempts)
[8_8_in_8] Success!
[15_8_in_8] Success!
[Main] Worker finished 15_8_in_8 with score 4.480124023637546
[16_8_in_CIRCLE] Starting (50000 attempts)
[Main] Worker finished 7_8_in_CIRCLE with score 3.7950462907018387
[Main] Worker finished 8_8_in_8 with score 3.2878617804289507
[23_6_in_CIRCLE] Success!
[18_8_in_5] Success!
[7_DOMINO_in_6] Starting (5000 attempts)
[20_5_in_CIRCLE] Starting (50000 attempts)
[Main] Worker finished 23_6_in_CIRCLE with score 5.004581469793775
[15_6_in_8] Starting (50000 attempts)
[Main] Worker finished 18_8_in_5 with score 8.14847732217796
[17_5_in_CIRCLE] Success!
[12_8_in_6] Starting (50000 attempts)
[Main] Worker finished 17_5_in_CIRCLE with score 3.509704759175081
[19_6_in_5] Starting (50000 attempts)
[15_8_in_5] Success!
[Main] Worker finished 15_8_in_5 with score 7.386904767147098
[10_DOMINO_in_6] Starting (50000 attempts)
[12_8_in_5] Success!
[9_5_in_5] Success!
[19_8_in_5] Success!
[Main] Worker finished 9_5_in_5 with score 3.463680674666948
[12_5_in_6] Starting (50000 attempts)
[Main] Worker finished 12_8_in_5 with score 6.735575862316236
[Main] Worker finished 19_8_in_5 with score 8.365946794416464
[12_6_in_5] Starting (50000 attempts)
[14_8_in_5] Success!
[18_6_in_5] Starting (50000 attempts)
[12_6_in_8] Success!
[Main] Worker finished 14_8_in_5 with score 7.180558738898597
[20_8_in_5] Starting (50000 attempts)
[Main] Worker finished 12_6_in_8 with score 2.9377634562638297
[14_8_in_6] Starting (50000 attempts)
[19_8_in_DOMINO] Starting (50000 attempts)
[8_DOMINO_in_6] Success!
[Main] Worker finished 8_DOMINO_in_6 with score 2.8579441508209107
[14_6_in_8] Success!
[Main] Worker finished 14_6_in_8 with score 3.1527750330791813[20_8_in_6] Starting (50000 attempts)

[16_6_in_5] Success!
[Main] Worker finished 16_6_in_5 with score 5.636369710672743
[23_5_in_CIRCLE] Starting (50000 attempts)
[17_6_in_CIRCLE] Starting (50000 attempts)
[16_8_in_8] Success!
[Main] Worker finished 16_8_in_8 with score 4.619342824798609
[12_8_in_8] Starting (50000 attempts)
[5_8_in_5] Success!
[Main] Worker finished 5_8_in_5 with score 4.348618287689763
[14_6_in_CIRCLE] Starting (50000 attempts)
[7_6_in_DOMINO] Success!
[Main] Worker finished 7_6_in_DOMINO with score 3.4941454320093825
[13_8_in_8] Success!
[Main] Worker finished 13_8_in_8 with score 4.18778997474247
[7_5_in_8] Starting (5000 attempts)
[22_6_in_CIRCLE] Starting (50000 attempts)
[17_6_in_5] Success!
[Main] Worker finished 17_6_in_5 with score 5.839596123437023
[21_8_in_DOMINO] Starting (50000 attempts)
[7_8_in_8] Success!
[Main] Worker finished 7_8_in_8 with score 3.013251943344308
[20_5_in_8] Success!
[Main] Worker finished 20_5_in_8 with score 3.055752327695466
[14_5_in_DOMINO] Starting (50000 attempts)
[14_5_in_8] Success!
[Main] Worker finished 14_5_in_8 with score 2.57086553360258
[6_DOMINO_in_5] Starting (5000 attempts)
[10_5_in_6] Success!
[Main] Worker finished 10_5_in_6 with score 2.953665845198902
[13_8_in_5] Starting (50000 attempts)
[15_5_in_DOMINO] Starting (50000 attempts)
[16_6_in_8] Success!
[Main] Worker finished 16_6_in_8 with score 3.389995430732657
[21_8_in_8] Success!
[26_6_in_CIRCLE] Success!
[Main] Worker finished 26_6_in_CIRCLE with score 5.266575133750489
[9_DOMINO_in_5] Starting (50000 attempts)
[Main] Worker finished 21_8_in_8 with score 5.222417810588005
[13_6_in_8] Starting (50000 attempts)
[24_6_in_CIRCLE] Success!
[Main] Worker finished 24_6_in_CIRCLE with score 5.085954598976742
[12_DOMINO_in_6] Starting (50000 attempts)
[17_8_in_8] Starting (50000 attempts)
[7_DOMINO_in_6] Success!
[Main] Worker finished 7_DOMINO_in_6 with score 2.6315220312588257
[14_6_in_6] Success!
[Main] Worker finished 14_6_in_6 with score 4.287421360885064
[13_5_in_CIRCLE] Starting (50000 attempts)
[25_6_in_CIRCLE] Success!
[20_8_in_CIRCLE] Success!
[Main] Worker finished 25_6_in_CIRCLE with score 5.191809705932578
[9_DOMINO_in_8] Starting (50000 attempts)
[Main] Worker finished 20_8_in_CIRCLE with score 6.408094950662928
[16_8_in_CIRCLE] Success!
[12_5_in_5] Starting (50000 attempts)
[Main] Worker finished 16_8_in_CIRCLE with score 5.76766116388135
[17_8_in_5] Starting (50000 attempts)
[10_DOMINO_in_6] Success!
[15_6_in_8] Success!
[Main] Worker finished 10_DOMINO_in_6 with score 3.214216984114548
[19_5_in_CIRCLE] Starting (50000 attempts)
[Main] Worker finished 15_6_in_8 with score 3.300980431842543
[20_5_in_CIRCLE] Success!
[12_8_in_6] Success!
[12_5_in_6] Success!
[15_5_in_6] Starting (50000 attempts)
[19_6_in_5] Success!
[Main] Worker finished 19_6_in_5 with score 6.134720683760772
[17_8_in_6] Starting (50000 attempts)
[Main] Worker finished 12_5_in_6 with score 3.2336586610955442
[Main] Worker finished 12_8_in_6 with score 5.407277882325043
[Main] Worker finished 20_5_in_CIRCLE with score 3.8023746146681763
[12_6_in_5] Success!
[9_8_in_8] Starting (50000 attempts)
[16_6_in_CIRCLE] Starting (50000 attempts)
[12_6_in_6] Starting (50000 attempts)
[Main] Worker finished 12_6_in_5 with score 4.937376466774466[8_DOMINO_in_5] Starting (50000 attempts)

[7_DOMINO_in_5] Starting (5000 attempts)
[18_6_in_5] Success!
[Main] Worker finished 18_6_in_5 with score 5.96787115637767
[16_5_in_8] Starting (50000 attempts)
[14_8_in_6] Success!
[Main] Worker finished 14_8_in_6 with score 5.803585986869996
[20_8_in_5] Success!
[Main] Worker finished 20_8_in_5 with score 8.571897635222657
[15_6_in_5] Starting (50000 attempts)
[19_8_in_DOMINO] Success!
[23_5_in_CIRCLE] Success!
[Main] Worker finished 23_5_in_CIRCLE with score 4.092529834209793[11_5_in_5] Starting (50000 attempts)

[Main] Worker finished 19_8_in_DOMINO with score 7.794562305764205
[17_6_in_CIRCLE] Success!
[8_6_in_DOMINO] Starting (50000 attempts)
[20_8_in_6] Success!
[Main] Worker finished 20_8_in_6 with score 7.021084739848574
[18_8_in_8] Starting (50000 attempts)
[Main] Worker finished 17_6_in_CIRCLE with score 4.316151292780971
[7_5_in_8] Success!
[20_6_in_CIRCLE] Starting (50000 attempts)
[12_8_in_8] Success!
[14_6_in_CIRCLE] Success!
[Main] Worker finished 14_6_in_CIRCLE with score 3.8935082219066706
[14_6_in_DOMINO] Starting (50000 attempts)
[Main] Worker finished 12_8_in_8 with score 4.016020462419165
[Main] Worker finished 7_5_in_8 with score 1.8261429737118473
[18_8_in_CIRCLE] Starting (50000 attempts)
[21_5_in_CIRCLE] Starting (50000 attempts)
[12_6_in_CIRCLE] Starting (50000 attempts)
[6_DOMINO_in_5] Success!
[Main] Worker finished 6_DOMINO_in_5 with score 3.0005819980888866
[6_DOMINO_in_6] Starting (5000 attempts)
[14_5_in_DOMINO] Success!
[Main] Worker finished 14_5_in_DOMINO with score 3.9402133401017183
[14_8_in_8] Starting (50000 attempts)
[22_6_in_CIRCLE] Success!
[Main] Worker finished 22_6_in_CIRCLE with score 4.9125338429934695
[18_5_in_CIRCLE] Starting (50000 attempts)
[9_DOMINO_in_5] Success!
[Main] Worker finished 9_DOMINO_in_5 with score 3.67413161069444
[13_8_in_5] Success!
[Main] Worker finished 13_8_in_5 with score 6.988532146169312
[22_5_in_CIRCLE] Starting (50000 attempts)
[15_5_in_DOMINO] Success!
[21_8_in_DOMINO] Success!
[Main] Worker finished 21_8_in_DOMINO with score 8.238698760322144
[14_8_in_CIRCLE] Starting (50000 attempts)
[Main] Worker finished 15_5_in_DOMINO with score 4.129846426323647
[12_DOMINO_in_6] Success!
[13_6_in_8] Success!
[16_8_in_5] Starting (50000 attempts)
[9_DOMINO_in_8] Success!
[Main] Worker finished 13_6_in_8 with score 3.087624644501296
[17_5_in_5] Starting (50000 attempts)
[Main] Worker finished 12_DOMINO_in_6 with score 3.443042419757034
[13_5_in_CIRCLE] Success!
[Main] Worker finished 9_DOMINO_in_8 with score 2.198224030578895
[14_8_in_DOMINO] Starting (50000 attempts)
[13_6_in_5] Starting (50000 attempts)
[Main] Worker finished 13_5_in_CIRCLE with score 3.0793548370246726
[19_5_in_5] Starting (50000 attempts)
[12_5_in_5] Success!
[Main] Worker finished 12_5_in_5 with score 3.9895552022139587[21_DOMINO_in_6] Starting (50000 attempts)

[14_6_in_5] Starting (50000 attempts)
[17_8_in_8] Success!
[Main] Worker finished 17_8_in_8 with score 4.77739666595167
[19_5_in_CIRCLE] Success!
[15_5_in_6] Success!
[Main] Worker finished 19_5_in_CIRCLE with score 3.672088484884481
[18_8_in_5] Starting (50000 attempts)
[Main] Worker finished 15_5_in_6 with score 3.6577034435756794
[17_8_in_5] Success!
[23_6_in_CIRCLE] Starting (50000 attempts)
[Main] Worker finished 17_8_in_5 with score 7.939579459363951
[20_6_in_8] Starting (50000 attempts)
[8_DOMINO_in_5] Success!
[9_8_in_8] Success!
[Main] Worker finished 8_DOMINO_in_5 with score 3.5015432852757242[19_5_in_8] Starting (50000 attempts)

[Main] Worker finished 9_8_in_8 with score 3.429337475000999
[7_DOMINO_in_5] Success!
[11_DOMINO_in_6] Starting (50000 attempts)
[17_8_in_6] Success!
[12_6_in_6] Success!
[16_6_in_CIRCLE] Success!
[Main] Worker finished 16_6_in_CIRCLE with score 4.15748647722219
[15_8_in_8] Starting (50000 attempts)
[Main] Worker finished 17_8_in_6 with score 6.379225450969315
[Main] Worker finished 7_DOMINO_in_5 with score 3.2561120298168578
[Main] Worker finished 12_6_in_6 with score 3.9584777795716133
[7_8_in_CIRCLE] Starting (5000 attempts)
[16_5_in_8] Success!
[19_8_in_5] Starting (50000 attempts)
[21_6_in_5] Starting (50000 attempts)
[11_5_in_5] Success!
[Main] Worker finished 11_5_in_5 with score 3.8126405255728777
[17_5_in_CIRCLE] Starting (50000 attempts)
[Main] Worker finished 16_5_in_8 with score 2.757555254323801
[15_8_in_5] Starting (50000 attempts)
[15_6_in_5] Success!
[Main] Worker finished 15_6_in_5 with score 5.431937953348882
[14_8_in_5] Starting (50000 attempts)
[8_6_in_DOMINO] Success!
[Main] Worker finished 8_6_in_DOMINO with score 3.698483979583938
[18_5_in_8] Starting (50000 attempts)
[9_5_in_5] Starting (50000 attempts)
[20_6_in_CIRCLE] Success!
[Main] Worker finished 20_6_in_CIRCLE with score 4.625750674048379
[14_6_in_DOMINO] Success!
[Main] Worker finished 14_6_in_DOMINO with score 4.865863965284076
[12_6_in_8] Starting (50000 attempts)
[18_8_in_8] Success!
[6_DOMINO_in_6] Success!
[12_6_in_CIRCLE] Success!
[Main] Worker finished 6_DOMINO_in_6 with score 2.443472754574046
[16_6_in_5] Starting (50000 attempts)
[Main] Worker finished 18_8_in_8 with score 4.880795652783389
[Main] Worker finished 12_6_in_CIRCLE with score 3.619137531048797
[14_6_in_8] Starting (50000 attempts)
[13_5_in_5] Starting (50000 attempts)
[21_5_in_CIRCLE] Success!
[Main] Worker finished 21_5_in_CIRCLE with score 3.912663719069281
[16_8_in_8] Starting (50000 attempts)
[17_6_in_8] Starting (50000 attempts)
[18_8_in_CIRCLE] Success!
[Main] Worker finished 18_8_in_CIRCLE with score 6.099037994484778
[17_5_in_8] Starting (50000 attempts)
[14_8_in_8] Success!
[Main] Worker finished 14_8_in_8 with score 4.29961501261876
[18_5_in_CIRCLE] Success!
[Main] Worker finished 18_5_in_CIRCLE with score 3.6165484031013064
[10_DOMINO_in_8] Starting (50000 attempts)
[8_DOMINO_in_6] Starting (50000 attempts)
[22_5_in_CIRCLE] Success!
[Main] Worker finished 22_5_in_CIRCLE with score 4.0121296694148905
[21_8_in_8] Starting (50000 attempts)
[14_8_in_CIRCLE] Success!
[Main] Worker finished 14_8_in_CIRCLE with score 5.373206866816074
[17_6_in_5] Starting (50000 attempts)
[17_5_in_5] Success!
[Main] Worker finished 17_5_in_5 with score 4.679551114494732
[21_DOMINO_in_6] Success!
[13_6_in_5] Success!
[14_8_in_DOMINO] Success!
[Main] Worker finished 13_6_in_5 with score 5.118118581027425
[20_5_in_8] Starting (50000 attempts)
[Main] Worker finished 21_DOMINO_in_6 with score 4.520586378308617
[Main] Worker finished 14_8_in_DOMINO with score 6.578730071430992
[7_8_in_8] Starting (5000 attempts)
[14_5_in_8] Starting (50000 attempts)
[16_8_in_5] Success!
[Main] Worker finished 16_8_in_5 with score 7.645526350820605
[26_6_in_CIRCLE] Starting (50000 attempts)
[14_6_in_5] Success!
[19_5_in_5] Success!
[Main] Worker finished 19_5_in_5 with score 4.98239171642297
[10_5_in_6] Starting (50000 attempts)
[Main] Worker finished 14_6_in_5 with score 5.310683556026722
[24_6_in_CIRCLE] Starting (50000 attempts)
[22_5_in_DOMINO] Starting (50000 attempts)
[11_DOMINO_in_6] Success!
[Main] Worker finished 11_DOMINO_in_6 with score 3.3339172668580326
[22_6_in_5] Starting (50000 attempts)
[19_5_in_8] Success!
[Main] Worker finished 19_5_in_8 with score 2.968904728936534
[24_8_in_8] Starting (50000 attempts)
[20_6_in_8] Success!
[Main] Worker finished 20_6_in_8 with score 3.7491238161458025
[23_6_in_CIRCLE] Success!
[18_8_in_5] Success!
[Main] Worker finished 18_8_in_5 with score 8.14847732217796
[16_6_in_8] Starting (50000 attempts)
[Main] Worker finished 23_6_in_CIRCLE with score 5.004581469793775
[7_8_in_CIRCLE] Success!
[15_8_in_8] Success!
[25_6_in_CIRCLE] Starting (50000 attempts)
[Main] Worker finished 15_8_in_8 with score 4.480124023637546
[20_8_in_CIRCLE] Starting (50000 attempts)
[Main] Worker finished 7_8_in_CIRCLE with score 3.7950462907018387
[14_6_in_6] Starting (50000 attempts)
[14_8_in_5] Success!
[21_6_in_5] Success!
[Main] Worker finished 14_8_in_5 with score 7.180558738898597
[7_DOMINO_in_6] Starting (5000 attempts)
[Main] Worker finished 21_6_in_5 with score 6.42361900877598
[17_5_in_CIRCLE] Success!
[20_5_in_CIRCLE] Starting (50000 attempts)
[9_5_in_5] Success!
[Main] Worker finished 9_5_in_5 with score 3.463680674666948
[12_8_in_6] Starting (50000 attempts)
[Main] Worker finished 17_5_in_CIRCLE with score 3.509704759175081
[15_8_in_5] Success!
[18_5_in_8] Success!
[19_6_in_5] Starting (50000 attempts)
[19_8_in_5] Success!
[12_6_in_8] Success!
[Main] Worker finished 12_6_in_8 with score 2.9377634562638297
[12_5_in_6] Starting (50000 attempts)
[Main] Worker finished 19_8_in_5 with score 8.365946794416464
[Main] Worker finished 18_5_in_8 with score 2.901054354602868
[Main] Worker finished 15_8_in_5 with score 7.386904767147098
[18_6_in_5] Starting (50000 attempts)
[13_5_in_5] Success!
[20_5_in_5] Starting (50000 attempts)
[16_6_in_5] Success!
[14_6_in_8] Success!
[20_8_in_5] Starting (50000 attempts)
[Main] Worker finished 14_6_in_8 with score 3.1527750330791813
[18_5_in_5] Starting (50000 attempts)
[Main] Worker finished 13_5_in_5 with score 4.0877788699043
[Main] Worker finished 16_6_in_5 with score 5.636369710672743
[10_DOMINO_in_8] Success!
[8_DOMINO_in_6] Success!
[21_5_in_8] Starting (50000 attempts)
[17_6_in_8] Success!
[16_8_in_8] Success!
[17_5_in_8] Success!
[14_8_in_6] Starting (50000 attempts)
[Main] Worker finished 17_6_in_8 with score 3.498395495831623
[19_8_in_DOMINO] Starting (50000 attempts)
[Main] Worker finished 16_8_in_8 with score 4.619342824798609
[Main] Worker finished 17_5_in_8 with score 2.8192851731777258
[Main] Worker finished 8_DOMINO_in_6 with score 2.9058194154154107
[Main] Worker finished 10_DOMINO_in_8 with score 2.3365233755366446
[20_8_in_6] Starting (50000 attempts)
[23_5_in_CIRCLE] Starting (50000 attempts)
[17_6_in_CIRCLE] Starting (50000 attempts)
[19_8_in_8] Starting (50000 attempts)
[14_6_in_CIRCLE] Starting (50000 attempts)
[7_8_in_8] Success!
[Main] Worker finished 7_8_in_8 with score 3.013251943344308
[15_8_in_DOMINO] Starting (50000 attempts)
[17_6_in_5] Success!
[Main] Worker finished 17_6_in_5 with score 5.839596123437023
[22_6_in_CIRCLE] Starting (50000 attempts)
[14_5_in_8] Success!
[Main] Worker finished 14_5_in_8 with score 2.57086553360258
[10_5_in_6] Success!
[Main] Worker finished 10_5_in_6 with score 2.953665845198902
[7_6_in_8] Starting (5000 attempts)
[14_5_in_DOMINO] Starting (50000 attempts)
[20_5_in_8] Success!
[Main] Worker finished 20_5_in_8 with score 3.055752327695466
[6_DOMINO_in_5] Starting (5000 attempts)
[21_8_in_8] Success!
[Main] Worker finished 21_8_in_8 with score 5.222417810588005
[15_5_in_DOMINO] Starting (50000 attempts)
[22_5_in_DOMINO] Success!
[Main] Worker finished 22_5_in_DOMINO with score 4.950411303539053
[26_6_in_CIRCLE] Success!
[16_6_in_8] Success!
[24_6_in_CIRCLE] Success!
[Main] Worker finished 26_6_in_CIRCLE with score 5.266575133750489
[9_DOMINO_in_5] Starting (50000 attempts)
[Main] Worker finished 24_6_in_CIRCLE with score 5.105393906000926
[Main] Worker finished 16_6_in_8 with score 3.389995430732657
[12_DOMINO_in_6] Starting (50000 attempts)
[17_8_in_8] Starting (50000 attempts)
[13_5_in_CIRCLE] Starting (50000 attempts)
[7_DOMINO_in_6] Success!
[Main] Worker finished 7_DOMINO_in_6 with score 2.6317698704575285
[14_6_in_6] Success!
[22_6_in_5] Success!
[Main] Worker finished 14_6_in_6 with score 4.287421360885064
[9_DOMINO_in_8] Starting (50000 attempts)
[Main] Worker finished 22_6_in_5 with score 6.566008958695746
[12_5_in_5] Starting (50000 attempts)
[17_8_in_5] Starting (50000 attempts)
[25_6_in_CIRCLE] Success!
[Main] Worker finished 25_6_in_CIRCLE with score 5.211512366335625
[20_8_in_CIRCLE] Success!
[Main] Worker finished 20_8_in_CIRCLE with score 6.408094950662928
[19_5_in_CIRCLE] Starting (50000 attempts)
[24_8_in_8] Success!
[Main] Worker finished 24_8_in_8 with score 5.58607531121421
[15_5_in_6] Starting (50000 attempts)
[20_5_in_CIRCLE] Success!
[Main] Worker finished 20_5_in_CIRCLE with score 3.8008538929495774
[17_8_in_6] Starting (50000 attempts)
[9_8_in_8] Starting (50000 attempts)
[12_5_in_6] Success!
[Main] Worker finished 12_5_in_6 with score 3.2336586610955442
[12_8_in_6] Success!
[Main] Worker finished 12_8_in_6 with score 5.407277882325043
[16_6_in_CIRCLE] Starting (50000 attempts)
[12_6_in_6] Starting (50000 attempts)
[19_6_in_5] Success!
[Main] Worker finished 19_6_in_5 with score 6.134720683760772
[8_DOMINO_in_5] Starting (50000 attempts)
[18_6_in_5] Success!
[Main] Worker finished 18_6_in_5 with score 5.96787115637767
[7_DOMINO_in_5] Starting (5000 attempts)
[20_5_in_5] Success!
[Main] Worker finished 20_5_in_5 with score 5.058315469467992
[18_5_in_5] Success!
[Main] Worker finished 18_5_in_5 with score 4.7995534643422655
[16_5_in_8] Starting (50000 attempts)
[24_5_in_CIRCLE] Starting (50000 attempts)
[21_5_in_8] Success!
[Main] Worker finished 21_5_in_8 with score 3.1326434895629753
[15_6_in_5] Starting (50000 attempts)
[20_8_in_5] Success!
[Main] Worker finished 20_8_in_5 with score 8.571897635222657
[14_8_in_6] Success!
[17_6_in_CIRCLE] Success!
[Main] Worker finished 14_8_in_6 with score 5.803585986869996
[11_5_in_5] Starting (50000 attempts)
[Main] Worker finished 17_6_in_CIRCLE with score 4.316151292780971
[8_6_in_DOMINO] Starting (50000 attempts)
[18_8_in_8] Starting (50000 attempts)
[14_6_in_CIRCLE] Success!
[Main] Worker finished 14_6_in_CIRCLE with score 3.8935082219066706
[23_5_in_CIRCLE] Success!
[19_8_in_DOMINO] Success!
[Main] Worker finished 19_8_in_DOMINO with score 7.794562305764205[20_6_in_CIRCLE] Starting (50000 attempts)

[Main] Worker finished 23_5_in_CIRCLE with score 4.072132713336287
[14_6_in_DOMINO] Starting (50000 attempts)
[21_5_in_CIRCLE] Starting (50000 attempts)
[19_8_in_8] Success!
[Main] Worker finished 19_8_in_8 with score 4.9606053481782535
[7_6_in_8] Success!
[Main] Worker finished 7_6_in_8 with score 2.1967692796797054
[12_6_in_CIRCLE] Starting (50000 attempts)
[20_8_in_6] Success!
[6_DOMINO_in_5] Success!
[14_5_in_DOMINO] Success!
[Main] Worker finished 20_8_in_6 with score 7.021084739848574
[6_DOMINO_in_6] Starting (5000 attempts)
[Main] Worker finished 14_5_in_DOMINO with score 3.9402133401017183
[Main] Worker finished 6_DOMINO_in_5 with score 3.0005819980888866
[15_8_in_DOMINO] Success!
[22_6_in_CIRCLE] Success!
[14_8_in_8] Starting (50000 attempts)
[15_5_in_DOMINO] Success!
[18_5_in_CIRCLE] Starting (50000 attempts)
[Main] Worker finished 15_5_in_DOMINO with score 4.129846426323647
[22_5_in_CIRCLE] Starting (50000 attempts)
[Main] Worker finished 22_6_in_CIRCLE with score 4.9125338429934695
[Main] Worker finished 15_8_in_DOMINO with score 6.782800850892094
[18_6_in_8] Starting (50000 attempts)
[16_8_in_5] Starting (50000 attempts)
[9_DOMINO_in_5] Success!
[Main] Worker finished 9_DOMINO_in_5 with score 3.67413161069444
[17_5_in_5] Starting (50000 attempts)
[12_DOMINO_in_6] Success!
[Main] Worker finished 12_DOMINO_in_6 with score 3.481125687270043
[14_8_in_DOMINO] Starting (50000 attempts)
[13_5_in_CIRCLE] Success!
[9_DOMINO_in_8] Success!
[Main] Worker finished 9_DOMINO_in_8 with score 2.198224030578895
[19_6_in_8] Starting (50000 attempts)
[Main] Worker finished 13_5_in_CIRCLE with score 3.0793548370246726
[19_5_in_5] Starting (50000 attempts)
[12_5_in_5] Success!
[Main] Worker finished 12_5_in_5 with score 3.9895552022139587[21_DOMINO_in_6] Starting (50000 attempts)

[17_8_in_8] Success!
[Main] Worker finished 17_8_in_8 with score 4.77739666595167
[15_6_in_DOMINO] Starting (50000 attempts)
[18_8_in_5] Starting (50000 attempts)
[19_5_in_CIRCLE] Success!
[Main] Worker finished 19_5_in_CIRCLE with score 3.672087138009887
[23_6_in_CIRCLE] Starting (50000 attempts)
[15_5_in_6] Success!
[Main] Worker finished 15_5_in_6 with score 3.6577034435756794
[17_8_in_5] Success!
[9_8_in_8] Success!
[Main] Worker finished 17_8_in_5 with score 7.939579459363951
[20_6_in_8] Starting (50000 attempts)
[Main] Worker finished 9_8_in_8 with score 3.429337475000999
[12_6_in_6] Success!
[19_5_in_8] Starting (50000 attempts)
[8_DOMINO_in_5] Success!
[16_6_in_CIRCLE] Success!
[Main] Worker finished 16_6_in_CIRCLE with score 4.15748647722219
[23_5_in_8] Starting (50000 attempts)
[Main] Worker finished 8_DOMINO_in_5 with score 3.5015432852757242
[Main] Worker finished 12_6_in_6 with score 3.9584777795716133
[17_8_in_6] Success!
[7_DOMINO_in_5] Success!
[21_6_in_DOMINO] Starting (50000 attempts)
[28_5_in_8] Starting (50000 attempts)
[Main] Worker finished 17_8_in_6 with score 6.379225450969315
[11_DOMINO_in_6] Starting (50000 attempts)
[Main] Worker finished 7_DOMINO_in_5 with score 3.2561120298168578
[15_8_in_8] Starting (50000 attempts)
[19_8_in_5] Starting (50000 attempts)
[24_5_in_CIRCLE] Success!
[Main] Worker finished 24_5_in_CIRCLE with score 4.152033981022718
[16_5_in_8] Success!
[15_6_in_5] Success!
[Main] Worker finished 15_6_in_5 with score 5.431937953348882[21_6_in_5] Starting (50000 attempts)

[Main] Worker finished 16_5_in_8 with score 2.757555254323801
[8_6_in_DOMINO] Success!
[11_5_in_5] Success!
[25_5_in_8] Starting (50000 attempts)
[Main] Worker finished 11_5_in_5 with score 3.8126405255728777
[17_5_in_CIRCLE] Starting (50000 attempts)
[Main] Worker finished 8_6_in_DOMINO with score 3.698483979583938
[15_8_in_5] Starting (50000 attempts)
[14_8_in_5] Starting (50000 attempts)
[14_6_in_DOMINO] Success!
[Main] Worker finished 14_6_in_DOMINO with score 4.865863965284076
[6_DOMINO_in_6] Success!
[18_8_in_8] Success!
[Main] Worker finished 18_8_in_8 with score 4.880795652783389
[18_5_in_8] Starting (50000 attempts)
[Main] Worker finished 6_DOMINO_in_6 with score 2.4434706404780675
[21_5_in_CIRCLE] Success!
[16_6_in_5] Starting (50000 attempts)
[20_6_in_CIRCLE] Success!
[12_6_in_CIRCLE] Success!
[Main] Worker finished 20_6_in_CIRCLE with score 4.645985893165576
[14_6_in_8] Starting (50000 attempts)
[Main] Worker finished 12_6_in_CIRCLE with score 3.619137531048797
[Main] Worker finished 21_5_in_CIRCLE with score 3.909559950331072
[13_5_in_5] Starting (50000 attempts)
[22_8_in_8] Starting (50000 attempts)
[17_6_in_8] Starting (50000 attempts)
[18_5_in_CIRCLE] Success!
[Main] Worker finished 18_5_in_CIRCLE with score 3.618765890457857
[14_8_in_8] Success!
[Main] Worker finished 14_8_in_8 with score 4.29961501261876
[17_5_in_8] Starting (50000 attempts)
[10_DOMINO_in_8] Starting (50000 attempts)
[22_5_in_CIRCLE] Success!
[Main] Worker finished 22_5_in_CIRCLE with score 4.044752503625348
[18_6_in_8] Success!
[Main] Worker finished 18_6_in_8 with score 3.5820617992331925
[21_8_in_8] Starting (50000 attempts)
[17_5_in_5] Success!
[Main] Worker finished 17_5_in_5 with score 4.679551114494732[22_6_in_6] Starting (50000 attempts)

[20_5_in_8] Starting (50000 attempts)
[16_8_in_5] Success!
[Main] Worker finished 16_8_in_5 with score 7.645526350820605
[14_8_in_DOMINO] Success!
[21_DOMINO_in_6] Success!
[19_6_in_8] Success!
[Main] Worker finished 19_6_in_8 with score 3.590042393228612
[7_8_in_8] Starting (5000 attempts)
[Main] Worker finished 21_DOMINO_in_6 with score 4.531449359137153
[Main] Worker finished 14_8_in_DOMINO with score 6.578730071430992
[14_5_in_8] Starting (50000 attempts)
[26_6_in_CIRCLE] Starting (50000 attempts)
[19_5_in_5] Success!
[Main] Worker finished 19_5_in_5 with score 4.98239171642297
[10_5_in_6] Starting (50000 attempts)
[15_6_in_DOMINO] Success!
[Main] Worker finished 15_6_in_DOMINO with score 4.9719938198965234
[24_6_in_CIRCLE] Starting (50000 attempts)
[22_5_in_DOMINO] Starting (50000 attempts)
[19_5_in_8] Success!
[Main] Worker finished 19_5_in_8 with score 2.968904728936534
[22_6_in_5] Starting (50000 attempts)
[18_8_in_5] Success!
[Main] Worker finished 18_8_in_5 with score 8.14847732217796
[23_6_in_CIRCLE] Success!
[Main] Worker finished 23_6_in_CIRCLE with score 5.004581469793775[24_8_in_8] Starting (50000 attempts)

[24_6_in_6] Starting (50000 attempts)
[11_DOMINO_in_6] Success!
[Main] Worker finished 11_DOMINO_in_6 with score 3.4147814893232917
[20_6_in_8] Success!
[25_6_in_CIRCLE] Starting (50000 attempts)
[Main] Worker finished 20_6_in_8 with score 3.7491238161458025
[14_6_in_6] Starting (50000 attempts)
[23_5_in_8] Success!
[Main] Worker finished 23_5_in_8 with score 3.2668521998149376
[7_DOMINO_in_6] Starting (5000 attempts)
[21_6_in_DOMINO] Success!
[Main] Worker finished 21_6_in_DOMINO with score 5.876010613455755
[20_5_in_CIRCLE] Starting (50000 attempts)
[15_8_in_8] Success!
[Main] Worker finished 15_8_in_8 with score 4.480124023637546
[28_5_in_8] Success!
[Main] Worker finished 28_5_in_8 with score 3.582215248748605[21_6_in_8] Starting (50000 attempts)

[12_8_in_6] Starting (50000 attempts)
[14_8_in_5] Success!
[Main] Worker finished 14_8_in_5 with score 7.180558738898597
[19_8_in_5] Success!
[17_5_in_CIRCLE] Success!
[Main] Worker finished 19_8_in_5 with score 8.365946794416464
[19_6_in_5] Starting (50000 attempts)
[Main] Worker finished 17_5_in_CIRCLE with score 3.509704759175081
[12_5_in_6] Starting (50000 attempts)
[21_6_in_5] Success!
[Main] Worker finished 21_6_in_5 with score 6.42361900877598[22_5_in_6] Starting (50000 attempts)

[15_8_in_5] Success!
[25_5_in_8] Success!
[Main] Worker finished 15_8_in_5 with score 7.386904767147098
[18_6_in_5] Starting (50000 attempts)
[Main] Worker finished 25_5_in_8 with score 3.3835587963854876
[13_5_in_5] Success!
[18_5_in_8] Success!
[20_5_in_5] Starting (50000 attempts)
[16_6_in_5] Success!
[14_6_in_8] Success!
[Main] Worker finished 16_6_in_5 with score 5.636369710672743
[20_8_in_5] Starting (50000 attempts)
[Main] Worker finished 14_6_in_8 with score 3.1527750330791813
[Main] Worker finished 13_5_in_5 with score 4.0877788699043
[Main] Worker finished 18_5_in_8 with score 2.901054354602868
[18_5_in_5] Starting (50000 attempts)
[21_5_in_8] Starting (50000 attempts)
[17_6_in_8] Success!
[10_DOMINO_in_8] Success!
[14_8_in_6] Starting (50000 attempts)
[17_5_in_8] Success!
[Main] Worker finished 17_6_in_8 with score 3.498395495831623
[30_DOMINO_in_5] Starting (50000 attempts)
[Main] Worker finished 10_DOMINO_in_8 with score 2.324171944271372
[Main] Worker finished 17_5_in_8 with score 2.8192851731777258
[20_8_in_6] Starting (50000 attempts)
[23_5_in_CIRCLE] Starting (50000 attempts)
[22_8_in_8] Success!
[Main] Worker finished 22_8_in_8 with score 5.381237089465599
[17_6_in_CIRCLE] Starting (50000 attempts)
[22_6_in_6] Success!
[7_8_in_8] Success!
[Main] Worker finished 7_8_in_8 with score 3.013251943344308
[21_5_in_5] Starting (50000 attempts)
[Main] Worker finished 22_6_in_6 with score 5.319190116042833
[10_5_in_6] Success!
[14_5_in_8] Success!
[20_5_in_8] Success!
[19_8_in_8] Starting (50000 attempts)
[21_8_in_8] Success!
[Main] Worker finished 10_5_in_6 with score 2.953665845198902
[14_6_in_CIRCLE] Starting (50000 attempts)
[Main] Worker finished 14_5_in_8 with score 2.57086553360258
[Main] Worker finished 20_5_in_8 with score 3.055752327695466
[Main] Worker finished 21_8_in_8 with score 5.222417810588005
[15_8_in_DOMINO] Starting (50000 attempts)
[7_6_in_8] Starting (5000 attempts)
[26_6_in_5] Starting (50000 attempts)
[22_5_in_DOMINO] Success!
[Main] Worker finished 22_5_in_DOMINO with score 4.950411303539053
[22_6_in_8] Starting (50000 attempts)
[24_6_in_CIRCLE] Success!
[Main] Worker finished 24_6_in_CIRCLE with score 5.105393906000926[14_5_in_DOMINO] Starting (50000 attempts)

[26_6_in_CIRCLE] Success!
[Main] Worker finished 26_6_in_CIRCLE with score 5.266575133750489
[6_DOMINO_in_5] Starting (5000 attempts)
[9_DOMINO_in_5] Starting (50000 attempts)
[22_6_in_5] Success!
[Main] Worker finished 22_6_in_5 with score 6.566008958695746
[7_DOMINO_in_6] Success!
[Main] Worker finished 7_DOMINO_in_6 with score 2.6317698704575285
[12_DOMINO_in_6] Starting (50000 attempts)
[14_6_in_6] Success!
[Main] Worker finished 14_6_in_6 with score 4.287421360885064
[24_5_in_8] Starting (50000 attempts)
[9_DOMINO_in_8] Starting (50000 attempts)
[24_8_in_8] Success!
[Main] Worker finished 24_8_in_8 with score 5.58607531121421
[24_6_in_6] Success!
[Main] Worker finished 24_6_in_6 with score 5.51353827731904
[21_DOMINO_in_5] Starting (50000 attempts)
[25_6_in_CIRCLE] Success!
[Main] Worker finished 25_6_in_CIRCLE with score 5.211512366335625
[19_5_in_CIRCLE] Starting (50000 attempts)
[20_5_in_CIRCLE] Success!
[Main] Worker finished 20_5_in_CIRCLE with score 3.8008538929495774
[17_8_in_6] Starting (50000 attempts)
[21_6_in_CIRCLE] Starting (50000 attempts)
[12_8_in_6] Success!
[Main] Worker finished 12_8_in_6 with score 5.407277882325043
[9_8_in_8] Starting (50000 attempts)
[12_5_in_6] Success!
[Main] Worker finished 12_5_in_6 with score 3.2336586610955442
[16_6_in_CIRCLE] Starting (50000 attempts)
[21_6_in_8] Success!
[Main] Worker finished 21_6_in_8 with score 3.8130557825169475
[12_6_in_6] Starting (50000 attempts)
[19_6_in_5] Success!
[Main] Worker finished 19_6_in_5 with score 6.134720683760772
[20_5_in_5] Success!
[Main] Worker finished 20_5_in_5 with score 5.058315469467992
[8_DOMINO_in_5] Starting (50000 attempts)
[22_5_in_6] Success!
[18_6_in_5] Success!
[Main] Worker finished 18_6_in_5 with score 5.96787115637767
[7_DOMINO_in_5] Starting (5000 attempts)
[Main] Worker finished 22_5_in_6 with score 4.356928959567113
[30_8_in_8] Starting (50000 attempts)
[20_5_in_6] Starting (50000 attempts)
[18_5_in_5] Success!
[Main] Worker finished 18_5_in_5 with score 4.7995534643422655
[24_5_in_CIRCLE] Starting (50000 attempts)
[21_5_in_8] Success!
[Main] Worker finished 21_5_in_8 with score 3.1326434895629753
[20_8_in_5] Success!
[Main] Worker finished 20_8_in_5 with score 8.571897635222657
[15_6_in_5] Starting (50000 attempts)
[14_8_in_6] Success!
[Main] Worker finished 14_8_in_6 with score 5.803585986869996[20_6_in_CIRCLE] Starting (50000 attempts)

[14_6_in_DOMINO] Starting (50000 attempts)
[30_DOMINO_in_5] Success!
[Main] Worker finished 30_DOMINO_in_5 with score 6.431860310478902
[17_6_in_CIRCLE] Success!
[23_5_in_CIRCLE] Success!
[Main] Worker finished 23_5_in_CIRCLE with score 4.07212166714563
[6_DOMINO_in_6] Starting (5000 attempts)
[Main] Worker finished 17_6_in_CIRCLE with score 4.316151292780971
[29_6_in_5] Starting (50000 attempts)
[21_5_in_5] Success!
[20_8_in_6] Success!
[14_6_in_CIRCLE] Success!
[Main] Worker finished 14_6_in_CIRCLE with score 3.8935082219066706
[16_8_in_5] Starting (50000 attempts)
[Main] Worker finished 21_5_in_5 with score 5.1860614802694025
[Main] Worker finished 20_8_in_6 with score 7.021084739848574
[7_6_in_8] Success!
[17_5_in_5] Starting (50000 attempts)
[14_8_in_DOMINO] Starting (50000 attempts)
[14_5_in_DOMINO] Success!
[6_DOMINO_in_5] Success!
[19_8_in_8] Success!
[Main] Worker finished 19_8_in_8 with score 4.9606053481782535
[19_6_in_8] Starting (50000 attempts)
[Main] Worker finished 7_6_in_8 with score 2.1967692796797054
[Main] Worker finished 14_5_in_DOMINO with score 3.9402133401017183
[Main] Worker finished 6_DOMINO_in_5 with score 3.0005819980888866
[9_DOMINO_in_5] Success!
[19_5_in_5] Starting (50000 attempts)
[22_6_in_8] Success!
[21_DOMINO_in_6] Starting (50000 attempts)
[15_8_in_DOMINO] Success!
[23_8_in_8] Starting (50000 attempts)
[12_DOMINO_in_6] Success!
[Main] Worker finished 9_DOMINO_in_5 with score 3.67413161069444
[15_6_in_DOMINO] Starting (50000 attempts)
[Main] Worker finished 12_DOMINO_in_6 with score 3.515155630244919
[Main] Worker finished 15_8_in_DOMINO with score 6.782800850892094
[Main] Worker finished 22_6_in_8 with score 3.920742134834274
[9_DOMINO_in_8] Success!
[28_6_in_5] Starting (50000 attempts)
[26_6_in_5] Success!
[20_6_in_8] Starting (50000 attempts)
[19_5_in_8] Starting (50000 attempts)
[Main] Worker finished 9_DOMINO_in_8 with score 2.198224030578895
[23_5_in_8] Starting (50000 attempts)
[Main] Worker finished 26_6_in_5 with score 7.073021978092495
[24_5_in_8] Success!
[21_DOMINO_in_5] Success!
[21_6_in_DOMINO] Starting (50000 attempts)
[19_5_in_CIRCLE] Success!
[Main] Worker finished 24_5_in_8 with score 3.3678767066052666
[28_5_in_8] Starting (50000 attempts)
[Main] Worker finished 21_DOMINO_in_5 with score 5.4197991793224825
[Main] Worker finished 19_5_in_CIRCLE with score 3.672087064811119
[10_DOMINO_in_5] Starting (50000 attempts)
[9_8_in_8] Success!
[22_6_in_DOMINO] Starting (50000 attempts)
[Main] Worker finished 9_8_in_8 with score 3.429337475000999[21_6_in_5] Starting (50000 attempts)

[21_6_in_CIRCLE] Success!
[17_8_in_6] Success!
[12_6_in_6] Success!
[8_DOMINO_in_5] Success!
[16_6_in_CIRCLE] Success!
[Main] Worker finished 17_8_in_6 with score 6.379225450969315
[25_5_in_8] Starting (50000 attempts)
[Main] Worker finished 16_6_in_CIRCLE with score 4.15748647722219
[Main] Worker finished 21_6_in_CIRCLE with score 4.697192598913602
[Main] Worker finished 8_DOMINO_in_5 with score 3.5015432852757242
[Main] Worker finished 12_6_in_6 with score 3.9584777795716133
[7_DOMINO_in_5] Success!
[15_8_in_5] Starting (50000 attempts)
[18_5_in_8] Starting (50000 attempts)
[18_5_in_6] Starting (50000 attempts)
[20_5_in_6] Success!
[13_5_in_5] Starting (50000 attempts)
[Main] Worker finished 7_DOMINO_in_5 with score 3.2561120298168578
[22_8_in_8] Starting (50000 attempts)
[Main] Worker finished 20_5_in_6 with score 4.143394239176668
[17_5_in_8] Starting (50000 attempts)
[10_DOMINO_in_8] Starting (50000 attempts)
[14_6_in_DOMINO] Success!
[Main] Worker finished 14_6_in_DOMINO with score 4.865863965284076
[15_6_in_5] Success!
[6_DOMINO_in_6] Success!
[24_5_in_CIRCLE] Success!
[Main] Worker finished 24_5_in_CIRCLE with score 4.154941567727804
[21_8_in_8] Starting (50000 attempts)
[Main] Worker finished 15_6_in_5 with score 5.431937953348882
[Main] Worker finished 6_DOMINO_in_6 with score 2.4434705408625335
[22_6_in_6] Starting (50000 attempts)
[7_8_in_8] Starting (5000 attempts)
[26_6_in_CIRCLE] Starting (50000 attempts)
[20_6_in_CIRCLE] Success!
[Main] Worker finished 20_6_in_CIRCLE with score 4.645985893165576
[24_6_in_CIRCLE] Starting (50000 attempts)
[30_8_in_8] Success!
[Main] Worker finished 30_8_in_8 with score 6.185025339270861
[17_5_in_5] Success!
[Main] Worker finished 17_5_in_5 with score 4.679551114494732
[22_5_in_DOMINO] Starting (50000 attempts)
[22_6_in_5] Starting (50000 attempts)
[19_6_in_8] Success!
[Main] Worker finished 19_6_in_8 with score 3.5900172984714556
[24_8_in_8] Starting (50000 attempts)
[14_8_in_DOMINO] Success!
[Main] Worker finished 14_8_in_DOMINO with score 6.578730071430992
[16_8_in_5] Success!
[19_5_in_5] Success!
[Main] Worker finished 19_5_in_5 with score 4.98239171642297[24_6_in_6] Starting (50000 attempts)

[Main] Worker finished 16_8_in_5 with score 7.645526350820605
[21_DOMINO_in_6] Success!
[29_6_in_5] Success!
[25_6_in_CIRCLE] Starting (50000 attempts)
[Main] Worker finished 21_DOMINO_in_6 with score 4.52284734974398
[7_DOMINO_in_6] Starting (5000 attempts)
[15_6_in_DOMINO] Success!
[Main] Worker finished 29_6_in_5 with score 7.408436139928533
[6_DOMINO_in_8] Starting (5000 attempts)
[Main] Worker finished 15_6_in_DOMINO with score 4.9719938198965234
[21_6_in_8] Starting (50000 attempts)
[17_6_in_6] Starting (50000 attempts)
[20_6_in_8] Success!
[Main] Worker finished 20_6_in_8 with score 3.7491238161458025
[19_5_in_8] Success!
[Main] Worker finished 19_5_in_8 with score 2.968904728936534
[22_5_in_6] Starting (50000 attempts)
[10_DOMINO_in_5] Success!
[Main] Worker finished 10_DOMINO_in_5 with score 3.828751125834083
[14_DOMINO_in_6] Starting (50000 attempts)
[20_5_in_5] Starting (50000 attempts)
[23_8_in_8] Success!
[Main] Worker finished 23_8_in_8 with score 5.445689579242635
[21_6_in_DOMINO] Success!
[23_5_in_8] Success!
[28_6_in_5] Success!
[Main] Worker finished 23_5_in_8 with score 3.2668521998149376
[18_5_in_5] Starting (50000 attempts)
[Main] Worker finished 28_6_in_5 with score 7.278282183425351
[Main] Worker finished 21_6_in_DOMINO with score 5.876010613455755
[21_5_in_8] Starting (50000 attempts)
[28_5_in_8] Success!
[14_8_in_6] Starting (50000 attempts)
[Main] Worker finished 28_5_in_8 with score 3.582215248748605
[30_DOMINO_in_5] Starting (50000 attempts)
[22_6_in_DOMINO] Success!
[Main] Worker finished 22_6_in_DOMINO with score 6.082666816508816
[27_8_in_8] Starting (50000 attempts)
[21_6_in_5] Success!
[Main] Worker finished 21_6_in_5 with score 6.42361900877598
[18_6_in_DOMINO] Starting (50000 attempts)
[13_5_in_5] Success!
[18_5_in_8] Success!
[Main] Worker finished 13_5_in_5 with score 4.0877788699043[14_5_in_5] Starting (50000 attempts)

[15_8_in_5] Success!
[Main] Worker finished 18_5_in_8 with score 2.901054354602868
[18_5_in_6] Success!
[25_5_in_8] Success!
[10_DOMINO_in_8] Success!
[18_8_in_6] Starting (50000 attempts)
[17_5_in_8] Success!
[Main] Worker finished 10_DOMINO_in_8 with score 2.3381595963223822
[24_6_in_5] Starting (50000 attempts)
[Main] Worker finished 17_5_in_8 with score 2.8192851731777258
[Main] Worker finished 25_5_in_8 with score 3.3835587963854876
[Main] Worker finished 18_5_in_6 with score 3.8546065814866943
[Main] Worker finished 15_8_in_5 with score 7.386904767147098
[22_5_in_8] Starting (50000 attempts)
[21_5_in_5] Starting (50000 attempts)
[15_DOMINO_in_8] Starting (50000 attempts)
[19_8_in_8] Starting (50000 attempts)
[22_8_in_8] Success!
[Main] Worker finished 22_8_in_8 with score 5.381237089465599
[15_8_in_DOMINO] Starting (50000 attempts)
[27_6_in_CIRCLE] Starting (50000 attempts)
[7_8_in_8] Success!
[Main] Worker finished 7_8_in_8 with score 3.013251943344308
[7_6_in_8] Starting (5000 attempts)
[22_6_in_6] Success!
[Main] Worker finished 22_6_in_6 with score 5.319190116042833
[26_6_in_5] Starting (50000 attempts)
[21_8_in_8] Success!
[Main] Worker finished 21_8_in_8 with score 5.222417810588005
[22_5_in_DOMINO] Success!
[24_6_in_CIRCLE] Success!
[26_6_in_CIRCLE] Success!
[Main] Worker finished 24_6_in_CIRCLE with score 5.105393906000926
[22_6_in_8] Starting (50000 attempts)
[Main] Worker finished 26_6_in_CIRCLE with score 5.266575133750489
[Main] Worker finished 22_5_in_DOMINO with score 4.950411303539053
[14_5_in_DOMINO] Starting (50000 attempts)
[7_DOMINO_in_6] Success!
[6_DOMINO_in_8] Success!
[6_DOMINO_in_5] Starting (5000 attempts)
[22_6_in_5] Success!
[Main] Worker finished 22_6_in_5 with score 6.566008958695746
[9_DOMINO_in_5] Starting (50000 attempts)
[Main] Worker finished 7_DOMINO_in_6 with score 2.6317698704575285
[Main] Worker finished 6_DOMINO_in_8 with score 1.7945938399089592
[24_5_in_8] Starting (50000 attempts)
[25_6_in_CIRCLE] Success!
[14_5_in_6] Starting (50000 attempts)
[17_6_in_6] Success!
[24_6_in_6] Success!
[Main] Worker finished 17_6_in_6 with score 4.640973040816348[9_DOMINO_in_8] Starting (50000 attempts)

[Main] Worker finished 25_6_in_CIRCLE with score 5.211512366335625
[Main] Worker finished 24_6_in_6 with score 5.51353827731904
[24_8_in_8] Success!
[21_6_in_8] Success!
[21_DOMINO_in_5] Starting (50000 attempts)
[19_5_in_CIRCLE] Starting (50000 attempts)
[14_DOMINO_in_6] Success!
[Main] Worker finished 14_DOMINO_in_6 with score 3.6540200702878343
[17_8_in_6] Starting (50000 attempts)
[Main] Worker finished 24_8_in_8 with score 5.58607531121421
[Main] Worker finished 21_6_in_8 with score 3.8356769406113504
[22_5_in_6] Success!
[21_6_in_CIRCLE] Starting (50000 attempts)
[25_8_in_8] Starting (50000 attempts)
[20_5_in_5] Success!
[18_5_in_5] Success!
[Main] Worker finished 20_5_in_5 with score 5.058315469467992
[21_DOMINO_in_8] Starting (50000 attempts)
[Main] Worker finished 18_5_in_5 with score 4.7995534643422655
[Main] Worker finished 22_5_in_6 with score 4.3280991083330145
[30_DOMINO_in_5] Success!
[30_8_in_8] Starting (50000 attempts)
[22_DOMINO_in_5] Starting (50000 attempts)
[Main] Worker finished 30_DOMINO_in_5 with score 6.431834494380972
[20_5_in_6] Starting (50000 attempts)
[14_8_in_6] Success!
[21_5_in_8] Success!
[Main] Worker finished 21_5_in_8 with score 3.1326434895629753
[24_5_in_CIRCLE] Starting (50000 attempts)
[Main] Worker finished 14_8_in_6 with score 5.803585986869996
[18_6_in_DOMINO] Success!
[14_DOMINO_in_5] Starting (50000 attempts)
[14_5_in_5] Success!
[Main] Worker finished 18_6_in_DOMINO with score 5.422494851641536
[21_5_in_6] Starting (50000 attempts)
[Main] Worker finished 14_5_in_5 with score 4.23160540718142
[9_DOMINO_in_6] Starting (50000 attempts)
[6_DOMINO_in_6] Starting (5000 attempts)
[15_DOMINO_in_8] Success!
[Main] Worker finished 15_DOMINO_in_8 with score 2.847707045129096
[30_6_in_5] Starting (50000 attempts)
[22_5_in_8] Success!
[Main] Worker finished 22_5_in_8 with score 3.201035699156441
[21_5_in_5] Success!
[7_6_in_8] Success!
[18_8_in_6] Success!
[27_8_in_8] Success!
[24_6_in_5] Success!
[Main] Worker finished 27_8_in_8 with score 5.843198846518677
[29_6_in_5] Starting (50000 attempts)
[Main] Worker finished 21_5_in_5 with score 5.1860614802694025
[Main] Worker finished 24_6_in_5 with score 6.810603175471824
[Main] Worker finished 18_8_in_6 with score 6.461293660904461
[Main] Worker finished 7_6_in_8 with score 2.1967692796797054
[17_5_in_5] Starting (50000 attempts)
[15_8_in_DOMINO] Success!
[14_8_in_DOMINO] Starting (50000 attempts)
[13_DOMINO_in_6] Starting (50000 attempts)
[19_8_in_8] Success!
[19_6_in_8] Starting (50000 attempts)
[Main] Worker finished 15_8_in_DOMINO with score 6.782800850892094
[23_8_in_8] Starting (50000 attempts)
[Main] Worker finished 19_8_in_8 with score 4.9606053481782535
[27_6_in_CIRCLE] Success!
[15_6_in_DOMINO] Starting (50000 attempts)
[Main] Worker finished 27_6_in_CIRCLE with score 5.291310888280076
[28_6_in_5] Starting (50000 attempts)
[25_6_in_5] Starting (50000 attempts)
[6_DOMINO_in_5] Success!
[Main] Worker finished 6_DOMINO_in_5 with score 3.0005819980888866
[14_5_in_DOMINO] Success!
[Main] Worker finished 14_5_in_DOMINO with score 3.9402133401017183
[20_6_in_8] Starting (50000 attempts)
[22_6_in_8] Success!
[9_DOMINO_in_5] Success!
[Main] Worker finished 9_DOMINO_in_5 with score 3.67413161069444
[23_5_in_8] Starting (50000 attempts)
[Main] Worker finished 22_6_in_8 with score 3.9431604103465934
[21_6_in_DOMINO] Starting (50000 attempts)
[26_6_in_5] Success!
[Main] Worker finished 26_6_in_5 with score 7.073021978092495
[28_5_in_8] Starting (50000 attempts)
[10_DOMINO_in_5] Starting (50000 attempts)
[9_DOMINO_in_8] Success!
[Main] Worker finished 9_DOMINO_in_8 with score 2.198224030578895
[14_5_in_6] Success!
[Main] Worker finished 14_5_in_6 with score 3.468923754950831
[27_5_in_8] Starting (50000 attempts)
[22_6_in_DOMINO] Starting (50000 attempts)
[24_5_in_8] Success!
[Main] Worker finished 24_5_in_8 with score 3.2939446631250693
[24_5_in_5] Starting (50000 attempts)
[21_DOMINO_in_5] Success!
[Main] Worker finished 21_DOMINO_in_5 with score 5.418649576601122
[21_6_in_5] Starting (50000 attempts)
[19_5_in_CIRCLE] Success!
[Main] Worker finished 19_5_in_CIRCLE with score 3.672087060833069
[25_5_in_8] Starting (50000 attempts)
[21_6_in_CIRCLE] Success!
[Main] Worker finished 21_6_in_CIRCLE with score 4.697192598913602
[17_8_in_6] Success!
[Main] Worker finished 17_8_in_6 with score 6.379225450969315
[30_5_in_6] Starting (50000 attempts)
[21_DOMINO_in_8] Success!
[Main] Worker finished 21_DOMINO_in_8 with score 3.365213031051526
[18_5_in_6] Starting (50000 attempts)
[22_DOMINO_in_5] Success!
[Main] Worker finished 22_DOMINO_in_5 with score 5.546876785010068
[13_5_in_5] Starting (50000 attempts)
[25_8_in_8] Success!
[Main] Worker finished 25_8_in_8 with score 5.679885998161292
[26_6_in_6] Starting (50000 attempts)
[20_5_in_6] Success!
[Main] Worker finished 20_5_in_6 with score 4.167613128905302
[22_6_in_6] Starting (50000 attempts)
[14_DOMINO_in_5] Success!
[24_5_in_CIRCLE] Success!
[Main] Worker finished 24_5_in_CIRCLE with score 4.129672310275592
[23_5_in_6] Starting (50000 attempts)
[Main] Worker finished 14_DOMINO_in_5 with score 4.51418687182837
[22_5_in_DOMINO] Starting (50000 attempts)
[9_DOMINO_in_6] Success!
[Main] Worker finished 9_DOMINO_in_6 with score 2.9409000511860595
[22_6_in_5] Starting (50000 attempts)
[6_DOMINO_in_6] Success!
[21_5_in_6] Success!
[Main] Worker finished 21_5_in_6 with score 4.242098428108458
[24_6_in_6] Starting (50000 attempts)
[Main] Worker finished 6_DOMINO_in_6 with score 2.443470536168919
[7_DOMINO_in_6] Starting (5000 attempts)
[6_DOMINO_in_8] Starting (5000 attempts)
[30_8_in_8] Success!
[Main] Worker finished 30_8_in_8 with score 6.185025339270861
[21_6_in_8] Starting (50000 attempts)
[13_DOMINO_in_6] Success!
[Main] Worker finished 13_DOMINO_in_6 with score 3.5622026193404297
[17_6_in_6] Starting (50000 attempts)
[17_5_in_5] Success!
[Main] Worker finished 17_5_in_5 with score 4.679551114494732
[16_DOMINO_in_6] Starting (50000 attempts)
[14_8_in_DOMINO] Success!
[Main] Worker finished 14_8_in_DOMINO with score 6.578730071430992
[22_5_in_6] Starting (50000 attempts)
[15_6_in_DOMINO] Success!
[Main] Worker finished 15_6_in_DOMINO with score 4.9719938198965234
[14_DOMINO_in_6] Starting (50000 attempts)
[30_6_in_5] Success!
[Main] Worker finished 30_6_in_5 with score 7.492816988915312
[29_6_in_5] Success!
[19_6_in_8] Success!
[Main] Worker finished 29_6_in_5 with score 7.408436139928533[20_5_in_5] Starting (50000 attempts)

[Main] Worker finished 19_6_in_8 with score 3.589994178685851
[18_5_in_5] Starting (50000 attempts)
[30_DOMINO_in_5] Starting (50000 attempts)
[23_5_in_8] Success!
[Main] Worker finished 23_5_in_8 with score 3.2668521998149376
[10_DOMINO_in_5] Success!
[25_6_in_5] Success!
[20_6_in_8] Success!
[23_8_in_8] Success!
[Main] Worker finished 23_8_in_8 with score 5.445689579242635
[27_8_in_8] Starting (50000 attempts)
[Main] Worker finished 25_6_in_5 with score 6.928203614427568
[Main] Worker finished 20_6_in_8 with score 3.7491238161458025
[Main] Worker finished 10_DOMINO_in_5 with score 3.828751125834083
[18_6_in_DOMINO] Starting (50000 attempts)
[14_5_in_5] Starting (50000 attempts)
[28_6_in_5] Success!
[21_6_in_DOMINO] Success!
[18_8_in_6] Starting (50000 attempts)
[Main] Worker finished 21_6_in_DOMINO with score 5.876010613455755
[24_6_in_5] Starting (50000 attempts)
[Main] Worker finished 28_6_in_5 with score 7.278282183425351
[21_5_in_5] Starting (50000 attempts)
[15_DOMINO_in_8] Starting (50000 attempts)
[28_5_in_8] Success!
[Main] Worker finished 28_5_in_8 with score 3.582215248748605
[27_5_in_8] Success!
[22_6_in_DOMINO] Success!
[Main] Worker finished 22_6_in_DOMINO with score 6.082666816508816
[15_8_in_DOMINO] Starting (50000 attempts)
[Main] Worker finished 27_5_in_8 with score 3.5191067820238646
[27_6_in_CIRCLE] Starting (50000 attempts)
[24_5_in_5] Success!
[Main] Worker finished 24_5_in_5 with score 5.525354288666385
[7_6_in_8] Starting (5000 attempts)
[21_6_in_5] Success!
[Main] Worker finished 21_6_in_5 with score 6.42361900877598
[11_DOMINO_in_5] Starting (50000 attempts)
[26_6_in_5] Starting (50000 attempts)
[25_5_in_8] Success!
[Main] Worker finished 25_5_in_8 with score 3.3835587963854876
[24_5_in_8] Starting (50000 attempts)
[13_5_in_5] Success!
[Main] Worker finished 13_5_in_5 with score 4.0877788699043
[21_DOMINO_in_5] Starting (50000 attempts)
[7_DOMINO_in_6] Success!
[Main] Worker finished 7_DOMINO_in_6 with score 2.6317698704575285
[18_5_in_6] Success!
[Main] Worker finished 18_5_in_6 with score 3.8546065814866943
[21_6_in_CIRCLE] Starting (50000 attempts)
[6_DOMINO_in_8] Success!
[22_6_in_5] Success!
[Main] Worker finished 6_DOMINO_in_8 with score 1.7945938399089592[25_8_in_8] Starting (50000 attempts)

[Main] Worker finished 22_6_in_5 with score 6.566008958695746
[21_DOMINO_in_8] Starting (50000 attempts)
[30_8_in_8] Starting (50000 attempts)
[30_5_in_6] Success!
[Main] Worker finished 30_5_in_6 with score 4.974408251907489
[23_5_in_6] Success!
[22_6_in_6] Success!
[22_5_in_DOMINO] Success!
[Main] Worker finished 23_5_in_6 with score 4.3976730246132645
[22_DOMINO_in_5] Starting (50000 attempts)
[26_6_in_6] Success!
[Main] Worker finished 22_5_in_DOMINO with score 4.950411303539053
[Main] Worker finished 22_6_in_6 with score 5.319190116042833
[7_8_in_6] Starting (5000 attempts)
[14_DOMINO_in_5] Starting (50000 attempts)
[24_6_in_6] Success!
[Main] Worker finished 24_6_in_6 with score 5.51353827731904
[9_DOMINO_in_6] Starting (50000 attempts)
[Main] Worker finished 26_6_in_6 with score 5.747359388851401
[30_6_in_5] Starting (50000 attempts)
[29_6_in_5] Starting (50000 attempts)
[16_DOMINO_in_6] Success!
[Main] Worker finished 16_DOMINO_in_6 with score 3.933246666576861
[17_6_in_6] Success!
[Main] Worker finished 17_6_in_6 with score 4.640973040816348
[13_DOMINO_in_6] Starting (50000 attempts)
[21_6_in_8] Success!
[Main] Worker finished 21_6_in_8 with score 3.81017523173895
[19_6_in_8] Starting (50000 attempts)
[14_DOMINO_in_6] Success!
[Main] Worker finished 14_DOMINO_in_6 with score 3.6584802927161633
[23_8_in_8] Starting (50000 attempts)
[15_6_in_DOMINO] Starting (50000 attempts)
[20_5_in_5] Success!
[Main] Worker finished 20_5_in_5 with score 5.058315469467992
[28_6_in_5] Starting (50000 attempts)
[22_5_in_6] Success!
[Main] Worker finished 22_5_in_6 with score 4.354244593264182
[18_5_in_5] Success!
[Main] Worker finished 18_5_in_5 with score 4.7995534643422655
[25_6_in_5] Starting (50000 attempts)
[21_6_in_DOMINO] Starting (50000 attempts)
[14_5_in_5] Success!
[Main] Worker finished 14_5_in_5 with score 4.23160540718142
[28_5_in_8] Starting (50000 attempts)
[30_DOMINO_in_5] Success!
[Main] Worker finished 30_DOMINO_in_5 with score 6.5920010273389
[18_6_in_DOMINO] Success!
[Main] Worker finished 18_6_in_DOMINO with score 5.422494851641536
[10_DOMINO_in_5] Starting (50000 attempts)
[15_DOMINO_in_8] Success!
[Main] Worker finished 15_DOMINO_in_8 with score 2.847707045129096
[27_5_in_8] Starting (50000 attempts)
[21_5_in_5] Success!
[18_8_in_6] Success!
[Main] Worker finished 18_8_in_6 with score 6.461293660904461
[24_6_in_5] Success!
[32_6_in_6] Starting (50000 attempts)
[Main] Worker finished 21_5_in_5 with score 5.1860614802694025
[7_6_in_8] Success!
[11_DOMINO_in_5] Success!
[24_5_in_5] Starting (50000 attempts)
[Main] Worker finished 11_DOMINO_in_5 with score 3.9566448613244867
[25_5_in_8] Starting (50000 attempts)
[Main] Worker finished 24_6_in_5 with score 6.810603175471824
[Main] Worker finished 7_6_in_8 with score 2.1967692796797054
[30_5_in_6] Starting (50000 attempts)
[27_8_in_8] Success!
[15_8_in_DOMINO] Success!
[18_5_in_6] Starting (50000 attempts)
[Main] Worker finished 27_8_in_8 with score 5.843198846518677
[27_6_in_5] Starting (50000 attempts)
[Main] Worker finished 15_8_in_DOMINO with score 6.782800850892094
[20_DOMINO_in_6] Starting (50000 attempts)
[26_6_in_6] Starting (50000 attempts)
[26_6_in_5] Success!
[Main] Worker finished 26_6_in_5 with score 7.073021978092495
[27_6_in_CIRCLE] Success!
[Main] Worker finished 27_6_in_CIRCLE with score 5.291310888280076[22_6_in_6] Starting (50000 attempts)

[21_DOMINO_in_5] Success!
[Main] Worker finished 21_DOMINO_in_5 with score 5.4121555761458735
[23_5_in_6] Starting (50000 attempts)
[24_5_in_8] Success!
[21_6_in_CIRCLE] Success!
[Main] Worker finished 24_5_in_8 with score 3.2939446631250693
[24_6_in_6] Starting (50000 attempts)
[Main] Worker finished 21_6_in_CIRCLE with score 4.697192598913602
[7_8_in_6] Success!
[21_DOMINO_in_8] Success!
[29_DOMINO_in_5] Starting (50000 attempts)
[Main] Worker finished 21_DOMINO_in_8 with score 3.365213031051526
[6_DOMINO_in_8] Starting (5000 attempts)
[Main] Worker finished 7_8_in_6 with score 3.992992405697715
[9_DOMINO_in_6] Success!
[14_DOMINO_in_5] Success!
[22_DOMINO_in_5] Success!
[17_6_in_6] Starting (50000 attempts)
[Main] Worker finished 14_DOMINO_in_5 with score 4.51418687182837
[7_5_in_6] Starting (5000 attempts)
[Main] Worker finished 9_DOMINO_in_6 with score 2.9364917877166263
[Main] Worker finished 22_DOMINO_in_5 with score 5.681034970948023
[30_8_in_8] Success!
[16_DOMINO_in_6] Starting (50000 attempts)
[12_DOMINO_in_5] Starting (50000 attempts)
[25_8_in_8] Success!
[Main] Worker finished 30_8_in_8 with score 6.185025339270861
[14_DOMINO_in_6] Starting (50000 attempts)
[Main] Worker finished 25_8_in_8 with score 5.679885998161292
[30_DOMINO_in_5] Starting (50000 attempts)
[13_DOMINO_in_6] Success!
[Main] Worker finished 13_DOMINO_in_6 with score 3.544080729971258
[27_8_in_8] Starting (50000 attempts)
[18_6_in_DOMINO] Starting (50000 attempts)
[29_6_in_5] Success!
[Main] Worker finished 29_6_in_5 with score 7.408436139928533
[30_6_in_5] Success!
[Main] Worker finished 30_6_in_5 with score 7.492816988915312
[14_5_in_5] Starting (50000 attempts)
[15_6_in_DOMINO] Success!
[19_6_in_8] Success!
[Main] Worker finished 19_6_in_8 with score 3.589972878607435[25_DOMINO_in_5] Starting (50000 attempts)

[Main] Worker finished 15_6_in_DOMINO with score 4.9719938198965234
[18_8_in_6] Starting (50000 attempts)
[24_6_in_5] Starting (50000 attempts)
[10_DOMINO_in_5] Success!
[Main] Worker finished 10_DOMINO_in_5 with score 3.828751125834083
[28_6_in_5] Success!
[Main] Worker finished 28_6_in_5 with score 7.278282183425351
[21_5_in_5] Starting (50000 attempts)
[21_6_in_DOMINO] Success!
[23_8_in_8] Success!
[28_5_in_8] Success!
[25_6_in_5] Success!
[Main] Worker finished 21_6_in_DOMINO with score 5.876010613455755[15_DOMINO_in_8] Starting (50000 attempts)

[Main] Worker finished 25_6_in_5 with score 6.928203614427568
[Main] Worker finished 28_5_in_8 with score 3.582215248748605
[Main] Worker finished 23_8_in_8 with score 5.445689579242635
[27_6_in_CIRCLE] Starting (50000 attempts)
[11_DOMINO_in_5] Starting (50000 attempts)
[26_6_in_5] Starting (50000 attempts)
[25_5_in_8] Success!
[Main] Worker finished 25_5_in_8 with score 3.3835587963854876
[22_DOMINO_in_6] Starting (50000 attempts)
[24_5_in_8] Starting (50000 attempts)
[27_5_in_8] Success!
[Main] Worker finished 27_5_in_8 with score 3.502780488376423
[21_DOMINO_in_5] Starting (50000 attempts)
[18_5_in_6] Success!
[Main] Worker finished 18_5_in_6 with score 3.8546065814866943
[24_5_in_5] Success!
[Main] Worker finished 24_5_in_5 with score 5.525354288666385
[21_6_in_CIRCLE] Starting (50000 attempts)
[20_DOMINO_in_6] Success!
[Main] Worker finished 20_DOMINO_in_6 with score 4.429123552311169
[21_DOMINO_in_8] Starting (50000 attempts)
[30_5_in_6] Success!
[22_6_in_6] Success!
[32_6_in_6] Success!
[Main] Worker finished 32_6_in_6 with score 6.300619479013313
[30_8_in_8] Starting (50000 attempts)
[Main] Worker finished 30_5_in_6 with score 4.974408251907489
[Main] Worker finished 22_6_in_6 with score 5.319190116042833
[22_DOMINO_in_5] Starting (50000 attempts)
[6_DOMINO_in_8] Success!
[27_6_in_5] Success!
[24_6_in_6] Success!
[7_8_in_6] Starting (5000 attempts)
[29_DOMINO_in_5] Success!
[7_5_in_6] Success!
[26_6_in_6] Success!
[23_5_in_6] Success!
[Main] Worker finished 7_5_in_6 with score 2.3705954254847907
[24_DOMINO_in_5] Starting (50000 attempts)
[Main] Worker finished 23_5_in_6 with score 4.42567836789445
[Main] Worker finished 24_6_in_6 with score 5.51353827731904
[Main] Worker finished 29_DOMINO_in_5 with score 6.30935464228326
[Main] Worker finished 27_6_in_5 with score 7.178978529661767
[Main] Worker finished 6_DOMINO_in_8 with score 1.7945938399089592
[Main] Worker finished 26_6_in_6 with score 5.747359388851401
[14_DOMINO_in_5] Starting (50000 attempts)
[17_6_in_6] Success!
[12_DOMINO_in_5] Success!
[9_DOMINO_in_6] Starting (50000 attempts)
[16_DOMINO_in_6] Success!
[30_6_in_5] Starting (50000 attempts)
[14_DOMINO_in_6] Success!
[28_8_in_8] Starting (50000 attempts)
[29_6_in_5] Starting (50000 attempts)
[13_DOMINO_in_6] Starting (50000 attempts)
[Main] Worker finished 12_DOMINO_in_5 with score 4.142528358899169
[19_6_in_8] Starting (50000 attempts)
[Main] Worker finished 17_6_in_6 with score 4.640973040816348
[Main] Worker finished 16_DOMINO_in_6 with score 3.923817722381164
[Main] Worker finished 14_DOMINO_in_6 with score 3.681234473326062
[30_DOMINO_in_5] Success!
[19_5_in_6] Starting (50000 attempts)
[28_6_in_5] Starting (50000 attempts)
[18_6_in_DOMINO] Success!
[25_6_in_5] Starting (50000 attempts)
[Main] Worker finished 18_6_in_DOMINO with score 5.422494851641536
[10_DOMINO_in_5] Starting (50000 attempts)
[Main] Worker finished 30_DOMINO_in_5 with score 6.68589195690902
[14_5_in_5] Success!
[32_6_in_6] Starting (50000 attempts)
[Main] Worker finished 14_5_in_5 with score 4.23160540718142
[24_5_in_5] Starting (50000 attempts)
[25_DOMINO_in_5] Success!
[Main] Worker finished 25_DOMINO_in_5 with score 5.858720112624396
[30_5_in_6] Starting (50000 attempts)
[27_8_in_8] Success!
[Main] Worker finished 27_8_in_8 with score 5.843198846518677
[19_DOMINO_in_5] Starting (50000 attempts)
[18_5_in_6] Starting (50000 attempts)
[24_6_in_5] Success!
[Main] Worker finished 24_6_in_5 with score 6.810603175471824
[18_8_in_6] Success!
[15_DOMINO_in_8] Success!
[Main] Worker finished 18_8_in_6 with score 6.461293660904461
[27_6_in_5] Starting (50000 attempts)
[Main] Worker finished 15_DOMINO_in_8 with score 2.847707045129096
[21_5_in_5] Success!
[20_DOMINO_in_5] Starting (50000 attempts)
[11_DOMINO_in_5] Success!
[Main] Worker finished 21_5_in_5 with score 5.1860614802694025
[20_DOMINO_in_6] Starting (50000 attempts)
[Main] Worker finished 11_DOMINO_in_5 with score 3.9566448613244867
[26_6_in_6] Starting (50000 attempts)
[22_DOMINO_in_6] Success!
[Main] Worker finished 22_DOMINO_in_6 with score 4.623417160105128
[29_DOMINO_in_5] Starting (50000 attempts)
[21_DOMINO_in_5] Success!
[Main] Worker finished 21_DOMINO_in_5 with score 5.415758929210213[6_DOMINO_in_8] Starting (5000 attempts)

[27_6_in_CIRCLE] Success!
[Main] Worker finished 27_6_in_CIRCLE with score 5.291310888280076[7_5_in_6] Starting (5000 attempts)

[24_5_in_8] Success!
[Main] Worker finished 24_5_in_8 with score 3.2939446631250693
[16_DOMINO_in_6] Starting (50000 attempts)
[27_DOMINO_in_5] Starting (50000 attempts)
[26_6_in_5] Success!
[Main] Worker finished 26_6_in_5 with score 7.073021978092495
[21_6_in_CIRCLE] Success!
[Main] Worker finished 21_6_in_CIRCLE with score 4.697192598913602
[12_DOMINO_in_5] Starting (50000 attempts)
[14_DOMINO_in_6] Starting (50000 attempts)
[21_DOMINO_in_8] Success!
[Main] Worker finished 21_DOMINO_in_8 with score 3.365213031051526
[27_8_in_8] Starting (50000 attempts)
[7_8_in_6] Success!
[Main] Worker finished 7_8_in_6 with score 3.992992405697715
[22_DOMINO_in_5] Success!
[Main] Worker finished 22_DOMINO_in_5 with score 5.534635079960305[18_6_in_DOMINO] Starting (50000 attempts)

[14_DOMINO_in_5] Success!
[24_DOMINO_in_5] Success!
[Main] Worker finished 24_DOMINO_in_5 with score 5.7454528433662935
[25_DOMINO_in_5] Starting (50000 attempts)
[Main] Worker finished 14_DOMINO_in_5 with score 4.51418687182837
[18_8_in_6] Starting (50000 attempts)
[9_DOMINO_in_6] Success!
[Main] Worker finished 9_DOMINO_in_6 with score 2.93656857296528
[16_DOMINO_in_5] Starting (50000 attempts)
[7_6_in_6] Starting (5000 attempts)
[13_DOMINO_in_6] Success!
[Main] Worker finished 13_DOMINO_in_6 with score 3.5554405222797687
[30_8_in_8] Success!
[Main] Worker finished 30_8_in_8 with score 6.185025339270861
[27_6_in_CIRCLE] Starting (50000 attempts)
[11_DOMINO_in_5] Starting (50000 attempts)
[10_DOMINO_in_5] Success!
[Main] Worker finished 10_DOMINO_in_5 with score 3.828751125834083
[25_6_in_5] Success!
[Main] Worker finished 25_6_in_5 with score 6.928203614427568
[15_DOMINO_in_5] Starting (50000 attempts)
[19_6_in_8] Success!
[Main] Worker finished 19_6_in_8 with score 3.5899532551528592[22_DOMINO_in_6] Starting (50000 attempts)

[18_6_in_6] Starting (50000 attempts)
[19_5_in_6] Success!
[Main] Worker finished 19_5_in_6 with score 3.8963555532464844
[7_8_in_6] Starting (5000 attempts)
[30_6_in_5] Success!
[Main] Worker finished 30_6_in_5 with score 7.492816988915312
[29_6_in_5] Success!
[28_6_in_5] Success!
[Main] Worker finished 29_6_in_5 with score 7.408436139928533[22_DOMINO_in_5] Starting (50000 attempts)

[Main] Worker finished 28_6_in_5 with score 7.278282183425351
[19_DOMINO_in_5] Success!
[24_DOMINO_in_5] Starting (50000 attempts)
[Main] Worker finished 19_DOMINO_in_5 with score 5.289332185447406[14_DOMINO_in_5] Starting (50000 attempts)

[28_8_in_8] Success!
[Main] Worker finished 28_8_in_8 with score 6.011915845098962
[9_DOMINO_in_6] Starting (50000 attempts)
[18_5_in_6] Success!
[Main] Worker finished 18_5_in_6 with score 3.8546065814866943
[13_DOMINO_in_6] Starting (50000 attempts)
[24_5_in_5] Success!
[32_6_in_6] Success!
[Main] Worker finished 32_6_in_6 with score 6.300619479013313
[26_DOMINO_in_5] Starting (50000 attempts)
[Main] Worker finished 24_5_in_5 with score 5.525354288666385
[27_6_in_6] Starting (50000 attempts)
[30_5_in_6] Success!
[Main] Worker finished 30_5_in_6 with score 4.974408251907489
[28_DOMINO_in_5] Starting (50000 attempts)
[20_DOMINO_in_5] Success!
[Main] Worker finished 20_DOMINO_in_5 with score 5.3021378765621385
[26_5_in_5] Starting (50000 attempts)
[20_DOMINO_in_6] Success!
[Main] Worker finished 20_DOMINO_in_6 with score 4.393830160999579
[19_5_in_6] Starting (50000 attempts)
[6_DOMINO_in_8] Success!
[Main] Worker finished 6_DOMINO_in_8 with score 1.7945938399089592
[30_6_in_5] Starting (50000 attempts)
[19_8_in_6] Starting (50000 attempts)
[7_5_in_6] Success!
[Main] Worker finished 7_5_in_6 with score 2.3705954254847907
[16_5_in_5] Starting (50000 attempts)
[27_6_in_5] Success!
[Main] Worker finished 27_6_in_5 with score 7.178978529661767
[16_DOMINO_in_6] Success!
[29_DOMINO_in_5] Success!
[26_6_in_6] Success!
[Main] Worker finished 29_DOMINO_in_5 with score 6.413794536518213
[19_DOMINO_in_5] Starting (50000 attempts)
[Main] Worker finished 26_6_in_6 with score 5.747359388851401
[Main] Worker finished 16_DOMINO_in_6 with score 3.946248471856647
[12_DOMINO_in_5] Success!
[28_8_in_8] Starting (50000 attempts)
[14_DOMINO_in_6] Success!
[32_6_in_6] Starting (50000 attempts)
[Main] Worker finished 14_DOMINO_in_6 with score 3.667271630378032
[17_DOMINO_in_5] Starting (50000 attempts)
[Main] Worker finished 12_DOMINO_in_5 with score 4.142528358899169
[27_DOMINO_in_5] Success!
[30_5_in_6] Starting (50000 attempts)
[Main] Worker finished 27_DOMINO_in_5 with score 6.097196887751794[23_DOMINO_in_5] Starting (50000 attempts)

[20_DOMINO_in_5] Starting (50000 attempts)
[16_DOMINO_in_5] Success!
[Main] Worker finished 16_DOMINO_in_5 with score 4.851369436485383
[7_6_in_6] Success!
[18_6_in_DOMINO] Success!
[25_DOMINO_in_5] Success!
[Main] Worker finished 7_6_in_6 with score 2.903636197442274
[33_6_in_6] Starting (50000 attempts)
[Main] Worker finished 18_6_in_DOMINO with score 5.469230215318145
[Main] Worker finished 25_DOMINO_in_5 with score 6.0061439427849885
[7_5_in_6] Starting (5000 attempts)
[15_DOMINO_in_6] Starting (50000 attempts)
[18_DOMINO_in_5] Starting (50000 attempts)
[18_8_in_6] Success!
[Main] Worker finished 18_8_in_6 with score 6.461293660904461
[29_DOMINO_in_5] Starting (50000 attempts)
[11_DOMINO_in_5] Success!
[Main] Worker finished 11_DOMINO_in_5 with score 3.9566448613244867
[19_6_in_6] Starting (50000 attempts)
[27_8_in_8] Success!
[Main] Worker finished 27_8_in_8 with score 5.843198846518677
[16_DOMINO_in_6] Starting (50000 attempts)
[15_DOMINO_in_5] Success!
[Main] Worker finished 15_DOMINO_in_5 with score 4.715646404410569
[22_DOMINO_in_6] Success!
[18_6_in_6] Success!
[7_8_in_6] Success!
[Main] Worker finished 18_6_in_6 with score 4.648340729301349
[10_6_in_8] Starting (50000 attempts)
[Main] Worker finished 22_DOMINO_in_6 with score 4.615563635637463
[Main] Worker finished 7_8_in_6 with score 3.992992405697715
[27_DOMINO_in_5] Starting (50000 attempts)
[27_6_in_CIRCLE] Success!
[12_DOMINO_in_5] Starting (50000 attempts)
[Main] Worker finished 27_6_in_CIRCLE with score 5.291310888280076
[16_DOMINO_in_5] Starting (50000 attempts)
[22_DOMINO_in_5] Success!
[14_DOMINO_in_5] Success!
[9_DOMINO_in_6] Success!
[Main] Worker finished 22_DOMINO_in_5 with score 5.615510324838767
[7_6_in_6] Starting (5000 attempts)
[Main] Worker finished 9_DOMINO_in_6 with score 2.93656857296528
[Main] Worker finished 14_DOMINO_in_5 with score 4.51418687182837
[25_DOMINO_in_5] Starting (50000 attempts)
[13_DOMINO_in_6] Success!
[7_DOMINO_in_8] Starting (5000 attempts)
[Main] Worker finished 13_DOMINO_in_6 with score 3.5508212218278112
[11_5_in_8] Starting (50000 attempts)
[24_DOMINO_in_5] Success!
[Main] Worker finished 24_DOMINO_in_5 with score 5.760227543458386
[11_DOMINO_in_5] Starting (50000 attempts)
[12_5_in_CIRCLE] Starting (50000 attempts)
[28_DOMINO_in_5] Success!
[Main] Worker finished 28_DOMINO_in_5 with score 6.376486458126998
[26_DOMINO_in_5] Success!
[Main] Worker finished 26_DOMINO_in_5 with score 6.039887940425692
[15_DOMINO_in_5] Starting (50000 attempts)
[18_6_in_6] Starting (50000 attempts)
[19_5_in_6] Success!
[Main] Worker finished 19_5_in_6 with score 3.8963555532464844
[10_6_in_5] Starting (50000 attempts)
[16_5_in_5] Success!
[Main] Worker finished 16_5_in_5 with score 4.441477536678243
[26_5_in_5] Success!
[Main] Worker finished 26_5_in_5 with score 5.705107689893281
[7_8_in_6] Starting (5000 attempts)
[27_6_in_6] Success!
[19_DOMINO_in_5] Success!
[Main] Worker finished 19_DOMINO_in_5 with score 5.325274674152765
[11_6_in_5] Starting (50000 attempts)
[Main] Worker finished 27_6_in_6 with score 5.715763796959642
[17_DOMINO_in_5] Success!
[21_5_in_CIRCLE] Starting (50000 attempts)
[30_6_in_5] Success!
[Main] Worker finished 30_6_in_5 with score 7.492816988915312
[23_5_in_CIRCLE] Starting (50000 attempts)
[Main] Worker finished 17_DOMINO_in_5 with score 5.093135989174003
[19_8_in_6] Success!
[18_5_in_8] Starting (50000 attempts)
[Main] Worker finished 19_8_in_6 with score 6.476553158267477
[22_8_in_8] Starting (50000 attempts)
[24_DOMINO_in_5] Starting (50000 attempts)
[23_DOMINO_in_5] Success!
[Main] Worker finished 23_DOMINO_in_5 with score 5.678391065260246
[20_DOMINO_in_5] Success!
[Main] Worker finished 20_DOMINO_in_5 with score 5.301189148056822[28_DOMINO_in_5] Starting (50000 attempts)

[7_5_in_6] Success!
[30_5_in_6] Success!
[Main] Worker finished 30_5_in_6 with score 4.974408251907489
[26_DOMINO_in_5] Starting (50000 attempts)
[Main] Worker finished 7_5_in_6 with score 2.3705954254847907
[19_5_in_6] Starting (50000 attempts)
[15_DOMINO_in_6] Success!
[Main] Worker finished 15_DOMINO_in_6 with score 3.7711569466724537[16_5_in_5] Starting (50000 attempts)

[17_5_in_8] Starting (50000 attempts)
[18_DOMINO_in_5] Success!
[Main] Worker finished 18_DOMINO_in_5 with score 5.022560146285889
[32_6_in_6] Success!
[Main] Worker finished 32_6_in_6 with score 6.300619479013313[19_DOMINO_in_5] Starting (50000 attempts)

[16_DOMINO_in_6] Success!
[Main] Worker finished 16_DOMINO_in_6 with score 3.9573140053808333[27_6_in_6] Starting (50000 attempts)

[19_6_in_6] Success!
[Main] Worker finished 19_6_in_6 with score 4.626301058318689[21_5_in_8] Starting (50000 attempts)

[28_8_in_8] Success!
[Main] Worker finished 28_8_in_8 with score 5.960147909082843
[17_DOMINO_in_5] Starting (50000 attempts)
[10_6_in_8] Success!
[29_DOMINO_in_5] Success!
[Main] Worker finished 10_6_in_8 with score 2.7565782330234603
[19_8_in_6] Starting (50000 attempts)
[Main] Worker finished 29_DOMINO_in_5 with score 6.325571561680213
[20_DOMINO_in_5] Starting (50000 attempts)
[33_6_in_6] Success!
[Main] Worker finished 33_6_in_6 with score 6.271272829514983
[23_DOMINO_in_5] Starting (50000 attempts)
[12_DOMINO_in_5] Success!
[Main] Worker finished 12_DOMINO_in_5 with score 4.142528358899169
[13_DOMINO_in_CIRCLE] Starting (50000 attempts)
[7_5_in_6] Starting (5000 attempts)
[16_DOMINO_in_5] Success!
[Main] Worker finished 16_DOMINO_in_5 with score 4.82455798154375
[7_6_in_6] Success!
[Main] Worker finished 7_6_in_6 with score 2.903636197442274
[14_5_in_6] Starting (50000 attempts)
[7_DOMINO_in_8] Success!
[27_DOMINO_in_5] Success!
[25_DOMINO_in_5] Success!
[Main] Worker finished 7_DOMINO_in_8 with score 2.0051996327842447
[19_5_in_CIRCLE] Starting (50000 attempts)
[Main] Worker finished 25_DOMINO_in_5 with score 5.894027294943905
[Main] Worker finished 27_DOMINO_in_5 with score 6.10696069993764
[11_5_in_8] Success!
[11_DOMINO_in_5] Success!
[32_6_in_6] Starting (50000 attempts)
[12_5_in_CIRCLE] Success!
[19_6_in_6] Starting (50000 attempts)
[Main] Worker finished 12_5_in_CIRCLE with score 3.0249325226413832
[24_5_in_CIRCLE] Starting (50000 attempts)
[Main] Worker finished 11_DOMINO_in_5 with score 3.9566448613244867
[Main] Worker finished 11_5_in_8 with score 2.3460108617407025
[28_8_in_8] Starting (50000 attempts)
[15_DOMINO_in_5] Success!
[29_DOMINO_in_5] Starting (50000 attempts)
[Main] Worker finished 15_DOMINO_in_5 with score 4.665781049767662
[10_6_in_8] Starting (50000 attempts)
[33_6_in_6] Starting (50000 attempts)
[18_6_in_6] Success!
[Main] Worker finished 18_6_in_6 with score 4.648340729301349
[10_6_in_5] Success!
[7_8_in_6] Success!
[Main] Worker finished 10_6_in_5 with score 4.574769884311197[21_5_in_6] Starting (50000 attempts)

[Main] Worker finished 7_8_in_6 with score 3.992992405697715
[16_DOMINO_in_5] Starting (50000 attempts)
[7_6_in_6] Starting (5000 attempts)
[11_6_in_5] Success!
[Main] Worker finished 11_6_in_5 with score 4.738880780683014
[7_DOMINO_in_8] Starting (5000 attempts)
[21_5_in_CIRCLE] Success!
[Main] Worker finished 21_5_in_CIRCLE with score 3.9095392113839837
[25_DOMINO_in_5] Starting (50000 attempts)
[23_5_in_CIRCLE] Success!
[Main] Worker finished 23_5_in_CIRCLE with score 4.076603130833445
[27_DOMINO_in_5] Starting (50000 attempts)
[18_5_in_8] Success!
[Main] Worker finished 18_5_in_8 with score 2.901054354602868
[24_DOMINO_in_5] Success!
[Main] Worker finished 24_DOMINO_in_5 with score 5.796908172459884
[6_DOMINO_in_6] Starting (5000 attempts)
[16_5_in_6] Starting (50000 attempts)
[19_5_in_6] Success!
[Main] Worker finished 19_5_in_6 with score 3.8963555532464844
[28_DOMINO_in_5] Success!
[16_5_in_5] Success!
[Main] Worker finished 16_5_in_5 with score 4.441477536678243
[22_6_in_DOMINO] Starting (50000 attempts)
[Main] Worker finished 28_DOMINO_in_5 with score 6.318923624276009
[26_DOMINO_in_5] Success!
[18_6_in_6] Starting (50000 attempts)
[17_5_in_8] Success!
[Main] Worker finished 26_DOMINO_in_5 with score 5.9724049291761085[21_6_in_8] Starting (50000 attempts)

[22_8_in_8] Success!
[Main] Worker finished 17_5_in_8 with score 2.8192851731777258
[10_6_in_5] Starting (50000 attempts)
[19_DOMINO_in_5] Success!
[Main] Worker finished 19_DOMINO_in_5 with score 5.2599189478924435
[14_DOMINO_in_CIRCLE] Starting (50000 attempts)
[Main] Worker finished 22_8_in_8 with score 5.381237089465599
[11_6_in_5] Starting (50000 attempts)
[21_5_in_CIRCLE] Starting (50000 attempts)
[17_DOMINO_in_5] Success!
[Main] Worker finished 17_DOMINO_in_5 with score 4.851815058344924
[21_5_in_8] Success!
[Main] Worker finished 21_5_in_8 with score 3.1326434895629753[27_5_in_8] Starting (50000 attempts)

[23_5_in_6] Starting (50000 attempts)
[7_5_in_6] Success!
[Main] Worker finished 7_5_in_6 with score 2.3705954254847907
[24_DOMINO_in_5] Starting (50000 attempts)
[13_DOMINO_in_CIRCLE] Success!
[Main] Worker finished 13_DOMINO_in_CIRCLE with score 3.3195455222733887
[20_DOMINO_in_5] Success!
[23_DOMINO_in_5] Success!
[Main] Worker finished 20_DOMINO_in_5 with score 5.46530961234436
[19_5_in_6] Starting (50000 attempts)
[Main] Worker finished 23_DOMINO_in_5 with score 5.6472383505754555
[28_DOMINO_in_5] Starting (50000 attempts)
[27_6_in_6] Success!
[Main] Worker finished 27_6_in_6 with score 5.746679693947278
[24_6_in_5] Starting (50000 attempts)
[14_5_in_6] Success!
[Main] Worker finished 14_5_in_6 with score 3.489091929363817
[26_DOMINO_in_5] Starting (50000 attempts)
[29_8_in_8] Starting (50000 attempts)
[19_5_in_CIRCLE] Success!
[Main] Worker finished 19_5_in_CIRCLE with score 3.6720870606168834
[19_8_in_6] Success!
[Main] Worker finished 19_8_in_6 with score 6.476553158267477
[21_DOMINO_in_5] Starting (50000 attempts)
[19_6_in_8] Starting (50000 attempts)
[19_6_in_6] Success!
[Main] Worker finished 19_6_in_6 with score 4.626301058318689
[10_6_in_8] Success!
[Main] Worker finished 10_6_in_8 with score 2.7565782330234603
[17_DOMINO_in_5] Starting (50000 attempts)
[25_6_in_5] Starting (50000 attempts)
[24_5_in_CIRCLE] Success!
[Main] Worker finished 24_5_in_CIRCLE with score 4.131728745490691
[27_6_in_5] Starting (50000 attempts)
[16_DOMINO_in_5] Success!
[Main] Worker finished 16_DOMINO_in_5 with score 4.732386229840239
[7_6_in_6] Success!
[7_DOMINO_in_8] Success!
[29_DOMINO_in_5] Success!
[Main] Worker finished 29_DOMINO_in_5 with score 6.468203482967343[23_6_in_6] Starting (50000 attempts)

[Main] Worker finished 7_DOMINO_in_8 with score 2.005199632753786
[Main] Worker finished 7_6_in_6 with score 2.903636197442274
[32_6_in_6] Success!
[27_6_in_6] Starting (50000 attempts)
[21_5_in_6] Success!
[20_DOMINO_in_5] Starting (50000 attempts)
[Main] Worker finished 21_5_in_6 with score 4.26706542800429
[14_DOMINO_in_6] Starting (50000 attempts)
[Main] Worker finished 32_6_in_6 with score 6.300619479013313
[19_5_in_CIRCLE] Starting (50000 attempts)
[25_5_in_6] Starting (50000 attempts)
[6_DOMINO_in_6] Success!
[Main] Worker finished 6_DOMINO_in_6 with score 2.4434705359477706
[25_DOMINO_in_5] Success!
[28_8_in_8] Success!
[Main] Worker finished 25_DOMINO_in_5 with score 5.9381905159169
[19_8_in_6] Starting (50000 attempts)
[Main] Worker finished 28_8_in_8 with score 5.86850539428139
[19_6_in_6] Starting (50000 attempts)
[22_DOMINO_in_6] Starting (50000 attempts)
[33_6_in_6] Success!
[Main] Worker finished 33_6_in_6 with score 6.307254871210696
[27_DOMINO_in_5] Success!
[Main] Worker finished 27_DOMINO_in_5 with score 6.102076840984739
[9_DOMINO_in_6] Starting (50000 attempts)
[16_5_in_6] Success!
[Main] Worker finished 16_5_in_6 with score 3.700769982015748
[16_DOMINO_in_5] Starting (50000 attempts)
[31_5_in_8] Starting (50000 attempts)
[10_6_in_5] Success!
[Main] Worker finished 10_6_in_5 with score 4.574769884311197
[21_6_in_8] Success!
[14_DOMINO_in_CIRCLE] Success!
[Main] Worker finished 21_6_in_8 with score 3.832919053395452
[7_DOMINO_in_8] Starting (5000 attempts)
[Main] Worker finished 14_DOMINO_in_CIRCLE with score 3.4223270717610794
[18_6_in_6] Success!
[11_6_in_5] Success!
[7_6_in_6] Starting (5000 attempts)
[22_6_in_DOMINO] Success!
[Main] Worker finished 18_6_in_6 with score 4.648340729301349
[12_DOMINO_in_5] Starting (50000 attempts)
[Main] Worker finished 11_6_in_5 with score 4.738880780683014
[Main] Worker finished 22_6_in_DOMINO with score 6.082666816508816
[6_DOMINO_in_6] Starting (5000 attempts)
[18_DOMINO_in_CIRCLE] Starting (50000 attempts)
[21_5_in_CIRCLE] Success!
[Main] Worker finished 21_5_in_CIRCLE with score 3.909533838023395
[28_5_in_6] Starting (50000 attempts)
[23_5_in_6] Success!
[24_DOMINO_in_5] Success!
[Main] Worker finished 24_DOMINO_in_5 with score 5.9723982306792625[28_8_in_8] Starting (50000 attempts)

[Main] Worker finished 23_5_in_6 with score 4.42567836789445
[27_DOMINO_in_5] Starting (50000 attempts)
[19_5_in_6] Success!
[Main] Worker finished 19_5_in_6 with score 3.8963555532464844
[15_DOMINO_in_6] Starting (50000 attempts)
[27_5_in_8] Success!
[Main] Worker finished 27_5_in_8 with score 3.5013140833878937
[16_5_in_6] Starting (50000 attempts)
[28_DOMINO_in_5] Success!
[Main] Worker finished 28_DOMINO_in_5 with score 6.318923624276009
[23_DOMINO_in_5] Starting (50000 attempts)
[26_5_in_6] Starting (50000 attempts)
[26_DOMINO_in_5] Success!
[Main] Worker finished 26_DOMINO_in_5 with score 5.964859452133061
[21_DOMINO_in_5] Success!
[Main] Worker finished 21_DOMINO_in_5 with score 5.625935721403635
[18_6_in_6] Starting (50000 attempts)
[24_6_in_5] Success!
[Main] Worker finished 24_6_in_5 with score 6.810603175471824
[26_DOMINO_in_5] Starting (50000 attempts)
[19_6_in_8] Success!
[17_DOMINO_in_5] Success!
[Main] Worker finished 17_DOMINO_in_5 with score 5.093135989174003
[11_6_in_5] Starting (50000 attempts)
[Main] Worker finished 19_6_in_8 with score 3.5899351764679652
[21_5_in_CIRCLE] Starting (50000 attempts)
[22_6_in_DOMINO] Starting (50000 attempts)
[27_6_in_5] Success!
[Main] Worker finished 27_6_in_5 with score 7.178978529661767
[25_6_in_5] Success!
[20_DOMINO_in_5] Success!
[14_DOMINO_in_6] Success!
[Main] Worker finished 20_DOMINO_in_5 with score 5.310294973685477
[27_5_in_8] Starting (50000 attempts)
[Main] Worker finished 25_6_in_5 with score 6.928203614427568
[Main] Worker finished 14_DOMINO_in_6 with score 3.6827073353124766
[23_5_in_6] Starting (50000 attempts)
[23_6_in_6] Success!
[29_8_in_8] Success!
[19_6_in_8] Starting (50000 attempts)
[Main] Worker finished 29_8_in_8 with score 6.084448783541743
[27_6_in_5] Starting (50000 attempts)
[Main] Worker finished 23_6_in_6 with score 5.425165163298882
[23_6_in_6] Starting (50000 attempts)
[19_5_in_CIRCLE] Success!
[Main] Worker finished 19_5_in_CIRCLE with score 3.672087060605132[10_8_in_CIRCLE] Starting (50000 attempts)

[27_6_in_6] Success!
[Main] Worker finished 27_6_in_6 with score 5.746679693947278
[19_5_in_CIRCLE] Starting (50000 attempts)
[10_8_in_5] Starting (50000 attempts)
[9_DOMINO_in_6] Success!
[Main] Worker finished 9_DOMINO_in_6 with score 2.93656857296528
[9_DOMINO_in_6] Starting (50000 attempts)
[25_5_in_6] Success!
[Main] Worker finished 25_5_in_6 with score 4.586453487551613
[22_DOMINO_in_6] Success!
[Main] Worker finished 22_DOMINO_in_6 with score 4.633600384466421
[25_5_in_6] Starting (50000 attempts)
[16_DOMINO_in_5] Success!
[7_DOMINO_in_8] Success!
[19_6_in_6] Success!
[Main] Worker finished 7_DOMINO_in_8 with score 2.005400172769432
[11_6_in_6] Starting (50000 attempts)
[Main] Worker finished 19_6_in_6 with score 4.626301058318689
[Main] Worker finished 16_DOMINO_in_5 with score 4.820209209927176
[7_6_in_6] Success!
[19_6_in_6] Starting (50000 attempts)
[12_DOMINO_in_5] Success!
[9_5_in_6] Starting (50000 attempts)
[6_DOMINO_in_6] Success!
[Main] Worker finished 7_6_in_6 with score 2.903636197442274[13_8_in_6] Starting (50000 attempts)

[Main] Worker finished 6_DOMINO_in_6 with score 2.4434705359373483
[Main] Worker finished 12_DOMINO_in_5 with score 4.142528358899169
[19_8_in_6] Success!
[6_DOMINO_in_6] Starting (5000 attempts)
[13_6_in_CIRCLE] Starting (50000 attempts)
[Main] Worker finished 19_8_in_6 with score 6.476553158267477
[11_8_in_5] Starting (50000 attempts)
[18_DOMINO_in_CIRCLE] Success!
[31_5_in_8] Success!
[Main] Worker finished 31_5_in_8 with score 3.7667670323305202
[19_8_in_6] Starting (50000 attempts)
[Main] Worker finished 18_DOMINO_in_CIRCLE with score 3.7831452415773543
[15_DOMINO_in_6] Success!
[18_DOMINO_in_CIRCLE] Starting (50000 attempts)
[Main] Worker finished 15_DOMINO_in_6 with score 3.749346457403092
[13_5_in_8] Starting (50000 attempts)
[12_5_in_8] Starting (50000 attempts)
[28_5_in_6] Success!
[Main] Worker finished 28_5_in_6 with score 4.8527647959101206
[27_DOMINO_in_5] Success!
[Main] Worker finished 27_DOMINO_in_5 with score 6.057691663763417
[28_5_in_6] Starting (50000 attempts)
[16_5_in_6] Success!
[Main] Worker finished 16_5_in_6 with score 3.7226483304039983[27_DOMINO_in_5] Starting (50000 attempts)

[23_DOMINO_in_5] Success!
[Main] Worker finished 23_DOMINO_in_5 with score 5.634671382568513
[20_8_in_DOMINO] Starting (50000 attempts)
[23_DOMINO_in_5] Starting (50000 attempts)
[11_6_in_5] Success!
[Main] Worker finished 11_6_in_5 with score 4.738880780683014
[21_5_in_CIRCLE] Success!
[Main] Worker finished 21_5_in_CIRCLE with score 3.9095324460056444[11_6_in_5] Starting (50000 attempts)

[21_5_in_CIRCLE] Starting (50000 attempts)
[18_6_in_6] Success!
[Main] Worker finished 18_6_in_6 with score 4.648340729301349
[19_5_in_DOMINO] Starting (50000 attempts)
[26_DOMINO_in_5] Success!
[Main] Worker finished 26_DOMINO_in_5 with score 5.9860054696216825
[26_5_in_6] Success!
[Main] Worker finished 26_5_in_6 with score 4.669386361661017
[26_DOMINO_in_5] Starting (50000 attempts)
[28_8_in_8] Success!
[Main] Worker finished 28_8_in_8 with score 5.86850539428139
[26_5_in_6] Starting (50000 attempts)
[20_5_in_DOMINO] Starting (50000 attempts)
[22_6_in_DOMINO] Success!
[Main] Worker finished 22_6_in_DOMINO with score 6.082666816508816
[18_5_in_DOMINO] Starting (50000 attempts)
[10_8_in_CIRCLE] Success!
[Main] Worker finished 10_8_in_CIRCLE with score 4.75127218611163
[19_6_in_8] Success!
[23_5_in_6] Success!
[Main] Worker finished 19_6_in_8 with score 3.5899185210497575
[15_6_in_6] Starting (50000 attempts)
[Main] Worker finished 23_5_in_6 with score 4.42567836789445
[19_5_in_CIRCLE] Success!
[27_5_in_8] Success!
[19_6_in_8] Starting (50000 attempts)
[10_8_in_5] Success!
[9_DOMINO_in_6] Success!
[Main] Worker finished 10_8_in_5 with score 6.3086008314667135
[21_5_in_DOMINO] Starting (50000 attempts)
[Main] Worker finished 9_DOMINO_in_6 with score 2.9504036239227562
[Main] Worker finished 27_5_in_8 with score 3.5163051105935637
[Main] Worker finished 19_5_in_CIRCLE with score 3.672087060604493
[23_6_in_6] Success!
[10_8_in_5] Starting (50000 attempts)
[27_6_in_5] Success!
[19_5_in_CIRCLE] Starting (50000 attempts)
[9_5_in_6] Success!
[17_5_in_DOMINO] Starting (50000 attempts)
[11_6_in_6] Success!
[Main] Worker finished 23_6_in_6 with score 5.425165163298882
[22_8_in_DOMINO] Starting (50000 attempts)
[Main] Worker finished 11_6_in_6 with score 3.9493073634468594
[Main] Worker finished 27_6_in_5 with score 7.178978529661767
[Main] Worker finished 9_5_in_6 with score 2.8900148954966616
[25_5_in_6] Success!
[23_6_in_6] Starting (50000 attempts)
[6_DOMINO_in_6] Success!
[16_8_in_DOMINO] Starting (50000 attempts)
[16_8_in_6] Starting (50000 attempts)
[13_8_in_6] Success!
[13_6_in_CIRCLE] Success!
[Main] Worker finished 13_6_in_CIRCLE with score 3.8369336484278946[19_6_in_DOMINO] Starting (50000 attempts)

[Main] Worker finished 13_8_in_6 with score 5.790189669490146
[Main] Worker finished 6_DOMINO_in_6 with score 2.4434705359368576
[Main] Worker finished 25_5_in_6 with score 4.585682653291568
[19_6_in_6] Success!
[6_DOMINO_in_6] Starting (5000 attempts)
[11_8_in_5] Success!
[25_5_in_6] Starting (50000 attempts)
[20_6_in_5] Starting (50000 attempts)
[Main] Worker finished 11_8_in_5 with score 6.497991980936347
[16_6_in_6] Starting (50000 attempts)
[Main] Worker finished 19_6_in_6 with score 4.626301058318689
[11_8_in_5] Starting (50000 attempts)
[18_DOMINO_in_CIRCLE] Success!
[Main] Worker finished 18_DOMINO_in_CIRCLE with score 3.7791560697370707
[23_6_in_5] Starting (50000 attempts)
[12_5_in_8] Success!
[13_5_in_8] Success!
[Main] Worker finished 12_5_in_8 with score 2.4007400073217737
[18_DOMINO_in_CIRCLE] Starting (50000 attempts)
[Main] Worker finished 13_5_in_8 with score 2.5069731037578142
[12_5_in_8] Starting (50000 attempts)
[19_8_in_6] Success!
[Main] Worker finished 19_8_in_6 with score 6.476553158267477[26_8_in_8] Starting (50000 attempts)

[19_8_in_CIRCLE] Starting (50000 attempts)
[23_DOMINO_in_5] Success!
[Main] Worker finished 23_DOMINO_in_5 with score 5.679763175482362
[27_DOMINO_in_5] Success!
[28_5_in_6] Success!
[Main] Worker finished 28_5_in_6 with score 4.883637063651937
[22_5_in_5] Starting (50000 attempts)
[Main] Worker finished 27_DOMINO_in_5 with score 6.360576246951588
[11_6_in_5] Success!
[17_5_in_6] Starting (50000 attempts)
[Main] Worker finished 11_6_in_5 with score 4.738880780683014
[16_DOMINO_in_8] Starting (50000 attempts)
[21_5_in_CIRCLE] Success!
[Main] Worker finished 21_5_in_CIRCLE with score 3.9095320854038484
[27_5_in_6] Starting (50000 attempts)
[21_5_in_CIRCLE] Starting (50000 attempts)
[20_8_in_DOMINO] Success!
[Main] Worker finished 20_8_in_DOMINO with score 8.102774853359481
[26_DOMINO_in_5] Success!
[19_5_in_DOMINO] Success!
[Main] Worker finished 26_DOMINO_in_5 with score 5.966283225045646
[17_DOMINO_in_8] Starting (50000 attempts)
[Main] Worker finished 19_5_in_DOMINO with score 4.697834635053744
[26_DOMINO_in_5] Starting (50000 attempts)
[20_DOMINO_in_8] Starting (50000 attempts)
[20_5_in_DOMINO] Success!
[Main] Worker finished 20_5_in_DOMINO with score 4.8203042879733635
[13_DOMINO_in_5] Starting (50000 attempts)
[26_5_in_6] Success!
[Main] Worker finished 26_5_in_6 with score 4.66921140206391
[18_5_in_DOMINO] Success!
[Main] Worker finished 18_5_in_DOMINO with score 4.569815862524372
[26_5_in_6] Starting (50000 attempts)
[15_6_in_6] Success!
[Main] Worker finished 15_6_in_6 with score 4.475245630635559[10_8_in_CIRCLE] Starting (50000 attempts)

[19_6_in_8] Success!
[Main] Worker finished 19_6_in_8 with score 3.58990317693654
[9_6_in_8] Starting (50000 attempts)
[19_5_in_CIRCLE] Success!
[10_8_in_5] Success!
[21_5_in_DOMINO] Success!
[Main] Worker finished 10_8_in_5 with score 6.3086008314667135
[19_6_in_8] Starting (50000 attempts)
[Main] Worker finished 21_5_in_DOMINO with score 4.904537362780794
[Main] Worker finished 19_5_in_CIRCLE with score 3.672087060604458
[19_5_in_CIRCLE] Starting (50000 attempts)
[17_5_in_DOMINO] Success!
[9_8_in_5] Starting (50000 attempts)
[Main] Worker finished 17_5_in_DOMINO with score 4.409839693042728
[11_6_in_6] Starting (50000 attempts)
[9_5_in_6] Starting (50000 attempts)
[22_8_in_DOMINO] Success!
[Main] Worker finished 22_8_in_DOMINO with score 8.382506079934158
[6_DOMINO_in_6] Success!
[Main] Worker finished 6_DOMINO_in_6 with score 2.443470535936835
[13_8_in_6] Starting (50000 attempts)
[16_8_in_DOMINO] Success!
[Main] Worker finished 16_8_in_DOMINO with score 7.160232969366078
[6_DOMINO_in_6] Starting (5000 attempts)
[23_6_in_6] Success!
[Main] Worker finished 23_6_in_6 with score 5.425165163298882
[8_DOMINO_in_CIRCLE] Starting (50000 attempts)
[19_6_in_DOMINO] Success!
[16_8_in_6] Success!
[25_5_in_6] Success!
[Main] Worker finished 19_6_in_DOMINO with score 5.693379391606711
[13_6_in_CIRCLE] Starting (50000 attempts)
[Main] Worker finished 16_8_in_6 with score 6.2478639807772485
[Main] Worker finished 25_5_in_6 with score 4.584970864008613
[16_6_in_6] Success!
[11_8_in_5] Success!
[20_6_in_5] Success!
[25_5_in_6] Starting (50000 attempts)
[12_5_in_8] Success!
[18_DOMINO_in_CIRCLE] Success!
[10_8_in_5] Starting (50000 attempts)
[Main] Worker finished 11_8_in_5 with score 6.497991980936347
[13_5_in_8] Starting (50000 attempts)
[Main] Worker finished 20_6_in_5 with score 6.281350871924349
[Main] Worker finished 18_DOMINO_in_CIRCLE with score 3.832845383043779
[Main] Worker finished 12_5_in_8 with score 2.4007400073217737
[Main] Worker finished 16_6_in_6 with score 4.558228051991228
[23_6_in_5] Success!
[11_DOMINO_in_CIRCLE] Starting (50000 attempts)
[20_8_in_DOMINO] Starting (50000 attempts)
[19_5_in_DOMINO] Starting (50000 attempts)
[10_DOMINO_in_CIRCLE] Starting (50000 attempts)
[Main] Worker finished 23_6_in_5 with score 6.700106835949054
[20_5_in_DOMINO] Starting (50000 attempts)
[18_5_in_DOMINO] Starting (50000 attempts)
[17_5_in_6] Success!
[Main] Worker finished 17_5_in_6 with score 3.7683056475804717
[16_5_in_DOMINO] Starting (50000 attempts)
[22_5_in_5] Success!
[Main] Worker finished 22_5_in_5 with score 5.302443940088193
[16_DOMINO_in_8] Success!
[19_8_in_CIRCLE] Success!
[Main] Worker finished 19_8_in_CIRCLE with score 6.0953254095291225
[9_DOMINO_in_CIRCLE] Starting (50000 attempts)
[Main] Worker finished 16_DOMINO_in_8 with score 3.0294424570362044
[15_6_in_6] Starting (50000 attempts)
[26_8_in_8] Success!
[21_5_in_CIRCLE] Success!
[Main] Worker finished 26_8_in_8 with score 5.777467632032182
[11_DOMINO_in_8] Starting (50000 attempts)
[Main] Worker finished 21_5_in_CIRCLE with score 3.909531991990931
[17_DOMINO_in_8] Success!
[21_5_in_CIRCLE] Starting (50000 attempts)
[Main] Worker finished 17_DOMINO_in_8 with score 3.1206342394830537
[11_8_in_5] Starting (50000 attempts)
[20_DOMINO_in_8] Success!
[27_5_in_6] Success!
[26_DOMINO_in_5] Success!
[13_DOMINO_in_5] Success!
[Main] Worker finished 26_DOMINO_in_5 with score 5.957935855677186
[21_5_in_DOMINO] Starting (50000 attempts)
[Main] Worker finished 20_DOMINO_in_8 with score 3.3572113814404516
[Main] Worker finished 27_5_in_6 with score 4.733780902267363
[Main] Worker finished 13_DOMINO_in_5 with score 4.354619319479566
[26_DOMINO_in_5] Starting (50000 attempts)
[10_8_in_CIRCLE] Success!
[12_5_in_8] Starting (50000 attempts)
[9_6_in_8] Success!
[11_DOMINO_in_DOMINO] Starting (50000 attempts)
[Main] Worker finished 10_8_in_CIRCLE with score 4.75127218611163
[17_5_in_DOMINO] Starting (50000 attempts)
[Main] Worker finished 9_6_in_8 with score 2.6447738834161796
[22_8_in_DOMINO] Starting (50000 attempts)
[19_6_in_8] Success!
[19_5_in_CIRCLE] Success!
[26_5_in_6] Success!
[Main] Worker finished 19_5_in_CIRCLE with score 3.6720870606044564
[16_8_in_DOMINO] Starting (50000 attempts)
[Main] Worker finished 26_5_in_6 with score 4.6993029435672895
[Main] Worker finished 19_6_in_8 with score 3.5898890409610025
[9_8_in_5] Success!
[19_5_in_CIRCLE] Starting (50000 attempts)
[11_6_in_6] Success!
[9_5_in_6] Success!
[19_6_in_8] Starting (50000 attempts)
[Main] Worker finished 9_8_in_5 with score 5.994170884047151
[16_8_in_6] Starting (50000 attempts)
[Main] Worker finished 11_6_in_6 with score 3.9493073634468594
[6_DOMINO_in_6] Success!
[Main] Worker finished 9_5_in_6 with score 2.8900148954966616
[20_6_in_DOMINO] Starting (50000 attempts)
[19_6_in_DOMINO] Starting (50000 attempts)
[Main] Worker finished 6_DOMINO_in_6 with score 2.443470535936834
[12_DOMINO_in_CIRCLE] Starting (50000 attempts)
[6_DOMINO_in_6] Starting (5000 attempts)
[8_DOMINO_in_CIRCLE] Success!
[Main] Worker finished 8_DOMINO_in_CIRCLE with score 2.6915521371235593
[20_6_in_5] Starting (50000 attempts)
[13_8_in_6] Success!
[Main] Worker finished 13_8_in_6 with score 5.790189669490146
[13_6_in_CIRCLE] Success!
[Main] Worker finished 13_6_in_CIRCLE with score 3.8369336484278946
[10_8_in_CIRCLE] Starting (50000 attempts)
[9_6_in_8] Starting (50000 attempts)
[10_8_in_5] Success!
[Main] Worker finished 10_8_in_5 with score 6.3086008314667135
[13_5_in_8] Success!
[11_DOMINO_in_CIRCLE] Success!
[Main] Worker finished 11_DOMINO_in_CIRCLE with score 3.1860393694450497
[20_8_in_8] Starting (50000 attempts)
[Main] Worker finished 13_5_in_8 with score 2.5069731037578142
[16_6_in_6] Starting (50000 attempts)
[10_DOMINO_in_CIRCLE] Success!
[Main] Worker finished 10_DOMINO_in_CIRCLE with score 2.9559621946049712[23_6_in_5] Starting (50000 attempts)

[25_5_in_6] Success!
[20_8_in_DOMINO] Success!
[Main] Worker finished 25_5_in_6 with score 4.584313715542942
[9_8_in_5] Starting (50000 attempts)
[Main] Worker finished 20_8_in_DOMINO with score 8.102774853359481
[19_5_in_DOMINO] Success!
[25_5_in_6] Starting (50000 attempts)
[Main] Worker finished 19_5_in_DOMINO with score 4.697834635053744
[11_6_in_6] Starting (50000 attempts)
[18_5_in_DOMINO] Success!
[20_5_in_DOMINO] Success!
[Main] Worker finished 18_5_in_DOMINO with score 4.569815862524372
[9_5_in_6] Starting (50000 attempts)
[Main] Worker finished 20_5_in_DOMINO with score 4.8203042879733635
[16_5_in_DOMINO] Success!
[13_8_in_6] Starting (50000 attempts)
[9_DOMINO_in_CIRCLE] Success!
[Main] Worker finished 9_DOMINO_in_CIRCLE with score 2.803879883664299
[8_DOMINO_in_CIRCLE] Starting (50000 attempts)
[Main] Worker finished 16_5_in_DOMINO with score 4.309862100185108
[11_DOMINO_in_8] Success!
[10_8_in_5] Starting (50000 attempts)
[15_6_in_6] Success!
[Main] Worker finished 11_DOMINO_in_8 with score 2.4690593477438276
[13_6_in_CIRCLE] Starting (50000 attempts)
[Main] Worker finished 15_6_in_6 with score 4.475245630635559
[11_DOMINO_in_8] Starting (50000 attempts)
[13_5_in_8] Starting (50000 attempts)
[21_5_in_CIRCLE] Success!
[Main] Worker finished 21_5_in_CIRCLE with score 3.909531967792627
[11_8_in_5] Success!
[Main] Worker finished 11_8_in_5 with score 6.497991980936347
[21_5_in_CIRCLE] Starting (50000 attempts)
[21_5_in_DOMINO] Success!
[12_5_in_8] Success!
[Main] Worker finished 12_5_in_8 with score 2.4007400073217737
[11_DOMINO_in_CIRCLE] Starting (50000 attempts)
[Main] Worker finished 21_5_in_DOMINO with score 4.904537362780794
[11_DOMINO_in_DOMINO] Success!
[20_8_in_DOMINO] Starting (50000 attempts)
[Main] Worker finished 11_DOMINO_in_DOMINO with score 3.827281560659983
[19_5_in_DOMINO] Starting (50000 attempts)
[10_DOMINO_in_CIRCLE] Starting (50000 attempts)
[26_DOMINO_in_5] Success!
[Main] Worker finished 26_DOMINO_in_5 with score 6.2558326484610465
[20_5_in_DOMINO] Starting (50000 attempts)
[17_5_in_DOMINO] Success!
[Main] Worker finished 17_5_in_DOMINO with score 4.409839693042728
[18_5_in_DOMINO] Starting (50000 attempts)
[19_5_in_CIRCLE] Success!
[Main] Worker finished 19_5_in_CIRCLE with score 3.6720870606044564
[16_8_in_DOMINO] Success!
[6_DOMINO_in_6] Success!
[Main] Worker finished 16_8_in_DOMINO with score 7.160232969366078
[19_5_in_CIRCLE] Starting (50000 attempts)
[Main] Worker finished 6_DOMINO_in_6 with score 2.443470535936834
[6_DOMINO_in_6] Starting (5000 attempts)
[12_DOMINO_in_CIRCLE] Success!
[Main] Worker finished 12_DOMINO_in_CIRCLE with score 3.2342712519580337
[16_5_in_DOMINO] Starting (50000 attempts)
[9_DOMINO_in_CIRCLE] Starting (50000 attempts)
[19_6_in_DOMINO] Success!
[Main] Worker finished 19_6_in_DOMINO with score 5.693379391606711
[19_6_in_8] Success!
[20_6_in_DOMINO] Success!
[Main] Worker finished 20_6_in_DOMINO with score 5.8434126687983206
[11_8_in_5] Starting (50000 attempts)
[Main] Worker finished 19_6_in_8 with score 3.5898760180614167
[22_8_in_DOMINO] Success!
[19_6_in_8] Starting (50000 attempts)
[16_8_in_6] Success!
[Main] Worker finished 22_8_in_DOMINO with score 8.382506079934158
[12_5_in_8] Starting (50000 attempts)
[Main] Worker finished 16_8_in_6 with score 6.2478639807772485
[20_6_in_5] Success!
[15_6_in_6] Starting (50000 attempts)
[10_8_in_CIRCLE] Success!
[9_6_in_8] Success!
[21_5_in_DOMINO] Starting (50000 attempts)
[Main] Worker finished 9_6_in_8 with score 2.6447738834161796
[Main] Worker finished 10_8_in_CIRCLE with score 4.75127218611163
[Main] Worker finished 20_6_in_5 with score 6.281350871924349
[9_6_in_8] Starting (50000 attempts)
[11_DOMINO_in_DOMINO] Starting (50000 attempts)
[17_5_in_DOMINO] Starting (50000 attempts)
[9_8_in_5] Success!
[Main] Worker finished 9_8_in_5 with score 5.994170884047151
[16_6_in_6] Success!
[Main] Worker finished 16_6_in_6 with score 4.558228051991228
[16_8_in_DOMINO] Starting (50000 attempts)
[12_DOMINO_in_CIRCLE] Starting (50000 attempts)
[11_6_in_6] Success!
[Main] Worker finished 11_6_in_6 with score 3.9493073634468594
[20_8_in_8] Success!
[9_5_in_6] Success!
[23_6_in_5] Success!
[Main] Worker finished 9_5_in_6 with score 2.8900148954966616
[19_6_in_DOMINO] Starting (50000 attempts)
[Main] Worker finished 20_8_in_8 with score 5.102893955208136
[8_DOMINO_in_CIRCLE] Success!
[Main] Worker finished 23_6_in_5 with score 6.700106835949054
[22_8_in_DOMINO] Starting (50000 attempts)
[25_5_in_6] Success!
[20_6_in_DOMINO] Starting (50000 attempts)
[Main] Worker finished 25_5_in_6 with score 4.58370711484361
[26_5_in_8] Starting (50000 attempts)
[Main] Worker finished 8_DOMINO_in_CIRCLE with score 2.6915521371235593
[25_5_in_6] Starting (50000 attempts)
[10_8_in_5] Success!
[11_DOMINO_in_8] Success!
[Main] Worker finished 11_DOMINO_in_8 with score 2.462155306530895
[16_8_in_6] Starting (50000 attempts)
[Main] Worker finished 10_8_in_5 with score 6.3086008314667135
[13_6_in_CIRCLE] Success!
[13_8_in_6] Success!
[11_DOMINO_in_8] Starting (50000 attempts)
[Main] Worker finished 13_6_in_CIRCLE with score 3.8369336484278946
[10_8_in_CIRCLE] Starting (50000 attempts)
[Main] Worker finished 13_8_in_6 with score 5.790189669490146
[13_5_in_8] Success!
[9_8_in_5] Starting (50000 attempts)
[Main] Worker finished 13_5_in_8 with score 2.5069731037578142
[20_6_in_5] Starting (50000 attempts)
[11_DOMINO_in_CIRCLE] Success!
[Main] Worker finished 11_DOMINO_in_CIRCLE with score 3.1860393694450497
[11_6_in_6] Starting (50000 attempts)
[10_DOMINO_in_CIRCLE] Success!
[Main] Worker finished 10_DOMINO_in_CIRCLE with score 2.9559621946049712
[9_5_in_6] Starting (50000 attempts)
[21_5_in_CIRCLE] Success!
[19_5_in_DOMINO] Success!
[Main] Worker finished 21_5_in_CIRCLE with score 3.909531961524141
[20_8_in_8] Starting (50000 attempts)
[Main] Worker finished 19_5_in_DOMINO with score 4.697834635053744
[20_5_in_DOMINO] Success!
[21_5_in_CIRCLE] Starting (50000 attempts)
[Main] Worker finished 20_5_in_DOMINO with score 4.8203042879733635
[29_5_in_8] Starting (50000 attempts)
[18_5_in_DOMINO] Success!
[20_8_in_DOMINO] Success!
[6_DOMINO_in_6] Success!
[Main] Worker finished 18_5_in_DOMINO with score 4.569815862524372
[8_DOMINO_in_CIRCLE] Starting (50000 attempts)
[Main] Worker finished 6_DOMINO_in_6 with score 2.443470535936834
[Main] Worker finished 20_8_in_DOMINO with score 8.102774853359481
[9_DOMINO_in_CIRCLE] Success!
[6_DOMINO_in_6] Starting (5000 attempts)
[10_8_in_5] Starting (50000 attempts)
[Main] Worker finished 9_DOMINO_in_CIRCLE with score 2.803879883664299
[13_6_in_CIRCLE] Starting (50000 attempts)
[16_5_in_DOMINO] Success!
[19_5_in_CIRCLE] Success!
[Main] Worker finished 16_5_in_DOMINO with score 4.309862100185108[13_8_in_6] Starting (50000 attempts)

[11_8_in_5] Success!
[Main] Worker finished 19_5_in_CIRCLE with score 3.6720870606044564
[19_5_in_CIRCLE] Starting (50000 attempts)
[12_5_in_8] Success!
[Main] Worker finished 12_5_in_8 with score 2.4007400073217737
[13_5_in_8] Starting (50000 attempts)
[Main] Worker finished 11_8_in_5 with score 6.497991980936347
[11_DOMINO_in_CIRCLE] Starting (50000 attempts)
[9_6_in_8] Success!
[15_6_in_6] Success!
[19_6_in_8] Success!
[11_DOMINO_in_DOMINO] Success!
[Main] Worker finished 15_6_in_6 with score 4.475245630635559[10_DOMINO_in_CIRCLE] Starting (50000 attempts)

[Main] Worker finished 11_DOMINO_in_DOMINO with score 3.827281560659983
[Main] Worker finished 19_6_in_8 with score 3.5898640206464916
[Main] Worker finished 9_6_in_8 with score 2.6447738834161796
[19_6_in_8] Starting (50000 attempts)
[21_5_in_DOMINO] Success!
[19_5_in_DOMINO] Starting (50000 attempts)
[20_5_in_DOMINO] Starting (50000 attempts)
[Main] Worker finished 21_5_in_DOMINO with score 4.904537362780794
[18_5_in_DOMINO] Starting (50000 attempts)
[20_8_in_DOMINO] Starting (50000 attempts)
[17_5_in_DOMINO] Success!
[Main] Worker finished 17_5_in_DOMINO with score 4.409839693042728
[12_DOMINO_in_CIRCLE] Success!
[Main] Worker finished 12_DOMINO_in_CIRCLE with score 3.2342712519580337[9_DOMINO_in_CIRCLE] Starting (50000 attempts)

[16_5_in_DOMINO] Starting (50000 attempts)
[16_8_in_DOMINO] Success!
[Main] Worker finished 16_8_in_DOMINO with score 7.160232969366078
[26_8_in_8] Starting (50000 attempts)
[19_6_in_DOMINO] Success!
[Main] Worker finished 19_6_in_DOMINO with score 5.693379391606711
[12_5_in_8] Starting (50000 attempts)
[20_6_in_DOMINO] Success!
[Main] Worker finished 20_6_in_DOMINO with score 5.8434126687983206
[25_5_in_6] Success!
[Main] Worker finished 25_5_in_6 with score 4.583147260543317
[11_8_in_5] Starting (50000 attempts)
[11_DOMINO_in_8] Success!
[10_8_in_CIRCLE] Success!
[Main] Worker finished 10_8_in_CIRCLE with score 4.75127218611163
[25_5_in_6] Starting (50000 attempts)
[Main] Worker finished 11_DOMINO_in_8 with score 2.462155306530895
[26_5_in_8] Success!
[11_DOMINO_in_8] Starting (50000 attempts)
[9_8_in_5] Success!
[22_8_in_DOMINO] Success!
[16_8_in_6] Success!
[Main] Worker finished 26_5_in_8 with score 3.4378054197193944
[15_6_in_6] Starting (50000 attempts)
[Main] Worker finished 9_8_in_5 with score 5.994170884047151
[Main] Worker finished 16_8_in_6 with score 6.2478639807772485
[Main] Worker finished 22_8_in_DOMINO with score 8.382506079934158
[26_5_in_8] Starting (50000 attempts)
[9_5_in_6] Success!
[11_6_in_6] Success!
[9_6_in_8] Starting (50000 attempts)
[20_6_in_5] Success!
[21_5_in_DOMINO] Starting (50000 attempts)
[Main] Worker finished 20_6_in_5 with score 6.281350871924349
[11_DOMINO_in_DOMINO] Starting (50000 attempts)
[Main] Worker finished 9_5_in_6 with score 2.8900148954966616
[Main] Worker finished 11_6_in_6 with score 3.9493073634468594
[17_5_in_DOMINO] Starting (50000 attempts)
[16_8_in_DOMINO] Starting (50000 attempts)
[25_6_in_6] Starting (50000 attempts)
[8_DOMINO_in_CIRCLE] Success!
[Main] Worker finished 8_DOMINO_in_CIRCLE with score 2.6915521371235593
[6_DOMINO_in_6] Success!
[Main] Worker finished 6_DOMINO_in_6 with score 2.443470535936834
[16_6_in_6] Starting (50000 attempts)
[6_DOMINO_in_6] Starting (5000 attempts)
[21_5_in_CIRCLE] Success!
[Main] Worker finished 21_5_in_CIRCLE with score 3.9095319599003115
[21_5_in_CIRCLE] Starting (50000 attempts)
[20_8_in_8] Success!
[Main] Worker finished 20_8_in_8 with score 5.102893955208136
[10_8_in_5] Success!
[Main] Worker finished 10_8_in_5 with score 6.3086008314667135
[10_8_in_CIRCLE] Starting (50000 attempts)
[13_6_in_CIRCLE] Success!
[Main] Worker finished 13_6_in_CIRCLE with score 3.8369336484278946
[9_8_in_5] Starting (50000 attempts)
[29_5_in_8] Success!
[Main] Worker finished 29_5_in_8 with score 3.6252001720134106
[16_8_in_6] Starting (50000 attempts)
[11_DOMINO_in_CIRCLE] Success!
[13_8_in_6] Success!
[13_5_in_8] Success!
[19_5_in_CIRCLE] Success!
[Main] Worker finished 13_5_in_8 with score 2.5069731037578142
[29_5_in_8] Starting (50000 attempts)
[10_DOMINO_in_CIRCLE] Success!
[Main] Worker finished 11_DOMINO_in_CIRCLE with score 3.1860393694450497
[Main] Worker finished 19_5_in_CIRCLE with score 3.6720870606044564
[Main] Worker finished 13_8_in_6 with score 5.790189669490146
[19_5_in_CIRCLE] Starting (50000 attempts)
[11_6_in_6] Starting (50000 attempts)
[9_5_in_6] Starting (50000 attempts)
[Main] Worker finished 10_DOMINO_in_CIRCLE with score 2.9559621946049712
[8_DOMINO_in_CIRCLE] Starting (50000 attempts)
[18_5_in_DOMINO] Success!
[19_6_in_8] Success!
[19_5_in_DOMINO] Success!
[9_DOMINO_in_CIRCLE] Success!
[Main] Worker finished 19_6_in_8 with score 3.5898529680097364
[22_8_in_DOMINO] Starting (50000 attempts)
[Main] Worker finished 18_5_in_DOMINO with score 4.569815862524372
[Main] Worker finished 9_DOMINO_in_CIRCLE with score 2.803879883664299
[Main] Worker finished 19_5_in_DOMINO with score 4.697834635053744
[19_6_in_8] Starting (50000 attempts)
[20_5_in_DOMINO] Success!
[10_8_in_5] Starting (50000 attempts)
[16_5_in_DOMINO] Success!
[13_6_in_CIRCLE] Starting (50000 attempts)
[Main] Worker finished 16_5_in_DOMINO with score 4.309862100185108
[19_8_in_CIRCLE] Starting (50000 attempts)
[Main] Worker finished 20_5_in_DOMINO with score 4.8203042879733635
[20_8_in_DOMINO] Success!
[13_5_in_8] Starting (50000 attempts)
[Main] Worker finished 20_8_in_DOMINO with score 8.102774853359481
[20_6_in_DOMINO] Starting (50000 attempts)
[12_5_in_8] Success!
[Main] Worker finished 12_5_in_8 with score 2.4007400073217737
[11_DOMINO_in_CIRCLE] Starting (50000 attempts)
[11_DOMINO_in_8] Success!
[11_8_in_5] Success!
[Main] Worker finished 11_8_in_5 with score 6.497991980936347[23_6_in_5] Starting (50000 attempts)

[Main] Worker finished 11_DOMINO_in_8 with score 2.4742500802765117
[11_DOMINO_in_8] Starting (50000 attempts)
[13_8_in_6] Starting (50000 attempts)
[15_6_in_6] Success!
[Main] Worker finished 15_6_in_6 with score 4.475245630635559
[25_5_in_6] Success!
[9_6_in_8] Success!
[26_5_in_8] Success!
[26_8_in_8] Success!
[Main] Worker finished 26_8_in_8 with score 5.777467632032182
[10_DOMINO_in_CIRCLE] Starting (50000 attempts)
[Main] Worker finished 25_5_in_6 with score 4.582630624365617
[11_DOMINO_in_DOMINO] Success!
[Main] Worker finished 9_6_in_8 with score 2.6447738834161796
[Main] Worker finished 26_5_in_8 with score 3.452227635729504
[16_8_in_DOMINO] Success!
[25_5_in_6] Starting (50000 attempts)
[21_5_in_DOMINO] Success!
[6_DOMINO_in_6] Success!
[17_5_in_DOMINO] Success!
[19_5_in_DOMINO] Starting (50000 attempts)
[18_5_in_DOMINO] Starting (50000 attempts)
[Main] Worker finished 11_DOMINO_in_DOMINO with score 3.827281560659983
[16_5_in_DOMINO] Starting (50000 attempts)
[25_6_in_6] Success!
[Main] Worker finished 6_DOMINO_in_6 with score 2.443470535936834
[Main] Worker finished 21_5_in_DOMINO with score 4.904537362780794
[Main] Worker finished 16_8_in_DOMINO with score 7.160232969366078
[Main] Worker finished 17_5_in_DOMINO with score 4.409839693042728
[20_8_in_DOMINO] Starting (50000 attempts)
[16_6_in_6] Success!
[11_8_in_5] Starting (50000 attempts)
[20_5_in_DOMINO] Starting (50000 attempts)
[12_5_in_8] Starting (50000 attempts)
[10_8_in_CIRCLE] Success!
[21_5_in_CIRCLE] Success!
[Main] Worker finished 21_5_in_CIRCLE with score 3.909531959479664
[9_DOMINO_in_CIRCLE] Starting (50000 attempts)
[Main] Worker finished 25_6_in_6 with score 5.663881359656193
[Main] Worker finished 10_8_in_CIRCLE with score 4.75127218611163
[Main] Worker finished 16_6_in_6 with score 4.558228051991228
[9_8_in_5] Success!
[21_5_in_CIRCLE] Starting (50000 attempts)
[9_6_in_8] Starting (50000 attempts)
[15_6_in_6] Starting (50000 attempts)
[Main] Worker finished 9_8_in_5 with score 5.994170884047151
[19_6_in_DOMINO] Starting (50000 attempts)
[19_5_in_CIRCLE] Success!
[Main] Worker finished 19_5_in_CIRCLE with score 3.6720870606044564
[22_5_in_5] Starting (50000 attempts)
[8_DOMINO_in_CIRCLE] Success!
[Main] Worker finished 8_DOMINO_in_CIRCLE with score 2.6915521371235593
[11_DOMINO_in_DOMINO] Starting (50000 attempts)
[9_5_in_6] Success!
[11_6_in_6] Success!
[Main] Worker finished 9_5_in_6 with score 2.8900148954966616[16_DOMINO_in_CIRCLE] Starting (50000 attempts)

[Main] Worker finished 11_6_in_6 with score 3.9493073634468594
[16_8_in_6] Success!
[21_5_in_DOMINO] Starting (50000 attempts)
[Main] Worker finished 16_8_in_6 with score 6.2478639807772485[12_DOMINO_in_CIRCLE] Starting (50000 attempts)

[29_5_in_8] Success!
[10_8_in_5] Success!
[Main] Worker finished 10_8_in_5 with score 6.3086008314667135
[17_5_in_DOMINO] Starting (50000 attempts)
[Main] Worker finished 29_5_in_8 with score 3.641260813961986
[20_6_in_5] Starting (50000 attempts)
[19_6_in_8] Success!
[Main] Worker finished 19_6_in_8 with score 3.5898427857895143
[30_5_in_8] Starting (50000 attempts)
[13_6_in_CIRCLE] Success!
[Main] Worker finished 13_6_in_CIRCLE with score 3.8369336484278946
[19_6_in_8] Starting (50000 attempts)
[13_5_in_8] Success!
[22_8_in_DOMINO] Success!
[Main] Worker finished 13_5_in_8 with score 2.5069731037578142
[10_8_in_CIRCLE] Starting (50000 attempts)
[Main] Worker finished 22_8_in_DOMINO with score 8.382506079934158
[11_DOMINO_in_CIRCLE] Success!
[9_8_in_5] Starting (50000 attempts)
[Main] Worker finished 11_DOMINO_in_CIRCLE with score 3.1860393694450497
[16_8_in_DOMINO] Starting (50000 attempts)
[8_DOMINO_in_CIRCLE] Starting (50000 attempts)
[19_8_in_CIRCLE] Success!
[Main] Worker finished 19_8_in_CIRCLE with score 6.0953254095291225
[20_6_in_DOMINO] Success!
[Main] Worker finished 20_6_in_DOMINO with score 5.8434126687983206
[9_5_in_6] Starting (50000 attempts)
[11_DOMINO_in_8] Success!
[Main] Worker finished 11_DOMINO_in_8 with score 2.474745004529968
[11_6_in_6] Starting (50000 attempts)
[17_5_in_6] Starting (50000 attempts)
[10_DOMINO_in_CIRCLE] Success!
[Main] Worker finished 10_DOMINO_in_CIRCLE with score 2.9559621946049712
[23_6_in_5] Success!
[13_8_in_6] Success!
[Main] Worker finished 23_6_in_5 with score 6.700106835949054
[10_8_in_5] Starting (50000 attempts)
[Main] Worker finished 13_8_in_6 with score 5.790189669490146
[24_5_in_6] Starting (50000 attempts)
[19_DOMINO_in_CIRCLE] Starting (50000 attempts)
[19_5_in_DOMINO] Success!
[Main] Worker finished 19_5_in_DOMINO with score 4.697834635053744
[13_6_in_CIRCLE] Starting (50000 attempts)
[16_5_in_DOMINO] Success!
[Main] Worker finished 16_5_in_DOMINO with score 4.309862100185108
[18_5_in_DOMINO] Success!
[12_5_in_8] Success!
[Main] Worker finished 12_5_in_8 with score 2.4007400073217737
[13_5_in_8] Starting (50000 attempts)
[Main] Worker finished 18_5_in_DOMINO with score 4.569815862524372
[11_DOMINO_in_CIRCLE] Starting (50000 attempts)
[9_DOMINO_in_CIRCLE] Success!
[Main] Worker finished 9_DOMINO_in_CIRCLE with score 2.803879883664299
[22_8_in_DOMINO] Starting (50000 attempts)
[25_5_in_6] Success!
[11_8_in_5] Success!
[20_5_in_DOMINO] Success!
[Main] Worker finished 25_5_in_6 with score 4.582153933389922[20_8_in_8] Starting (50000 attempts)

[Main] Worker finished 11_8_in_5 with score 6.497991980936347
[Main] Worker finished 20_5_in_DOMINO with score 4.8203042879733635
[25_5_in_6] Starting (50000 attempts)
[10_DOMINO_in_CIRCLE] Starting (50000 attempts)
[9_6_in_8] Success!
[Main] Worker finished 9_6_in_8 with score 2.6447738834161796
[26_8_in_8] Starting (50000 attempts)
[20_8_in_DOMINO] Success!
[Main] Worker finished 20_8_in_DOMINO with score 8.102774853359481
[16_8_in_6] Starting (50000 attempts)
[15_6_in_6] Success!
[Main] Worker finished 15_6_in_6 with score 4.475245630635559[13_8_in_6] Starting (50000 attempts)

[21_5_in_CIRCLE] Success!
[11_DOMINO_in_DOMINO] Success!
[Main] Worker finished 11_DOMINO_in_DOMINO with score 3.827281560659983
[19_5_in_DOMINO] Starting (50000 attempts)
[Main] Worker finished 21_5_in_CIRCLE with score 3.9095319593706974
[19_6_in_DOMINO] Success!
[21_5_in_CIRCLE] Starting (50000 attempts)
[Main] Worker finished 19_6_in_DOMINO with score 5.693379391606711
[16_5_in_DOMINO] Starting (50000 attempts)
[22_5_in_5] Success!
[16_DOMINO_in_CIRCLE] Success!
[Main] Worker finished 22_5_in_5 with score 5.302443940088193
[18_5_in_DOMINO] Starting (50000 attempts)
[Main] Worker finished 16_DOMINO_in_CIRCLE with score 3.739025311560138
[12_5_in_8] Starting (50000 attempts)
[12_DOMINO_in_CIRCLE] Success!
[21_5_in_DOMINO] Success!
[Main] Worker finished 21_5_in_DOMINO with score 4.904537362780794
[9_DOMINO_in_CIRCLE] Starting (50000 attempts)
[Main] Worker finished 12_DOMINO_in_CIRCLE with score 3.2342712519580337
[11_8_in_5] Starting (50000 attempts)
[17_5_in_DOMINO] Success!
[30_5_in_8] Success!
[Main] Worker finished 17_5_in_DOMINO with score 4.409839693042728[20_5_in_DOMINO] Starting (50000 attempts)

[Main] Worker finished 30_5_in_8 with score 3.6842249742051214
[9_6_in_8] Starting (50000 attempts)
[20_8_in_DOMINO] Starting (50000 attempts)
[10_8_in_CIRCLE] Success!
[Main] Worker finished 10_8_in_CIRCLE with score 4.75127218611163
[8_DOMINO_in_CIRCLE] Success!
[20_6_in_5] Success!
[9_8_in_5] Success!
[Main] Worker finished 8_DOMINO_in_CIRCLE with score 2.6915521371235593
[15_6_in_6] Starting (50000 attempts)
[Main] Worker finished 20_6_in_5 with score 6.281350871924349
[Main] Worker finished 9_8_in_5 with score 5.994170884047151
[9_5_in_6] Success!
[19_6_in_8] Success!
[25_6_in_6] Starting (50000 attempts)
[16_6_in_6] Starting (50000 attempts)
[16_8_in_DOMINO] Success!
[Main] Worker finished 19_6_in_8 with score 3.58983340547127
[32_6_in_5] Starting (50000 attempts)
[Main] Worker finished 16_8_in_DOMINO with score 7.160232969366078
[Main] Worker finished 9_5_in_6 with score 2.8900148954966616
[11_6_in_6] Success!
[19_6_in_8] Starting (50000 attempts)
[21_5_in_DOMINO] Starting (50000 attempts)
[Main] Worker finished 11_6_in_6 with score 3.9493073634468594
[11_DOMINO_in_DOMINO] Starting (50000 attempts)
[17_5_in_6] Success!
[Main] Worker finished 17_5_in_6 with score 3.7683056475804717[19_8_in_CIRCLE] Starting (50000 attempts)

[17_5_in_DOMINO] Starting (50000 attempts)
[10_8_in_5] Success!
[Main] Worker finished 10_8_in_5 with score 6.3086008314667135
[28_6_in_6] Starting (50000 attempts)
[19_DOMINO_in_CIRCLE] Success!
[Main] Worker finished 19_DOMINO_in_CIRCLE with score 3.8821543436158765
[24_5_in_6] Success!
[Main] Worker finished 24_5_in_6 with score 4.479815897501027
[19_DOMINO_in_CIRCLE] Starting (50000 attempts)
[11_DOMINO_in_CIRCLE] Success!
[Main] Worker finished 11_DOMINO_in_CIRCLE with score 3.1860393694450497
[10_8_in_CIRCLE] Starting (50000 attempts)
[13_6_in_CIRCLE] Success!
[13_5_in_8] Success!
[Main] Worker finished 13_5_in_8 with score 2.5069731037578142
[8_DOMINO_in_CIRCLE] Starting (50000 attempts)
[Main] Worker finished 13_6_in_CIRCLE with score 3.8369336484278946
[10_DOMINO_in_CIRCLE] Success!
[9_8_in_5] Starting (50000 attempts)
[Main] Worker finished 10_DOMINO_in_CIRCLE with score 2.9559621946049712
[20_6_in_DOMINO] Starting (50000 attempts)
[23_6_in_5] Starting (50000 attempts)
[22_8_in_DOMINO] Success!
[Main] Worker finished 22_8_in_DOMINO with score 8.382506079934158
[9_5_in_6] Starting (50000 attempts)
[25_5_in_6] Success!
[Main] Worker finished 25_5_in_6 with score 4.5817141531868835
[19_5_in_DOMINO] Success!
[Main] Worker finished 19_5_in_DOMINO with score 4.697834635053744
[25_5_in_6] Starting (50000 attempts)
[20_8_in_8] Success!
[16_5_in_DOMINO] Success!
[13_8_in_6] Success!
[Main] Worker finished 13_8_in_6 with score 5.790189669490146
[11_6_in_6] Starting (50000 attempts)
[Main] Worker finished 20_8_in_8 with score 5.102893955208136
[Main] Worker finished 16_5_in_DOMINO with score 4.309862100185108
[16_8_in_6] Success!
[10_8_in_5] Starting (50000 attempts)
[16_DOMINO_in_8] Starting (50000 attempts)
[21_5_in_CIRCLE] Success!
[26_8_in_8] Success!
[Main] Worker finished 16_8_in_6 with score 6.2478639807772485
[19_6_in_DOMINO] Starting (50000 attempts)
[Main] Worker finished 21_5_in_CIRCLE with score 3.9095319593424698
[Main] Worker finished 26_8_in_8 with score 5.777467632032182
[9_DOMINO_in_CIRCLE] Success!
[12_5_in_8] Success!
[18_5_in_DOMINO] Success!
[21_5_in_CIRCLE] Starting (50000 attempts)
[13_6_in_CIRCLE] Starting (50000 attempts)
[Main] Worker finished 18_5_in_DOMINO with score 4.569815862524372
[13_5_in_8] Starting (50000 attempts)
[Main] Worker finished 12_5_in_8 with score 2.4007400073217737
[Main] Worker finished 9_DOMINO_in_CIRCLE with score 2.803879883664299
[11_DOMINO_in_CIRCLE] Starting (50000 attempts)
[11_8_in_5] Success!
[9_6_in_8] Success!
[10_DOMINO_in_CIRCLE] Starting (50000 attempts)
[20_5_in_DOMINO] Success!
[Main] Worker finished 9_6_in_8 with score 2.6447738834161796
[25_5_in_5] Starting (50000 attempts)
[Main] Worker finished 20_5_in_DOMINO with score 4.8203042879733635
[Main] Worker finished 11_8_in_5 with score 6.497991980936347
[13_8_in_6] Starting (50000 attempts)
[19_5_in_DOMINO] Starting (50000 attempts)
[20_8_in_DOMINO] Success!
[Main] Worker finished 20_8_in_DOMINO with score 8.102774853359481
[22_5_in_5] Starting (50000 attempts)
[15_6_in_6] Success!
[Main] Worker finished 15_6_in_6 with score 4.475245630635559
[16_5_in_DOMINO] Starting (50000 attempts)
[16_6_in_6] Success!
[Main] Worker finished 16_6_in_6 with score 4.558228051991228[27_5_in_6] Starting (50000 attempts)

[11_DOMINO_in_DOMINO] Success!
[Main] Worker finished 11_DOMINO_in_DOMINO with score 3.827281560659983
[16_DOMINO_in_CIRCLE] Starting (50000 attempts)
[21_5_in_DOMINO] Success!
[Main] Worker finished 21_5_in_DOMINO with score 4.904537362780794
[22_8_in_DOMINO] Starting (50000 attempts)
[19_6_in_8] Success!
[25_6_in_6] Success!
[Main] Worker finished 19_6_in_8 with score 3.5898247639286427
[18_5_in_DOMINO] Starting (50000 attempts)
[Main] Worker finished 25_6_in_6 with score 5.663881359656193
[19_6_in_8] Starting (50000 attempts)
[12_DOMINO_in_CIRCLE] Starting (50000 attempts)
[17_5_in_DOMINO] Success!
[Main] Worker finished 17_5_in_DOMINO with score 4.409839693042728
[32_6_in_5] Success!
[19_8_in_CIRCLE] Success!
[Main] Worker finished 32_6_in_5 with score 7.812784092602333
[9_6_in_8] Starting (50000 attempts)
[Main] Worker finished 19_8_in_CIRCLE with score 6.0953254095291225
[11_8_in_5] Starting (50000 attempts)
[10_8_in_CIRCLE] Success!
[Main] Worker finished 10_8_in_CIRCLE with score 4.75127218611163
[20_5_in_DOMINO] Starting (50000 attempts)
[8_DOMINO_in_CIRCLE] Success!
[19_DOMINO_in_CIRCLE] Success!
[Main] Worker finished 19_DOMINO_in_CIRCLE with score 3.9373484195098065[20_8_in_DOMINO] Starting (50000 attempts)

[Main] Worker finished 8_DOMINO_in_CIRCLE with score 2.6915521371235593
[19_DOMINO_in_CIRCLE] Starting (50000 attempts)
[20_6_in_5] Starting (50000 attempts)
[9_8_in_5] Success!
[Main] Worker finished 9_8_in_5 with score 5.994170884047151
[9_5_in_6] Success!
[28_6_in_6] Success!
[Main] Worker finished 28_6_in_6 with score 5.949837118888085
[23_5_in_5] Starting (50000 attempts)
[Main] Worker finished 9_5_in_6 with score 2.8900148954966616
[30_5_in_8] Starting (50000 attempts)
[20_6_in_DOMINO] Success!
[Main] Worker finished 20_6_in_DOMINO with score 5.8434126687983206
[16_8_in_DOMINO] Starting (50000 attempts)
[12_5_in_8] Starting (50000 attempts)
[23_6_in_5] Success!
[Main] Worker finished 23_6_in_5 with score 6.700106835949054
[17_5_in_6] Starting (50000 attempts)
[11_6_in_6] Success!
[Main] Worker finished 11_6_in_6 with score 3.9493073634468594
[10_8_in_5] Success!
[Main] Worker finished 10_8_in_5 with score 6.3086008314667135
[9_DOMINO_in_CIRCLE] Starting (50000 attempts)
[24_5_in_6] Starting (50000 attempts)
[16_DOMINO_in_8] Success!
[Main] Worker finished 16_DOMINO_in_8 with score 3.0294424570362044
[13_6_in_CIRCLE] Success!
[Main] Worker finished 13_6_in_CIRCLE with score 3.8369336484278946
[10_8_in_CIRCLE] Starting (50000 attempts)
[21_5_in_CIRCLE] Success!
[Main] Worker finished 21_5_in_CIRCLE with score 3.9095319593351565
[26_5_in_8] Starting (50000 attempts)
[25_5_in_6] Success!
[11_DOMINO_in_CIRCLE] Success!
[Main] Worker finished 25_5_in_6 with score 4.5813084718259365
[21_5_in_CIRCLE] Starting (50000 attempts)
[Main] Worker finished 11_DOMINO_in_CIRCLE with score 3.1860393694450497
[13_5_in_8] Success!
[19_6_in_DOMINO] Success!
[10_DOMINO_in_CIRCLE] Success!
[25_5_in_6] Starting (50000 attempts)
[Main] Worker finished 19_6_in_DOMINO with score 5.693379391606711[9_8_in_5] Starting (50000 attempts)

[Main] Worker finished 13_5_in_8 with score 2.5069731037578142
[Main] Worker finished 10_DOMINO_in_CIRCLE with score 2.9559621946049712
[9_5_in_6] Starting (50000 attempts)
[8_DOMINO_in_CIRCLE] Starting (50000 attempts)
[15_6_in_6] Starting (50000 attempts)
[19_5_in_DOMINO] Success!
[Main] Worker finished 19_5_in_DOMINO with score 4.697834635053744
[11_6_in_6] Starting (50000 attempts)
[16_5_in_DOMINO] Success!
[Main] Worker finished 16_5_in_DOMINO with score 4.309862100185108
[13_8_in_6] Success!
[27_5_in_6] Success!
[25_5_in_5] Success!
[Main] Worker finished 27_5_in_6 with score 4.733780902267363
[10_8_in_5] Starting (50000 attempts)
[Main] Worker finished 25_5_in_5 with score 5.6215705425904785
[Main] Worker finished 13_8_in_6 with score 5.790189669490146
[16_DOMINO_in_CIRCLE] Success!
[22_5_in_5] Success!
[13_6_in_CIRCLE] Starting (50000 attempts)
[20_8_in_8] Starting (50000 attempts)
[Main] Worker finished 16_DOMINO_in_CIRCLE with score 3.739025311560138
[14_DOMINO_in_8] Starting (50000 attempts)
[Main] Worker finished 22_5_in_5 with score 5.302443940088193
[12_DOMINO_in_CIRCLE] Success!
[18_5_in_DOMINO] Success!
[11_DOMINO_in_CIRCLE] Starting (50000 attempts)
[9_6_in_8] Success!
[Main] Worker finished 18_5_in_DOMINO with score 4.569815862524372
[26_8_in_8] Starting (50000 attempts)
[Main] Worker finished 12_DOMINO_in_CIRCLE with score 3.2342712519580337
[Main] Worker finished 9_6_in_8 with score 2.6447738834161796
[19_6_in_8] Success!
[13_5_in_8] Starting (50000 attempts)
[10_DOMINO_in_CIRCLE] Starting (50000 attempts)
[Main] Worker finished 19_6_in_8 with score 3.5898168030004625
[11_DOMINO_in_8] Starting (50000 attempts)
[22_8_in_DOMINO] Success!
[11_8_in_5] Success!
[Main] Worker finished 22_8_in_DOMINO with score 8.382506079934158
[19_6_in_8] Starting (50000 attempts)
[Main] Worker finished 11_8_in_5 with score 6.497991980936347
[19_DOMINO_in_CIRCLE] Success!
[19_5_in_DOMINO] Starting (50000 attempts)
[20_5_in_DOMINO] Success!
[Main] Worker finished 20_5_in_DOMINO with score 4.8203042879733635
[21_5_in_DOMINO] Starting (50000 attempts)
[Main] Worker finished 19_DOMINO_in_CIRCLE with score 3.9373484195098065
[19_DOMINO_in_CIRCLE] Starting (50000 attempts)
[13_8_in_6] Starting (50000 attempts)
[20_6_in_5] Success!
[Main] Worker finished 20_6_in_5 with score 6.281350871924349
[16_8_in_6] Starting (50000 attempts)
[20_8_in_DOMINO] Success!
[Main] Worker finished 20_8_in_DOMINO with score 8.102774853359481
[16_8_in_DOMINO] Success!
[12_5_in_8] Success!
[23_5_in_5] Success!
[Main] Worker finished 23_5_in_5 with score 5.384931350321754[25_6_in_6] Starting (50000 attempts)

[Main] Worker finished 16_8_in_DOMINO with score 7.160232969366078
[Main] Worker finished 12_5_in_8 with score 2.4007400073217737
[9_6_in_8] Starting (50000 attempts)
[9_DOMINO_in_CIRCLE] Success!
[16_6_in_6] Starting (50000 attempts)
[17_5_in_6] Success!
[Main] Worker finished 17_5_in_6 with score 3.7683056475804717
[18_5_in_DOMINO] Starting (50000 attempts)
[Main] Worker finished 9_DOMINO_in_CIRCLE with score 2.803879883664299
[10_8_in_CIRCLE] Success!
[32_6_in_5] Starting (50000 attempts)
[30_5_in_8] Success!
[Main] Worker finished 30_5_in_8 with score 3.6842249742051214
[11_DOMINO_in_DOMINO] Starting (50000 attempts)
[Main] Worker finished 10_8_in_CIRCLE with score 4.75127218611163
[24_5_in_6] Success!
[21_5_in_CIRCLE] Success!
[30_5_in_8] Starting (50000 attempts)
[Main] Worker finished 24_5_in_6 with score 4.479815897501027
[11_8_in_5] Starting (50000 attempts)
[Main] Worker finished 21_5_in_CIRCLE with score 3.909531959333263
[9_8_in_5] Success!
[21_5_in_CIRCLE] Starting (50000 attempts)
[9_5_in_6] Success!
[8_DOMINO_in_CIRCLE] Success!
[Main] Worker finished 8_DOMINO_in_CIRCLE with score 2.6915521371235593
[20_5_in_DOMINO] Starting (50000 attempts)
[Main] Worker finished 9_5_in_6 with score 2.8900148954966616
[Main] Worker finished 9_8_in_5 with score 5.994170884047151
[26_5_in_8] Success!
[20_8_in_DOMINO] Starting (50000 attempts)
[17_5_in_DOMINO] Starting (50000 attempts)
[25_5_in_6] Success!
[Main] Worker finished 25_5_in_6 with score 4.610679824974724
[16_5_in_DOMINO] Starting (50000 attempts)
[Main] Worker finished 26_5_in_8 with score 3.4362678570375413
[15_6_in_6] Success!
[11_6_in_6] Success!
[26_5_in_8] Starting (50000 attempts)
[10_8_in_5] Success!
[Main] Worker finished 10_8_in_5 with score 6.3086008314667135
[19_8_in_CIRCLE] Starting (50000 attempts)
[Main] Worker finished 15_6_in_6 with score 4.475245630635559
[Main] Worker finished 11_6_in_6 with score 3.9493073634468594
[10_8_in_CIRCLE] Starting (50000 attempts)
[13_6_in_CIRCLE] Success!
[28_6_in_6] Starting (50000 attempts)
[14_DOMINO_in_8] Success!
[Main] Worker finished 13_6_in_CIRCLE with score 3.8369336484278946
[20_6_in_DOMINO] Starting (50000 attempts)
[Main] Worker finished 14_DOMINO_in_8 with score 2.72976517994299
[11_DOMINO_in_CIRCLE] Success!
[23_6_in_5] Starting (50000 attempts)
[10_DOMINO_in_CIRCLE] Success!
[16_DOMINO_in_8] Starting (50000 attempts)
[Main] Worker finished 11_DOMINO_in_CIRCLE with score 3.1860393694450497
[Main] Worker finished 10_DOMINO_in_CIRCLE with score 2.9559621946049712
[13_5_in_8] Success!
[9_5_in_6] Starting (50000 attempts)
[11_DOMINO_in_8] Success!
[20_8_in_8] Success!
[Main] Worker finished 13_5_in_8 with score 2.5069731037578142
[8_DOMINO_in_CIRCLE] Starting (50000 attempts)
[Main] Worker finished 20_8_in_8 with score 5.102893955208136
[Main] Worker finished 11_DOMINO_in_8 with score 2.4732605286895093
[9_8_in_5] Starting (50000 attempts)
[19_6_in_DOMINO] Starting (50000 attempts)
[25_5_in_5] Starting (50000 attempts)
[19_6_in_8] Success!
[Main] Worker finished 19_6_in_8 with score 3.589809469100848
[26_8_in_8] Success!
[19_5_in_DOMINO] Success!
[Main] Worker finished 19_5_in_DOMINO with score 4.697834635053744
[19_6_in_8] Starting (50000 attempts)
[Main] Worker finished 26_8_in_8 with score 5.777467632032182
[19_DOMINO_in_CIRCLE] Success!
[11_6_in_6] Starting (50000 attempts)
[21_5_in_DOMINO] Success!
[Main] Worker finished 19_DOMINO_in_CIRCLE with score 3.9373484195098065
[10_8_in_5] Starting (50000 attempts)
[Main] Worker finished 21_5_in_DOMINO with score 4.904537362780794
[13_8_in_6] Success!
[19_DOMINO_in_CIRCLE] Starting (50000 attempts)
[Main] Worker finished 13_8_in_6 with score 5.790189669490146
[13_6_in_CIRCLE] Starting (50000 attempts)
[9_6_in_8] Success!
[Main] Worker finished 9_6_in_8 with score 2.6447738834161796
[22_5_in_5] Starting (50000 attempts)
[27_5_in_6] Starting (50000 attempts)
[16_8_in_6] Success!
[Main] Worker finished 16_8_in_6 with score 6.2478639807772485
[16_6_in_6] Success!
[25_6_in_6] Success!
[Main] Worker finished 16_6_in_6 with score 4.558228051991228
[13_5_in_8] Starting (50000 attempts)
[Main] Worker finished 25_6_in_6 with score 5.663881359656193
[18_5_in_DOMINO] Success!
[11_DOMINO_in_DOMINO] Success!
[16_DOMINO_in_CIRCLE] Starting (50000 attempts)
[Main] Worker finished 18_5_in_DOMINO with score 4.569815862524372
[22_8_in_DOMINO] Starting (50000 attempts)
[Main] Worker finished 11_DOMINO_in_DOMINO with score 3.827281560659983
[20_DOMINO_in_DOMINO] Starting (50000 attempts)
[11_8_in_5] Success!
[Main] Worker finished 11_8_in_5 with score 6.497991980936347
[12_DOMINO_in_CIRCLE] Starting (50000 attempts)
[20_6_in_5] Starting (50000 attempts)
[20_5_in_DOMINO] Success!
[Main] Worker finished 20_5_in_DOMINO with score 4.8203042879733635
[21_5_in_CIRCLE] Success!
[Main] Worker finished 21_5_in_CIRCLE with score 3.9095319593327718
[11_DOMINO_in_CIRCLE] Starting (50000 attempts)
[17_5_in_DOMINO] Success!
[16_5_in_DOMINO] Success!
[Main] Worker finished 17_5_in_DOMINO with score 4.409839693042728
[21_5_in_CIRCLE] Starting (50000 attempts)
[Main] Worker finished 16_5_in_DOMINO with score 4.309862100185108
[32_6_in_5] Success!
[30_5_in_8] Success!
[9_6_in_8] Starting (50000 attempts)
[20_8_in_DOMINO] Success!
[Main] Worker finished 20_8_in_DOMINO with score 8.102774853359481[13_8_in_6] Starting (50000 attempts)

[Main] Worker finished 32_6_in_5 with score 7.812784092602333
[Main] Worker finished 30_5_in_8 with score 3.6842249742051214
[10_8_in_CIRCLE] Success!
[30_5_in_8] Starting (50000 attempts)
[20_6_in_DOMINO] Success!
[23_5_in_5] Starting (50000 attempts)
[26_5_in_8] Success!
[Main] Worker finished 26_5_in_8 with score 3.450918260904043[16_8_in_DOMINO] Starting (50000 attempts)

[Main] Worker finished 10_8_in_CIRCLE with score 4.75127218611163
[Main] Worker finished 20_6_in_DOMINO with score 5.8434126687983206
[26_5_in_8] Starting (50000 attempts)
[16_DOMINO_in_8] Success!
[19_8_in_CIRCLE] Success!
[28_DOMINO_in_6] Starting (50000 attempts)
[9_5_in_6] Success!
[Main] Worker finished 19_8_in_CIRCLE with score 6.0953254095291225
[12_5_in_8] Starting (50000 attempts)
[Main] Worker finished 16_DOMINO_in_8 with score 3.0294424570362044
[8_DOMINO_in_CIRCLE] Success!
[Main] Worker finished 9_5_in_6 with score 2.8900148954966616
[23_6_in_5] Success!
[17_5_in_6] Starting (50000 attempts)
[9_DOMINO_in_CIRCLE] Starting (50000 attempts)
[28_6_in_6] Success!
[9_8_in_5] Success!
[Main] Worker finished 9_8_in_5 with score 5.994170884047151[24_5_in_6] Starting (50000 attempts)

[Main] Worker finished 28_6_in_6 with score 5.949837118888085
[Main] Worker finished 23_6_in_5 with score 6.700106835949054
[Main] Worker finished 8_DOMINO_in_CIRCLE with score 2.6915521371235593
[20_8_in_DOMINO] Starting (50000 attempts)
[19_5_in_DOMINO] Starting (50000 attempts)
[19_6_in_DOMINO] Success!
[13_DOMINO_in_8] Starting (50000 attempts)
[11_6_in_6] Success!
[19_6_in_8] Success!
[Main] Worker finished 11_6_in_6 with score 3.9493073634468594
[11_8_in_5] Starting (50000 attempts)
[Main] Worker finished 19_6_in_8 with score 3.589802712859821
[Main] Worker finished 19_6_in_DOMINO with score 5.693379391606711
[19_6_in_8] Starting (50000 attempts)
[10_8_in_CIRCLE] Starting (50000 attempts)
[15_6_in_6] Starting (50000 attempts)
[10_8_in_5] Success!
[Main] Worker finished 10_8_in_5 with score 6.3086008314667135
[25_5_in_5] Success!
[19_DOMINO_in_CIRCLE] Success!
[13_6_in_CIRCLE] Success!
[Main] Worker finished 19_DOMINO_in_CIRCLE with score 3.9373484195098065
[10_DOMINO_in_CIRCLE] Starting (50000 attempts)
[Main] Worker finished 25_5_in_5 with score 5.6215705425904785
[Main] Worker finished 13_6_in_CIRCLE with score 3.8369336484278946
[9_8_in_5] Starting (50000 attempts)
[22_5_in_5] Success!
[9_5_in_6] Starting (50000 attempts)
[Main] Worker finished 22_5_in_5 with score 5.302443940088193
[20_8_in_8] Starting (50000 attempts)
[13_5_in_8] Success!
[Main] Worker finished 13_5_in_8 with score 2.5069731037578142
[14_DOMINO_in_8] Starting (50000 attempts)
[16_DOMINO_in_CIRCLE] Success!
[27_5_in_6] Success!
[Main] Worker finished 27_5_in_6 with score 4.733780902267363
[20_5_in_DOMINO] Starting (50000 attempts)
[Main] Worker finished 16_DOMINO_in_CIRCLE with score 3.739025311560138
[11_6_in_6] Starting (50000 attempts)
[8_DOMINO_in_CIRCLE] Starting (50000 attempts)
[20_DOMINO_in_DOMINO] Success!
[Main] Worker finished 20_DOMINO_in_DOMINO with score 5.024206465002949
[12_DOMINO_in_CIRCLE] Success!
[Main] Worker finished 12_DOMINO_in_CIRCLE with score 3.2342712519580337
[26_8_in_8] Starting (50000 attempts)
[11_DOMINO_in_CIRCLE] Success!
[Main] Worker finished 11_DOMINO_in_CIRCLE with score 3.1860393694450497
[11_DOMINO_in_8] Starting (50000 attempts)
[10_8_in_5] Starting (50000 attempts)
[20_6_in_5] Success!
[Main] Worker finished 20_6_in_5 with score 6.281350871924349
[9_6_in_8] Success!
[22_8_in_DOMINO] Success!
[21_5_in_CIRCLE] Success!
[Main] Worker finished 22_8_in_DOMINO with score 8.382506079934158[21_5_in_DOMINO] Starting (50000 attempts)

[Main] Worker finished 21_5_in_CIRCLE with score 3.9095319593326456
[Main] Worker finished 9_6_in_8 with score 2.6447738834161796
[21_5_in_CIRCLE] Starting (50000 attempts)
[13_6_in_CIRCLE] Starting (50000 attempts)
[13_8_in_6] Success!
[Main] Worker finished 13_8_in_6 with score 5.790189669490146
[16_8_in_6] Starting (50000 attempts)
[25_6_in_6] Starting (50000 attempts)
[28_DOMINO_in_6] Success!
[Main] Worker finished 28_DOMINO_in_6 with score 5.216886373970566
[16_6_in_6] Starting (50000 attempts)
[23_5_in_5] Success!
[Main] Worker finished 23_5_in_5 with score 5.384931350321754
[9_DOMINO_in_CIRCLE] Success!
[16_8_in_DOMINO] Success!
[12_5_in_8] Success!
[17_5_in_6] Success!
[Main] Worker finished 9_DOMINO_in_CIRCLE with score 2.803879883664299
[18_5_in_DOMINO] Starting (50000 attempts)
[Main] Worker finished 17_5_in_6 with score 3.7683056475804717
[Main] Worker finished 12_5_in_8 with score 2.4007400073217737
[Main] Worker finished 16_8_in_DOMINO with score 7.160232969366078
[26_5_in_8] Success!
[30_5_in_8] Success!
[32_6_in_5] Starting (50000 attempts)
[11_DOMINO_in_DOMINO] Starting (50000 attempts)
[17_5_in_DOMINO] Starting (50000 attempts)
[Main] Worker finished 30_5_in_8 with score 3.6842249742051214[16_5_in_DOMINO] Starting (50000 attempts)

[Main] Worker finished 26_5_in_8 with score 3.4350322893809113
[30_5_in_8] Starting (50000 attempts)
[19_5_in_DOMINO] Success!
[Main] Worker finished 19_5_in_DOMINO with score 4.697834635053744
[26_5_in_8] Starting (50000 attempts)
[24_5_in_6] Success!
[13_DOMINO_in_8] Success!
[Main] Worker finished 13_DOMINO_in_8 with score 2.7072481179543093
[9_6_in_8] Starting (50000 attempts)
[Main] Worker finished 24_5_in_6 with score 4.479815897501027
[13_8_in_6] Starting (50000 attempts)
[19_8_in_CIRCLE] Starting (50000 attempts)
[19_6_in_8] Success!
[Main] Worker finished 19_6_in_8 with score 3.58979648879207
[11_8_in_5] Success!
[10_8_in_CIRCLE] Success!
[10_DOMINO_in_CIRCLE] Success!
[20_8_in_DOMINO] Success!
[15_6_in_6] Success!
[Main] Worker finished 10_DOMINO_in_CIRCLE with score 2.9559621946049712
[19_6_in_8] Starting (50000 attempts)
[Main] Worker finished 20_8_in_DOMINO with score 8.102774853359481
[Main] Worker finished 11_8_in_5 with score 6.497991980936347
[Main] Worker finished 15_6_in_6 with score 4.475245630635559
[Main] Worker finished 10_8_in_CIRCLE with score 4.75127218611163
[28_6_in_6] Starting (50000 attempts)
[9_8_in_5] Success!
[20_6_in_DOMINO] Starting (50000 attempts)
[9_5_in_6] Success!
[23_6_in_5] Starting (50000 attempts)
[14_DOMINO_in_8] Success!
[13_5_in_8] Starting (50000 attempts)
[Main] Worker finished 9_8_in_5 with score 5.994170884047151
[16_DOMINO_in_8] Starting (50000 attempts)
[Main] Worker finished 9_5_in_6 with score 2.8900148954966616
[Main] Worker finished 14_DOMINO_in_8 with score 2.72976517994299
[8_DOMINO_in_CIRCLE] Success!
[20_8_in_8] Success!
[19_6_in_DOMINO] Starting (50000 attempts)
[11_6_in_6] Success!
[25_5_in_5] Starting (50000 attempts)
[Main] Worker finished 20_8_in_8 with score 5.102893955208136[17_DOMINO_in_6] Starting (50000 attempts)

[Main] Worker finished 11_6_in_6 with score 3.9493073634468594
[Main] Worker finished 8_DOMINO_in_CIRCLE with score 2.6915521371235593
[11_DOMINO_in_8] Success!
[20_5_in_DOMINO] Success!
[22_5_in_5] Starting (50000 attempts)
[27_5_in_6] Starting (50000 attempts)
[Main] Worker finished 20_5_in_DOMINO with score 4.8203042879733635
[16_DOMINO_in_CIRCLE] Starting (50000 attempts)
[Main] Worker finished 11_DOMINO_in_8 with score 2.46363311690534
[22_8_in_DOMINO] Starting (50000 attempts)
[10_8_in_5] Success!
[Main] Worker finished 10_8_in_5 with score 6.3086008314667135
[20_DOMINO_in_DOMINO] Starting (50000 attempts)
[12_DOMINO_in_CIRCLE] Starting (50000 attempts)
[21_5_in_DOMINO] Success!
[Main] Worker finished 21_5_in_DOMINO with score 4.904537362780794
[13_6_in_CIRCLE] Success!
[Main] Worker finished 13_6_in_CIRCLE with score 3.8369336484278946
[10_8_in_CIRCLE] Starting (50000 attempts)
[21_5_in_CIRCLE] Success!
[Main] Worker finished 21_5_in_CIRCLE with score 3.9095319593326123
[9_8_in_5] Starting (50000 attempts)
[21_5_in_CIRCLE] Starting (50000 attempts)
[26_8_in_8] Success!
[Main] Worker finished 26_8_in_8 with score 5.777467632032182
[9_5_in_6] Starting (50000 attempts)
[16_8_in_6] Success!
[Main] Worker finished 16_8_in_6 with score 6.2478639807772485
[16_6_in_6] Success!
[Main] Worker finished 16_6_in_6 with score 4.558228051991228
[20_6_in_5] Starting (50000 attempts)
[11_DOMINO_in_DOMINO] Success!
[Main] Worker finished 11_DOMINO_in_DOMINO with score 3.827281560659983
[11_6_in_6] Starting (50000 attempts)
[18_5_in_DOMINO] Success!
[Main] Worker finished 18_5_in_DOMINO with score 4.569815862524372
[8_DOMINO_in_CIRCLE] Starting (50000 attempts)
[11_DOMINO_in_CIRCLE] Starting (50000 attempts)
[25_6_in_6] Success!
[Main] Worker finished 25_6_in_6 with score 5.663881359656193
[23_5_in_5] Starting (50000 attempts)
[17_5_in_DOMINO] Success!
[Main] Worker finished 17_5_in_DOMINO with score 4.409839693042728
[16_5_in_DOMINO] Success!
[9_6_in_8] Success!
[Main] Worker finished 16_5_in_DOMINO with score 4.309862100185108
[10_8_in_5] Starting (50000 attempts)
[Main] Worker finished 9_6_in_8 with score 2.6447738834161796
[17_DOMINO_in_8] Starting (50000 attempts)
[27_DOMINO_in_8] Starting (50000 attempts)
[32_6_in_5] Success!
[Main] Worker finished 32_6_in_5 with score 7.812784092602333
[13_8_in_6] Success!
[Main] Worker finished 13_8_in_6 with score 5.790189669490146
[20_DOMINO_in_8] Starting (50000 attempts)
[26_5_in_8] Success!
[Main] Worker finished 26_5_in_8 with score 3.4498675319048653
[16_8_in_DOMINO] Starting (50000 attempts)
[19_6_in_8] Success!
[30_5_in_8] Success!
[Main] Worker finished 30_5_in_8 with score 3.6842249742051214[26_5_in_8] Starting (50000 attempts)

[Main] Worker finished 19_6_in_8 with score 3.589790754991675
[19_6_in_8] Starting (50000 attempts)
[13_6_in_CIRCLE] Starting (50000 attempts)
[13_5_in_8] Success!
[Main] Worker finished 13_5_in_8 with score 2.5069731037578142
[20_6_in_DOMINO] Success!
[19_8_in_CIRCLE] Success!
[Main] Worker finished 19_8_in_CIRCLE with score 6.0953254095291225[28_DOMINO_in_6] Starting (50000 attempts)

[Main] Worker finished 20_6_in_DOMINO with score 5.8434126687983206
[16_DOMINO_in_8] Success!
[12_5_in_8] Starting (50000 attempts)
[19_6_in_DOMINO] Success!
[28_6_in_6] Success!
[23_6_in_5] Success!
[Main] Worker finished 16_DOMINO_in_8 with score 3.0294424570362044
[20_8_in_DOMINO] Starting (50000 attempts)
[Main] Worker finished 23_6_in_5 with score 6.700106835949054
[Main] Worker finished 19_6_in_DOMINO with score 5.693379391606711
[Main] Worker finished 28_6_in_6 with score 5.949837118888085
[17_DOMINO_in_6] Success!
[9_6_in_8] Starting (50000 attempts)
[13_8_in_6] Starting (50000 attempts)
[17_5_in_6] Starting (50000 attempts)
[Main] Worker finished 17_DOMINO_in_6 with score 4.064540584659241
[9_DOMINO_in_CIRCLE] Starting (50000 attempts)
[25_5_in_5] Success!
[Main] Worker finished 25_5_in_5 with score 5.6215705425904785
[24_5_in_6] Starting (50000 attempts)
[16_DOMINO_in_CIRCLE] Success!
[Main] Worker finished 16_DOMINO_in_CIRCLE with score 3.739025311560138
[19_5_in_DOMINO] Starting (50000 attempts)
[22_5_in_5] Success!
[27_5_in_6] Success!
[12_DOMINO_in_CIRCLE] Success!
[Main] Worker finished 27_5_in_6 with score 4.733780902267363
[13_DOMINO_in_8] Starting (50000 attempts)
[Main] Worker finished 22_5_in_5 with score 5.302443940088193
[Main] Worker finished 12_DOMINO_in_CIRCLE with score 3.2342712519580337
[20_DOMINO_in_DOMINO] Success!
[11_8_in_5] Starting (50000 attempts)
[15_6_in_6] Starting (50000 attempts)
[Main] Worker finished 20_DOMINO_in_DOMINO with score 5.024206465002949
[10_DOMINO_in_CIRCLE] Starting (50000 attempts)
[20_8_in_8] Starting (50000 attempts)
[10_8_in_CIRCLE] Success!
[Main] Worker finished 10_8_in_CIRCLE with score 4.75127218611163
[22_8_in_DOMINO] Success!
[9_8_in_5] Success!
[Main] Worker finished 9_8_in_5 with score 5.994170884047151
[14_DOMINO_in_8] Starting (50000 attempts)
[Main] Worker finished 22_8_in_DOMINO with score 8.382506079934158
[9_5_in_6] Success!
[21_5_in_CIRCLE] Success!
[20_5_in_DOMINO] Starting (50000 attempts)
[Main] Worker finished 21_5_in_CIRCLE with score 3.9095319593326034[26_8_in_8] Starting (50000 attempts)

[Main] Worker finished 9_5_in_6 with score 2.8900148954966616
[8_DOMINO_in_CIRCLE] Success!
[21_5_in_CIRCLE] Starting (50000 attempts)
[11_6_in_6] Success!
[11_DOMINO_in_CIRCLE] Success!
[Main] Worker finished 11_DOMINO_in_CIRCLE with score 3.1860393694450497
[11_DOMINO_in_8] Starting (50000 attempts)
[Main] Worker finished 8_DOMINO_in_CIRCLE with score 2.6915521371235593
[Main] Worker finished 11_6_in_6 with score 3.9493073634468594
[20_6_in_5] Success!
[13_DOMINO_in_5] Starting (50000 attempts)
[21_5_in_DOMINO] Starting (50000 attempts)
[Main] Worker finished 20_6_in_5 with score 6.281350871924349
[18_DOMINO_in_8] Starting (50000 attempts)
[22_DOMINO_in_8] Starting (50000 attempts)
[10_8_in_5] Success!
[Main] Worker finished 10_8_in_5 with score 6.3086008314667135
[23_5_in_5] Success!
[Main] Worker finished 23_5_in_5 with score 5.384931350321754
[16_8_in_6] Starting (50000 attempts)
[17_DOMINO_in_8] Success!
[Main] Worker finished 17_DOMINO_in_8 with score 3.1206342394830537
[10_8_in_CIRCLE] Starting (50000 attempts)
[9_8_in_5] Starting (50000 attempts)
[20_DOMINO_in_8] Success!
[Main] Worker finished 20_DOMINO_in_8 with score 3.1995169243986443
[20_DOMINO_in_8] Starting (50000 attempts)
[27_DOMINO_in_8] Success!
[Main] Worker finished 27_DOMINO_in_8 with score 3.820307154948568
[25_6_in_6] Starting (50000 attempts)
[28_DOMINO_in_6] Success!
[Main] Worker finished 28_DOMINO_in_6 with score 5.156717139808707
[13_6_in_CIRCLE] Success!
[16_8_in_DOMINO] Success!
[Main] Worker finished 16_8_in_DOMINO with score 7.160232969366078[9_5_in_6] Starting (50000 attempts)

[Main] Worker finished 13_6_in_CIRCLE with score 3.8369336484278946
[12_5_in_8] Success!
[26_5_in_8] Success!
[19_6_in_8] Success!
[19_DOMINO_in_6] Starting (50000 attempts)
[Main] Worker finished 12_5_in_8 with score 2.4007400073217737
[8_DOMINO_in_CIRCLE] Starting (50000 attempts)
[Main] Worker finished 26_5_in_8 with score 3.4340412042940485
[Main] Worker finished 19_6_in_8 with score 3.589785472850758
[9_6_in_8] Success!
[26_5_in_8] Starting (50000 attempts)
[9_DOMINO_in_CIRCLE] Success!
[19_6_in_8] Starting (50000 attempts)
[13_8_in_6] Success!
[Main] Worker finished 9_6_in_8 with score 2.6447738834161796
[11_6_in_6] Starting (50000 attempts)
[Main] Worker finished 9_DOMINO_in_CIRCLE with score 2.803879883664299
[Main] Worker finished 13_8_in_6 with score 5.790189669490146
[10_8_in_5] Starting (50000 attempts)
[17_5_in_6] Success!
[20_8_in_DOMINO] Success!
[16_6_in_6] Starting (50000 attempts)
[13_DOMINO_in_8] Success!
[Main] Worker finished 13_DOMINO_in_8 with score 2.5794828405467167[18_5_in_DOMINO] Starting (50000 attempts)

[Main] Worker finished 17_5_in_6 with score 3.7683056475804717
[Main] Worker finished 20_8_in_DOMINO with score 8.102774853359481
[19_5_in_DOMINO] Success!
[32_6_in_5] Starting (50000 attempts)
[24_5_in_6] Success!
[10_DOMINO_in_CIRCLE] Success!
[11_8_in_5] Success!
[11_DOMINO_in_DOMINO] Starting (50000 attempts)
[15_6_in_6] Success!
[Main] Worker finished 15_6_in_6 with score 4.475245630635559
[17_5_in_DOMINO] Starting (50000 attempts)
[Main] Worker finished 11_8_in_5 with score 6.497991980936347
[Main] Worker finished 24_5_in_6 with score 4.479815897501027
[Main] Worker finished 19_5_in_DOMINO with score 4.697834635053744
[Main] Worker finished 10_DOMINO_in_CIRCLE with score 2.9559621946049712
[9_6_in_8] Starting (50000 attempts)
[14_DOMINO_in_8] Success!
[16_5_in_DOMINO] Starting (50000 attempts)
[19_8_in_CIRCLE] Starting (50000 attempts)
[11_DOMINO_in_8] Success!
[28_6_in_6] Starting (50000 attempts)
[20_5_in_DOMINO] Success!
[Main] Worker finished 11_DOMINO_in_8 with score 2.4574814193491865
[20_6_in_DOMINO] Starting (50000 attempts)
[Main] Worker finished 20_5_in_DOMINO with score 4.8203042879733635
[Main] Worker finished 14_DOMINO_in_8 with score 2.72976517994299
[11_DOMINO_in_8] Starting (50000 attempts)
[13_8_in_6] Starting (50000 attempts)
[20_8_in_8] Success!
[Main] Worker finished 20_8_in_8 with score 5.102893955208136
[23_6_in_5] Starting (50000 attempts)
[21_5_in_CIRCLE] Success!
[13_DOMINO_in_5] Success!
[13_5_in_8] Starting (50000 attempts)
[Main] Worker finished 13_DOMINO_in_5 with score 4.334345689374381
[Main] Worker finished 21_5_in_CIRCLE with score 3.9095319593326012
[21_5_in_CIRCLE] Starting (50000 attempts)
[16_DOMINO_in_8] Starting (50000 attempts)
[21_5_in_DOMINO] Success!
[Main] Worker finished 21_5_in_DOMINO with score 4.904537362780794
[18_DOMINO_in_8] Success!
[22_DOMINO_in_8] Success!
[Main] Worker finished 22_DOMINO_in_8 with score 3.440622428928729
[19_6_in_DOMINO] Starting (50000 attempts)
[Main] Worker finished 18_DOMINO_in_8 with score 3.1792276704223217
[25_5_in_5] Starting (50000 attempts)
[26_8_in_8] Success!
[Main] Worker finished 26_8_in_8 with score 5.777467632032182
[17_DOMINO_in_6] Starting (50000 attempts)
[10_8_in_CIRCLE] Success!
[Main] Worker finished 10_8_in_CIRCLE with score 4.75127218611163
[22_5_in_5] Starting (50000 attempts)
[27_5_in_6] Starting (50000 attempts)
[9_8_in_5] Success!
[Main] Worker finished 9_8_in_5 with score 5.994170884047151
[16_DOMINO_in_CIRCLE] Starting (50000 attempts)
[20_DOMINO_in_8] Success!
[Main] Worker finished 20_DOMINO_in_8 with score 3.3572113814404516
[16_8_in_6] Success!
[9_5_in_6] Success!
[8_DOMINO_in_CIRCLE] Success!
[Main] Worker finished 16_8_in_6 with score 6.2478639807772485
[31_6_in_5] Starting (50000 attempts)
[Main] Worker finished 9_5_in_6 with score 2.8900148954966616
[Main] Worker finished 8_DOMINO_in_CIRCLE with score 2.6915521371235593
[19_DOMINO_in_6] Success!
[22_8_in_DOMINO] Starting (50000 attempts)
[20_DOMINO_in_DOMINO] Starting (50000 attempts)
[Main] Worker finished 19_DOMINO_in_6 with score 4.219409352760117
[12_DOMINO_in_CIRCLE] Starting (50000 attempts)
[19_DOMINO_in_6] Starting (50000 attempts)
[25_6_in_6] Success!
[Main] Worker finished 25_6_in_6 with score 5.663881359656193
[20_6_in_5] Starting (50000 attempts)
[11_6_in_6] Success!
[Main] Worker finished 11_6_in_6 with score 3.9493073634468594
[19_6_in_8] Success!
[10_8_in_5] Success!
[Main] Worker finished 19_6_in_8 with score 3.5897806068002014
[11_DOMINO_in_CIRCLE] Starting (50000 attempts)
[Main] Worker finished 10_8_in_5 with score 6.3086008314667135
[26_5_in_8] Success!
[16_6_in_6] Success!
[19_6_in_8] Starting (50000 attempts)
[Main] Worker finished 26_5_in_8 with score 3.4490256687014904
[10_8_in_CIRCLE] Starting (50000 attempts)
[Main] Worker finished 16_6_in_6 with score 4.558228051991228
[26_5_in_8] Starting (50000 attempts)
[9_8_in_5] Starting (50000 attempts)
[11_DOMINO_in_DOMINO] Success!
[Main] Worker finished 11_DOMINO_in_DOMINO with score 3.827281560659983
[18_5_in_DOMINO] Success!
[9_6_in_8] Success!
[Main] Worker finished 9_6_in_8 with score 2.6447738834161796
[23_5_in_5] Starting (50000 attempts)
[Main] Worker finished 18_5_in_DOMINO with score 4.569815862524372
[9_5_in_6] Starting (50000 attempts)
[28_DOMINO_in_8] Starting (50000 attempts)
[17_5_in_DOMINO] Success!
[Main] Worker finished 17_5_in_DOMINO with score 4.409839693042728
[16_5_in_DOMINO] Success!
[Main] Worker finished 16_5_in_DOMINO with score 4.309862100185108
[17_DOMINO_in_8] Starting (50000 attempts)
[11_DOMINO_in_8] Success!
[Main] Worker finished 11_DOMINO_in_8 with score 2.4821991549427853
[27_DOMINO_in_8] Starting (50000 attempts)
[11_6_in_6] Starting (50000 attempts)
[32_6_in_5] Success!
[Main] Worker finished 32_6_in_5 with score 7.812784092602333
[16_8_in_DOMINO] Starting (50000 attempts)
[13_5_in_8] Success!
[Main] Worker finished 13_5_in_8 with score 2.5069731037578142
[19_8_in_CIRCLE] Success!
[Main] Worker finished 19_8_in_CIRCLE with score 6.0953254095291225
[10_8_in_5] Starting (50000 attempts)
[13_6_in_CIRCLE] Starting (50000 attempts)
[13_8_in_6] Success!
[Main] Worker finished 13_8_in_6 with score 5.790189669490146
[21_5_in_CIRCLE] Success!
[16_DOMINO_in_8] Success!
[20_6_in_DOMINO] Success!
[23_6_in_5] Success!
[28_6_in_6] Success!
[Main] Worker finished 28_6_in_6 with score 5.949837118888085
[28_DOMINO_in_6] Starting (50000 attempts)
[Main] Worker finished 20_6_in_DOMINO with score 5.8434126687983206
[Main] Worker finished 23_6_in_5 with score 6.700106835949054
[Main] Worker finished 16_DOMINO_in_8 with score 3.0294424570362044
[Main] Worker finished 21_5_in_CIRCLE with score 3.9095319593326012
[21_5_in_CIRCLE] Starting (50000 attempts)
[9_6_in_8] Starting (50000 attempts)
[12_5_in_8] Starting (50000 attempts)
[19_6_in_DOMINO] Success!
[17_DOMINO_in_CIRCLE] Starting (50000 attempts)
[17_DOMINO_in_6] Success!
[25_5_in_5] Success!
[Main] Worker finished 17_DOMINO_in_6 with score 4.002423086172512
[20_8_in_DOMINO] Starting (50000 attempts)
[Main] Worker finished 25_5_in_5 with score 5.6215705425904785
[Main] Worker finished 19_6_in_DOMINO with score 5.693379391606711
[17_DOMINO_in_6] Starting (50000 attempts)
[17_5_in_6] Starting (50000 attempts)
[9_DOMINO_in_CIRCLE] Starting (50000 attempts)
[16_DOMINO_in_CIRCLE] Success!
[Main] Worker finished 16_DOMINO_in_CIRCLE with score 3.739025311560138
[22_5_in_5] Success!
[Main] Worker finished 22_5_in_5 with score 5.302443940088193[24_5_in_6] Starting (50000 attempts)

[19_5_in_DOMINO] Starting (50000 attempts)
[12_DOMINO_in_CIRCLE] Success!
[Main] Worker finished 12_DOMINO_in_CIRCLE with score 3.2342712519580337
[27_5_in_6] Success!
[20_DOMINO_in_DOMINO] Success!
[Main] Worker finished 27_5_in_6 with score 4.733780902267363
[13_DOMINO_in_8] Starting (50000 attempts)
[Main] Worker finished 20_DOMINO_in_DOMINO with score 4.988412006379245
[19_DOMINO_in_6] Success!
[20_DOMINO_in_DOMINO] Starting (50000 attempts)
[Main] Worker finished 19_DOMINO_in_6 with score 4.265282104295019
[11_8_in_5] Starting (50000 attempts)
[11_DOMINO_in_CIRCLE] Success!
[Main] Worker finished 11_DOMINO_in_CIRCLE with score 3.1860393694450497
[15_6_in_6] Starting (50000 attempts)
[31_6_in_5] Success!
[Main] Worker finished 31_6_in_5 with score 7.676416747555321
[10_DOMINO_in_CIRCLE] Starting (50000 attempts)
[20_8_in_8] Starting (50000 attempts)
[20_6_in_5] Success!
[Main] Worker finished 20_6_in_5 with score 6.281350871924349
[19_6_in_8] Success!
[22_8_in_DOMINO] Success!
[10_8_in_CIRCLE] Success!
[Main] Worker finished 19_6_in_8 with score 3.589776124070708
[14_DOMINO_in_8] Starting (50000 attempts)
[Main] Worker finished 22_8_in_DOMINO with score 8.382506079934158
[Main] Worker finished 10_8_in_CIRCLE with score 4.75127218611163
[19_6_in_8] Starting (50000 attempts)
[9_8_in_5] Success!
[13_8_in_6] Starting (50000 attempts)
[Main] Worker finished 9_8_in_5 with score 5.994170884047151
[20_5_in_DOMINO] Starting (50000 attempts)
[9_5_in_6] Success!
[Main] Worker finished 9_5_in_6 with score 2.8900148954966616
[26_8_in_8] Starting (50000 attempts)
[13_DOMINO_in_5] Starting (50000 attempts)
[26_5_in_8] Success!
[Main] Worker finished 26_5_in_8 with score 3.4490256687014904
[23_5_in_5] Success!
[Main] Worker finished 23_5_in_5 with score 5.384931350321754
[21_5_in_DOMINO] Starting (50000 attempts)
[17_DOMINO_in_8] Success!
[11_6_in_6] Success!
[Main] Worker finished 17_DOMINO_in_8 with score 3.1206342394830537[18_DOMINO_in_8] Starting (50000 attempts)

[Main] Worker finished 11_6_in_6 with score 3.9493073634468594
[22_DOMINO_in_8] Starting (50000 attempts)
[16_8_in_6] Starting (50000 attempts)
[28_DOMINO_in_8] Success!
[Main] Worker finished 28_DOMINO_in_8 with score 4.003963114377159
[25_6_in_6] Starting (50000 attempts)
[10_8_in_5] Success!
[Main] Worker finished 10_8_in_5 with score 6.3086008314667135
[16_8_in_DOMINO] Success!
[13_6_in_CIRCLE] Success!
[Main] Worker finished 16_8_in_DOMINO with score 7.160232969366078
[8_DOMINO_in_CIRCLE] Starting (50000 attempts)
[Main] Worker finished 13_6_in_CIRCLE with score 3.8369336484278946
[27_DOMINO_in_8] Success!
[10_8_in_CIRCLE] Starting (50000 attempts)
[9_6_in_8] Success!
[Main] Worker finished 27_DOMINO_in_8 with score 3.820307154948568
[16_6_in_6] Starting (50000 attempts)
[Main] Worker finished 9_6_in_8 with score 2.6447738834161796
[12_5_in_8] Success!
[28_DOMINO_in_6] Success!
[9_8_in_5] Starting (50000 attempts)
[Main] Worker finished 28_DOMINO_in_6 with score 5.178939879312067
[19_DOMINO_in_DOMINO] Starting (50000 attempts)
[Main] Worker finished 12_5_in_8 with score 2.4007400073217737
[17_DOMINO_in_CIRCLE] Success!
[17_DOMINO_in_6] Success!
[18_5_in_DOMINO] Starting (50000 attempts)
[21_5_in_CIRCLE] Success!
[Main] Worker finished 17_DOMINO_in_CIRCLE with score 3.759141572791398
[32_6_in_5] Starting (50000 attempts)
[Main] Worker finished 21_5_in_CIRCLE with score 3.9095319593326012
[Main] Worker finished 17_DOMINO_in_6 with score 4.065885723116708
[9_DOMINO_in_CIRCLE] Success!
[21_5_in_CIRCLE] Starting (50000 attempts)
[11_6_in_6] Starting (50000 attempts)
[Main] Worker finished 9_DOMINO_in_CIRCLE with score 2.803879883664299
[11_DOMINO_in_DOMINO] Starting (50000 attempts)
[17_5_in_6] Success!
[20_8_in_DOMINO] Success!
[Main] Worker finished 17_5_in_6 with score 3.7683056475804717
[10_8_in_5] Starting (50000 attempts)
[Main] Worker finished 20_8_in_DOMINO with score 8.102774853359481
[19_5_in_DOMINO] Success!
[13_DOMINO_in_8] Success!
[17_5_in_DOMINO] Starting (50000 attempts)
[Main] Worker finished 19_5_in_DOMINO with score 4.697834635053744[16_5_in_DOMINO] Starting (50000 attempts)

[Main] Worker finished 13_DOMINO_in_8 with score 2.5794828405467167
[24_5_in_6] Success!
[9_6_in_8] Starting (50000 attempts)
[20_DOMINO_in_DOMINO] Success!
[Main] Worker finished 20_DOMINO_in_DOMINO with score 5.012765064798198
[19_8_in_CIRCLE] Starting (50000 attempts)
[Main] Worker finished 24_5_in_6 with score 4.479815897501027
[20_DOMINO_in_DOMINO] Starting (50000 attempts)
[28_6_in_6] Starting (50000 attempts)
[10_DOMINO_in_CIRCLE] Success!
[Main] Worker finished 10_DOMINO_in_CIRCLE with score 2.9559621946049712
[11_8_in_5] Success!
[Main] Worker finished 11_8_in_5 with score 6.497991980936347
[20_6_in_DOMINO] Starting (50000 attempts)
[15_6_in_6] Success!
[Main] Worker finished 15_6_in_6 with score 4.475245630635559[23_6_in_5] Starting (50000 attempts)

[14_DOMINO_in_8] Success!
[Main] Worker finished 14_DOMINO_in_8 with score 2.72976517994299
[13_5_in_8] Starting (50000 attempts)
[16_DOMINO_in_8] Starting (50000 attempts)
[20_8_in_8] Success!
[Main] Worker finished 20_8_in_8 with score 5.102893955208136
[19_6_in_DOMINO] Starting (50000 attempts)
[13_8_in_6] Success!
[Main] Worker finished 13_8_in_6 with score 5.790189669490146
[19_6_in_8] Success!
[Main] Worker finished 19_6_in_8 with score 3.589771994472611
[25_5_in_5] Starting (50000 attempts)
[13_DOMINO_in_5] Success!
[20_5_in_DOMINO] Success!
[Main] Worker finished 13_DOMINO_in_5 with score 4.490747745863403[19_6_in_8] Starting (50000 attempts)

[Main] Worker finished 20_5_in_DOMINO with score 4.8203042879733635
[22_5_in_5] Starting (50000 attempts)
[27_5_in_6] Starting (50000 attempts)
[18_DOMINO_in_8] Success!
[Main] Worker finished 18_DOMINO_in_8 with score 3.0351924158142594
[29_DOMINO_in_6] Starting (50000 attempts)
[21_5_in_DOMINO] Success!
[Main] Worker finished 21_5_in_DOMINO with score 4.904537362780794
[16_DOMINO_in_CIRCLE] Starting (50000 attempts)
[8_DOMINO_in_CIRCLE] Success!
[Main] Worker finished 8_DOMINO_in_CIRCLE with score 2.6915521371235593
[16_8_in_6] Success!
[22_DOMINO_in_8] Success!
[Main] Worker finished 16_8_in_6 with score 6.2478639807772485
[31_6_in_5] Starting (50000 attempts)
[Main] Worker finished 22_DOMINO_in_8 with score 3.440622428928729
[22_8_in_DOMINO] Starting (50000 attempts)
[10_8_in_CIRCLE] Success!
[Main] Worker finished 10_8_in_CIRCLE with score 4.75127218611163
[9_5_in_6] Starting (50000 attempts)
[12_DOMINO_in_CIRCLE] Starting (50000 attempts)
[25_6_in_6] Success!
[Main] Worker finished 25_6_in_6 with score 5.663881359656193
[26_8_in_8] Success!
[9_8_in_5] Success!
[16_6_in_6] Success!
[18_5_in_DOMINO] Success!
[Main] Worker finished 16_6_in_6 with score 4.558228051991228
[20_6_in_5] Starting (50000 attempts)
[Main] Worker finished 18_5_in_DOMINO with score 4.569815862524372
[Main] Worker finished 26_8_in_8 with score 5.777467632032182
[Main] Worker finished 9_8_in_5 with score 5.994170884047151
[19_DOMINO_in_DOMINO] Success!
[11_DOMINO_in_CIRCLE] Starting (50000 attempts)
[23_5_in_5] Starting (50000 attempts)
[11_6_in_6] Success!
[11_DOMINO_in_DOMINO] Success!
[28_DOMINO_in_8] Starting (50000 attempts)
[Main] Worker finished 11_6_in_6 with score 3.9493073634468594
[17_DOMINO_in_8] Starting (50000 attempts)
[Main] Worker finished 11_DOMINO_in_DOMINO with score 3.827281560659983
[Main] Worker finished 19_DOMINO_in_DOMINO with score 4.882630265799585
[27_DOMINO_in_8] Starting (50000 attempts)
[21_5_in_CIRCLE] Success!
[20_DOMINO_in_8] Starting (50000 attempts)
[10_8_in_5] Success!
[17_5_in_DOMINO] Success!
[Main] Worker finished 17_5_in_DOMINO with score 4.409839693042728
[30_5_in_8] Starting (50000 attempts)
[Main] Worker finished 21_5_in_CIRCLE with score 3.9095319593326012
[Main] Worker finished 10_8_in_5 with score 6.3086008314667135
[9_6_in_8] Success!
[21_5_in_CIRCLE] Starting (50000 attempts)
[20_DOMINO_in_DOMINO] Success!
[16_5_in_DOMINO] Success!
[10_8_in_CIRCLE] Starting (50000 attempts)
[32_6_in_5] Success!
[Main] Worker finished 20_DOMINO_in_DOMINO with score 5.012765064798198
[16_8_in_DOMINO] Starting (50000 attempts)
[Main] Worker finished 16_5_in_DOMINO with score 4.309862100185108
[Main] Worker finished 32_6_in_5 with score 7.812784092602333
[Main] Worker finished 9_6_in_8 with score 2.6447738834161796
[20_6_in_DOMINO] Success!
[28_6_in_6] Success!
[20_DOMINO_in_DOMINO] Starting (50000 attempts)
[9_8_in_5] Starting (50000 attempts)
[13_5_in_8] Success!
[26_DOMINO_in_6] Starting (50000 attempts)
[Main] Worker finished 20_6_in_DOMINO with score 5.8434126687983206
[19_DOMINO_in_8] Starting (50000 attempts)
[Main] Worker finished 13_5_in_8 with score 2.5069731037578142
[Main] Worker finished 28_6_in_6 with score 5.949837118888085
[19_8_in_CIRCLE] Success!
[16_DOMINO_in_8] Success!
[11_6_in_6] Starting (50000 attempts)
[13_6_in_CIRCLE] Starting (50000 attempts)
[Main] Worker finished 16_DOMINO_in_8 with score 3.0294424570362044
[28_DOMINO_in_6] Starting (50000 attempts)
[Main] Worker finished 19_8_in_CIRCLE with score 6.0953254095291225
[23_6_in_5] Success!
[12_5_in_8] Starting (50000 attempts)
[19_6_in_DOMINO] Success!
[Main] Worker finished 23_6_in_5 with score 6.700106835949054
[17_DOMINO_in_CIRCLE] Starting (50000 attempts)
[Main] Worker finished 19_6_in_DOMINO with score 5.693379391606711
[20_8_in_DOMINO] Starting (50000 attempts)
[17_5_in_6] Starting (50000 attempts)
[25_5_in_5] Success!
[Main] Worker finished 25_5_in_5 with score 5.6215705425904785
[19_6_in_8] Success!
[27_5_in_6] Success!
[16_DOMINO_in_CIRCLE] Success!
[Main] Worker finished 19_6_in_8 with score 3.5897681901929794
[23_DOMINO_in_6] Starting (50000 attempts)
[Main] Worker finished 27_5_in_6 with score 4.733780902267363
[Main] Worker finished 16_DOMINO_in_CIRCLE with score 3.739025311560138
[22_5_in_5] Success!
[19_6_in_8] Starting (50000 attempts)
[29_DOMINO_in_6] Success!
[9_6_in_8] Starting (50000 attempts)
[9_5_in_6] Success!
[12_DOMINO_in_CIRCLE] Success!
[Main] Worker finished 12_DOMINO_in_CIRCLE with score 3.2342712519580337
[9_DOMINO_in_CIRCLE] Starting (50000 attempts)
[Main] Worker finished 29_DOMINO_in_6 with score 5.254905505951324
[Main] Worker finished 9_5_in_6 with score 2.8900148954966616
[Main] Worker finished 22_5_in_5 with score 5.302443940088193
[24_5_in_6] Starting (50000 attempts)
[22_8_in_DOMINO] Success!
[19_5_in_DOMINO] Starting (50000 attempts)
[13_DOMINO_in_8] Starting (50000 attempts)
[11_DOMINO_in_CIRCLE] Success!
[Main] Worker finished 22_8_in_DOMINO with score 8.382506079934158
[11_8_in_5] Starting (50000 attempts)
[Main] Worker finished 11_DOMINO_in_CIRCLE with score 3.1860393694450497
[15_6_in_6] Starting (50000 attempts)
[10_DOMINO_in_CIRCLE] Starting (50000 attempts)
[20_6_in_5] Success!
[Main] Worker finished 20_6_in_5 with score 6.281350871924349
[17_DOMINO_in_8] Success!
[31_6_in_5] Success!
[Main] Worker finished 17_DOMINO_in_8 with score 3.1206342394830537
[20_8_in_8] Starting (50000 attempts)
[Main] Worker finished 31_6_in_5 with score 7.676416747555321
[14_DOMINO_in_8] Starting (50000 attempts)
[20_DOMINO_in_8] Success!
[23_5_in_5] Success!
[13_8_in_6] Starting (50000 attempts)
[Main] Worker finished 20_DOMINO_in_8 with score 3.3236392676260467
[Main] Worker finished 23_5_in_5 with score 5.384931350321754
[27_DOMINO_in_8] Success!
[28_DOMINO_in_8] Success!
[20_5_in_DOMINO] Starting (50000 attempts)
[30_5_in_8] Success!
[Main] Worker finished 30_5_in_8 with score 3.6842249742051214
[26_8_in_8] Starting (50000 attempts)
[Main] Worker finished 27_DOMINO_in_8 with score 3.820307154948568
[Main] Worker finished 28_DOMINO_in_8 with score 4.003963114377159
[10_8_in_CIRCLE] Success!
[11_DOMINO_in_8] Starting (50000 attempts)
[21_5_in_CIRCLE] Success!
[13_DOMINO_in_5] Starting (50000 attempts)
[Main] Worker finished 21_5_in_CIRCLE with score 3.9095319593326012[21_5_in_DOMINO] Starting (50000 attempts)

[Main] Worker finished 10_8_in_CIRCLE with score 4.75127218611163
[18_DOMINO_in_8] Starting (50000 attempts)
[20_DOMINO_in_DOMINO] Success!
[19_DOMINO_in_8] Success!
[Main] Worker finished 19_DOMINO_in_8 with score 3.117498006277882
[22_DOMINO_in_8] Starting (50000 attempts)
[Main] Worker finished 20_DOMINO_in_DOMINO with score 5.012765064798198
[9_8_in_5] Success!
[16_8_in_DOMINO] Success!
[28_DOMINO_in_6] Success!
[20_DOMINO_in_DOMINO] Starting (50000 attempts)
[Main] Worker finished 16_8_in_DOMINO with score 7.160232969366078[16_8_in_6] Starting (50000 attempts)

[Main] Worker finished 28_DOMINO_in_6 with score 5.18982762558715
[Main] Worker finished 9_8_in_5 with score 5.994170884047151
[11_6_in_6] Success!
[28_DOMINO_in_6] Starting (50000 attempts)
[13_6_in_CIRCLE] Success!
[26_DOMINO_in_6] Success!
[25_6_in_6] Starting (50000 attempts)
[12_5_in_8] Success!
[17_DOMINO_in_CIRCLE] Success!
[Main] Worker finished 17_DOMINO_in_CIRCLE with score 3.759141572791398
[19_DOMINO_in_6] Starting (50000 attempts)
[Main] Worker finished 13_6_in_CIRCLE with score 3.8369336484278946
[Main] Worker finished 26_DOMINO_in_6 with score 5.015126281643684
[Main] Worker finished 12_5_in_8 with score 2.4007400073217737
[Main] Worker finished 11_6_in_6 with score 3.9493073634468594
[10_8_in_CIRCLE] Starting (50000 attempts)
[8_DOMINO_in_CIRCLE] Starting (50000 attempts)
[16_6_in_6] Starting (50000 attempts)
[17_5_in_6] Success!
[23_DOMINO_in_6] Success!
[19_DOMINO_in_DOMINO] Starting (50000 attempts)
[Main] Worker finished 17_5_in_6 with score 3.7683056475804717[18_5_in_DOMINO] Starting (50000 attempts)

[Main] Worker finished 23_DOMINO_in_6 with score 4.70068724238621
[23_DOMINO_in_6] Starting (50000 attempts)
[19_6_in_8] Success!
[20_8_in_DOMINO] Success!
[9_6_in_8] Success!
[Main] Worker finished 20_8_in_DOMINO with score 8.102774853359481
[32_6_in_5] Starting (50000 attempts)
[Main] Worker finished 19_6_in_8 with score 3.58976468560864
[Main] Worker finished 9_6_in_8 with score 2.6447738834161796
[9_DOMINO_in_CIRCLE] Success!
[19_6_in_8] Starting (50000 attempts)
[9_8_in_5] Starting (50000 attempts)
[Main] Worker finished 9_DOMINO_in_CIRCLE with score 2.803879883664299
[10_8_in_5] Starting (50000 attempts)
[13_DOMINO_in_8] Success!
[Main] Worker finished 13_DOMINO_in_8 with score 2.5794828405467167
[11_DOMINO_in_DOMINO] Starting (50000 attempts)
[19_5_in_DOMINO] Success!
[Main] Worker finished 19_5_in_DOMINO with score 4.697834635053744
[17_5_in_DOMINO] Starting (50000 attempts)
[11_8_in_5] Success!
[10_DOMINO_in_CIRCLE] Success!
[Main] Worker finished 10_DOMINO_in_CIRCLE with score 2.9559621946049712
[16_5_in_DOMINO] Starting (50000 attempts)
[Main] Worker finished 11_8_in_5 with score 6.497991980936347
[24_5_in_6] Success!
[15_6_in_6] Success!
[19_8_in_CIRCLE] Starting (50000 attempts)
[Main] Worker finished 24_5_in_6 with score 4.479815897501027
[28_6_in_6] Starting (50000 attempts)
[Main] Worker finished 15_6_in_6 with score 4.475245630635559
[14_DOMINO_in_8] Success!
[20_6_in_DOMINO] Starting (50000 attempts)
[Main] Worker finished 14_DOMINO_in_8 with score 2.72976517994299
[23_6_in_5] Starting (50000 attempts)
[13_5_in_8] Starting (50000 attempts)
[11_DOMINO_in_8] Success!
[Main] Worker finished 11_DOMINO_in_8 with score 2.479470100672403
[16_DOMINO_in_8] Starting (50000 attempts)
[13_8_in_6] Success!
[Main] Worker finished 13_8_in_6 with score 5.790189669490146
[20_5_in_DOMINO] Success!
[20_8_in_8] Success!
[Main] Worker finished 20_8_in_8 with score 5.102893955208136
[9_6_in_8] Starting (50000 attempts)
[Main] Worker finished 20_5_in_DOMINO with score 4.8203042879733635
[13_DOMINO_in_5] Success!
[19_6_in_DOMINO] Starting (50000 attempts)
[Main] Worker finished 13_DOMINO_in_5 with score 4.282850583980959
[25_5_in_5] Starting (50000 attempts)
[18_DOMINO_in_8] Success!
[Main] Worker finished 18_DOMINO_in_8 with score 3.0351924158142594
[13_DOMINO_in_5] Starting (50000 attempts)
[22_DOMINO_in_8] Success!
[22_5_in_5] Starting (50000 attempts)
[Main] Worker finished 22_DOMINO_in_8 with score 3.440622428928729
[21_5_in_DOMINO] Success!
[20_DOMINO_in_DOMINO] Success!
[Main] Worker finished 21_5_in_DOMINO with score 4.904537362780794
[27_5_in_6] Starting (50000 attempts)
[Main] Worker finished 20_DOMINO_in_DOMINO with score 5.012765064798198
[29_DOMINO_in_6] Starting (50000 attempts)
[16_DOMINO_in_CIRCLE] Starting (50000 attempts)
[16_8_in_6] Success!
[Main] Worker finished 16_8_in_6 with score 6.2478639807772485
[8_DOMINO_in_CIRCLE] Success!
[28_DOMINO_in_6] Success!
[19_DOMINO_in_6] Success!
[Main] Worker finished 19_DOMINO_in_6 with score 4.2622973023819855
[31_6_in_5] Starting (50000 attempts)
[Main] Worker finished 28_DOMINO_in_6 with score 5.158264464405252
[Main] Worker finished 8_DOMINO_in_CIRCLE with score 2.6915521371235593
[10_8_in_CIRCLE] Success!
[26_8_in_8] Success!
[28_DOMINO_in_6] Starting (50000 attempts)
[25_6_in_6] Success!
[19_DOMINO_in_DOMINO] Success!
[22_8_in_DOMINO] Starting (50000 attempts)
[18_5_in_DOMINO] Success!
[16_6_in_6] Success!
[Main] Worker finished 16_6_in_6 with score 4.558228051991228
[9_5_in_6] Starting (50000 attempts)
[Main] Worker finished 19_DOMINO_in_DOMINO with score 4.882630265799585
[Main] Worker finished 18_5_in_DOMINO with score 4.569815862524372
[Main] Worker finished 10_8_in_CIRCLE with score 4.75127218611163
[Main] Worker finished 26_8_in_8 with score 5.777467632032182
[Main] Worker finished 25_6_in_6 with score 5.663881359656193
[12_DOMINO_in_CIRCLE] Starting (50000 attempts)
[23_DOMINO_in_6] Success!
[20_6_in_5] Starting (50000 attempts)
[11_6_in_6] Starting (50000 attempts)
[11_DOMINO_in_CIRCLE] Starting (50000 attempts)
[23_5_in_5] Starting (50000 attempts)
[Main] Worker finished 23_DOMINO_in_6 with score 4.637651263027077
[28_DOMINO_in_8] Starting (50000 attempts)
[11_DOMINO_in_DOMINO] Success!
[9_8_in_5] Success!
[32_6_in_5] Success!
[Main] Worker finished 11_DOMINO_in_DOMINO with score 3.827281560659983
[23_DOMINO_in_6] Starting (50000 attempts)
[Main] Worker finished 9_8_in_5 with score 5.994170884047151
[Main] Worker finished 32_6_in_5 with score 7.812784092602333
[19_6_in_8] Success!
[17_DOMINO_in_8] Starting (50000 attempts)
[10_8_in_5] Success!
[27_DOMINO_in_6] Starting (50000 attempts)
[17_5_in_DOMINO] Success!
[Main] Worker finished 10_8_in_5 with score 6.3086008314667135[27_DOMINO_in_8] Starting (50000 attempts)

[Main] Worker finished 19_6_in_8 with score 3.589761457113903
[Main] Worker finished 17_5_in_DOMINO with score 4.409839693042728
[19_6_in_8] Starting (50000 attempts)
[16_5_in_DOMINO] Success!
[20_DOMINO_in_8] Starting (50000 attempts)
[Main] Worker finished 16_5_in_DOMINO with score 4.309862100185108
[30_5_in_8] Starting (50000 attempts)
[10_8_in_CIRCLE] Starting (50000 attempts)
[20_6_in_DOMINO] Success!
[Main] Worker finished 20_6_in_DOMINO with score 5.8434126687983206
[13_5_in_8] Success!
[Main] Worker finished 13_5_in_8 with score 2.5069731037578142
[16_8_in_DOMINO] Starting (50000 attempts)
[26_DOMINO_in_6] Starting (50000 attempts)
[16_DOMINO_in_8] Success!
[Main] Worker finished 16_DOMINO_in_8 with score 3.0294424570362044
[9_6_in_8] Success!
[19_8_in_CIRCLE] Success!
[28_6_in_6] Success!
[23_6_in_5] Success!
[Main] Worker finished 28_6_in_6 with score 5.949837118888085[19_DOMINO_in_8] Starting (50000 attempts)

[Main] Worker finished 19_8_in_CIRCLE with score 6.0953254095291225
[Main] Worker finished 9_6_in_8 with score 2.6447738834161796
[Main] Worker finished 23_6_in_5 with score 6.700106835949054
[13_6_in_CIRCLE] Starting (50000 attempts)
[12_5_in_8] Starting (50000 attempts)
[13_DOMINO_in_5] Success!
[17_DOMINO_in_CIRCLE] Starting (50000 attempts)
[19_6_in_DOMINO] Success!
[Main] Worker finished 13_DOMINO_in_5 with score 4.282850583980959
[20_8_in_DOMINO] Starting (50000 attempts)
[Main] Worker finished 19_6_in_DOMINO with score 5.693379391606711
[13_DOMINO_in_5] Starting (50000 attempts)
[18_DOMINO_in_6] Starting (50000 attempts)
[25_5_in_5] Success!
[Main] Worker finished 25_5_in_5 with score 5.6215705425904785
[16_DOMINO_in_CIRCLE] Success!
[22_5_in_5] Success!
[Main] Worker finished 16_DOMINO_in_CIRCLE with score 3.739025311560138
[17_5_in_6] Starting (50000 attempts)
[Main] Worker finished 22_5_in_5 with score 5.302443940088193
[9_DOMINO_in_CIRCLE] Starting (50000 attempts)
[24_5_in_6] Starting (50000 attempts)
[27_5_in_6] Success!
[Main] Worker finished 27_5_in_6 with score 4.733780902267363
[28_DOMINO_in_6] Success!
[29_DOMINO_in_6] Success!
[Main] Worker finished 28_DOMINO_in_6 with score 5.159812253292031[19_5_in_DOMINO] Starting (50000 attempts)

[Main] Worker finished 29_DOMINO_in_6 with score 5.270694683865627
[13_DOMINO_in_8] Starting (50000 attempts)
[20_DOMINO_in_CIRCLE] Starting (50000 attempts)
[9_5_in_6] Success!
[Main] Worker finished 9_5_in_6 with score 2.8900148954966616
[12_DOMINO_in_CIRCLE] Success!
[Main] Worker finished 12_DOMINO_in_CIRCLE with score 3.2342712519580337[11_8_in_5] Starting (50000 attempts)

[15_6_in_6] Starting (50000 attempts)
[11_6_in_6] Success!
[Main] Worker finished 11_6_in_6 with score 3.9493073634468594
[11_DOMINO_in_CIRCLE] Success!
[Main] Worker finished 11_DOMINO_in_CIRCLE with score 3.1860393694450497
[10_DOMINO_in_CIRCLE] Starting (50000 attempts)
[23_DOMINO_in_6] Success!
[Main] Worker finished 23_DOMINO_in_6 with score 4.6310101130024
[20_8_in_8] Starting (50000 attempts)
[20_6_in_5] Success!
[22_8_in_DOMINO] Success!
[31_6_in_5] Success!
[Main] Worker finished 22_8_in_DOMINO with score 8.382506079934158
[23_DOMINO_in_6] Starting (50000 attempts)
[Main] Worker finished 31_6_in_5 with score 7.676416747555321
[Main] Worker finished 20_6_in_5 with score 6.281350871924349
[28_DOMINO_in_8] Success!
[14_DOMINO_in_8] Starting (50000 attempts)
[17_DOMINO_in_8] Success!
[25_DOMINO_in_6] Starting (50000 attempts)
[23_5_in_5] Success!
[Main] Worker finished 23_5_in_5 with score 5.384931350321754
[13_8_in_6] Starting (50000 attempts)
[Main] Worker finished 28_DOMINO_in_8 with score 4.003963114377159
[Main] Worker finished 17_DOMINO_in_8 with score 3.1206342394830537
[20_5_in_DOMINO] Starting (50000 attempts)
[27_DOMINO_in_8] Success!
[27_DOMINO_in_6] Success!
[26_8_in_8] Starting (50000 attempts)
[10_8_in_CIRCLE] Success!
[20_DOMINO_in_8] Success!
[30_5_in_8] Success!
[19_6_in_8] Success!
[Main] Worker finished 20_DOMINO_in_8 with score 3.273566990844642
[11_DOMINO_in_8] Starting (50000 attempts)
[Main] Worker finished 19_6_in_8 with score 3.589758482961814
[Main] Worker finished 30_5_in_8 with score 3.669594962813949
[Main] Worker finished 27_DOMINO_in_8 with score 3.820307154948568
[Main] Worker finished 10_8_in_CIRCLE with score 4.75127218611163
[Main] Worker finished 27_DOMINO_in_6 with score 5.154060180690015
[20_DOMINO_in_8] Starting (50000 attempts)
[30_5_in_8] Starting (50000 attempts)
[16_8_in_DOMINO] Success!
[19_6_in_8] Starting (50000 attempts)
[13_6_in_CIRCLE] Success!
[26_DOMINO_in_6] Success!
[9_8_in_5] Starting (50000 attempts)
[19_DOMINO_in_8] Success!
[21_5_in_DOMINO] Starting (50000 attempts)
[12_5_in_8] Success!
[Main] Worker finished 26_DOMINO_in_6 with score 4.916306842271804[18_DOMINO_in_8] Starting (50000 attempts)

[Main] Worker finished 19_DOMINO_in_8 with score 3.117498006277882
[Main] Worker finished 12_5_in_8 with score 2.4007400073217737
[Main] Worker finished 16_8_in_DOMINO with score 7.160232969366078
[Main] Worker finished 13_6_in_CIRCLE with score 3.8369336484278946
[18_DOMINO_in_6] Success!
[17_DOMINO_in_CIRCLE] Success!
[26_DOMINO_in_6] Starting (50000 attempts)
[13_DOMINO_in_5] Success!
[22_DOMINO_in_8] Starting (50000 attempts)
[16_8_in_6] Starting (50000 attempts)
[25_6_in_6] Starting (50000 attempts)
[9_DOMINO_in_CIRCLE] Success!
[Main] Worker finished 13_DOMINO_in_5 with score 4.354619319479566
[19_DOMINO_in_6] Starting (50000 attempts)
[Main] Worker finished 17_DOMINO_in_CIRCLE with score 3.759141572791398
[Main] Worker finished 9_DOMINO_in_CIRCLE with score 2.803879883664299
[Main] Worker finished 18_DOMINO_in_6 with score 4.121356027867177
[18_DOMINO_in_6] Starting (50000 attempts)
[17_5_in_6] Success!
[10_8_in_CIRCLE] Starting (50000 attempts)
[20_8_in_DOMINO] Success!
[8_DOMINO_in_CIRCLE] Starting (50000 attempts)
[13_DOMINO_in_8] Success!
[19_5_in_DOMINO] Success!
[Main] Worker finished 13_DOMINO_in_8 with score 2.5794828405467167[16_6_in_6] Starting (50000 attempts)

[Main] Worker finished 20_8_in_DOMINO with score 8.102774853359481
[Main] Worker finished 19_5_in_DOMINO with score 4.697834635053744
[Main] Worker finished 17_5_in_6 with score 3.7683056475804717
[20_DOMINO_in_CIRCLE] Success!
[13_DOMINO_in_8] Starting (50000 attempts)
[24_5_in_6] Success!
[11_8_in_5] Success!
[19_DOMINO_in_DOMINO] Starting (50000 attempts)
[10_DOMINO_in_CIRCLE] Success!
[18_5_in_DOMINO] Starting (50000 attempts)
[15_6_in_6] Success!
[32_6_in_5] Starting (50000 attempts)
[Main] Worker finished 10_DOMINO_in_CIRCLE with score 2.9559621946049712
[Main] Worker finished 20_DOMINO_in_CIRCLE with score 4.005424261426858
[Main] Worker finished 15_6_in_6 with score 4.475245630635559
[Main] Worker finished 11_8_in_5 with score 6.497991980936347
[Main] Worker finished 24_5_in_6 with score 4.479815897501027
[20_DOMINO_in_CIRCLE] Starting (50000 attempts)
[10_8_in_5] Starting (50000 attempts)
[11_DOMINO_in_DOMINO] Starting (50000 attempts)
[14_DOMINO_in_8] Success!
[17_5_in_DOMINO] Starting (50000 attempts)
[23_DOMINO_in_6] Success!
[25_DOMINO_in_6] Success!
[Main] Worker finished 25_DOMINO_in_6 with score 4.859607707333249
[16_5_in_DOMINO] Starting (50000 attempts)
[Main] Worker finished 23_DOMINO_in_6 with score 4.716177353867436
[Main] Worker finished 14_DOMINO_in_8 with score 2.72976517994299
[23_DOMINO_in_6] Starting (50000 attempts)
[31_5_in_6] Starting (50000 attempts)
[20_8_in_8] Success!
[13_8_in_6] Success!
[Main] Worker finished 13_8_in_6 with score 5.790189669490146
[19_8_in_CIRCLE] Starting (50000 attempts)
[Main] Worker finished 20_8_in_8 with score 5.102893955208136
[9_6_in_8] Starting (50000 attempts)
[11_DOMINO_in_8] Success!
[Main] Worker finished 11_DOMINO_in_8 with score 2.4923975738793205
[28_6_in_6] Starting (50000 attempts)
[20_5_in_DOMINO] Success!
[Main] Worker finished 20_5_in_DOMINO with score 4.8203042879733635
[20_6_in_DOMINO] Starting (50000 attempts)
[25_DOMINO_in_8] Starting (50000 attempts)
[20_DOMINO_in_8] Success!
[Main] Worker finished 20_DOMINO_in_8 with score 3.3572113814404516
[30_DOMINO_in_6] Starting (50000 attempts)
[9_8_in_5] Success!
[Main] Worker finished 9_8_in_5 with score 5.994170884047151
[23_6_in_5] Starting (50000 attempts)
[19_6_in_8] Success!
[Main] Worker finished 19_6_in_8 with score 3.589755743117885
[18_DOMINO_in_8] Success!
[21_5_in_DOMINO] Success!
[Main] Worker finished 21_5_in_DOMINO with score 4.904537362780794
[19_6_in_8] Starting (50000 attempts)
[Main] Worker finished 18_DOMINO_in_8 with score 3.0351924158142594
[30_5_in_8] Success!
[18_DOMINO_in_8] Starting (50000 attempts)
[Main] Worker finished 30_5_in_8 with score 3.72841425391204
[13_5_in_8] Starting (50000 attempts)
[16_DOMINO_in_8] Starting (50000 attempts)
[26_DOMINO_in_6] Success!
[Main] Worker finished 26_DOMINO_in_6 with score 5.055703176749632
[26_8_in_8] Success!
[22_DOMINO_in_8] Success!
[Main] Worker finished 26_8_in_8 with score 5.777467632032182[19_6_in_DOMINO] Starting (50000 attempts)

[Main] Worker finished 22_DOMINO_in_8 with score 3.440622428928729
[18_DOMINO_in_6] Success!
[25_6_in_6] Success!
[25_5_in_5] Starting (50000 attempts)
[19_DOMINO_in_6] Success!
[Main] Worker finished 18_DOMINO_in_6 with score 4.068936251982173
[22_5_in_5] Starting (50000 attempts)
[Main] Worker finished 25_6_in_6 with score 5.663881359656193
[Main] Worker finished 19_DOMINO_in_6 with score 4.216088248170372
[19_DOMINO_in_6] Starting (50000 attempts)
[8_DOMINO_in_CIRCLE] Success!
[16_8_in_6] Success!
[10_8_in_CIRCLE] Success!
[18_DOMINO_in_6] Starting (50000 attempts)
[Main] Worker finished 16_8_in_6 with score 6.2478639807772485[27_5_in_6] Starting (50000 attempts)

[Main] Worker finished 10_8_in_CIRCLE with score 4.75127218611163
[Main] Worker finished 8_DOMINO_in_CIRCLE with score 2.6915521371235593
[16_6_in_6] Success!
[13_DOMINO_in_8] Success!
[29_DOMINO_in_6] Starting (50000 attempts)
[16_DOMINO_in_CIRCLE] Starting (50000 attempts)
[19_DOMINO_in_DOMINO] Success!
[Main] Worker finished 16_6_in_6 with score 4.558228051991228[31_6_in_5] Starting (50000 attempts)

[Main] Worker finished 19_DOMINO_in_DOMINO with score 4.882630265799585
[Main] Worker finished 13_DOMINO_in_8 with score 2.5794828405467167
[22_8_in_DOMINO] Starting (50000 attempts)
[18_5_in_DOMINO] Success!
[11_DOMINO_in_DOMINO] Success!
[10_8_in_5] Success!
[9_5_in_6] Starting (50000 attempts)
[20_DOMINO_in_CIRCLE] Success!
[Main] Worker finished 10_8_in_5 with score 6.3086008314667135
[12_DOMINO_in_CIRCLE] Starting (50000 attempts)
[Main] Worker finished 18_5_in_DOMINO with score 4.569815862524372
[Main] Worker finished 11_DOMINO_in_DOMINO with score 3.827281560659983
[Main] Worker finished 20_DOMINO_in_CIRCLE with score 4.060547573445069
[20_DOMINO_in_CIRCLE] Starting (50000 attempts)
[17_5_in_DOMINO] Success!
[23_DOMINO_in_6] Success!
[20_6_in_5] Starting (50000 attempts)
[16_5_in_DOMINO] Success!
[11_6_in_6] Starting (50000 attempts)
[9_6_in_8] Success!
[Main] Worker finished 17_5_in_DOMINO with score 4.409839693042728
[11_DOMINO_in_CIRCLE] Starting (50000 attempts)
[Main] Worker finished 9_6_in_8 with score 2.6447738834161796
[Main] Worker finished 16_5_in_DOMINO with score 4.309862100185108
[32_6_in_5] Success!
[Main] Worker finished 23_DOMINO_in_6 with score 4.7062832791270655
[10_8_in_CIRCLE] Starting (50000 attempts)
[23_5_in_5] Starting (50000 attempts)
[28_DOMINO_in_8] Starting (50000 attempts)
[Main] Worker finished 32_6_in_5 with score 7.812784092602333
[17_DOMINO_in_8] Starting (50000 attempts)
[27_DOMINO_in_6] Starting (50000 attempts)
[31_5_in_6] Success!
[Main] Worker finished 31_5_in_6 with score 5.1040516532377795
[20_6_in_DOMINO] Success!
[25_DOMINO_in_8] Success!
[19_8_in_CIRCLE] Success!
[Main] Worker finished 19_8_in_CIRCLE with score 6.0953254095291225[31_5_in_6] Starting (50000 attempts)

[Main] Worker finished 25_DOMINO_in_8 with score 3.5764417535910717
[Main] Worker finished 20_6_in_DOMINO with score 5.8434126687983206
[25_DOMINO_in_8] Starting (50000 attempts)
[27_DOMINO_in_8] Starting (50000 attempts)
[28_6_in_6] Success!
[Main] Worker finished 28_6_in_6 with score 5.949837118888085
[16_8_in_DOMINO] Starting (50000 attempts)
[30_DOMINO_in_6] Success!
[Main] Worker finished 30_DOMINO_in_6 with score 5.312187430614249
[19_DOMINO_in_8] Starting (50000 attempts)
[30_DOMINO_in_6] Starting (50000 attempts)
[16_DOMINO_in_8] Success!
[Main] Worker finished 16_DOMINO_in_8 with score 3.0294424570362044
[23_6_in_5] Success!
[13_5_in_8] Success!
[18_DOMINO_in_8] Success!
[Main] Worker finished 13_5_in_8 with score 2.5069731037578142
[13_6_in_CIRCLE] Starting (50000 attempts)
[Main] Worker finished 23_6_in_5 with score 6.700106835949054
[Main] Worker finished 18_DOMINO_in_8 with score 3.0351924158142594
[19_6_in_8] Success!
[18_DOMINO_in_8] Starting (50000 attempts)
[12_5_in_8] Starting (50000 attempts)
[19_6_in_DOMINO] Success!
[Main] Worker finished 19_6_in_DOMINO with score 5.693379391606711[17_DOMINO_in_CIRCLE] Starting (50000 attempts)

[Main] Worker finished 19_6_in_8 with score 3.5897532191253148
[19_DOMINO_in_6] Success!
[19_6_in_8] Starting (50000 attempts)
[18_DOMINO_in_6] Success!
[Main] Worker finished 18_DOMINO_in_6 with score 4.119863844533865
[20_8_in_DOMINO] Starting (50000 attempts)
[22_5_in_5] Success!
[Main] Worker finished 19_DOMINO_in_6 with score 4.2501702872922085
[25_5_in_5] Success!
[18_DOMINO_in_6] Starting (50000 attempts)
[Main] Worker finished 22_5_in_5 with score 5.302443940088193
[17_5_in_6] Starting (50000 attempts)
[Main] Worker finished 25_5_in_5 with score 5.6215705425904785
[16_DOMINO_in_CIRCLE] Success!
[9_DOMINO_in_CIRCLE] Starting (50000 attempts)
[29_DOMINO_in_6] Success!
[Main] Worker finished 29_DOMINO_in_6 with score 5.2480782261173555
[24_5_in_6] Starting (50000 attempts)
[Main] Worker finished 16_DOMINO_in_CIRCLE with score 3.739025311560138
[27_5_in_6] Success!
[9_5_in_6] Success!
[29_DOMINO_in_6] Starting (50000 attempts)
[Main] Worker finished 27_5_in_6 with score 4.733780902267363
[19_5_in_DOMINO] Starting (50000 attempts)
[Main] Worker finished 9_5_in_6 with score 2.8900148954966616
[11_8_in_5] Starting (50000 attempts)
[15_6_in_6] Starting (50000 attempts)
[12_DOMINO_in_CIRCLE] Success!
[Main] Worker finished 12_DOMINO_in_CIRCLE with score 3.2342712519580337
[22_8_in_DOMINO] Success!
[Main] Worker finished 22_8_in_DOMINO with score 8.382506079934158
[10_DOMINO_in_CIRCLE] Starting (50000 attempts)
[20_8_in_8] Starting (50000 attempts)
[20_DOMINO_in_CIRCLE] Success!
[Main] Worker finished 20_DOMINO_in_CIRCLE with score 4.060547573445069
[20_DOMINO_in_CIRCLE] Starting (50000 attempts)
[11_6_in_6] Success!
[Main] Worker finished 11_6_in_6 with score 3.9493073634468594
[11_DOMINO_in_CIRCLE] Success!
[Main] Worker finished 11_DOMINO_in_CIRCLE with score 3.1860393694450497
[14_DOMINO_in_8] Starting (50000 attempts)
[20_6_in_5] Success!
[Main] Worker finished 20_6_in_5 with score 6.281350871924349
[25_DOMINO_in_6] Starting (50000 attempts)
[10_8_in_CIRCLE] Success!
[31_6_in_5] Success!
[Main] Worker finished 10_8_in_CIRCLE with score 4.75127218611163
[13_8_in_6] Starting (50000 attempts)
[Main] Worker finished 31_6_in_5 with score 7.676416747555321
[20_5_in_DOMINO] Starting (50000 attempts)
[17_DOMINO_in_8] Success!
[Main] Worker finished 17_DOMINO_in_8 with score 3.1206342394830537
[26_8_in_8] Starting (50000 attempts)
[23_5_in_5] Success!
[Main] Worker finished 23_5_in_5 with score 5.384931350321754
[11_DOMINO_in_8] Starting (50000 attempts)
[9_8_in_5] Starting (50000 attempts)
[28_DOMINO_in_8] Success!
[Main] Worker finished 28_DOMINO_in_8 with score 4.003963114377159
[27_DOMINO_in_6] Success!
[16_8_in_DOMINO] Success!
[Main] Worker finished 27_DOMINO_in_6 with score 5.131944199533782
[21_5_in_DOMINO] Starting (50000 attempts)
[Main] Worker finished 16_8_in_DOMINO with score 7.160232969366078
[22_DOMINO_in_8] Starting (50000 attempts)
[16_8_in_6] Starting (50000 attempts)
[25_DOMINO_in_8] Success!
[Main] Worker finished 25_DOMINO_in_8 with score 3.705651521645614
[19_DOMINO_in_8] Success!
[Main] Worker finished 19_DOMINO_in_8 with score 3.117498006277882
[25_6_in_6] Starting (50000 attempts)
[8_DOMINO_in_CIRCLE] Starting (50000 attempts)
[13_6_in_CIRCLE] Success!
[Main] Worker finished 13_6_in_CIRCLE with score 3.8369336484278946
[31_5_in_6] Success!
[27_DOMINO_in_8] Success!
[Main] Worker finished 27_DOMINO_in_8 with score 3.820307154948568
[16_6_in_6] Starting (50000 attempts)
[Main] Worker finished 31_5_in_6 with score 5.103439687693986
[18_DOMINO_in_8] Success!
[12_5_in_8] Success!
[31_5_in_6] Starting (50000 attempts)
[30_DOMINO_in_6] Success!
[Main] Worker finished 12_5_in_8 with score 2.4007400073217737
[10_8_in_CIRCLE] Starting (50000 attempts)
[Main] Worker finished 30_DOMINO_in_6 with score 5.345226961391683
[Main] Worker finished 18_DOMINO_in_8 with score 3.0351924158142594
[17_DOMINO_in_CIRCLE] Success!
[30_DOMINO_in_6] Starting (50000 attempts)
[19_6_in_8] Success!
[19_DOMINO_in_DOMINO] Starting (50000 attempts)
[18_DOMINO_in_6] Success!
[Main] Worker finished 19_6_in_8 with score 3.589750893980821
[18_5_in_DOMINO] Starting (50000 attempts)
[Main] Worker finished 18_DOMINO_in_6 with score 4.043130124637253
[Main] Worker finished 17_DOMINO_in_CIRCLE with score 3.759141572791398
[18_DOMINO_in_6] Starting (50000 attempts)
[9_DOMINO_in_CIRCLE] Success!
[19_6_in_8] Starting (50000 attempts)
[20_8_in_DOMINO] Success!
[17_5_in_6] Success!
[Main] Worker finished 9_DOMINO_in_CIRCLE with score 2.803879883664299
[32_6_in_5] Starting (50000 attempts)
[Main] Worker finished 17_5_in_6 with score 3.7683056475804717
[Main] Worker finished 20_8_in_DOMINO with score 8.102774853359481
[10_8_in_5] Starting (50000 attempts)
[11_DOMINO_in_DOMINO] Starting (50000 attempts)
[19_5_in_DOMINO] Success!
[29_DOMINO_in_6] Success!
[Main] Worker finished 19_5_in_DOMINO with score 4.697834635053744[17_5_in_DOMINO] Starting (50000 attempts)

[Main] Worker finished 29_DOMINO_in_6 with score 5.316220414509167
[29_DOMINO_in_6] Starting (50000 attempts)
[16_5_in_DOMINO] Starting (50000 attempts)
[10_DOMINO_in_CIRCLE] Success!
[Main] Worker finished 10_DOMINO_in_CIRCLE with score 2.9559621946049712
[11_8_in_5] Success!
[24_5_in_6] Success!
[15_6_in_6] Success!
[Main] Worker finished 15_6_in_6 with score 4.475245630635559
[19_8_in_CIRCLE] Starting (50000 attempts)
[Main] Worker finished 24_5_in_6 with score 4.479815897501027
[Main] Worker finished 11_8_in_5 with score 6.497991980936347
[9_6_in_8] Starting (50000 attempts)
[20_DOMINO_in_CIRCLE] Success!
[28_6_in_6] Starting (50000 attempts)
[14_DOMINO_in_8] Success!
[Main] Worker finished 20_DOMINO_in_CIRCLE with score 3.998042791841636
[20_6_in_DOMINO] Starting (50000 attempts)
[Main] Worker finished 14_DOMINO_in_8 with score 2.72976517994299
[20_DOMINO_in_CIRCLE] Starting (50000 attempts)
[20_8_in_8] Success!
[Main] Worker finished 20_8_in_8 with score 5.102893955208136
[23_6_in_5] Starting (50000 attempts)
[13_5_in_8] Starting (50000 attempts)
[25_DOMINO_in_6] Success!
[Main] Worker finished 25_DOMINO_in_6 with score 4.928616998667816
[16_DOMINO_in_8] Starting (50000 attempts)
[13_8_in_6] Success!
[Main] Worker finished 13_8_in_6 with score 5.790189669490146
[11_DOMINO_in_8] Success!
[20_5_in_DOMINO] Success!
[Main] Worker finished 11_DOMINO_in_8 with score 2.4717952617588663
[19_6_in_DOMINO] Starting (50000 attempts)
[Main] Worker finished 20_5_in_DOMINO with score 4.8203042879733635
[9_8_in_5] Success!
[25_5_in_5] Starting (50000 attempts)
[Main] Worker finished 9_8_in_5 with score 5.994170884047151
[22_5_in_5] Starting (50000 attempts)
[27_5_in_6] Starting (50000 attempts)
[8_DOMINO_in_CIRCLE] Success!
[Main] Worker finished 8_DOMINO_in_CIRCLE with score 2.6915521371235593
[16_DOMINO_in_CIRCLE] Starting (50000 attempts)
[21_5_in_DOMINO] Success!
[Main] Worker finished 21_5_in_DOMINO with score 4.904537362780794
[22_DOMINO_in_8] Success!
[Main] Worker finished 22_DOMINO_in_8 with score 3.440622428928729
[31_6_in_5] Starting (50000 attempts)
[22_8_in_DOMINO] Starting (50000 attempts)
[25_6_in_6] Success!
[Main] Worker finished 25_6_in_6 with score 5.663881359656193
[9_5_in_6] Starting (50000 attempts)
[16_8_in_6] Success!
[Main] Worker finished 16_8_in_6 with score 6.2478639807772485
[26_8_in_8] Success!
[Main] Worker finished 26_8_in_8 with score 5.777467632032182
[12_DOMINO_in_CIRCLE] Starting (50000 attempts)
[16_6_in_6] Success!
[Main] Worker finished 16_6_in_6 with score 4.558228051991228
[20_6_in_5] Starting (50000 attempts)
[11_6_in_6] Starting (50000 attempts)
[10_8_in_CIRCLE] Success!
[Main] Worker finished 10_8_in_CIRCLE with score 4.75127218611163
[30_DOMINO_in_6] Success!
[Main] Worker finished 30_DOMINO_in_6 with score 5.327083144485142
[11_DOMINO_in_CIRCLE] Starting (50000 attempts)
[19_DOMINO_in_DOMINO] Success!
[Main] Worker finished 19_DOMINO_in_DOMINO with score 4.882630265799585
[23_5_in_5] Starting (50000 attempts)
[18_DOMINO_in_6] Success!
[Main] Worker finished 18_DOMINO_in_6 with score 4.1052138171314505
[28_DOMINO_in_8] Starting (50000 attempts)
[18_5_in_DOMINO] Success!
[31_5_in_6] Success!
[Main] Worker finished 18_5_in_DOMINO with score 4.569815862524372[18_DOMINO_in_6] Starting (50000 attempts)

[Main] Worker finished 31_5_in_6 with score 5.102874980871167
[10_8_in_5] Success!
[11_DOMINO_in_DOMINO] Success!
[31_5_in_6] Starting (50000 attempts)
[Main] Worker finished 10_8_in_5 with score 6.3086008314667135
[17_DOMINO_in_8] Starting (50000 attempts)
[Main] Worker finished 11_DOMINO_in_DOMINO with score 3.827281560659983
[19_6_in_8] Success!
[17_5_in_DOMINO] Success!
[27_DOMINO_in_6] Starting (50000 attempts)
[Main] Worker finished 19_6_in_8 with score 3.5897487520202174
[27_DOMINO_in_8] Starting (50000 attempts)
[Main] Worker finished 17_5_in_DOMINO with score 4.409839693042728
[16_5_in_DOMINO] Success!
[19_6_in_8] Starting (50000 attempts)
[9_6_in_8] Success!
[Main] Worker finished 9_6_in_8 with score 2.6447738834161796
[20_DOMINO_in_8] Starting (50000 attempts)
[Main] Worker finished 16_5_in_DOMINO with score 4.309862100185108
[29_DOMINO_in_6] Success!
[16_8_in_DOMINO] Starting (50000 attempts)
[Main] Worker finished 29_DOMINO_in_6 with score 5.196376014769551
[26_DOMINO_in_6] Starting (50000 attempts)
[29_DOMINO_in_6] Starting (50000 attempts)
[32_6_in_5] Success!
[Main] Worker finished 32_6_in_5 with score 7.812784092602333
[23_DOMINO_in_8] Starting (50000 attempts)
[20_DOMINO_in_CIRCLE] Success!
[Main] Worker finished 20_DOMINO_in_CIRCLE with score 4.053699922680018
[19_DOMINO_in_8] Starting (50000 attempts)
[13_5_in_8] Success!
[Main] Worker finished 13_5_in_8 with score 2.5069731037578142
[20_6_in_DOMINO] Success!
[Main] Worker finished 20_6_in_DOMINO with score 5.8434126687983206
[13_6_in_CIRCLE] Starting (50000 attempts)
[19_8_in_CIRCLE] Success!
[16_DOMINO_in_8] Success!
[Main] Worker finished 19_8_in_CIRCLE with score 6.0953254095291225
[28_DOMINO_in_6] Starting (50000 attempts)
[Main] Worker finished 16_DOMINO_in_8 with score 3.0294424570362044
[23_6_in_5] Success!
[24_DOMINO_in_8] Starting (50000 attempts)
[28_6_in_6] Success!
[Main] Worker finished 23_6_in_5 with score 6.700106835949054
[12_5_in_8] Starting (50000 attempts)
[19_6_in_DOMINO] Success!
[Main] Worker finished 28_6_in_6 with score 5.949837118888085
[17_DOMINO_in_CIRCLE] Starting (50000 attempts)
[16_DOMINO_in_CIRCLE] Success!
[Main] Worker finished 16_DOMINO_in_CIRCLE with score 3.739025311560138
[20_8_in_DOMINO] Starting (50000 attempts)
[Main] Worker finished 19_6_in_DOMINO with score 5.693379391606711
[25_5_in_5] Success!
[22_5_in_5] Success!
[17_5_in_6] Starting (50000 attempts)
[Main] Worker finished 25_5_in_5 with score 5.6215705425904785
[9_DOMINO_in_CIRCLE] Starting (50000 attempts)
[Main] Worker finished 22_5_in_5 with score 5.302443940088193
[9_5_in_6] Success!
[12_DOMINO_in_CIRCLE] Success!
[27_5_in_6] Success!
[24_5_in_6] Starting (50000 attempts)
[Main] Worker finished 12_DOMINO_in_CIRCLE with score 3.2342712519580337
[19_5_in_DOMINO] Starting (50000 attempts)
[Main] Worker finished 27_5_in_6 with score 4.733780902267363
[Main] Worker finished 9_5_in_6 with score 2.8900148954966616
[13_DOMINO_in_8] Starting (50000 attempts)
[11_8_in_5] Starting (50000 attempts)
[11_6_in_6] Success!
[11_DOMINO_in_CIRCLE] Success!
[Main] Worker finished 11_6_in_6 with score 3.9493073634468594
[15_6_in_6] Starting (50000 attempts)
[Main] Worker finished 11_DOMINO_in_CIRCLE with score 3.1860393694450497
[20_6_in_5] Success!
[10_DOMINO_in_CIRCLE] Starting (50000 attempts)
[31_6_in_5] Success!
[Main] Worker finished 31_6_in_5 with score 7.676416747555321
[20_8_in_8] Starting (50000 attempts)
[Main] Worker finished 20_6_in_5 with score 6.281350871924349
[22_8_in_DOMINO] Success!
[14_DOMINO_in_8] Starting (50000 attempts)
[23_5_in_5] Success!
[28_DOMINO_in_8] Success!
[18_DOMINO_in_6] Success!
[Main] Worker finished 18_DOMINO_in_6 with score 4.0822877264024005
[10_8_in_CIRCLE] Starting (50000 attempts)
[Main] Worker finished 22_8_in_DOMINO with score 8.382506079934158
[Main] Worker finished 23_5_in_5 with score 5.384931350321754
[Main] Worker finished 28_DOMINO_in_8 with score 4.003963114377159
[25_DOMINO_in_6] Starting (50000 attempts)
[13_8_in_6] Starting (50000 attempts)
[20_5_in_DOMINO] Starting (50000 attempts)
[17_DOMINO_in_8] Success!
[Main] Worker finished 17_DOMINO_in_8 with score 3.1206342394830537
[26_8_in_8] Starting (50000 attempts)
[27_DOMINO_in_6] Success!
[Main] Worker finished 27_DOMINO_in_6 with score 5.025794387823542
[11_DOMINO_in_8] Starting (50000 attempts)
[27_DOMINO_in_6] Starting (50000 attempts)
[27_DOMINO_in_8] Success!
[Main] Worker finished 27_DOMINO_in_8 with score 3.820307154948568
[20_DOMINO_in_8] Success!
[31_5_in_6] Success!
[Main] Worker finished 20_DOMINO_in_8 with score 3.273566990844642
[9_8_in_5] Starting (50000 attempts)
[Main] Worker finished 31_5_in_6 with score 5.102353951214817
[19_6_in_8] Success!
[20_DOMINO_in_8] Starting (50000 attempts)
[16_8_in_DOMINO] Success!
[Main] Worker finished 19_6_in_8 with score 3.5897467788130055
[31_5_in_6] Starting (50000 attempts)
[Main] Worker finished 16_8_in_DOMINO with score 7.160232969366078
[29_DOMINO_in_6] Success!
[19_6_in_8] Starting (50000 attempts)
[26_DOMINO_in_6] Success!
[23_DOMINO_in_8] Success!
[19_DOMINO_in_8] Success!
[Main] Worker finished 29_DOMINO_in_6 with score 5.306659347243876
[13_DOMINO_in_5] Starting (50000 attempts)
[Main] Worker finished 26_DOMINO_in_6 with score 4.910695065032444
[Main] Worker finished 19_DOMINO_in_8 with score 3.117498006277882
[Main] Worker finished 23_DOMINO_in_8 with score 3.431077442578044
[26_DOMINO_in_6] Starting (50000 attempts)
[13_6_in_CIRCLE] Success!
[19_DOMINO_in_8] Starting (50000 attempts)
[21_5_in_DOMINO] Starting (50000 attempts)
[Main] Worker finished 13_6_in_CIRCLE with score 3.8369336484278946
[22_DOMINO_in_8] Starting (50000 attempts)
[28_DOMINO_in_6] Success!
[Main] Worker finished 28_DOMINO_in_6 with score 5.208545613115357
[16_8_in_6] Starting (50000 attempts)
[25_6_in_6] Starting (50000 attempts)
[12_5_in_8] Success!
[Main] Worker finished 12_5_in_8 with score 2.4007400073217737
[17_DOMINO_in_CIRCLE] Success!
[24_DOMINO_in_8] Success!
[Main] Worker finished 17_DOMINO_in_CIRCLE with score 3.759141572791398
[19_DOMINO_in_6] Starting (50000 attempts)
[Main] Worker finished 24_DOMINO_in_8 with score 3.5703799076483236
[9_DOMINO_in_CIRCLE] Success!
[8_DOMINO_in_CIRCLE] Starting (50000 attempts)
[17_5_in_6] Success!
[Main] Worker finished 9_DOMINO_in_CIRCLE with score 2.803879883664299
[16_6_in_6] Starting (50000 attempts)
[Main] Worker finished 17_5_in_6 with score 3.7683056475804717
[19_DOMINO_in_DOMINO] Starting (50000 attempts)
[18_5_in_DOMINO] Starting (50000 attempts)
[13_DOMINO_in_8] Success!
[Main] Worker finished 13_DOMINO_in_8 with score 2.5794828405467167
[32_6_in_5] Starting (50000 attempts)
[19_5_in_DOMINO] Success!
[Main] Worker finished 19_5_in_DOMINO with score 4.697834635053744
[10_DOMINO_in_CIRCLE] Success!
[Main] Worker finished 10_DOMINO_in_CIRCLE with score 2.9559621946049712
[10_8_in_5] Starting (50000 attempts)
[11_8_in_5] Success!
[Main] Worker finished 11_8_in_5 with score 6.497991980936347
[11_DOMINO_in_DOMINO] Starting (50000 attempts)
[24_5_in_6] Success!
[15_6_in_6] Success!
[14_DOMINO_in_8] Success!
[Main] Worker finished 15_6_in_6 with score 4.475245630635559
[17_5_in_DOMINO] Starting (50000 attempts)
[Main] Worker finished 24_5_in_6 with score 4.479815897501027
[Main] Worker finished 14_DOMINO_in_8 with score 2.72976517994299
[20_8_in_DOMINO] Success!
[16_5_in_DOMINO] Starting (50000 attempts)
[19_8_in_CIRCLE] Starting (50000 attempts)
[13_8_in_6] Success!
[10_8_in_CIRCLE] Success!
[25_DOMINO_in_6] Success!
[Main] Worker finished 20_8_in_DOMINO with score 8.102774853359481
[9_6_in_8] Starting (50000 attempts)
[Main] Worker finished 25_DOMINO_in_6 with score 4.914344001559229
[Main] Worker finished 10_8_in_CIRCLE with score 4.75127218611163
[Main] Worker finished 13_8_in_6 with score 5.790189669490146
[28_6_in_6] Starting (50000 attempts)
[20_8_in_8] Success!
[20_6_in_DOMINO] Starting (50000 attempts)
[11_DOMINO_in_8] Success!
[25_DOMINO_in_8] Starting (50000 attempts)
[20_5_in_DOMINO] Success!
[Main] Worker finished 20_8_in_8 with score 5.102893955208136
[23_6_in_5] Starting (50000 attempts)
[Main] Worker finished 20_5_in_DOMINO with score 4.8203042879733635
[Main] Worker finished 11_DOMINO_in_8 with score 2.474268417051991
[11_DOMINO_in_8] Starting (50000 attempts)
[13_5_in_8] Starting (50000 attempts)
[9_8_in_5] Success!
[Main] Worker finished 9_8_in_5 with score 5.994170884047151
[16_DOMINO_in_8] Starting (50000 attempts)
[19_6_in_DOMINO] Starting (50000 attempts)
[27_DOMINO_in_6] Success!
[Main] Worker finished 27_DOMINO_in_6 with score 5.094106094186585
[20_DOMINO_in_8] Success!
[Main] Worker finished 20_DOMINO_in_8 with score 3.3236392676260467
[27_DOMINO_in_6] Starting (50000 attempts)
[13_DOMINO_in_5] Success!
[Main] Worker finished 13_DOMINO_in_5 with score 4.282850583980959
[25_5_in_5] Starting (50000 attempts)
[13_DOMINO_in_5] Starting (50000 attempts)
[19_6_in_8] Success!
[Main] Worker finished 19_6_in_8 with score 3.589744961065242
[19_DOMINO_in_8] Success!
[22_DOMINO_in_8] Success!
[26_8_in_8] Success!
[26_DOMINO_in_6] Success!
[Main] Worker finished 26_8_in_8 with score 5.777467632032182
[19_6_in_8] Starting (50000 attempts)
[Main] Worker finished 22_DOMINO_in_8 with score 3.440622428928729
[Main] Worker finished 19_DOMINO_in_8 with score 3.117498006277882
[Main] Worker finished 26_DOMINO_in_6 with score 4.900071024239257
[21_5_in_DOMINO] Success!
[26_DOMINO_in_6] Starting (50000 attempts)
[22_5_in_5] Starting (50000 attempts)
[27_5_in_6] Starting (50000 attempts)
[Main] Worker finished 21_5_in_DOMINO with score 4.904537362780794
[16_DOMINO_in_CIRCLE] Starting (50000 attempts)
[16_8_in_6] Success!
[8_DOMINO_in_CIRCLE] Success!
[19_DOMINO_in_6] Success!
[31_5_in_6] Success!
[Main] Worker finished 19_DOMINO_in_6 with score 4.308370376761274
[31_6_in_5] Starting (50000 attempts)
[Main] Worker finished 8_DOMINO_in_CIRCLE with score 2.6915521371235593
[Main] Worker finished 16_8_in_6 with score 6.2478639807772485
[Main] Worker finished 31_5_in_6 with score 5.101873278540773
[31_5_in_6] Starting (50000 attempts)
[25_6_in_6] Success!
[22_8_in_DOMINO] Starting (50000 attempts)
[9_5_in_6] Starting (50000 attempts)
[Main] Worker finished 25_6_in_6 with score 5.663881359656193
[24_DOMINO_in_6] Starting (50000 attempts)
[20_DOMINO_in_DOMINO] Starting (50000 attempts)
[16_6_in_6] Success!
[Main] Worker finished 16_6_in_6 with score 4.558228051991228
[19_DOMINO_in_DOMINO] Success!
[Main] Worker finished 19_DOMINO_in_DOMINO with score 4.882630265799585
[12_DOMINO_in_CIRCLE] Starting (50000 attempts)
[20_6_in_5] Starting (50000 attempts)
[18_5_in_DOMINO] Success!
[Main] Worker finished 18_5_in_DOMINO with score 4.569815862524372
[11_DOMINO_in_DOMINO] Success!
[10_8_in_5] Success!
[Main] Worker finished 11_DOMINO_in_DOMINO with score 3.827281560659983
[11_6_in_6] Starting (50000 attempts)
[Main] Worker finished 10_8_in_5 with score 6.3086008314667135
[11_DOMINO_in_CIRCLE] Starting (50000 attempts)
[17_5_in_DOMINO] Success!
[Main] Worker finished 17_5_in_DOMINO with score 4.409839693042728
[23_5_in_5] Starting (50000 attempts)
[28_DOMINO_in_8] Starting (50000 attempts)
[16_5_in_DOMINO] Success!
[Main] Worker finished 16_5_in_DOMINO with score 4.309862100185108
[17_DOMINO_in_8] Starting (50000 attempts)
[9_6_in_8] Success!
[Main] Worker finished 9_6_in_8 with score 2.6447738834161796
[32_6_in_5] Success!
[Main] Worker finished 32_6_in_5 with score 7.812784092602333
[27_DOMINO_in_8] Starting (50000 attempts)
[16_8_in_DOMINO] Starting (50000 attempts)
[11_DOMINO_in_8] Success!
[Main] Worker finished 11_DOMINO_in_8 with score 2.4750108460579576
[19_8_in_CIRCLE] Success!
[20_6_in_DOMINO] Success!
[25_DOMINO_in_8] Success!
[Main] Worker finished 25_DOMINO_in_8 with score 3.6521991511468035
[11_DOMINO_in_8] Starting (50000 attempts)
[Main] Worker finished 19_8_in_CIRCLE with score 6.0953254095291225
[Main] Worker finished 20_6_in_DOMINO with score 5.8434126687983206
[23_DOMINO_in_8] Starting (50000 attempts)
[13_6_in_CIRCLE] Starting (50000 attempts)
[13_5_in_8] Success!
[23_6_in_5] Success!
[Main] Worker finished 13_5_in_8 with score 2.5069731037578142
[28_DOMINO_in_6] Starting (50000 attempts)
[Main] Worker finished 23_6_in_5 with score 6.700106835949054
[16_DOMINO_in_8] Success!
[24_DOMINO_in_8] Starting (50000 attempts)
[28_6_in_6] Success!
[Main] Worker finished 16_DOMINO_in_8 with score 3.0294424570362044
[12_5_in_8] Starting (50000 attempts)
[Main] Worker finished 28_6_in_6 with score 5.949837118888085
[19_6_in_DOMINO] Success!
[17_DOMINO_in_CIRCLE] Starting (50000 attempts)
[13_DOMINO_in_5] Success!
[Main] Worker finished 13_DOMINO_in_5 with score 4.282850583980959
[20_8_in_DOMINO] Starting (50000 attempts)
[Main] Worker finished 19_6_in_DOMINO with score 5.693379391606711
[17_5_in_6] Starting (50000 attempts)
[19_6_in_8] Success!
[Main] Worker finished 19_6_in_8 with score 3.5897432865300654
[9_DOMINO_in_CIRCLE] Starting (50000 attempts)
[27_DOMINO_in_6] Success!
[Main] Worker finished 27_DOMINO_in_6 with score 5.078845914597419
[19_6_in_8] Starting (50000 attempts)
[22_5_in_5] Success!
[16_DOMINO_in_CIRCLE] Success!
[25_5_in_5] Success!
[Main] Worker finished 25_5_in_5 with score 5.6215705425904785
[27_DOMINO_in_6] Starting (50000 attempts)
[Main] Worker finished 22_5_in_5 with score 5.302443940088193
[Main] Worker finished 16_DOMINO_in_CIRCLE with score 3.739025311560138
[26_DOMINO_in_6] Success!
[9_5_in_6] Success!
[24_5_in_6] Starting (50000 attempts)
[19_5_in_DOMINO] Starting (50000 attempts)
[Main] Worker finished 26_DOMINO_in_6 with score 4.897807068687692
[13_DOMINO_in_8] Starting (50000 attempts)
[20_DOMINO_in_DOMINO] Success!
[Main] Worker finished 9_5_in_6 with score 2.8900148954966616
[27_5_in_6] Success!
[26_DOMINO_in_6] Starting (50000 attempts)
[24_DOMINO_in_6] Success!
[Main] Worker finished 27_5_in_6 with score 4.733780902267363
[11_8_in_5] Starting (50000 attempts)
[Main] Worker finished 24_DOMINO_in_6 with score 4.77470051369546
[Main] Worker finished 20_DOMINO_in_DOMINO with score 5.012765064798198
[24_DOMINO_in_6] Starting (50000 attempts)
[12_DOMINO_in_CIRCLE] Success!
[31_6_in_5] Success!
[31_5_in_6] Success!
[15_6_in_6] Starting (50000 attempts)
[11_6_in_6] Success!
[22_8_in_DOMINO] Success!
[20_6_in_5] Success!
[Main] Worker finished 12_DOMINO_in_CIRCLE with score 3.2342712519580337
[30_DOMINO_in_8] Starting (50000 attempts)
[Main] Worker finished 31_5_in_6 with score 5.101429886450446
[Main] Worker finished 11_6_in_6 with score 3.9493073634468594
[Main] Worker finished 22_8_in_DOMINO with score 8.382506079934158
[Main] Worker finished 20_6_in_5 with score 6.281350871924349
[Main] Worker finished 31_6_in_5 with score 7.676416747555321
[11_DOMINO_in_CIRCLE] Success!
[31_5_in_6] Starting (50000 attempts)
[10_DOMINO_in_CIRCLE] Starting (50000 attempts)
[20_8_in_8] Starting (50000 attempts)
[14_DOMINO_in_8] Starting (50000 attempts)
[17_DOMINO_in_8] Success!
[28_DOMINO_in_8] Success!
[10_8_in_CIRCLE] Starting (50000 attempts)
[Main] Worker finished 11_DOMINO_in_CIRCLE with score 3.1860393694450497
[25_DOMINO_in_6] Starting (50000 attempts)
[Main] Worker finished 17_DOMINO_in_8 with score 3.1206342394830537
[Main] Worker finished 28_DOMINO_in_8 with score 4.003963114377159
[23_5_in_5] Success!
[13_8_in_6] Starting (50000 attempts)
[20_5_in_DOMINO] Starting (50000 attempts)
[Main] Worker finished 23_5_in_5 with score 5.384931350321754
[26_8_in_8] Starting (50000 attempts)
[9_8_in_5] Starting (50000 attempts)
[27_DOMINO_in_8] Success!
[Main] Worker finished 27_DOMINO_in_8 with score 3.820307154948568
[21_5_in_DOMINO] Starting (50000 attempts)
[16_8_in_DOMINO] Success!
[Main] Worker finished 16_8_in_DOMINO with score 7.160232969366078
[11_DOMINO_in_8] Success!
[Main] Worker finished 11_DOMINO_in_8 with score 2.4638977647745173
[18_DOMINO_in_8] Starting (50000 attempts)
[11_DOMINO_in_8] Starting (50000 attempts)
[13_6_in_CIRCLE] Success!
[Main] Worker finished 13_6_in_CIRCLE with score 3.8369336484278946
[23_DOMINO_in_8] Success!
[28_DOMINO_in_6] Success!
[Main] Worker finished 28_DOMINO_in_6 with score 5.213235648872353
[22_DOMINO_in_8] Starting (50000 attempts)
[Main] Worker finished 23_DOMINO_in_8 with score 3.431077442578044
[16_8_in_6] Starting (50000 attempts)
[25_6_in_6] Starting (50000 attempts)
[12_5_in_8] Success!
[Main] Worker finished 12_5_in_8 with score 2.4007400073217737
[17_DOMINO_in_CIRCLE] Success!
[24_DOMINO_in_8] Success!
[Main] Worker finished 17_DOMINO_in_CIRCLE with score 3.759141572791398
[19_DOMINO_in_6] Starting (50000 attempts)
[Main] Worker finished 24_DOMINO_in_8 with score 3.5703799076483236
[8_DOMINO_in_CIRCLE] Starting (50000 attempts)
[9_DOMINO_in_CIRCLE] Success!
[Main] Worker finished 9_DOMINO_in_CIRCLE with score 2.803879883664299
[16_6_in_6] Starting (50000 attempts)
[20_8_in_DOMINO] Success!
[17_5_in_6] Success!
[Main] Worker finished 17_5_in_6 with score 3.7683056475804717
[19_DOMINO_in_DOMINO] Starting (50000 attempts)
[Main] Worker finished 20_8_in_DOMINO with score 8.102774853359481
[18_5_in_DOMINO] Starting (50000 attempts)
[32_6_in_5] Starting (50000 attempts)
[19_6_in_8] Success!
[Main] Worker finished 19_6_in_8 with score 3.589741743925245
[19_5_in_DOMINO] Success!
[13_DOMINO_in_8] Success!
[27_DOMINO_in_6] Success!
[Main] Worker finished 27_DOMINO_in_6 with score 5.050482451103502
[19_6_in_8] Starting (50000 attempts)
[Main] Worker finished 19_5_in_DOMINO with score 4.697834635053744
[Main] Worker finished 13_DOMINO_in_8 with score 2.7072481179543093
[27_DOMINO_in_6] Starting (50000 attempts)
[10_8_in_5] Starting (50000 attempts)
[24_5_in_6] Success!
[Main] Worker finished 24_5_in_6 with score 4.479815897501027
[11_DOMINO_in_DOMINO] Starting (50000 attempts)
[26_DOMINO_in_6] Success!
[Main] Worker finished 26_DOMINO_in_6 with score 4.995944339519802
[17_5_in_DOMINO] Starting (50000 attempts)
[11_8_in_5] Success!
[Main] Worker finished 11_8_in_5 with score 6.497991980936347
[26_DOMINO_in_6] Starting (50000 attempts)
[24_DOMINO_in_6] Success!
[15_6_in_6] Success!
[Main] Worker finished 24_DOMINO_in_6 with score 4.815460490575415
[16_5_in_DOMINO] Starting (50000 attempts)
[Main] Worker finished 15_6_in_6 with score 4.475245630635559
[10_DOMINO_in_CIRCLE] Success!
[19_8_in_CIRCLE] Starting (50000 attempts)
[Main] Worker finished 10_DOMINO_in_CIRCLE with score 2.9559621946049712
[9_6_in_8] Starting (50000 attempts)
[10_8_in_CIRCLE] Success!
[Main] Worker finished 10_8_in_CIRCLE with score 4.75127218611163
[28_6_in_6] Starting (50000 attempts)
[14_DOMINO_in_8] Success!
[Main] Worker finished 14_DOMINO_in_8 with score 2.72976517994299
[30_DOMINO_in_8] Success!
[20_6_in_DOMINO] Starting (50000 attempts)
[Main] Worker finished 30_DOMINO_in_8 with score 4.026621863429831
[25_DOMINO_in_8] Starting (50000 attempts)
[30_DOMINO_in_6] Starting (50000 attempts)
[13_8_in_6] Success!
[Main] Worker finished 13_8_in_6 with score 5.790189669490146
[31_5_in_6] Success!
[9_8_in_5] Success!
[Main] Worker finished 9_8_in_5 with score 5.994170884047151[23_6_in_5] Starting (50000 attempts)

[Main] Worker finished 31_5_in_6 with score 5.101020925706332
[31_5_in_6] Starting (50000 attempts)
[25_DOMINO_in_6] Success!
[20_5_in_DOMINO] Success!
[Main] Worker finished 20_5_in_DOMINO with score 4.8203042879733635
[13_5_in_8] Starting (50000 attempts)
[Main] Worker finished 25_DOMINO_in_6 with score 4.865929621807801
[11_DOMINO_in_8] Success!
[25_DOMINO_in_6] Starting (50000 attempts)
[20_8_in_8] Success!
[18_DOMINO_in_8] Success!
[Main] Worker finished 11_DOMINO_in_8 with score 2.4708066919519918
[16_DOMINO_in_8] Starting (50000 attempts)
[Main] Worker finished 20_8_in_8 with score 5.102893955208136
[Main] Worker finished 18_DOMINO_in_8 with score 3.0351924158142594
[21_5_in_DOMINO] Success!
[11_DOMINO_in_8] Starting (50000 attempts)
[19_6_in_DOMINO] Starting (50000 attempts)
[Main] Worker finished 21_5_in_DOMINO with score 4.904537362780794
[25_5_in_5] Starting (50000 attempts)
[22_5_in_5] Starting (50000 attempts)
[22_DOMINO_in_8] Success!
[Main] Worker finished 22_DOMINO_in_8 with score 3.440622428928729
[26_8_in_8] Success!
[8_DOMINO_in_CIRCLE] Success!
[16_8_in_6] Success!
[Main] Worker finished 26_8_in_8 with score 5.777467632032182[27_5_in_6] Starting (50000 attempts)

[Main] Worker finished 16_8_in_6 with score 6.2478639807772485
[Main] Worker finished 8_DOMINO_in_CIRCLE with score 2.6915521371235593
[19_DOMINO_in_6] Success!
[16_DOMINO_in_CIRCLE] Starting (50000 attempts)
[25_6_in_6] Success!
[31_6_in_5] Starting (50000 attempts)
[19_DOMINO_in_DOMINO] Success!
[16_6_in_6] Success!
[Main] Worker finished 16_6_in_6 with score 4.558228051991228
[22_8_in_DOMINO] Starting (50000 attempts)
[Main] Worker finished 19_DOMINO_in_DOMINO with score 5.003644241371123
[Main] Worker finished 19_DOMINO_in_6 with score 4.301912343025307
[Main] Worker finished 25_6_in_6 with score 5.663881359656193
[18_5_in_DOMINO] Success!
[9_5_in_6] Starting (50000 attempts)
[20_DOMINO_in_DOMINO] Starting (50000 attempts)
[12_DOMINO_in_CIRCLE] Starting (50000 attempts)
[Main] Worker finished 18_5_in_DOMINO with score 4.569815862524372
[20_6_in_5] Starting (50000 attempts)
[11_DOMINO_in_DOMINO] Success!
[Main] Worker finished 11_DOMINO_in_DOMINO with score 3.827281560659983
[11_6_in_6] Starting (50000 attempts)
[27_DOMINO_in_6] Success!
[Main] Worker finished 27_DOMINO_in_6 with score 5.1334840907616215
[11_DOMINO_in_CIRCLE] Starting (50000 attempts)
[19_6_in_8] Success!
[10_8_in_5] Success!
[Main] Worker finished 19_6_in_8 with score 3.589740322857227
[23_5_in_5] Starting (50000 attempts)
[Main] Worker finished 10_8_in_5 with score 6.3086008314667135
[19_6_in_8] Starting (50000 attempts)
[32_6_in_5] Success!
[Main] Worker finished 32_6_in_5 with score 7.812784092602333
[28_DOMINO_in_8] Starting (50000 attempts)
[17_5_in_DOMINO] Success!
[Main] Worker finished 17_5_in_DOMINO with score 4.409839693042728
[17_DOMINO_in_8] Starting (50000 attempts)
[27_DOMINO_in_8] Starting (50000 attempts)
[16_5_in_DOMINO] Success!
[Main] Worker finished 16_5_in_DOMINO with score 4.309862100185108
[9_6_in_8] Success!
[26_DOMINO_in_6] Success!
[Main] Worker finished 9_6_in_8 with score 2.6447738834161796
[20_DOMINO_in_8] Starting (50000 attempts)
[Main] Worker finished 26_DOMINO_in_6 with score 4.955638633542243
[16_8_in_DOMINO] Starting (50000 attempts)
[23_DOMINO_in_8] Starting (50000 attempts)
[19_8_in_CIRCLE] Success!
[Main] Worker finished 19_8_in_CIRCLE with score 6.0953254095291225
[30_DOMINO_in_6] Success!
[20_6_in_DOMINO] Success!
[Main] Worker finished 30_DOMINO_in_6 with score 5.416255264175222
[19_DOMINO_in_8] Starting (50000 attempts)
[Main] Worker finished 20_6_in_DOMINO with score 5.8434126687983206
[25_DOMINO_in_8] Success!
[30_DOMINO_in_6] Starting (50000 attempts)
[13_5_in_8] Success!
[11_DOMINO_in_8] Success!
[Main] Worker finished 13_5_in_8 with score 2.5069731037578142
[13_6_in_CIRCLE] Starting (50000 attempts)
[Main] Worker finished 11_DOMINO_in_8 with score 2.450137813108515
[Main] Worker finished 25_DOMINO_in_8 with score 3.5764417535910717
[11_DOMINO_in_8] Starting (50000 attempts)
[23_6_in_5] Success!
[26_DOMINO_in_8] Starting (50000 attempts)
[28_6_in_6] Success!
[16_DOMINO_in_8] Success!
[Main] Worker finished 28_6_in_6 with score 5.949837118888085[28_DOMINO_in_6] Starting (50000 attempts)

[Main] Worker finished 23_6_in_5 with score 6.700106835949054
[Main] Worker finished 16_DOMINO_in_8 with score 3.0294424570362044
[25_DOMINO_in_6] Success!
[24_DOMINO_in_8] Starting (50000 attempts)
[12_5_in_8] Starting (50000 attempts)
[19_6_in_DOMINO] Success!
[31_5_in_6] Success!
[Main] Worker finished 25_DOMINO_in_6 with score 4.817510404189571
[17_DOMINO_in_CIRCLE] Starting (50000 attempts)
[Main] Worker finished 31_5_in_6 with score 5.100643758550213
[Main] Worker finished 19_6_in_DOMINO with score 5.693379391606711
[25_DOMINO_in_6] Starting (50000 attempts)
[22_5_in_5] Success!
[31_5_in_6] Starting (50000 attempts)
[25_5_in_5] Success!
[Main] Worker finished 22_5_in_5 with score 5.302443940088193[20_8_in_DOMINO] Starting (50000 attempts)

[Main] Worker finished 25_5_in_5 with score 5.6215705425904785
[16_DOMINO_in_CIRCLE] Success!
[17_5_in_6] Starting (50000 attempts)
[Main] Worker finished 16_DOMINO_in_CIRCLE with score 3.739025311560138
[23_DOMINO_in_6] Starting (50000 attempts)
[9_5_in_6] Success!
[Main] Worker finished 9_5_in_6 with score 2.8900148954966616
[9_DOMINO_in_CIRCLE] Starting (50000 attempts)
[27_5_in_6] Success!
[Main] Worker finished 27_5_in_6 with score 4.733780902267363
[24_5_in_6] Starting (50000 attempts)
[20_DOMINO_in_DOMINO] Success!
[12_DOMINO_in_CIRCLE] Success!
[Main] Worker finished 20_DOMINO_in_DOMINO with score 5.012765064798198
[19_5_in_DOMINO] Starting (50000 attempts)
[Main] Worker finished 12_DOMINO_in_CIRCLE with score 3.2342712519580337
[13_DOMINO_in_8] Starting (50000 attempts)
[20_6_in_5] Success!
[22_8_in_DOMINO] Success!
[Main] Worker finished 22_8_in_DOMINO with score 8.382506079934158[11_8_in_5] Starting (50000 attempts)

[Main] Worker finished 20_6_in_5 with score 6.281350871924349
[31_6_in_5] Success!
[11_6_in_6] Success!
[15_6_in_6] Starting (50000 attempts)
[11_DOMINO_in_CIRCLE] Success!
[Main] Worker finished 11_DOMINO_in_CIRCLE with score 3.1860393694450497
[30_DOMINO_in_8] Starting (50000 attempts)
[Main] Worker finished 11_6_in_6 with score 3.9493073634468594
[Main] Worker finished 31_6_in_5 with score 7.676416747555321
[10_DOMINO_in_CIRCLE] Starting (50000 attempts)
[19_6_in_8] Success!
[23_5_in_5] Success!
[20_8_in_8] Starting (50000 attempts)
[Main] Worker finished 19_6_in_8 with score 3.5897390137511556
[14_DOMINO_in_8] Starting (50000 attempts)
[17_DOMINO_in_8] Success!
[Main] Worker finished 23_5_in_5 with score 5.384931350321754
[19_6_in_8] Starting (50000 attempts)
[Main] Worker finished 17_DOMINO_in_8 with score 3.1206342394830537
[10_8_in_CIRCLE] Starting (50000 attempts)
[13_8_in_6] Starting (50000 attempts)
[27_DOMINO_in_8] Success!
[Main] Worker finished 27_DOMINO_in_8 with score 3.820307154948568
[20_5_in_DOMINO] Starting (50000 attempts)
[28_DOMINO_in_8] Success!
[Main] Worker finished 28_DOMINO_in_8 with score 4.003963114377159
[20_DOMINO_in_8] Success!
[Main] Worker finished 20_DOMINO_in_8 with score 3.3236392676260467
[29_DOMINO_in_8] Starting (50000 attempts)
[26_8_in_8] Starting (50000 attempts)
[16_8_in_DOMINO] Success!
[Main] Worker finished 16_8_in_DOMINO with score 7.160232969366078
[23_DOMINO_in_8] Success!
[Main] Worker finished 23_DOMINO_in_8 with score 3.431077442578044
[9_8_in_5] Starting (50000 attempts)
[11_DOMINO_in_8] Success!
[19_DOMINO_in_8] Success!
[30_DOMINO_in_6] Success!
[Main] Worker finished 11_DOMINO_in_8 with score 2.4738471413595575
[13_DOMINO_in_5] Starting (50000 attempts)
[Main] Worker finished 19_DOMINO_in_8 with score 3.117498006277882
[Main] Worker finished 30_DOMINO_in_6 with score 5.413006323346689
[13_6_in_CIRCLE] Success!
[11_DOMINO_in_8] Starting (50000 attempts)
[21_5_in_DOMINO] Starting (50000 attempts)
[Main] Worker finished 13_6_in_CIRCLE with score 3.8369336484278946
[18_DOMINO_in_8] Starting (50000 attempts)
[22_DOMINO_in_8] Starting (50000 attempts)
[12_5_in_8] Success!
[Main] Worker finished 12_5_in_8 with score 2.4007400073217737
[26_DOMINO_in_8] Success!
[Main] Worker finished 26_DOMINO_in_8 with score 3.7487368429551218[16_8_in_6] Starting (50000 attempts)

[28_DOMINO_in_6] Success!
[Main] Worker finished 28_DOMINO_in_6 with score 5.225763067700159
[25_6_in_6] Starting (50000 attempts)
[17_DOMINO_in_CIRCLE] Success!
[24_DOMINO_in_8] Success!
[25_DOMINO_in_6] Success!
[Main] Worker finished 17_DOMINO_in_CIRCLE with score 3.759141572791398
[19_DOMINO_in_6] Starting (50000 attempts)
[Main] Worker finished 25_DOMINO_in_6 with score 4.915815307488358
[Main] Worker finished 24_DOMINO_in_8 with score 3.5703799076483236
[23_DOMINO_in_6] Success!
[25_DOMINO_in_6] Starting (50000 attempts)
[8_DOMINO_in_CIRCLE] Starting (50000 attempts)
[17_5_in_6] Success!
[Main] Worker finished 23_DOMINO_in_6 with score 4.734607282058159
[16_6_in_6] Starting (50000 attempts)
[Main] Worker finished 17_5_in_6 with score 3.7683056475804717
[19_DOMINO_in_DOMINO] Starting (50000 attempts)
[9_DOMINO_in_CIRCLE] Success!
[Main] Worker finished 9_DOMINO_in_CIRCLE with score 2.803879883664299[18_5_in_DOMINO] Starting (50000 attempts)

[32_6_in_5] Starting (50000 attempts)
[31_5_in_6] Success!
[Main] Worker finished 31_5_in_6 with score 5.100295943940351
[20_8_in_DOMINO] Success!
[13_DOMINO_in_8] Success!
[Main] Worker finished 20_8_in_DOMINO with score 8.102774853359481[31_5_in_6] Starting (50000 attempts)

[Main] Worker finished 13_DOMINO_in_8 with score 2.6801756367747664
[10_8_in_5] Starting (50000 attempts)
[19_5_in_DOMINO] Success!
[Main] Worker finished 19_5_in_DOMINO with score 4.697834635053744
[11_DOMINO_in_DOMINO] Starting (50000 attempts)
[17_5_in_DOMINO] Starting (50000 attempts)
[11_8_in_5] Success!
[Main] Worker finished 11_8_in_5 with score 6.497991980936347
[24_5_in_6] Success!
[Main] Worker finished 24_5_in_6 with score 4.479815897501027
[16_5_in_DOMINO] Starting (50000 attempts)
[15_6_in_6] Success!
[Main] Worker finished 15_6_in_6 with score 4.475245630635559
[19_8_in_CIRCLE] Starting (50000 attempts)
[10_DOMINO_in_CIRCLE] Success!
[Main] Worker finished 10_DOMINO_in_CIRCLE with score 2.9559621946049712
[9_6_in_8] Starting (50000 attempts)
[14_DOMINO_in_8] Success!
[Main] Worker finished 14_DOMINO_in_8 with score 2.72976517994299[28_6_in_6] Starting (50000 attempts)

[20_6_in_DOMINO] Starting (50000 attempts)
[30_DOMINO_in_8] Success!
[Main] Worker finished 30_DOMINO_in_8 with score 4.026621863429831
[10_8_in_CIRCLE] Success!
[Main] Worker finished 10_8_in_CIRCLE with score 4.75127218611163
[30_DOMINO_in_8] Starting (50000 attempts)
[13_8_in_6] Success!
[19_6_in_8] Success!
[Main] Worker finished 19_6_in_8 with score 3.5897378077863995
[25_DOMINO_in_8] Starting (50000 attempts)
[Main] Worker finished 13_8_in_6 with score 5.790189669490146
[20_5_in_DOMINO] Success!
[19_6_in_8] Starting (50000 attempts)
[20_8_in_8] Success!
[Main] Worker finished 20_5_in_DOMINO with score 4.8203042879733635
[23_6_in_5] Starting (50000 attempts)
[Main] Worker finished 20_8_in_8 with score 5.102893955208136
[9_8_in_5] Success!
[13_5_in_8] Starting (50000 attempts)
[13_DOMINO_in_5] Success!
[11_DOMINO_in_8] Success!
[Main] Worker finished 9_8_in_5 with score 5.994170884047151
[16_DOMINO_in_8] Starting (50000 attempts)
[Main] Worker finished 13_DOMINO_in_5 with score 4.282850583980959
[Main] Worker finished 11_DOMINO_in_8 with score 2.470138967061754
[29_DOMINO_in_8] Success!
[19_6_in_DOMINO] Starting (50000 attempts)
[25_5_in_5] Starting (50000 attempts)
[21_5_in_DOMINO] Success!
[Main] Worker finished 29_DOMINO_in_8 with score 3.833926104130867
[22_5_in_5] Starting (50000 attempts)
[18_DOMINO_in_8] Success!
[Main] Worker finished 21_5_in_DOMINO with score 4.904537362780794
[22_DOMINO_in_8] Success!
[27_5_in_6] Starting (50000 attempts)
[16_8_in_6] Success!
[26_8_in_8] Success!
[Main] Worker finished 16_8_in_6 with score 6.2478639807772485
[29_DOMINO_in_6] Starting (50000 attempts)
[Main] Worker finished 22_DOMINO_in_8 with score 3.440622428928729
[Main] Worker finished 18_DOMINO_in_8 with score 3.0351924158142594
[Main] Worker finished 26_8_in_8 with score 5.777467632032182
[19_DOMINO_in_6] Success!
[8_DOMINO_in_CIRCLE] Success!
[16_DOMINO_in_CIRCLE] Starting (50000 attempts)
[31_6_in_5] Starting (50000 attempts)
[16_6_in_6] Success!
[25_DOMINO_in_6] Success!
[22_8_in_DOMINO] Starting (50000 attempts)
[Main] Worker finished 16_6_in_6 with score 4.558228051991228
[9_5_in_6] Starting (50000 attempts)
[Main] Worker finished 19_DOMINO_in_6 with score 4.2795993472433365
[Main] Worker finished 8_DOMINO_in_CIRCLE with score 2.6915521371235593
[Main] Worker finished 25_DOMINO_in_6 with score 4.8455313121327235
[19_DOMINO_in_DOMINO] Success!
[25_DOMINO_in_6] Starting (50000 attempts)
[25_6_in_6] Success!
[24_DOMINO_in_6] Starting (50000 attempts)
[18_5_in_DOMINO] Success!
[20_DOMINO_in_DOMINO] Starting (50000 attempts)
[Main] Worker finished 18_5_in_DOMINO with score 4.569815862524372
[12_DOMINO_in_CIRCLE] Starting (50000 attempts)
[Main] Worker finished 19_DOMINO_in_DOMINO with score 4.882630265799585
[Main] Worker finished 25_6_in_6 with score 5.663881359656193
[11_DOMINO_in_DOMINO] Success!
[10_8_in_5] Success!
[20_6_in_5] Starting (50000 attempts)
[17_5_in_DOMINO] Success!
[11_6_in_6] Starting (50000 attempts)
[32_6_in_5] Success!
[Main] Worker finished 10_8_in_5 with score 6.3086008314667135
[11_DOMINO_in_CIRCLE] Starting (50000 attempts)
[Main] Worker finished 32_6_in_5 with score 7.812784092602333
[Main] Worker finished 17_5_in_DOMINO with score 4.409839693042728
[Main] Worker finished 11_DOMINO_in_DOMINO with score 3.827281560659983
[16_5_in_DOMINO] Success!
[23_5_in_5] Starting (50000 attempts)
[9_6_in_8] Success!
[31_5_in_6] Success!
[28_DOMINO_in_8] Starting (50000 attempts)
[17_DOMINO_in_8] Starting (50000 attempts)
[19_8_in_CIRCLE] Success!
[Main] Worker finished 9_6_in_8 with score 2.6447738834161796
[27_DOMINO_in_8] Starting (50000 attempts)
[20_6_in_DOMINO] Success!
[Main] Worker finished 16_5_in_DOMINO with score 4.309862100185108
[Main] Worker finished 19_8_in_CIRCLE with score 6.0953254095291225
[Main] Worker finished 31_5_in_6 with score 5.09997522367922
[31_5_in_6] Starting (50000 attempts)
[20_DOMINO_in_8] Starting (50000 attempts)
[16_8_in_DOMINO] Starting (50000 attempts)
[28_6_in_6] Success!
[25_DOMINO_in_8] Success!
[30_DOMINO_in_8] Success!
[Main] Worker finished 20_6_in_DOMINO with score 5.8434126687983206
[23_DOMINO_in_8] Starting (50000 attempts)
[Main] Worker finished 30_DOMINO_in_8 with score 3.8471636684153108
[Main] Worker finished 25_DOMINO_in_8 with score 3.5764417535910717
[Main] Worker finished 28_6_in_6 with score 5.949837118888085
[13_5_in_8] Success!
[30_DOMINO_in_8] Starting (50000 attempts)
[19_6_in_8] Success!
[19_DOMINO_in_8] Starting (50000 attempts)
[16_DOMINO_in_8] Success!
[13_6_in_CIRCLE] Starting (50000 attempts)
[Main] Worker finished 13_5_in_8 with score 2.5069731037578142
[26_DOMINO_in_8] Starting (50000 attempts)
[Main] Worker finished 19_6_in_8 with score 3.58973669683716
[23_6_in_5] Success!
[Main] Worker finished 16_DOMINO_in_8 with score 3.0294424570362044
[19_6_in_DOMINO] Success!
[19_6_in_8] Starting (50000 attempts)
[28_DOMINO_in_6] Starting (50000 attempts)
[Main] Worker finished 19_6_in_DOMINO with score 5.693379391606711
[24_DOMINO_in_8] Starting (50000 attempts)
[Main] Worker finished 23_6_in_5 with score 6.700106835949054
[12_5_in_8] Starting (50000 attempts)
[25_5_in_5] Success!
[22_5_in_5] Success!
[Main] Worker finished 22_5_in_5 with score 5.302443940088193
[17_DOMINO_in_CIRCLE] Starting (50000 attempts)
[Main] Worker finished 25_5_in_5 with score 5.6215705425904785
[29_DOMINO_in_6] Success!
[20_8_in_DOMINO] Starting (50000 attempts)
[16_DOMINO_in_CIRCLE] Success!
[Main] Worker finished 29_DOMINO_in_6 with score 5.316220414509167
[17_5_in_6] Starting (50000 attempts)
[Main] Worker finished 16_DOMINO_in_CIRCLE with score 3.6124146323887247
[9_5_in_6] Success!
[16_DOMINO_in_CIRCLE] Starting (50000 attempts)
[27_5_in_6] Success!
[Main] Worker finished 9_5_in_6 with score 2.8900148954966616
[23_DOMINO_in_6] Starting (50000 attempts)
[Main] Worker finished 27_5_in_6 with score 4.733780902267363
[9_DOMINO_in_CIRCLE] Starting (50000 attempts)
[25_DOMINO_in_6] Success!
[Main] Worker finished 25_DOMINO_in_6 with score 4.921225950171113
[24_5_in_6] Starting (50000 attempts)
[19_5_in_DOMINO] Starting (50000 attempts)
[20_DOMINO_in_DOMINO] Success!
[Main] Worker finished 20_DOMINO_in_DOMINO with score 5.012765064798198
[12_DOMINO_in_CIRCLE] Success!
[22_8_in_DOMINO] Success!
[24_DOMINO_in_6] Success!
[Main] Worker finished 12_DOMINO_in_CIRCLE with score 3.2342712519580337
[13_DOMINO_in_8] Starting (50000 attempts)
[Main] Worker finished 22_8_in_DOMINO with score 8.382506079934158
[Main] Worker finished 24_DOMINO_in_6 with score 4.793359139314673
[31_6_in_5] Success!
[11_8_in_5] Starting (50000 attempts)
[15_6_in_6] Starting (50000 attempts)
[11_6_in_6] Success!
[20_6_in_5] Success!
[11_DOMINO_in_CIRCLE] Success!
[Main] Worker finished 31_6_in_5 with score 7.676416747555321
[10_DOMINO_in_CIRCLE] Starting (50000 attempts)
[Main] Worker finished 11_DOMINO_in_CIRCLE with score 3.1860393694450497
[Main] Worker finished 20_6_in_5 with score 6.281350871924349
[Main] Worker finished 11_6_in_6 with score 3.9493073634468594
[20_8_in_8] Starting (50000 attempts)
[14_DOMINO_in_8] Starting (50000 attempts)
[10_8_in_CIRCLE] Starting (50000 attempts)
[13_8_in_6] Starting (50000 attempts)
[17_DOMINO_in_8] Success!
[Main] Worker finished 17_DOMINO_in_8 with score 3.1206342394830537
[28_DOMINO_in_8] Success!
[23_5_in_5] Success!
[Main] Worker finished 23_5_in_5 with score 5.384931350321754
[20_5_in_DOMINO] Starting (50000 attempts)
[Main] Worker finished 28_DOMINO_in_8 with score 4.003963114377159
[29_DOMINO_in_8] Starting (50000 attempts)
[26_8_in_8] Starting (50000 attempts)
[20_DOMINO_in_8] Success!
[Main] Worker finished 20_DOMINO_in_8 with score 3.1995169243986443
[27_DOMINO_in_8] Success!
[31_5_in_6] Success!
[Main] Worker finished 31_5_in_6 with score 5.1327577991219435
[20_DOMINO_in_8] Starting (50000 attempts)
[Main] Worker finished 27_DOMINO_in_8 with score 3.820307154948568
[16_8_in_DOMINO] Success!
[9_8_in_5] Starting (50000 attempts)
[23_DOMINO_in_8] Success!
[Main] Worker finished 16_8_in_DOMINO with score 7.160232969366078
[13_DOMINO_in_5] Starting (50000 attempts)
[Main] Worker finished 23_DOMINO_in_8 with score 3.431077442578044
[13_6_in_CIRCLE] Success!
[21_5_in_DOMINO] Starting (50000 attempts)
[Main] Worker finished 13_6_in_CIRCLE with score 3.8369336484278946
[18_DOMINO_in_8] Starting (50000 attempts)
[22_DOMINO_in_8] Starting (50000 attempts)
[19_DOMINO_in_8] Success!
[Main] Worker finished 19_DOMINO_in_8 with score 3.117498006277882
[16_8_in_6] Starting (50000 attempts)
[30_DOMINO_in_8] Success!
[Main] Worker finished 30_DOMINO_in_8 with score 3.885882729879618
[28_DOMINO_in_6] Success!
[Main] Worker finished 28_DOMINO_in_6 with score 5.218451752948116[30_DOMINO_in_8] Starting (50000 attempts)

[25_6_in_6] Starting (50000 attempts)
[26_DOMINO_in_8] Success!
[Main] Worker finished 26_DOMINO_in_8 with score 3.7487368429551218
[19_6_in_8] Success!
[12_5_in_8] Success!
[Main] Worker finished 12_5_in_8 with score 2.4007400073217737
[19_DOMINO_in_6] Starting (50000 attempts)
[Main] Worker finished 19_6_in_8 with score 3.589735673417741
[17_DOMINO_in_CIRCLE] Success!
[24_DOMINO_in_8] Success!
[19_6_in_8] Starting (50000 attempts)
[Main] Worker finished 17_DOMINO_in_CIRCLE with score 3.759141572791398[8_DOMINO_in_CIRCLE] Starting (50000 attempts)

[Main] Worker finished 24_DOMINO_in_8 with score 3.5703799076483236
[16_DOMINO_in_CIRCLE] Success!
[17_5_in_6] Success!
[23_DOMINO_in_6] Success!
[9_DOMINO_in_CIRCLE] Success!
[16_6_in_6] Starting (50000 attempts)
[Main] Worker finished 17_5_in_6 with score 3.7683056475804717
[19_DOMINO_in_DOMINO] Starting (50000 attempts)
[Main] Worker finished 16_DOMINO_in_CIRCLE with score 3.659026073253804
[Main] Worker finished 9_DOMINO_in_CIRCLE with score 2.803879883664299
[Main] Worker finished 23_DOMINO_in_6 with score 4.710521052682524
[20_8_in_DOMINO] Success!
[16_DOMINO_in_CIRCLE] Starting (50000 attempts)
[13_DOMINO_in_8] Success!
[19_5_in_DOMINO] Success!
[18_5_in_DOMINO] Starting (50000 attempts)
[32_6_in_5] Starting (50000 attempts)
[24_5_in_6] Success!
[10_DOMINO_in_CIRCLE] Success!
[Main] Worker finished 13_DOMINO_in_8 with score 2.5794828405467167
[10_8_in_5] Starting (50000 attempts)
[Main] Worker finished 20_8_in_DOMINO with score 8.102774853359481
[Main] Worker finished 24_5_in_6 with score 4.479815897501027
[Main] Worker finished 10_DOMINO_in_CIRCLE with score 2.9559621946049712
[Main] Worker finished 19_5_in_DOMINO with score 4.697834635053744
[11_8_in_5] Success!
[11_DOMINO_in_DOMINO] Starting (50000 attempts)
[15_6_in_6] Success!
[17_5_in_DOMINO] Starting (50000 attempts)
[16_5_in_DOMINO] Starting (50000 attempts)
[14_DOMINO_in_8] Success!
[19_8_in_CIRCLE] Starting (50000 attempts)
[10_8_in_CIRCLE] Success!
[Main] Worker finished 15_6_in_6 with score 4.475245630635559
[9_6_in_8] Starting (50000 attempts)
[Main] Worker finished 14_DOMINO_in_8 with score 2.72976517994299
[Main] Worker finished 11_8_in_5 with score 6.497991980936347
[Main] Worker finished 10_8_in_CIRCLE with score 4.75127218611163
[13_8_in_6] Success!
[28_6_in_6] Starting (50000 attempts)
[20_6_in_DOMINO] Starting (50000 attempts)
[25_DOMINO_in_8] Starting (50000 attempts)
[20_8_in_8] Success!
[20_5_in_DOMINO] Success!
[Main] Worker finished 20_5_in_DOMINO with score 4.8203042879733635
[30_DOMINO_in_6] Starting (50000 attempts)
[Main] Worker finished 13_8_in_6 with score 5.790189669490146
[Main] Worker finished 20_8_in_8 with score 5.102893955208136
[23_6_in_5] Starting (50000 attempts)
[13_5_in_8] Starting (50000 attempts)
[9_8_in_5] Success!
[20_DOMINO_in_8] Success!
[Main] Worker finished 20_DOMINO_in_8 with score 3.3572113814404516
[16_DOMINO_in_8] Starting (50000 attempts)
[Main] Worker finished 9_8_in_5 with score 5.994170884047151
[29_DOMINO_in_8] Success!
[13_DOMINO_in_5] Success!
[19_6_in_DOMINO] Starting (50000 attempts)
[18_DOMINO_in_8] Success!
[Main] Worker finished 18_DOMINO_in_8 with score 3.0351924158142594
[25_5_in_5] Starting (50000 attempts)
[Main] Worker finished 29_DOMINO_in_8 with score 3.833926104130867
[Main] Worker finished 13_DOMINO_in_5 with score 4.334345689374381
[21_5_in_DOMINO] Success!
[22_DOMINO_in_8] Success!
[13_DOMINO_in_5] Starting (50000 attempts)
[22_5_in_5] Starting (50000 attempts)
[26_8_in_8] Success!
[Main] Worker finished 21_5_in_DOMINO with score 4.904537362780794
[27_5_in_6] Starting (50000 attempts)
[Main] Worker finished 26_8_in_8 with score 5.777467632032182
[Main] Worker finished 22_DOMINO_in_8 with score 3.440622428928729
[29_DOMINO_in_6] Starting (50000 attempts)
[19_DOMINO_in_6] Success!
[31_6_in_5] Starting (50000 attempts)
[16_8_in_6] Success!
[Main] Worker finished 16_8_in_6 with score 6.2478639807772485
[22_8_in_DOMINO] Starting (50000 attempts)
[Main] Worker finished 19_DOMINO_in_6 with score 4.304063944634268
[8_DOMINO_in_CIRCLE] Success!
[9_5_in_6] Starting (50000 attempts)
[30_DOMINO_in_8] Success!
[Main] Worker finished 30_DOMINO_in_8 with score 3.999126633317716
[24_DOMINO_in_6] Starting (50000 attempts)
[Main] Worker finished 8_DOMINO_in_CIRCLE with score 2.6915521371235593
[25_6_in_6] Success!
[30_DOMINO_in_8] Starting (50000 attempts)
[19_6_in_8] Success!
[16_6_in_6] Success!
[Main] Worker finished 16_6_in_6 with score 4.558228051991228[20_DOMINO_in_DOMINO] Starting (50000 attempts)

[Main] Worker finished 19_6_in_8 with score 3.5897347306321454
[Main] Worker finished 25_6_in_6 with score 5.663881359656193
[19_DOMINO_in_DOMINO] Success!
[19_6_in_8] Starting (50000 attempts)
[16_DOMINO_in_CIRCLE] Success!
[12_DOMINO_in_CIRCLE] Starting (50000 attempts)
[18_5_in_DOMINO] Success!
[Main] Worker finished 18_5_in_DOMINO with score 4.569815862524372
[20_6_in_5] Starting (50000 attempts)
[Main] Worker finished 19_DOMINO_in_DOMINO with score 5.003644241371123
[Main] Worker finished 16_DOMINO_in_CIRCLE with score 3.659026073253804
[11_DOMINO_in_DOMINO] Success!
[10_8_in_5] Success!
[16_DOMINO_in_CIRCLE] Starting (50000 attempts)
[11_6_in_6] Starting (50000 attempts)
[Main] Worker finished 10_8_in_5 with score 6.3086008314667135[11_DOMINO_in_CIRCLE] Starting (50000 attempts)

[Main] Worker finished 11_DOMINO_in_DOMINO with score 3.827281560659983
[17_5_in_DOMINO] Success!
[16_5_in_DOMINO] Success!
[23_5_in_5] Starting (50000 attempts)
[9_6_in_8] Success!
[Main] Worker finished 9_6_in_8 with score 2.6447738834161796
[28_DOMINO_in_8] Starting (50000 attempts)
[Main] Worker finished 17_5_in_DOMINO with score 4.409839693042728
[Main] Worker finished 16_5_in_DOMINO with score 4.309862100185108
[17_DOMINO_in_8] Starting (50000 attempts)
[27_DOMINO_in_8] Starting (50000 attempts)
[32_6_in_5] Success!
[Main] Worker finished 32_6_in_5 with score 7.812784092602333[16_8_in_DOMINO] Starting (50000 attempts)

[19_8_in_CIRCLE] Success!
[Main] Worker finished 19_8_in_CIRCLE with score 6.0953254095291225
[23_DOMINO_in_8] Starting (50000 attempts)
[19_DOMINO_in_8] Starting (50000 attempts)
[25_DOMINO_in_8] Success!
[Main] Worker finished 25_DOMINO_in_8 with score 3.5764417535910717
[13_5_in_8] Success!
[20_6_in_DOMINO] Success!
[Main] Worker finished 20_6_in_DOMINO with score 5.8434126687983206
[25_DOMINO_in_8] Starting (50000 attempts)
[Main] Worker finished 13_5_in_8 with score 2.5069731037578142
[30_DOMINO_in_6] Success!
[13_6_in_CIRCLE] Starting (50000 attempts)
[16_DOMINO_in_8] Success!
[28_6_in_6] Success!
[Main] Worker finished 28_6_in_6 with score 5.949837118888085[31_DOMINO_in_8] Starting (50000 attempts)

[Main] Worker finished 30_DOMINO_in_6 with score 5.3265504361706935
[Main] Worker finished 16_DOMINO_in_8 with score 3.0294424570362044
[23_6_in_5] Success!
[30_DOMINO_in_6] Starting (50000 attempts)
[13_DOMINO_in_5] Success!
[19_6_in_DOMINO] Success!
[26_DOMINO_in_8] Starting (50000 attempts)
[Main] Worker finished 19_6_in_DOMINO with score 5.693379391606711
[28_DOMINO_in_6] Starting (50000 attempts)
[Main] Worker finished 13_DOMINO_in_5 with score 4.282850583980959
[Main] Worker finished 23_6_in_5 with score 6.700106835949054
[25_5_in_5] Success!
[24_DOMINO_in_8] Starting (50000 attempts)
[12_5_in_8] Starting (50000 attempts)
[Main] Worker finished 25_5_in_5 with score 5.6215705425904785
[17_DOMINO_in_CIRCLE] Starting (50000 attempts)
[22_5_in_5] Success!
[Main] Worker finished 22_5_in_5 with score 5.302443940088193
[20_8_in_DOMINO] Starting (50000 attempts)
[29_DOMINO_in_6] Success!
[9_5_in_6] Success!
[Main] Worker finished 29_DOMINO_in_6 with score 5.32526612818506[18_DOMINO_in_6] Starting (50000 attempts)

[Main] Worker finished 9_5_in_6 with score 2.8900148954966616
[24_DOMINO_in_6] Success!
[27_5_in_6] Success!
[17_5_in_6] Starting (50000 attempts)
[Main] Worker finished 24_DOMINO_in_6 with score 4.779477841345214
[23_DOMINO_in_6] Starting (50000 attempts)
[Main] Worker finished 27_5_in_6 with score 4.733780902267363
[9_DOMINO_in_CIRCLE] Starting (50000 attempts)
[20_DOMINO_in_DOMINO] Success!
[Main] Worker finished 20_DOMINO_in_DOMINO with score 5.012765064798198
[24_5_in_6] Starting (50000 attempts)
[12_DOMINO_in_CIRCLE] Success!
[Main] Worker finished 12_DOMINO_in_CIRCLE with score 3.2342712519580337
[19_5_in_DOMINO] Starting (50000 attempts)
[31_6_in_5] Success!
[Main] Worker finished 31_6_in_5 with score 7.676416747555321
[13_DOMINO_in_8] Starting (50000 attempts)
[22_8_in_DOMINO] Success!
[Main] Worker finished 22_8_in_DOMINO with score 8.382506079934158
[11_8_in_5] Starting (50000 attempts)
[19_6_in_8] Success!
[30_DOMINO_in_8] Success!
[Main] Worker finished 30_DOMINO_in_8 with score 3.9486526206907944
[15_6_in_6] Starting (50000 attempts)
[16_DOMINO_in_CIRCLE] Success!
[Main] Worker finished 19_6_in_8 with score 3.58973386212762
[11_6_in_6] Success!
[30_DOMINO_in_8] Starting (50000 attempts)
[20_6_in_5] Success!
[11_DOMINO_in_CIRCLE] Success!
[Main] Worker finished 11_DOMINO_in_CIRCLE with score 3.1860393694450497
[19_6_in_8] Starting (50000 attempts)
[Main] Worker finished 20_6_in_5 with score 6.281350871924349
[Main] Worker finished 16_DOMINO_in_CIRCLE with score 3.659026073253804
[Main] Worker finished 11_6_in_6 with score 3.9493073634468594
[16_DOMINO_in_CIRCLE] Starting (50000 attempts)
[10_DOMINO_in_CIRCLE] Starting (50000 attempts)
[17_DOMINO_in_8] Success!
[20_8_in_8] Starting (50000 attempts)
[23_5_in_5] Success!
[14_DOMINO_in_8] Starting (50000 attempts)
[Main] Worker finished 17_DOMINO_in_8 with score 3.1206342394830537
[Main] Worker finished 23_5_in_5 with score 5.384931350321754
[10_8_in_CIRCLE] Starting (50000 attempts)
[23_DOMINO_in_8] Success!
[28_DOMINO_in_8] Success!
[Main] Worker finished 23_DOMINO_in_8 with score 3.431077442578044
[13_8_in_6] Starting (50000 attempts)
[Main] Worker finished 28_DOMINO_in_8 with score 4.003963114377159
[20_5_in_DOMINO] Starting (50000 attempts)
[29_DOMINO_in_8] Starting (50000 attempts)
[27_DOMINO_in_8] Success!
[Main] Worker finished 27_DOMINO_in_8 with score 3.820307154948568
[19_DOMINO_in_8] Success!
[16_8_in_DOMINO] Success!
[Main] Worker finished 16_8_in_DOMINO with score 7.160232969366078
[26_8_in_8] Starting (50000 attempts)
[Main] Worker finished 19_DOMINO_in_8 with score 3.2287940102004677
[13_6_in_CIRCLE] Success!
[25_DOMINO_in_8] Success!
[9_8_in_5] Starting (50000 attempts)
[Main] Worker finished 13_6_in_CIRCLE with score 3.8369336484278946[21_5_in_DOMINO] Starting (50000 attempts)

[Main] Worker finished 25_DOMINO_in_8 with score 3.5764417535910717
[25_DOMINO_in_8] Starting (50000 attempts)
[18_DOMINO_in_8] Starting (50000 attempts)
[28_DOMINO_in_6] Success!
[Main] Worker finished 28_DOMINO_in_6 with score 5.204380234725994
[30_DOMINO_in_6] Success!
[Main] Worker finished 30_DOMINO_in_6 with score 5.315907449674494
[28_DOMINO_in_6] Starting (50000 attempts)
[30_DOMINO_in_6] Starting (50000 attempts)
[31_DOMINO_in_8] Success!
[Main] Worker finished 31_DOMINO_in_8 with score 4.085091429602335
[12_5_in_8] Success!
[17_DOMINO_in_CIRCLE] Success!
[24_DOMINO_in_8] Success!
[26_DOMINO_in_8] Success!
[Main] Worker finished 24_DOMINO_in_8 with score 3.5703799076483236
[22_DOMINO_in_8] Starting (50000 attempts)
[Main] Worker finished 17_DOMINO_in_CIRCLE with score 3.759141572791398
[Main] Worker finished 26_DOMINO_in_8 with score 3.7487368429551218
[Main] Worker finished 12_5_in_8 with score 2.4007400073217737
[18_DOMINO_in_6] Success!
[16_8_in_6] Starting (50000 attempts)
[9_DOMINO_in_CIRCLE] Success!
[25_6_in_6] Starting (50000 attempts)
[17_5_in_6] Success!
[23_DOMINO_in_6] Success!
[19_DOMINO_in_6] Starting (50000 attempts)
[20_8_in_DOMINO] Success!
[Main] Worker finished 20_8_in_DOMINO with score 8.102774853359481
[8_DOMINO_in_CIRCLE] Starting (50000 attempts)
[Main] Worker finished 17_5_in_6 with score 3.7683056475804717
[Main] Worker finished 9_DOMINO_in_CIRCLE with score 2.803879883664299
[Main] Worker finished 18_DOMINO_in_6 with score 4.041666263872599
[Main] Worker finished 23_DOMINO_in_6 with score 4.715705736132049
[18_DOMINO_in_6] Starting (50000 attempts)
[13_DOMINO_in_8] Success!
[24_5_in_6] Success!
[23_DOMINO_in_6] Starting (50000 attempts)
[19_5_in_DOMINO] Success!
[16_6_in_6] Starting (50000 attempts)
[11_8_in_5] Success!
[19_DOMINO_in_DOMINO] Starting (50000 attempts)
[15_6_in_6] Success!
[Main] Worker finished 19_5_in_DOMINO with score 4.697834635053744
[18_5_in_DOMINO] Starting (50000 attempts)
[Main] Worker finished 24_5_in_6 with score 4.479815897501027
[Main] Worker finished 13_DOMINO_in_8 with score 2.5794828405467167
[Main] Worker finished 11_8_in_5 with score 6.497991980936347
[Main] Worker finished 15_6_in_6 with score 4.475245630635559
[32_6_in_5] Starting (50000 attempts)
[10_8_in_5] Starting (50000 attempts)
[16_DOMINO_in_CIRCLE] Success!
[10_DOMINO_in_CIRCLE] Success!
[19_6_in_8] Success!
[11_DOMINO_in_DOMINO] Starting (50000 attempts)
[17_5_in_DOMINO] Starting (50000 attempts)
[30_DOMINO_in_8] Success!
[16_5_in_DOMINO] Starting (50000 attempts)
[Main] Worker finished 30_DOMINO_in_8 with score 4.039521851836077
[Main] Worker finished 10_DOMINO_in_CIRCLE with score 2.9559621946049712
[Main] Worker finished 16_DOMINO_in_CIRCLE with score 3.659026073253804
[Main] Worker finished 19_6_in_8 with score 3.589733062051877
[14_DOMINO_in_8] Success!
[19_6_in_8] Starting (50000 attempts)
[10_8_in_CIRCLE] Success!
[19_8_in_CIRCLE] Starting (50000 attempts)
[13_8_in_6] Success!
[9_6_in_8] Starting (50000 attempts)
[20_5_in_DOMINO] Success!
[Main] Worker finished 14_DOMINO_in_8 with score 2.72976517994299
[28_6_in_6] Starting (50000 attempts)
[Main] Worker finished 13_8_in_6 with score 5.790189669490146
[Main] Worker finished 20_5_in_DOMINO with score 4.8203042879733635
[Main] Worker finished 10_8_in_CIRCLE with score 4.75127218611163
[20_6_in_DOMINO] Starting (50000 attempts)
[20_8_in_8] Success!
[9_8_in_5] Success!
[23_6_in_5] Starting (50000 attempts)
[13_5_in_8] Starting (50000 attempts)
[29_DOMINO_in_8] Success!
[18_DOMINO_in_8] Success!
[Main] Worker finished 20_8_in_8 with score 5.102893955208136
[16_DOMINO_in_8] Starting (50000 attempts)
[Main] Worker finished 9_8_in_5 with score 5.994170884047151
[Main] Worker finished 29_DOMINO_in_8 with score 3.833926104130867
[Main] Worker finished 18_DOMINO_in_8 with score 3.0351924158142594
[21_5_in_DOMINO] Success!
[19_6_in_DOMINO] Starting (50000 attempts)
[25_5_in_5] Starting (50000 attempts)
[25_DOMINO_in_8] Success!
[28_DOMINO_in_6] Success!
[22_5_in_5] Starting (50000 attempts)
[Main] Worker finished 25_DOMINO_in_8 with score 3.6521991511468035
[27_5_in_6] Starting (50000 attempts)
[Main] Worker finished 28_DOMINO_in_6 with score 5.212714325307466
[26_8_in_8] Success!
[Main] Worker finished 21_5_in_DOMINO with score 4.904537362780794
[28_DOMINO_in_6] Starting (50000 attempts)
[29_DOMINO_in_6] Starting (50000 attempts)
[30_DOMINO_in_6] Success!
[Main] Worker finished 30_DOMINO_in_6 with score 5.394092973202802
[31_6_in_5] Starting (50000 attempts)
[Main] Worker finished 26_8_in_8 with score 5.777467632032182
[30_DOMINO_in_6] Starting (50000 attempts)
[22_DOMINO_in_8] Success!
[Main] Worker finished 22_DOMINO_in_8 with score 3.440622428928729
[22_8_in_DOMINO] Starting (50000 attempts)
[8_DOMINO_in_CIRCLE] Success!
[Main] Worker finished 8_DOMINO_in_CIRCLE with score 2.6915521371235593[9_5_in_6] Starting (50000 attempts)

[16_8_in_6] Success!
[Main] Worker finished 16_8_in_6 with score 6.2478639807772485
[24_DOMINO_in_6] Starting (50000 attempts)
[19_DOMINO_in_6] Success!
[Main] Worker finished 19_DOMINO_in_6 with score 4.2697670885556445[20_DOMINO_in_DOMINO] Starting (50000 attempts)

[19_DOMINO_in_6] Starting (50000 attempts)
[23_DOMINO_in_6] Success!
[Main] Worker finished 23_DOMINO_in_6 with score 4.7142911658776665
[18_DOMINO_in_6] Success!
[Main] Worker finished 18_DOMINO_in_6 with score 4.113177387199778
[12_DOMINO_in_CIRCLE] Starting (50000 attempts)
[20_6_in_5] Starting (50000 attempts)
[25_6_in_6] Success!
[Main] Worker finished 25_6_in_6 with score 5.663881359656193
[19_DOMINO_in_DOMINO] Success!
[Main] Worker finished 19_DOMINO_in_DOMINO with score 4.882630265799585[11_6_in_6] Starting (50000 attempts)

[11_DOMINO_in_CIRCLE] Starting (50000 attempts)
[16_6_in_6] Success!
[Main] Worker finished 16_6_in_6 with score 4.558228051991228
[11_DOMINO_in_DOMINO] Success!
[18_5_in_DOMINO] Success!
[Main] Worker finished 11_DOMINO_in_DOMINO with score 3.827281560659983[23_5_in_5] Starting (50000 attempts)

[Main] Worker finished 18_5_in_DOMINO with score 4.569815862524372
[10_8_in_5] Success!
[28_DOMINO_in_8] Starting (50000 attempts)
[Main] Worker finished 10_8_in_5 with score 6.3086008314667135
[17_DOMINO_in_8] Starting (50000 attempts)
[17_5_in_DOMINO] Success!
[Main] Worker finished 17_5_in_DOMINO with score 4.409839693042728
[27_DOMINO_in_6] Starting (50000 attempts)
[16_5_in_DOMINO] Success!
[Main] Worker finished 16_5_in_DOMINO with score 4.309862100185108[27_DOMINO_in_8] Starting (50000 attempts)

[20_DOMINO_in_8] Starting (50000 attempts)
[9_6_in_8] Success!
[Main] Worker finished 9_6_in_8 with score 2.6447738834161796
[19_6_in_8] Success!
[Main] Worker finished 19_6_in_8 with score 3.589732325013667
[16_8_in_DOMINO] Starting (50000 attempts)
[32_6_in_5] Success!
[Main] Worker finished 32_6_in_5 with score 7.812784092602333
[19_6_in_8] Starting (50000 attempts)
[26_DOMINO_in_6] Starting (50000 attempts)
[13_5_in_8] Success!
[Main] Worker finished 13_5_in_8 with score 2.5069731037578142
[23_DOMINO_in_8] Starting (50000 attempts)
[23_6_in_5] Success!
[Main] Worker finished 23_6_in_5 with score 6.700106835949054
[19_DOMINO_in_8] Starting (50000 attempts)
[20_6_in_DOMINO] Success!
[Main] Worker finished 20_6_in_DOMINO with score 5.8434126687983206
[16_DOMINO_in_8] Success!
[19_8_in_CIRCLE] Success!
[Main] Worker finished 19_8_in_CIRCLE with score 6.0953254095291225
[13_6_in_CIRCLE] Starting (50000 attempts)
[Main] Worker finished 16_DOMINO_in_8 with score 3.0294424570362044
[25_5_in_5] Success!
[28_6_in_6] Success!
[31_DOMINO_in_8] Starting (50000 attempts)
[Main] Worker finished 28_6_in_6 with score 5.949837118888085
[26_DOMINO_in_8] Starting (50000 attempts)
[Main] Worker finished 25_5_in_5 with score 5.6215705425904785
[27_5_in_6] Success!
[19_6_in_DOMINO] Success!
[28_DOMINO_in_6] Success!
[24_DOMINO_in_8] Starting (50000 attempts)
[22_5_in_5] Success!
[Main] Worker finished 22_5_in_5 with score 5.302443940088193
[12_5_in_8] Starting (50000 attempts)
[Main] Worker finished 19_6_in_DOMINO with score 5.693379391606711
[Main] Worker finished 27_5_in_6 with score 4.733780902267363
[Main] Worker finished 28_DOMINO_in_6 with score 5.199178195837957
[28_DOMINO_in_6] Starting (50000 attempts)
[17_DOMINO_in_CIRCLE] Starting (50000 attempts)
[30_DOMINO_in_6] Success!
[20_8_in_DOMINO] Starting (50000 attempts)
[Main] Worker finished 30_DOMINO_in_6 with score 5.259853638048061
[17_5_in_6] Starting (50000 attempts)
[9_5_in_6] Success!
[29_DOMINO_in_6] Success!
[Main] Worker finished 29_DOMINO_in_6 with score 5.299764827769427
[30_DOMINO_in_6] Starting (50000 attempts)
[Main] Worker finished 9_5_in_6 with score 2.8900148954966616
[9_DOMINO_in_CIRCLE] Starting (50000 attempts)
[20_DOMINO_in_DOMINO] Success!
[19_DOMINO_in_6] Success!
[24_DOMINO_in_6] Success!
[12_DOMINO_in_CIRCLE] Success!
[Main] Worker finished 19_DOMINO_in_6 with score 4.2920288208596995
[24_5_in_6] Starting (50000 attempts)
[Main] Worker finished 12_DOMINO_in_CIRCLE with score 3.2342712519580337
[Main] Worker finished 20_DOMINO_in_DOMINO with score 5.012765064798198
[Main] Worker finished 24_DOMINO_in_6 with score 4.795756538056002
[31_6_in_5] Success!
[19_DOMINO_in_6] Starting (50000 attempts)
[19_5_in_DOMINO] Starting (50000 attempts)
[22_8_in_DOMINO] Success!
[11_DOMINO_in_CIRCLE] Success!
[11_6_in_6] Success!
[13_DOMINO_in_8] Starting (50000 attempts)
[20_6_in_5] Success!
[Main] Worker finished 22_8_in_DOMINO with score 8.382506079934158
[11_8_in_5] Starting (50000 attempts)
[Main] Worker finished 20_6_in_5 with score 6.281350871924349
[Main] Worker finished 31_6_in_5 with score 7.676416747555321
[Main] Worker finished 11_6_in_6 with score 3.9493073634468594
[Main] Worker finished 11_DOMINO_in_CIRCLE with score 3.1860393694450497
[17_DOMINO_in_8] Success!
[15_6_in_6] Starting (50000 attempts)
[10_DOMINO_in_CIRCLE] Starting (50000 attempts)
[20_8_in_8] Starting (50000 attempts)
[14_DOMINO_in_8] Starting (50000 attempts)
[23_5_in_5] Success!
[28_DOMINO_in_8] Success!
[Main] Worker finished 17_DOMINO_in_8 with score 3.1206342394830537
[10_8_in_CIRCLE] Starting (50000 attempts)
[Main] Worker finished 28_DOMINO_in_8 with score 4.003963114377159
[Main] Worker finished 23_5_in_5 with score 5.384931350321754
[13_8_in_6] Starting (50000 attempts)
[20_5_in_DOMINO] Starting (50000 attempts)
[27_DOMINO_in_6] Success!
[20_DOMINO_in_8] Success!
[Main] Worker finished 27_DOMINO_in_6 with score 5.071232976203554
[29_DOMINO_in_8] Starting (50000 attempts)
[Main] Worker finished 20_DOMINO_in_8 with score 3.3236392676260467
[27_DOMINO_in_8] Success!
[27_DOMINO_in_6] Starting (50000 attempts)
[16_8_in_DOMINO] Success!
[Main] Worker finished 16_8_in_DOMINO with score 7.160232969366078[26_8_in_8] Starting (50000 attempts)

[Main] Worker finished 27_DOMINO_in_8 with score 3.820307154948568
[9_8_in_5] Starting (50000 attempts)
[13_DOMINO_in_5] Starting (50000 attempts)
[19_6_in_8] Success!
[Main] Worker finished 19_6_in_8 with score 3.5897316460464657
[19_6_in_8] Starting (50000 attempts)
[19_DOMINO_in_8] Success!
[Main] Worker finished 19_DOMINO_in_8 with score 3.2614080911115835
[26_DOMINO_in_6] Success!
[13_6_in_CIRCLE] Success!
[23_DOMINO_in_8] Success!
[Main] Worker finished 26_DOMINO_in_6 with score 5.005446132707396[21_5_in_DOMINO] Starting (50000 attempts)

[Main] Worker finished 23_DOMINO_in_8 with score 3.431077442578044
[Main] Worker finished 13_6_in_CIRCLE with score 3.8369336484278946
[18_DOMINO_in_8] Starting (50000 attempts)
[31_DOMINO_in_8] Success!
[22_DOMINO_in_8] Starting (50000 attempts)
[Main] Worker finished 31_DOMINO_in_8 with score 4.085091429602335
[16_8_in_6] Starting (50000 attempts)
[17_DOMINO_in_CIRCLE] Success!
[Main] Worker finished 17_DOMINO_in_CIRCLE with score 3.759141572791398
[25_6_in_6] Starting (50000 attempts)
[12_5_in_8] Success!
[26_DOMINO_in_8] Success!
[28_DOMINO_in_6] Success!
[24_DOMINO_in_8] Success!
[Main] Worker finished 26_DOMINO_in_8 with score 3.7487368429551218
[8_DOMINO_in_CIRCLE] Starting (50000 attempts)
[Main] Worker finished 24_DOMINO_in_8 with score 3.5703799076483236
[Main] Worker finished 28_DOMINO_in_6 with score 5.208545613115357
[Main] Worker finished 12_5_in_8 with score 2.4007400073217737
[28_DOMINO_in_6] Starting (50000 attempts)
[16_6_in_6] Starting (50000 attempts)
[9_DOMINO_in_CIRCLE] Success!
[17_5_in_6] Success!
[20_8_in_DOMINO] Success!
[19_DOMINO_in_DOMINO] Starting (50000 attempts)
[Main] Worker finished 20_8_in_DOMINO with score 8.102774853359481
[18_5_in_DOMINO] Starting (50000 attempts)
[Main] Worker finished 9_DOMINO_in_CIRCLE with score 2.803879883664299
[Main] Worker finished 17_5_in_6 with score 3.7683056475804717
[32_6_in_5] Starting (50000 attempts)
[30_DOMINO_in_6] Success!
[10_8_in_5] Starting (50000 attempts)
[19_DOMINO_in_6] Success!
[Main] Worker finished 19_DOMINO_in_6 with score 4.267205868682185
[11_DOMINO_in_DOMINO] Starting (50000 attempts)
[Main] Worker finished 30_DOMINO_in_6 with score 5.2975341051319464
[19_DOMINO_in_6] Starting (50000 attempts)
[13_DOMINO_in_8] Success!
[19_5_in_DOMINO] Success!
[Main] Worker finished 19_5_in_DOMINO with score 4.697834635053744
[30_DOMINO_in_6] Starting (50000 attempts)
[Main] Worker finished 13_DOMINO_in_8 with score 2.5794828405467167
[24_5_in_6] Success!
[13_DOMINO_in_8] Starting (50000 attempts)
[10_DOMINO_in_CIRCLE] Success!
[11_8_in_5] Success!
[Main] Worker finished 11_8_in_5 with score 6.497991980936347
[17_5_in_DOMINO] Starting (50000 attempts)
[Main] Worker finished 10_DOMINO_in_CIRCLE with score 2.9559621946049712
[Main] Worker finished 24_5_in_6 with score 4.479815897501027
[16_5_in_DOMINO] Starting (50000 attempts)
[14_DOMINO_in_8] Success!
[15_6_in_6] Success!
[19_8_in_CIRCLE] Starting (50000 attempts)
[Main] Worker finished 15_6_in_6 with score 4.475245630635559
[9_6_in_8] Starting (50000 attempts)
[Main] Worker finished 14_DOMINO_in_8 with score 2.72976517994299
[28_6_in_6] Starting (50000 attempts)
[10_8_in_CIRCLE] Success!
[Main] Worker finished 10_8_in_CIRCLE with score 4.75127218611163
[20_6_in_DOMINO] Starting (50000 attempts)
[23_6_in_5] Starting (50000 attempts)
[13_8_in_6] Success!
[Main] Worker finished 13_8_in_6 with score 5.790189669490146
[20_8_in_8] Success!
[Main] Worker finished 20_8_in_8 with score 5.102893955208136[13_5_in_8] Starting (50000 attempts)

[20_5_in_DOMINO] Success!
[16_DOMINO_in_8] Starting (50000 attempts)
[Main] Worker finished 20_5_in_DOMINO with score 4.8203042879733635
[19_6_in_DOMINO] Starting (50000 attempts)
[13_DOMINO_in_5] Success!
[Main] Worker finished 13_DOMINO_in_5 with score 4.490747745863403
[9_8_in_5] Success!
[Main] Worker finished 9_8_in_5 with score 5.994170884047151[25_5_in_5] Starting (50000 attempts)

[29_DOMINO_in_8] Success!
[27_DOMINO_in_6] Success!
[Main] Worker finished 29_DOMINO_in_8 with score 3.833926104130867
[22_5_in_5] Starting (50000 attempts)
[Main] Worker finished 27_DOMINO_in_6 with score 5.117594137722417
[27_5_in_6] Starting (50000 attempts)
[29_DOMINO_in_6] Starting (50000 attempts)
[19_6_in_8] Success!
[Main] Worker finished 19_6_in_8 with score 3.5897310205750217
[21_5_in_DOMINO] Success!
[18_DOMINO_in_8] Success!
[Main] Worker finished 21_5_in_DOMINO with score 4.904537362780794
[19_6_in_8] Starting (50000 attempts)
[Main] Worker finished 18_DOMINO_in_8 with score 3.0351924158142594
[31_6_in_5] Starting (50000 attempts)
[26_8_in_8] Success!
[Main] Worker finished 26_8_in_8 with score 5.777467632032182
[22_8_in_DOMINO] Starting (50000 attempts)
[22_DOMINO_in_8] Success!
[Main] Worker finished 22_DOMINO_in_8 with score 3.440622428928729
[9_5_in_6] Starting (50000 attempts)
[8_DOMINO_in_CIRCLE] Success!
[Main] Worker finished 8_DOMINO_in_CIRCLE with score 2.6915521371235593
[24_DOMINO_in_6] Starting (50000 attempts)
[16_8_in_6] Success!
[Main] Worker finished 16_8_in_6 with score 6.2478639807772485
[20_DOMINO_in_DOMINO] Starting (50000 attempts)
[12_DOMINO_in_CIRCLE] Starting (50000 attempts)
[28_DOMINO_in_6] Success!
[Main] Worker finished 28_DOMINO_in_6 with score 5.222628393619493
[20_6_in_5] Starting (50000 attempts)
[25_6_in_6] Success!
[Main] Worker finished 25_6_in_6 with score 5.663881359656193
[19_DOMINO_in_DOMINO] Success!
[16_6_in_6] Success!
[Main] Worker finished 19_DOMINO_in_DOMINO with score 4.919907061991625
[11_6_in_6] Starting (50000 attempts)
[Main] Worker finished 16_6_in_6 with score 4.558228051991228
[11_DOMINO_in_DOMINO] Success!
[18_5_in_DOMINO] Success!
[19_DOMINO_in_DOMINO] Starting (50000 attempts)
[10_8_in_5] Success!
[19_DOMINO_in_6] Success!
[Main] Worker finished 18_5_in_DOMINO with score 4.569815862524372
[11_DOMINO_in_CIRCLE] Starting (50000 attempts)
[Main] Worker finished 10_8_in_5 with score 6.3086008314667135
[Main] Worker finished 11_DOMINO_in_DOMINO with score 3.827281560659983
[Main] Worker finished 19_DOMINO_in_6 with score 4.26763263194538
[19_DOMINO_in_6] Starting (50000 attempts)
[23_5_in_5] Starting (50000 attempts)
[30_DOMINO_in_6] Success!
[13_DOMINO_in_8] Success!
[28_DOMINO_in_8] Starting (50000 attempts)
[17_DOMINO_in_8] Starting (50000 attempts)
[Main] Worker finished 13_DOMINO_in_8 with score 2.5794828405467167
[Main] Worker finished 30_DOMINO_in_6 with score 5.315045721548798
[16_5_in_DOMINO] Success!
[32_6_in_5] Success!
[17_5_in_DOMINO] Success!
[13_DOMINO_in_8] Starting (50000 attempts)
[9_6_in_8] Success!
[Main] Worker finished 17_5_in_DOMINO with score 4.409839693042728
[30_DOMINO_in_6] Starting (50000 attempts)
[Main] Worker finished 16_5_in_DOMINO with score 4.309862100185108
[Main] Worker finished 32_6_in_5 with score 7.812784092602333
[Main] Worker finished 9_6_in_8 with score 2.6447738834161796
[27_DOMINO_in_8] Starting (50000 attempts)
[20_DOMINO_in_8] Starting (50000 attempts)
[19_8_in_CIRCLE] Success!
[13_5_in_8] Success!
[16_8_in_DOMINO] Starting (50000 attempts)
[20_6_in_DOMINO] Success!
[16_DOMINO_in_8] Success!
[23_6_in_5] Success!
[Main] Worker finished 19_8_in_CIRCLE with score 6.0953254095291225
[26_DOMINO_in_6] Starting (50000 attempts)
[Main] Worker finished 16_DOMINO_in_8 with score 3.0294424570362044
[Main] Worker finished 13_5_in_8 with score 2.5069731037578142
[Main] Worker finished 20_6_in_DOMINO with score 5.8434126687983206
[Main] Worker finished 23_6_in_5 with score 6.700106835949054
[23_DOMINO_in_8] Starting (50000 attempts)
[28_6_in_6] Success!
[19_DOMINO_in_8] Starting (50000 attempts)
[13_6_in_CIRCLE] Starting (50000 attempts)
[31_DOMINO_in_8] Starting (50000 attempts)
[19_6_in_DOMINO] Success!
[Main] Worker finished 28_6_in_6 with score 5.949837118888085
[26_DOMINO_in_8] Starting (50000 attempts)
[Main] Worker finished 19_6_in_DOMINO with score 5.693379391606711
[24_DOMINO_in_8] Starting (50000 attempts)
[25_5_in_5] Success!
[22_5_in_5] Success!
[27_5_in_6] Success!
[Main] Worker finished 27_5_in_6 with score 4.733780902267363
[12_5_in_8] Starting (50000 attempts)
[Main] Worker finished 22_5_in_5 with score 5.302443940088193
[Main] Worker finished 25_5_in_5 with score 5.6215705425904785
[29_DOMINO_in_6] Success!
[17_DOMINO_in_CIRCLE] Starting (50000 attempts)
[20_8_in_DOMINO] Starting (50000 attempts)
[9_5_in_6] Success!
[Main] Worker finished 29_DOMINO_in_6 with score 5.28019095319624
[18_DOMINO_in_6] Starting (50000 attempts)
[Main] Worker finished 9_5_in_6 with score 2.8900148954966616
[29_DOMINO_in_6] Starting (50000 attempts)
[24_DOMINO_in_6] Success!
[19_6_in_8] Success!
[Main] Worker finished 19_6_in_8 with score 3.5897304443845335
[17_5_in_6] Starting (50000 attempts)
[Main] Worker finished 24_DOMINO_in_6 with score 4.724825964162169
[12_DOMINO_in_CIRCLE] Success!
[24_DOMINO_in_6] Starting (50000 attempts)
[20_DOMINO_in_DOMINO] Success!
[Main] Worker finished 20_DOMINO_in_DOMINO with score 5.012765064798198[19_6_in_8] Starting (50000 attempts)

[Main] Worker finished 12_DOMINO_in_CIRCLE with score 3.2342712519580337
[31_6_in_5] Success!
[22_8_in_DOMINO] Success!
[23_DOMINO_in_6] Starting (50000 attempts)
[Main] Worker finished 22_8_in_DOMINO with score 8.382506079934158
[9_DOMINO_in_CIRCLE] Starting (50000 attempts)
[Main] Worker finished 31_6_in_5 with score 7.676416747555321
[11_6_in_6] Success!
[20_6_in_5] Success!
[11_DOMINO_in_CIRCLE] Success!
[24_5_in_6] Starting (50000 attempts)
[19_DOMINO_in_DOMINO] Success!
[Main] Worker finished 11_6_in_6 with score 3.9493073634468594
[19_5_in_DOMINO] Starting (50000 attempts)
[Main] Worker finished 20_6_in_5 with score 6.281350871924349
[Main] Worker finished 11_DOMINO_in_CIRCLE with score 3.1860393694450497
[Main] Worker finished 19_DOMINO_in_DOMINO with score 5.003644241371123
[19_DOMINO_in_6] Success!
[11_8_in_5] Starting (50000 attempts)
[15_6_in_6] Starting (50000 attempts)
[10_DOMINO_in_CIRCLE] Starting (50000 attempts)
[17_DOMINO_in_8] Success!
[Main] Worker finished 17_DOMINO_in_8 with score 3.1206342394830537
[20_8_in_8] Starting (50000 attempts)
[Main] Worker finished 19_DOMINO_in_6 with score 4.289454247285672
[23_5_in_5] Success!
[14_DOMINO_in_8] Starting (50000 attempts)
[13_DOMINO_in_8] Success!
[28_DOMINO_in_8] Success!
[Main] Worker finished 13_DOMINO_in_8 with score 2.7072481179543093
[10_8_in_CIRCLE] Starting (50000 attempts)
[Main] Worker finished 28_DOMINO_in_8 with score 4.003963114377159
[Main] Worker finished 23_5_in_5 with score 5.384931350321754
[25_DOMINO_in_6] Starting (50000 attempts)
[20_DOMINO_in_8] Success!
[13_8_in_6] Starting (50000 attempts)
[Main] Worker finished 20_DOMINO_in_8 with score 3.3572113814404516
[20_5_in_DOMINO] Starting (50000 attempts)
[29_DOMINO_in_8] Starting (50000 attempts)
[30_DOMINO_in_6] Success!
[Main] Worker finished 30_DOMINO_in_6 with score 5.2864204012902425
[27_DOMINO_in_8] Success!
[23_DOMINO_in_8] Success!
[Main] Worker finished 27_DOMINO_in_8 with score 3.820307154948568
[30_DOMINO_in_6] Starting (50000 attempts)
[Main] Worker finished 23_DOMINO_in_8 with score 3.431077442578044
[26_DOMINO_in_6] Success!
[16_8_in_DOMINO] Success!
[13_6_in_CIRCLE] Success!
[26_8_in_8] Starting (50000 attempts)
[19_DOMINO_in_8] Success!
[Main] Worker finished 26_DOMINO_in_6 with score 5.036074206193
[9_8_in_5] Starting (50000 attempts)
[Main] Worker finished 16_8_in_DOMINO with score 7.160232969366078
[Main] Worker finished 19_DOMINO_in_8 with score 3.117498006277882
[Main] Worker finished 13_6_in_CIRCLE with score 3.8369336484278946
[13_DOMINO_in_5] Starting (50000 attempts)
[26_DOMINO_in_8] Success!
[21_5_in_DOMINO] Starting (50000 attempts)
[12_5_in_8] Success!
[18_DOMINO_in_8] Starting (50000 attempts)
[17_DOMINO_in_CIRCLE] Success!
[24_DOMINO_in_8] Success!
[Main] Worker finished 12_5_in_8 with score 2.4007400073217737
[22_DOMINO_in_8] Starting (50000 attempts)
[Main] Worker finished 26_DOMINO_in_8 with score 3.7487368429551218
[31_DOMINO_in_8] Success!
[Main] Worker finished 24_DOMINO_in_8 with score 3.5703799076483236
[Main] Worker finished 17_DOMINO_in_CIRCLE with score 3.759141572791398
[18_DOMINO_in_6] Success!
[16_8_in_6] Starting (50000 attempts)
[20_8_in_DOMINO] Success!
[24_DOMINO_in_6] Success!
[25_6_in_6] Starting (50000 attempts)
[17_5_in_6] Success!
[8_DOMINO_in_CIRCLE] Starting (50000 attempts)
[29_DOMINO_in_6] Success!
[Main] Worker finished 24_DOMINO_in_6 with score 4.806766889081217
[16_6_in_6] Starting (50000 attempts)
[Main] Worker finished 18_DOMINO_in_6 with score 4.124298528996569
[Main] Worker finished 31_DOMINO_in_8 with score 4.085091429602335
[Main] Worker finished 29_DOMINO_in_6 with score 5.196376014769551
[Main] Worker finished 17_5_in_6 with score 3.7683056475804717
[Main] Worker finished 20_8_in_DOMINO with score 8.102774853359481
[23_DOMINO_in_6] Success!
[9_DOMINO_in_CIRCLE] Success!
[19_6_in_8] Success!
[29_DOMINO_in_6] Starting (50000 attempts)
[18_5_in_DOMINO] Starting (50000 attempts)
[32_6_in_5] Starting (50000 attempts)
[10_8_in_5] Starting (50000 attempts)
[11_DOMINO_in_DOMINO] Starting (50000 attempts)
[19_5_in_DOMINO] Success!
[Main] Worker finished 9_DOMINO_in_CIRCLE with score 2.803879883664299
[17_5_in_DOMINO] Starting (50000 attempts)
[Main] Worker finished 19_5_in_DOMINO with score 4.697834635053744
[Main] Worker finished 23_DOMINO_in_6 with score 4.697349384082568
[Main] Worker finished 19_6_in_8 with score 3.589729913592251
[24_5_in_6] Success!
[10_DOMINO_in_CIRCLE] Success!
[15_6_in_6] Success!
[23_DOMINO_in_6] Starting (50000 attempts)
[11_8_in_5] Success!
[19_6_in_8] Starting (50000 attempts)
[16_5_in_DOMINO] Starting (50000 attempts)
[14_DOMINO_in_8] Success!
[Main] Worker finished 11_8_in_5 with score 6.497991980936347
[19_8_in_CIRCLE] Starting (50000 attempts)
[Main] Worker finished 10_DOMINO_in_CIRCLE with score 2.9559621946049712
[Main] Worker finished 24_5_in_6 with score 4.479815897501027
[Main] Worker finished 15_6_in_6 with score 4.475245630635559
[Main] Worker finished 14_DOMINO_in_8 with score 2.72976517994299
[10_8_in_CIRCLE] Success!
[9_6_in_8] Starting (50000 attempts)
[25_DOMINO_in_6] Success!
[28_6_in_6] Starting (50000 attempts)
[20_8_in_8] Success!
[20_6_in_DOMINO] Starting (50000 attempts)
[25_DOMINO_in_8] Starting (50000 attempts)
[Main] Worker finished 25_DOMINO_in_6 with score 4.893742735493969
[23_6_in_5] Starting (50000 attempts)
[Main] Worker finished 20_8_in_8 with score 5.102893955208136
[Main] Worker finished 10_8_in_CIRCLE with score 4.75127218611163
[20_5_in_DOMINO] Success!
[13_8_in_6] Success!
[13_5_in_8] Starting (50000 attempts)
[16_DOMINO_in_8] Starting (50000 attempts)
[29_DOMINO_in_8] Success!
[Main] Worker finished 20_5_in_DOMINO with score 4.8203042879733635
[19_6_in_DOMINO] Starting (50000 attempts)
[Main] Worker finished 29_DOMINO_in_8 with score 3.833926104130867
[Main] Worker finished 13_8_in_6 with score 5.790189669490146
[30_DOMINO_in_6] Success!
[25_5_in_5] Starting (50000 attempts)
[9_8_in_5] Success!
[22_5_in_5] Starting (50000 attempts)
[13_DOMINO_in_5] Success!
[Main] Worker finished 30_DOMINO_in_6 with score 5.399154672411788
[27_5_in_6] Starting (50000 attempts)
[Main] Worker finished 13_DOMINO_in_5 with score 4.282850583980959
[Main] Worker finished 9_8_in_5 with score 5.994170884047151
[31_6_in_5] Starting (50000 attempts)
[22_8_in_DOMINO] Starting (50000 attempts)
[21_5_in_DOMINO] Success!
[18_DOMINO_in_8] Success!
[Main] Worker finished 21_5_in_DOMINO with score 4.904537362780794
[9_5_in_6] Starting (50000 attempts)
[26_8_in_8] Success!
[Main] Worker finished 18_DOMINO_in_8 with score 3.0351924158142594
[20_DOMINO_in_DOMINO] Starting (50000 attempts)
[22_DOMINO_in_8] Success!
[Main] Worker finished 26_8_in_8 with score 5.777467632032182
[12_DOMINO_in_CIRCLE] Starting (50000 attempts)
[Main] Worker finished 22_DOMINO_in_8 with score 3.440622428928729
[8_DOMINO_in_CIRCLE] Success!
[20_6_in_5] Starting (50000 attempts)
[Main] Worker finished 8_DOMINO_in_CIRCLE with score 2.6915521371235593
[11_6_in_6] Starting (50000 attempts)
[11_DOMINO_in_CIRCLE] Starting (50000 attempts)
[16_8_in_6] Success!
[Main] Worker finished 16_8_in_6 with score 6.2478639807772485
[25_6_in_6] Success!
[Main] Worker finished 25_6_in_6 with score 5.663881359656193
[23_5_in_5] Starting (50000 attempts)
[16_6_in_6] Success!
[Main] Worker finished 16_6_in_6 with score 4.558228051991228
[28_DOMINO_in_8] Starting (50000 attempts)
[17_DOMINO_in_8] Starting (50000 attempts)
[29_DOMINO_in_6] Success!
[Main] Worker finished 29_DOMINO_in_6 with score 5.232880087295193
[29_DOMINO_in_6] Starting (50000 attempts)
[10_8_in_5] Success!
[Main] Worker finished 10_8_in_5 with score 6.3086008314667135
[11_DOMINO_in_DOMINO] Success!
[18_5_in_DOMINO] Success!
[Main] Worker finished 18_5_in_DOMINO with score 4.569815862524372[27_DOMINO_in_6] Starting (50000 attempts)

[Main] Worker finished 11_DOMINO_in_DOMINO with score 3.827281560659983
[27_DOMINO_in_8] Starting (50000 attempts)
[20_DOMINO_in_8] Starting (50000 attempts)
[17_5_in_DOMINO] Success!
[Main] Worker finished 17_5_in_DOMINO with score 4.409839693042728
[16_8_in_DOMINO] Starting (50000 attempts)
[23_DOMINO_in_6] Success!
[Main] Worker finished 23_DOMINO_in_6 with score 4.675322544240417
[16_5_in_DOMINO] Success!
[32_6_in_5] Success!
[Main] Worker finished 16_5_in_DOMINO with score 4.309862100185108[23_DOMINO_in_6] Starting (50000 attempts)

[Main] Worker finished 32_6_in_5 with score 7.812784092602333
[19_6_in_8] Success!
[26_DOMINO_in_6] Starting (50000 attempts)
[9_6_in_8] Success!
[Main] Worker finished 19_6_in_8 with score 3.589729424621327
[23_DOMINO_in_8] Starting (50000 attempts)
[Main] Worker finished 9_6_in_8 with score 2.6447738834161796
[19_6_in_8] Starting (50000 attempts)
[19_DOMINO_in_8] Starting (50000 attempts)
[13_5_in_8] Success!
[Main] Worker finished 13_5_in_8 with score 2.5069731037578142
[19_8_in_CIRCLE] Success!
[16_DOMINO_in_8] Success!
[20_6_in_DOMINO] Success!
[Main] Worker finished 20_6_in_DOMINO with score 5.8434126687983206[13_6_in_CIRCLE] Starting (50000 attempts)

[Main] Worker finished 16_DOMINO_in_8 with score 3.0294424570362044
[Main] Worker finished 19_8_in_CIRCLE with score 6.0953254095291225
[25_DOMINO_in_8] Success!
[31_DOMINO_in_8] Starting (50000 attempts)
[23_6_in_5] Success!
[26_DOMINO_in_8] Starting (50000 attempts)
[19_6_in_DOMINO] Success!
[Main] Worker finished 23_6_in_5 with score 6.700106835949054
[24_DOMINO_in_8] Starting (50000 attempts)
[28_6_in_6] Success!
[Main] Worker finished 19_6_in_DOMINO with score 5.693379391606711
[Main] Worker finished 25_DOMINO_in_8 with score 3.5764417535910717
[12_5_in_8] Starting (50000 attempts)
[25_5_in_5] Success!
[29_5_in_6] Starting (50000 attempts)
[9_5_in_6] Success!
[22_5_in_5] Success!
[Main] Worker finished 25_5_in_5 with score 5.6215705425904785
[17_DOMINO_in_CIRCLE] Starting (50000 attempts)
[Main] Worker finished 28_6_in_6 with score 5.949837118888085
[Main] Worker finished 9_5_in_6 with score 2.8900148954966616
[Main] Worker finished 22_5_in_5 with score 5.302443940088193
[20_DOMINO_in_DOMINO] Success!
[12_DOMINO_in_CIRCLE] Success!
[20_8_in_DOMINO] Starting (50000 attempts)
[18_DOMINO_in_6] Starting (50000 attempts)
[27_5_in_6] Success!
[22_8_in_DOMINO] Success!
[17_5_in_6] Starting (50000 attempts)
[11_6_in_6] Success!
[11_DOMINO_in_CIRCLE] Success!
[Main] Worker finished 27_5_in_6 with score 4.733780902267363
[9_DOMINO_in_CIRCLE] Starting (50000 attempts)
[Main] Worker finished 11_6_in_6 with score 3.9493073634468594
[Main] Worker finished 12_DOMINO_in_CIRCLE with score 3.2342712519580337
[Main] Worker finished 20_DOMINO_in_DOMINO with score 5.012765064798198
[Main] Worker finished 11_DOMINO_in_CIRCLE with score 3.1860393694450497
[Main] Worker finished 22_8_in_DOMINO with score 8.382506079934158
[31_6_in_5] Success!
[24_5_in_6] Starting (50000 attempts)
[20_6_in_5] Success!
[19_5_in_DOMINO] Starting (50000 attempts)
[29_DOMINO_in_6] Success!
[28_DOMINO_in_8] Success!
[11_8_in_5] Starting (50000 attempts)
[17_DOMINO_in_8] Success!
[15_6_in_6] Starting (50000 attempts)
[23_5_in_5] Success!
[10_DOMINO_in_CIRCLE] Starting (50000 attempts)
[Main] Worker finished 28_DOMINO_in_8 with score 4.003963114377159
[20_8_in_8] Starting (50000 attempts)
[Main] Worker finished 31_6_in_5 with score 7.676416747555321
[Main] Worker finished 20_6_in_5 with score 6.281350871924349
[Main] Worker finished 23_5_in_5 with score 5.384931350321754
[Main] Worker finished 17_DOMINO_in_8 with score 3.1206342394830537
[Main] Worker finished 29_DOMINO_in_6 with score 5.31515722358847
[14_DOMINO_in_8] Starting (50000 attempts)
[10_8_in_CIRCLE] Starting (50000 attempts)
[25_DOMINO_in_6] Starting (50000 attempts)
[13_8_in_6] Starting (50000 attempts)
[20_DOMINO_in_8] Success!
[27_DOMINO_in_6] Success!
[27_DOMINO_in_8] Success!
[20_5_in_DOMINO] Starting (50000 attempts)
[Main] Worker finished 20_DOMINO_in_8 with score 3.3572113814404516
[29_DOMINO_in_8] Starting (50000 attempts)
[Main] Worker finished 27_DOMINO_in_6 with score 5.130917862013317
[Main] Worker finished 27_DOMINO_in_8 with score 3.820307154948568
[16_8_in_DOMINO] Success!
[26_8_in_8] Starting (50000 attempts)
[23_DOMINO_in_6] Success!
[9_8_in_5] Starting (50000 attempts)
[26_DOMINO_in_6] Success!
[23_DOMINO_in_8] Success!
[Main] Worker finished 23_DOMINO_in_8 with score 3.431077442578044
[13_DOMINO_in_5] Starting (50000 attempts)
[Main] Worker finished 26_DOMINO_in_6 with score 4.981974563682261
[Main] Worker finished 23_DOMINO_in_6 with score 4.62879999309409
[Main] Worker finished 16_8_in_DOMINO with score 7.160232969366078
[19_DOMINO_in_8] Success!
[26_DOMINO_in_6] Starting (50000 attempts)
[19_6_in_8] Success!
[23_DOMINO_in_6] Starting (50000 attempts)
[21_5_in_DOMINO] Starting (50000 attempts)
[Main] Worker finished 19_6_in_8 with score 3.5897289741767135
[18_DOMINO_in_8] Starting (50000 attempts)
[Main] Worker finished 19_DOMINO_in_8 with score 3.117498006277882
[13_6_in_CIRCLE] Success!
[19_6_in_8] Starting (50000 attempts)
[Main] Worker finished 13_6_in_CIRCLE with score 3.8369336484278946[22_DOMINO_in_8] Starting (50000 attempts)

[16_8_in_6] Starting (50000 attempts)
[12_5_in_8] Success!
[Main] Worker finished 12_5_in_8 with score 2.4007400073217737
[26_DOMINO_in_8] Success!
[31_DOMINO_in_8] Success!
[24_DOMINO_in_8] Success!
[Main] Worker finished 31_DOMINO_in_8 with score 4.085091429602335[25_6_in_6] Starting (50000 attempts)

[Main] Worker finished 26_DOMINO_in_8 with score 3.7487368429551218
[17_DOMINO_in_CIRCLE] Success!
[Main] Worker finished 24_DOMINO_in_8 with score 3.5703799076483236
[8_DOMINO_in_CIRCLE] Starting (50000 attempts)
[16_6_in_6] Starting (50000 attempts)
[Main] Worker finished 17_DOMINO_in_CIRCLE with score 3.759141572791398
[19_DOMINO_in_DOMINO] Starting (50000 attempts)
[18_DOMINO_in_6] Success!
[Main] Worker finished 18_DOMINO_in_6 with score 4.135449739954795
[18_5_in_DOMINO] Starting (50000 attempts)
[9_DOMINO_in_CIRCLE] Success!
[Main] Worker finished 9_DOMINO_in_CIRCLE with score 2.803879883664299
[32_6_in_5] Starting (50000 attempts)
[10_8_in_5] Starting (50000 attempts)
[17_5_in_6] Success!
[Main] Worker finished 17_5_in_6 with score 3.7683056475804717
[29_5_in_6] Success!
[Main] Worker finished 29_5_in_6 with score 4.932066116929039
[11_DOMINO_in_DOMINO] Starting (50000 attempts)
[20_8_in_DOMINO] Success!
[Main] Worker finished 20_8_in_DOMINO with score 8.102774853359481
[29_5_in_6] Starting (50000 attempts)
[17_5_in_DOMINO] Starting (50000 attempts)
[19_5_in_DOMINO] Success!
[Main] Worker finished 19_5_in_DOMINO with score 4.697834635053744
[11_8_in_5] Success!
[10_DOMINO_in_CIRCLE] Success!
[24_5_in_6] Success!
[Main] Worker finished 24_5_in_6 with score 4.479815897501027
[16_5_in_DOMINO] Starting (50000 attempts)
[Main] Worker finished 10_DOMINO_in_CIRCLE with score 2.9559621946049712
[Main] Worker finished 11_8_in_5 with score 6.497991980936347
[15_6_in_6] Success!
[19_8_in_CIRCLE] Starting (50000 attempts)
[9_6_in_8] Starting (50000 attempts)
[14_DOMINO_in_8] Success!
[Main] Worker finished 14_DOMINO_in_8 with score 2.72976517994299
[28_6_in_6] Starting (50000 attempts)
[Main] Worker finished 15_6_in_6 with score 4.475245630635559
[25_DOMINO_in_6] Success!
[10_8_in_CIRCLE] Success!
[13_8_in_6] Success!
[20_6_in_DOMINO] Starting (50000 attempts)
[Main] Worker finished 25_DOMINO_in_6 with score 4.807881311264913
[25_DOMINO_in_8] Starting (50000 attempts)
[Main] Worker finished 13_8_in_6 with score 5.790189669490146
[Main] Worker finished 10_8_in_CIRCLE with score 4.75127218611163
[25_DOMINO_in_6] Starting (50000 attempts)
[20_5_in_DOMINO] Success!
[20_8_in_8] Success!
[23_6_in_5] Starting (50000 attempts)
[Main] Worker finished 20_8_in_8 with score 5.102893955208136
[13_5_in_8] Starting (50000 attempts)
[Main] Worker finished 20_5_in_DOMINO with score 4.8203042879733635
[9_8_in_5] Success!
[16_DOMINO_in_8] Starting (50000 attempts)
[29_DOMINO_in_8] Success!
[13_DOMINO_in_5] Success!
[Main] Worker finished 13_DOMINO_in_5 with score 4.282850583980959
[19_6_in_DOMINO] Starting (50000 attempts)
[Main] Worker finished 29_DOMINO_in_8 with score 3.833926104130867
[Main] Worker finished 9_8_in_5 with score 5.994170884047151
[13_DOMINO_in_5] Starting (50000 attempts)
[25_5_in_5] Starting (50000 attempts)
[22_5_in_5] Starting (50000 attempts)
[23_DOMINO_in_6] Success!
[Main] Worker finished 23_DOMINO_in_6 with score 4.716996273849544
[26_DOMINO_in_6] Success!
[18_DOMINO_in_8] Success!
[Main] Worker finished 26_DOMINO_in_6 with score 5.042121425212129[27_5_in_6] Starting (50000 attempts)

[Main] Worker finished 18_DOMINO_in_8 with score 3.1474353937180983
[21_5_in_DOMINO] Success!
[26_8_in_8] Success!
[31_6_in_5] Starting (50000 attempts)
[Main] Worker finished 26_8_in_8 with score 5.777467632032182
[22_8_in_DOMINO] Starting (50000 attempts)
[Main] Worker finished 21_5_in_DOMINO with score 4.904537362780794
[19_6_in_8] Success!
[9_5_in_6] Starting (50000 attempts)
[22_DOMINO_in_8] Success!
[Main] Worker finished 19_6_in_8 with score 3.589728559222962
[24_DOMINO_in_6] Starting (50000 attempts)
[Main] Worker finished 22_DOMINO_in_8 with score 3.440622428928729
[19_6_in_8] Starting (50000 attempts)
[8_DOMINO_in_CIRCLE] Success!
[16_8_in_6] Success!
[Main] Worker finished 16_8_in_6 with score 6.2478639807772485
[20_DOMINO_in_DOMINO] Starting (50000 attempts)
[25_6_in_6] Success!
[Main] Worker finished 8_DOMINO_in_CIRCLE with score 2.6915521371235593
[12_DOMINO_in_CIRCLE] Starting (50000 attempts)
[19_DOMINO_in_DOMINO] Success!
[16_6_in_6] Success!
[Main] Worker finished 19_DOMINO_in_DOMINO with score 4.882630265799585[20_6_in_5] Starting (50000 attempts)

[Main] Worker finished 16_6_in_6 with score 4.558228051991228
[Main] Worker finished 25_6_in_6 with score 5.663881359656193
[18_5_in_DOMINO] Success!
[19_DOMINO_in_DOMINO] Starting (50000 attempts)
[10_8_in_5] Success!
[11_DOMINO_in_DOMINO] Success!
[11_6_in_6] Starting (50000 attempts)
[Main] Worker finished 18_5_in_DOMINO with score 4.569815862524372
[11_DOMINO_in_CIRCLE] Starting (50000 attempts)
[Main] Worker finished 11_DOMINO_in_DOMINO with score 3.827281560659983
[Main] Worker finished 10_8_in_5 with score 6.3086008314667135
[23_5_in_5] Starting (50000 attempts)
[17_5_in_DOMINO] Success!
[28_DOMINO_in_8] Starting (50000 attempts)
[Main] Worker finished 17_5_in_DOMINO with score 4.409839693042728
[17_DOMINO_in_8] Starting (50000 attempts)
[27_DOMINO_in_6] Starting (50000 attempts)
[9_6_in_8] Success!
[Main] Worker finished 9_6_in_8 with score 2.6447738834161796
[27_DOMINO_in_8] Starting (50000 attempts)
[32_6_in_5] Success!
[Main] Worker finished 32_6_in_5 with score 7.812784092602333
[16_5_in_DOMINO] Success!
[Main] Worker finished 16_5_in_DOMINO with score 4.309862100185108
[20_DOMINO_in_8] Starting (50000 attempts)
[19_8_in_CIRCLE] Success!
[Main] Worker finished 19_8_in_CIRCLE with score 6.0953254095291225
[16_8_in_DOMINO] Starting (50000 attempts)
[29_5_in_6] Success!
[20_6_in_DOMINO] Success!
[Main] Worker finished 29_5_in_6 with score 4.93183093266987
[23_DOMINO_in_8] Starting (50000 attempts)
[Main] Worker finished 20_6_in_DOMINO with score 5.8434126687983206
[25_DOMINO_in_6] Success!
[29_5_in_6] Starting (50000 attempts)
[Main] Worker finished 25_DOMINO_in_6 with score 4.91895222051388
[19_DOMINO_in_8] Starting (50000 attempts)
[13_6_in_CIRCLE] Starting (50000 attempts)
[25_DOMINO_in_8] Success!
[Main] Worker finished 25_DOMINO_in_8 with score 3.5764417535910717
[13_5_in_8] Success!
[28_6_in_6] Success!
[16_DOMINO_in_8] Success!
[Main] Worker finished 16_DOMINO_in_8 with score 3.0294424570362044
[31_DOMINO_in_8] Starting (50000 attempts)
[Main] Worker finished 28_6_in_6 with score 5.949837118888085
[Main] Worker finished 13_5_in_8 with score 2.5069731037578142
[26_DOMINO_in_8] Starting (50000 attempts)
[13_DOMINO_in_5] Success!
[24_DOMINO_in_8] Starting (50000 attempts)
[23_6_in_5] Success!
[Main] Worker finished 13_DOMINO_in_5 with score 4.282850583980959[12_5_in_8] Starting (50000 attempts)

[Main] Worker finished 23_6_in_5 with score 6.700106835949054
[17_DOMINO_in_CIRCLE] Starting (50000 attempts)
[20_8_in_DOMINO] Starting (50000 attempts)
[19_6_in_DOMINO] Success!
[Main] Worker finished 19_6_in_DOMINO with score 5.693379391606711
[18_DOMINO_in_6] Starting (50000 attempts)
[25_5_in_5] Success!
[Main] Worker finished 25_5_in_5 with score 5.6215705425904785
[22_5_in_5] Success!
[Main] Worker finished 22_5_in_5 with score 5.302443940088193
[17_5_in_6] Starting (50000 attempts)
[9_DOMINO_in_CIRCLE] Starting (50000 attempts)
[9_5_in_6] Success!
[Main] Worker finished 9_5_in_6 with score 2.8900148954966616
[24_DOMINO_in_6] Success!
[Main] Worker finished 24_DOMINO_in_6 with score 4.721959225512637
[24_5_in_6] Starting (50000 attempts)
[24_DOMINO_in_6] Starting (50000 attempts)
[27_5_in_6] Success!
[Main] Worker finished 27_5_in_6 with score 4.733780902267363
[22_8_in_DOMINO] Success!
[12_DOMINO_in_CIRCLE] Success!
[Main] Worker finished 22_8_in_DOMINO with score 8.382506079934158
[19_5_in_DOMINO] Starting (50000 attempts)
[Main] Worker finished 12_DOMINO_in_CIRCLE with score 3.2342712519580337
[20_DOMINO_in_DOMINO] Success!
[13_DOMINO_in_8] Starting (50000 attempts)
[19_6_in_8] Success!
[Main] Worker finished 20_DOMINO_in_DOMINO with score 5.012765064798198
[11_8_in_5] Starting (50000 attempts)
[Main] Worker finished 19_6_in_8 with score 3.589728176963775
[31_6_in_5] Success!
[19_6_in_8] Starting (50000 attempts)
[Main] Worker finished 31_6_in_5 with score 7.676416747555321[15_6_in_6] Starting (50000 attempts)

[19_DOMINO_in_DOMINO] Success!
[Main] Worker finished 19_DOMINO_in_DOMINO with score 5.003644241371123
[30_DOMINO_in_8] Starting (50000 attempts)
[11_6_in_6] Success!
[11_DOMINO_in_CIRCLE] Success!
[20_6_in_5] Success!
[Main] Worker finished 11_DOMINO_in_CIRCLE with score 3.1860393694450497
[10_DOMINO_in_CIRCLE] Starting (50000 attempts)
[Main] Worker finished 20_6_in_5 with score 6.281350871924349
[Main] Worker finished 11_6_in_6 with score 3.9493073634468594
[20_8_in_8] Starting (50000 attempts)
[14_DOMINO_in_8] Starting (50000 attempts)
[17_DOMINO_in_8] Success!
[Main] Worker finished 17_DOMINO_in_8 with score 3.1206342394830537[10_8_in_CIRCLE] Starting (50000 attempts)

[23_5_in_5] Success!
[Main] Worker finished 23_5_in_5 with score 5.384931350321754
[13_8_in_6] Starting (50000 attempts)
[28_DOMINO_in_8] Success!
[Main] Worker finished 28_DOMINO_in_8 with score 4.003963114377159
[20_5_in_DOMINO] Starting (50000 attempts)
[20_DOMINO_in_8] Success!
[27_DOMINO_in_8] Success!
[27_DOMINO_in_6] Success!
[Main] Worker finished 20_DOMINO_in_8 with score 3.3236392676260467
[29_DOMINO_in_8] Starting (50000 attempts)
[Main] Worker finished 27_DOMINO_in_8 with score 3.820307154948568
[Main] Worker finished 27_DOMINO_in_6 with score 5.13759272670469
[16_8_in_DOMINO] Success!
[20_DOMINO_in_8] Starting (50000 attempts)
[26_8_in_8] Starting (50000 attempts)
[Main] Worker finished 16_8_in_DOMINO with score 7.160232969366078
[9_8_in_5] Starting (50000 attempts)
[23_DOMINO_in_8] Success!
[13_6_in_CIRCLE] Success!
[19_DOMINO_in_8] Success!
[Main] Worker finished 13_6_in_CIRCLE with score 3.8369336484278946
[21_5_in_DOMINO] Starting (50000 attempts)
[Main] Worker finished 23_DOMINO_in_8 with score 3.431077442578044
[Main] Worker finished 19_DOMINO_in_8 with score 3.117498006277882
[19_DOMINO_in_8] Starting (50000 attempts)
[26_DOMINO_in_8] Success!
[18_DOMINO_in_8] Starting (50000 attempts)
[12_5_in_8] Success!
[31_DOMINO_in_8] Success!
[Main] Worker finished 31_DOMINO_in_8 with score 4.085091429602335
[22_DOMINO_in_8] Starting (50000 attempts)
[Main] Worker finished 26_DOMINO_in_8 with score 3.7487368429551218
[Main] Worker finished 12_5_in_8 with score 2.4007400073217737
[16_8_in_6] Starting (50000 attempts)
[17_DOMINO_in_CIRCLE] Success!
[29_5_in_6] Success!
[25_6_in_6] Starting (50000 attempts)
[Main] Worker finished 17_DOMINO_in_CIRCLE with score 3.759141572791398
[8_DOMINO_in_CIRCLE] Starting (50000 attempts)
[Main] Worker finished 29_5_in_6 with score 4.963581898875819
[24_DOMINO_in_8] Success!
[16_6_in_6] Starting (50000 attempts)
[18_DOMINO_in_6] Success!
[9_DOMINO_in_CIRCLE] Success!
[20_8_in_DOMINO] Success!
[Main] Worker finished 18_DOMINO_in_6 with score 4.095937409457576
[18_5_in_DOMINO] Starting (50000 attempts)
[Main] Worker finished 9_DOMINO_in_CIRCLE with score 2.803879883664299
[Main] Worker finished 24_DOMINO_in_8 with score 3.5703799076483236
[Main] Worker finished 20_8_in_DOMINO with score 8.102774853359481
[32_6_in_5] Starting (50000 attempts)
[17_5_in_6] Success!
[24_DOMINO_in_6] Success!
[10_8_in_5] Starting (50000 attempts)
[11_DOMINO_in_DOMINO] Starting (50000 attempts)
[24_5_in_6] Success!
[Main] Worker finished 24_DOMINO_in_6 with score 4.792582459768923
[17_5_in_DOMINO] Starting (50000 attempts)
[Main] Worker finished 24_5_in_6 with score 4.479815897501027
[Main] Worker finished 17_5_in_6 with score 3.7683056475804717
[19_5_in_DOMINO] Success!
[24_DOMINO_in_6] Starting (50000 attempts)
[13_DOMINO_in_8] Success!
[16_5_in_DOMINO] Starting (50000 attempts)
[Main] Worker finished 13_DOMINO_in_8 with score 2.5794828405467167
[19_8_in_CIRCLE] Starting (50000 attempts)
[Main] Worker finished 19_5_in_DOMINO with score 4.697834635053744
[9_6_in_8] Starting (50000 attempts)
[15_6_in_6] Success!
[10_DOMINO_in_CIRCLE] Success!
[11_8_in_5] Success!
[Main] Worker finished 10_DOMINO_in_CIRCLE with score 2.9559621946049712[28_6_in_6] Starting (50000 attempts)

[Main] Worker finished 15_6_in_6 with score 4.475245630635559
[Main] Worker finished 11_8_in_5 with score 6.497991980936347
[19_6_in_8] Success!
[20_6_in_DOMINO] Starting (50000 attempts)
[25_DOMINO_in_8] Starting (50000 attempts)
[14_DOMINO_in_8] Success!
[30_DOMINO_in_8] Success!
[Main] Worker finished 19_6_in_8 with score 3.5897278248231674[23_6_in_5] Starting (50000 attempts)

[Main] Worker finished 14_DOMINO_in_8 with score 2.72976517994299
[Main] Worker finished 30_DOMINO_in_8 with score 3.885882729879618
[10_8_in_CIRCLE] Success!
[19_6_in_8] Starting (50000 attempts)
[13_5_in_8] Starting (50000 attempts)
[20_8_in_8] Success!
[Main] Worker finished 20_8_in_8 with score 5.102893955208136
[16_DOMINO_in_8] Starting (50000 attempts)
[Main] Worker finished 10_8_in_CIRCLE with score 4.75127218611163
[13_8_in_6] Success!
[19_6_in_DOMINO] Starting (50000 attempts)
[Main] Worker finished 13_8_in_6 with score 5.790189669490146
[25_5_in_5] Starting (50000 attempts)
[20_5_in_DOMINO] Success!
[Main] Worker finished 20_5_in_DOMINO with score 4.8203042879733635
[22_5_in_5] Starting (50000 attempts)
[27_5_in_6] Starting (50000 attempts)
[20_DOMINO_in_8] Success!
[Main] Worker finished 20_DOMINO_in_8 with score 3.3572113814404516
[31_6_in_5] Starting (50000 attempts)
[9_8_in_5] Success!
[Main] Worker finished 9_8_in_5 with score 5.994170884047151
[22_8_in_DOMINO] Starting (50000 attempts)
[29_DOMINO_in_8] Success!
[Main] Worker finished 29_DOMINO_in_8 with score 3.833926104130867
[9_5_in_6] Starting (50000 attempts)
[19_DOMINO_in_8] Success!
[Main] Worker finished 19_DOMINO_in_8 with score 3.117498006277882
[18_DOMINO_in_8] Success!
[21_5_in_DOMINO] Success!
[Main] Worker finished 21_5_in_DOMINO with score 4.904537362780794
[19_DOMINO_in_8] Starting (50000 attempts)
[Main] Worker finished 18_DOMINO_in_8 with score 3.0351924158142594
[16_8_in_6] Success!
[8_DOMINO_in_CIRCLE] Success!
[20_DOMINO_in_DOMINO] Starting (50000 attempts)
[Main] Worker finished 16_8_in_6 with score 6.2478639807772485
[12_DOMINO_in_CIRCLE] Starting (50000 attempts)
[Main] Worker finished 8_DOMINO_in_CIRCLE with score 2.6915521371235593
[22_DOMINO_in_8] Success!
[20_6_in_5] Starting (50000 attempts)
[16_6_in_6] Success!
[Main] Worker finished 16_6_in_6 with score 4.558228051991228
[11_6_in_6] Starting (50000 attempts)
[Main] Worker finished 22_DOMINO_in_8 with score 3.440622428928729
[18_5_in_DOMINO] Success!
[11_DOMINO_in_CIRCLE] Starting (50000 attempts)
[26_8_in_8] Success!
[Main] Worker finished 26_8_in_8 with score 5.777467632032182
[23_5_in_5] Starting (50000 attempts)
[Main] Worker finished 18_5_in_DOMINO with score 4.569815862524372
[28_DOMINO_in_8] Starting (50000 attempts)
[11_DOMINO_in_DOMINO] Success!
[25_6_in_6] Success!
[10_8_in_5] Success!
[Main] Worker finished 10_8_in_5 with score 6.3086008314667135
[17_DOMINO_in_8] Starting (50000 attempts)
[Main] Worker finished 11_DOMINO_in_DOMINO with score 3.827281560659983
[Main] Worker finished 25_6_in_6 with score 5.663881359656193
[27_DOMINO_in_6] Starting (50000 attempts)
[27_DOMINO_in_8] Starting (50000 attempts)
[17_5_in_DOMINO] Success!
[32_6_in_5] Success!
[Main] Worker finished 17_5_in_DOMINO with score 4.409839693042728
[16_8_in_DOMINO] Starting (50000 attempts)
[Main] Worker finished 32_6_in_5 with score 7.812784092602333
[26_DOMINO_in_6] Starting (50000 attempts)
[9_6_in_8] Success!
[16_5_in_DOMINO] Success!
[Main] Worker finished 9_6_in_8 with score 2.6447738834161796[23_DOMINO_in_8] Starting (50000 attempts)

[Main] Worker finished 16_5_in_DOMINO with score 4.309862100185108
[13_6_in_CIRCLE] Starting (50000 attempts)
[24_DOMINO_in_6] Success!
[Main] Worker finished 24_DOMINO_in_6 with score 4.830112656977945[31_DOMINO_in_8] Starting (50000 attempts)

[26_DOMINO_in_8] Starting (50000 attempts)
[19_8_in_CIRCLE] Success!
[Main] Worker finished 19_8_in_CIRCLE with score 6.0953254095291225
[20_6_in_DOMINO] Success!
[Main] Worker finished 20_6_in_DOMINO with score 5.8434126687983206
[28_DOMINO_in_6] Starting (50000 attempts)
[13_5_in_8] Success!
[25_DOMINO_in_8] Success!
[Main] Worker finished 25_DOMINO_in_8 with score 3.5764417535910717
[24_DOMINO_in_8] Starting (50000 attempts)
[Main] Worker finished 13_5_in_8 with score 2.5069731037578142
[28_6_in_6] Success!
[12_5_in_8] Starting (50000 attempts)
[16_DOMINO_in_8] Success!
[19_6_in_8] Success!
[23_6_in_5] Success!
[Main] Worker finished 23_6_in_5 with score 6.700106835949054
[17_DOMINO_in_CIRCLE] Starting (50000 attempts)
[Main] Worker finished 28_6_in_6 with score 5.949837118888085
[Main] Worker finished 19_6_in_8 with score 3.589727500428103
[Main] Worker finished 16_DOMINO_in_8 with score 3.0294424570362044
[19_6_in_8] Starting (50000 attempts)
[20_8_in_DOMINO] Starting (50000 attempts)
[18_DOMINO_in_6] Starting (50000 attempts)
[19_6_in_DOMINO] Success!
[Main] Worker finished 19_6_in_DOMINO with score 5.693379391606711
[17_5_in_6] Starting (50000 attempts)
[25_5_in_5] Success!
[9_5_in_6] Success!
[22_5_in_5] Success!
[Main] Worker finished 25_5_in_5 with score 5.6215705425904785
[9_DOMINO_in_CIRCLE] Starting (50000 attempts)
[Main] Worker finished 22_5_in_5 with score 5.302443940088193
[Main] Worker finished 9_5_in_6 with score 2.8900148954966616
[24_5_in_6] Starting (50000 attempts)
[19_5_in_DOMINO] Starting (50000 attempts)
[13_DOMINO_in_8] Starting (50000 attempts)
[12_DOMINO_in_CIRCLE] Success!
[Main] Worker finished 12_DOMINO_in_CIRCLE with score 3.2342712519580337
[27_5_in_6] Success!
[19_DOMINO_in_8] Success!
[Main] Worker finished 27_5_in_6 with score 4.733780902267363[11_8_in_5] Starting (50000 attempts)

[Main] Worker finished 19_DOMINO_in_8 with score 3.117498006277882
[20_DOMINO_in_DOMINO] Success!
[22_8_in_DOMINO] Success!
[15_6_in_6] Starting (50000 attempts)
[20_6_in_5] Success!
[31_6_in_5] Success!
[Main] Worker finished 22_8_in_DOMINO with score 8.382506079934158
[30_DOMINO_in_8] Starting (50000 attempts)
[Main] Worker finished 31_6_in_5 with score 7.676416747555321
[Main] Worker finished 20_DOMINO_in_DOMINO with score 5.012765064798198
[Main] Worker finished 20_6_in_5 with score 6.281350871924349
[11_DOMINO_in_CIRCLE] Success!
[11_6_in_6] Success!
[10_DOMINO_in_CIRCLE] Starting (50000 attempts)
[20_8_in_8] Starting (50000 attempts)
[23_5_in_5] Success!
[14_DOMINO_in_8] Starting (50000 attempts)
[Main] Worker finished 11_DOMINO_in_CIRCLE with score 3.1860393694450497
[10_8_in_CIRCLE] Starting (50000 attempts)
[Main] Worker finished 23_5_in_5 with score 5.384931350321754
[Main] Worker finished 11_6_in_6 with score 3.9493073634468594
[25_DOMINO_in_6] Starting (50000 attempts)
[17_DOMINO_in_8] Success!
[28_DOMINO_in_8] Success!
[13_8_in_6] Starting (50000 attempts)
[Main] Worker finished 28_DOMINO_in_8 with score 4.003963114377159
[20_5_in_DOMINO] Starting (50000 attempts)
[Main] Worker finished 17_DOMINO_in_8 with score 3.1206342394830537
[27_DOMINO_in_8] Success!
[27_DOMINO_in_6] Success!
[29_DOMINO_in_8] Starting (50000 attempts)
[13_6_in_CIRCLE] Success!
[16_8_in_DOMINO] Success!
[Main] Worker finished 13_6_in_CIRCLE with score 3.8369336484278946
[26_8_in_8] Starting (50000 attempts)
[Main] Worker finished 16_8_in_DOMINO with score 7.160232969366078
[Main] Worker finished 27_DOMINO_in_6 with score 5.0590760034048925
[Main] Worker finished 27_DOMINO_in_8 with score 3.820307154948568
[26_DOMINO_in_6] Success!
[27_DOMINO_in_6] Starting (50000 attempts)
[23_DOMINO_in_8] Success!
[9_8_in_5] Starting (50000 attempts)
[13_DOMINO_in_5] Starting (50000 attempts)
[Main] Worker finished 26_DOMINO_in_6 with score 5.002943910135604
[21_5_in_DOMINO] Starting (50000 attempts)
[Main] Worker finished 23_DOMINO_in_8 with score 3.431077442578044
[31_DOMINO_in_8] Success!
[26_DOMINO_in_8] Success!
[28_DOMINO_in_6] Success!
[26_DOMINO_in_6] Starting (50000 attempts)
[Main] Worker finished 31_DOMINO_in_8 with score 4.085091429602335
[18_DOMINO_in_8] Starting (50000 attempts)
[Main] Worker finished 28_DOMINO_in_6 with score 5.137157822934903
[Main] Worker finished 26_DOMINO_in_8 with score 3.7487368429551218
[12_5_in_8] Success!
[28_DOMINO_in_6] Starting (50000 attempts)
[22_DOMINO_in_8] Starting (50000 attempts)
[17_DOMINO_in_CIRCLE] Success!
[24_DOMINO_in_8] Success!
[Main] Worker finished 17_DOMINO_in_CIRCLE with score 3.759141572791398[16_8_in_6] Starting (50000 attempts)

[Main] Worker finished 24_DOMINO_in_8 with score 3.5703799076483236
[Main] Worker finished 12_5_in_8 with score 2.4007400073217737
[18_DOMINO_in_6] Success!
[25_6_in_6] Starting (50000 attempts)
[9_DOMINO_in_CIRCLE] Success!
[19_DOMINO_in_6] Starting (50000 attempts)
[19_6_in_8] Success!
[Main] Worker finished 19_6_in_8 with score 3.589727201592515[8_DOMINO_in_CIRCLE] Starting (50000 attempts)

[Main] Worker finished 18_DOMINO_in_6 with score 4.090615884485314
[Main] Worker finished 9_DOMINO_in_CIRCLE with score 2.803879883664299
[20_8_in_DOMINO] Success!
[18_DOMINO_in_6] Starting (50000 attempts)
[17_5_in_6] Success!
[19_6_in_8] Starting (50000 attempts)
[13_DOMINO_in_8] Success!
[Main] Worker finished 20_8_in_DOMINO with score 8.102774853359481
[16_6_in_6] Starting (50000 attempts)
[Main] Worker finished 13_DOMINO_in_8 with score 2.5794828405467167
[Main] Worker finished 17_5_in_6 with score 3.7683056475804717
[19_5_in_DOMINO] Success!
[19_DOMINO_in_DOMINO] Starting (50000 attempts)
[24_5_in_6] Success!
[18_5_in_DOMINO] Starting (50000 attempts)
[11_8_in_5] Success!
[15_6_in_6] Success!
[Main] Worker finished 24_5_in_6 with score 4.479815897501027
[32_6_in_5] Starting (50000 attempts)
[Main] Worker finished 19_5_in_DOMINO with score 4.697834635053744
[Main] Worker finished 15_6_in_6 with score 4.475245630635559
[Main] Worker finished 11_8_in_5 with score 6.497991980936347
[10_DOMINO_in_CIRCLE] Success!
[10_8_in_5] Starting (50000 attempts)
[11_DOMINO_in_DOMINO] Starting (50000 attempts)
[17_5_in_DOMINO] Starting (50000 attempts)
[Main] Worker finished 10_DOMINO_in_CIRCLE with score 2.9559621946049712
[16_5_in_DOMINO] Starting (50000 attempts)
[14_DOMINO_in_8] Success!
[Main] Worker finished 14_DOMINO_in_8 with score 2.72976517994299
[19_8_in_CIRCLE] Starting (50000 attempts)
[9_6_in_8] Starting (50000 attempts)
[30_DOMINO_in_8] Success!
[Main] Worker finished 30_DOMINO_in_8 with score 4.039521851836077
[10_8_in_CIRCLE] Success!
[Main] Worker finished 10_8_in_CIRCLE with score 4.75127218611163
[28_6_in_6] Starting (50000 attempts)
[25_DOMINO_in_6] Success!
[Main] Worker finished 25_DOMINO_in_6 with score 4.910596688170311
[20_6_in_DOMINO] Starting (50000 attempts)
[25_DOMINO_in_6] Starting (50000 attempts)
[20_8_in_8] Success!
[Main] Worker finished 20_8_in_8 with score 5.102893955208136
[13_8_in_6] Success!
[Main] Worker finished 13_8_in_6 with score 5.790189669490146
[23_6_in_5] Starting (50000 attempts)
[20_5_in_DOMINO] Success!
[Main] Worker finished 20_5_in_DOMINO with score 4.8203042879733635
[13_5_in_8] Starting (50000 attempts)
[19_6_in_DOMINO] Starting (50000 attempts)
[9_8_in_5] Success!
[Main] Worker finished 9_8_in_5 with score 5.994170884047151
[29_DOMINO_in_8] Success!
[Main] Worker finished 29_DOMINO_in_8 with score 3.833926104130867[25_5_in_5] Starting (50000 attempts)

[13_DOMINO_in_5] Success!
[27_DOMINO_in_6] Success!
[Main] Worker finished 27_DOMINO_in_6 with score 5.116570670070814
[22_5_in_5] Starting (50000 attempts)
[Main] Worker finished 13_DOMINO_in_5 with score 4.282850583980959
[13_DOMINO_in_5] Starting (50000 attempts)
[27_DOMINO_in_6] Starting (50000 attempts)
[18_DOMINO_in_8] Success!
[Main] Worker finished 18_DOMINO_in_8 with score 3.0351924158142594
[21_5_in_DOMINO] Success!
[Main] Worker finished 21_5_in_DOMINO with score 4.904537362780794[27_5_in_6] Starting (50000 attempts)

[26_8_in_8] Success!
[26_DOMINO_in_6] Success!
[Main] Worker finished 26_8_in_8 with score 5.777467632032182
[29_DOMINO_in_6] Starting (50000 attempts)
[22_DOMINO_in_8] Success!
[Main] Worker finished 26_DOMINO_in_6 with score 5.018979776155715
[28_DOMINO_in_6] Success!
[26_DOMINO_in_6] Starting (50000 attempts)
[19_DOMINO_in_6] Success!
[8_DOMINO_in_CIRCLE] Success!
[Main] Worker finished 22_DOMINO_in_8 with score 3.440622428928729[31_6_in_5] Starting (50000 attempts)

[Main] Worker finished 28_DOMINO_in_6 with score 5.164618675493008
[Main] Worker finished 19_DOMINO_in_6 with score 4.262088037057067
[Main] Worker finished 8_DOMINO_in_CIRCLE with score 2.6915521371235593
[16_8_in_6] Success!
[19_DOMINO_in_6] Starting (50000 attempts)
[18_DOMINO_in_6] Success!
[28_DOMINO_in_6] Starting (50000 attempts)
[22_8_in_DOMINO] Starting (50000 attempts)
[Main] Worker finished 18_DOMINO_in_6 with score 4.1271866931169825
[9_5_in_6] Starting (50000 attempts)
[Main] Worker finished 16_8_in_6 with score 6.2478639807772485
[20_DOMINO_in_DOMINO] Starting (50000 attempts)
[19_6_in_8] Success!
[25_6_in_6] Success!
[19_DOMINO_in_DOMINO] Success!
[16_6_in_6] Success!
[Main] Worker finished 19_6_in_8 with score 3.589726926302568
[12_DOMINO_in_CIRCLE] Starting (50000 attempts)
[Main] Worker finished 25_6_in_6 with score 5.663881359656193
[Main] Worker finished 19_DOMINO_in_DOMINO with score 4.960148968728546
[Main] Worker finished 16_6_in_6 with score 4.558228051991228
[19_6_in_8] Starting (50000 attempts)
[20_6_in_5] Starting (50000 attempts)
[18_5_in_DOMINO] Success!
[11_6_in_6] Starting (50000 attempts)
[11_DOMINO_in_DOMINO] Success!
[10_8_in_5] Success!
[Main] Worker finished 11_DOMINO_in_DOMINO with score 3.827281560659983[11_DOMINO_in_CIRCLE] Starting (50000 attempts)

[Main] Worker finished 10_8_in_5 with score 6.3086008314667135
[Main] Worker finished 18_5_in_DOMINO with score 4.569815862524372
[23_5_in_5] Starting (50000 attempts)
[17_5_in_DOMINO] Success!
[16_8_in_DOMINO] Starting (50000 attempts)
[16_5_in_DOMINO] Success!
[9_6_in_8] Success!
[Main] Worker finished 9_6_in_8 with score 2.6447738834161796[13_6_in_CIRCLE] Starting (50000 attempts)

[Main] Worker finished 17_5_in_DOMINO with score 4.409839693042728
[Main] Worker finished 16_5_in_DOMINO with score 4.309862100185108
[12_5_in_8] Starting (50000 attempts)
[19_8_in_CIRCLE] Success!
[29_5_in_6] Starting (50000 attempts)
[Main] Worker finished 19_8_in_CIRCLE with score 6.0953254095291225
[17_DOMINO_in_CIRCLE] Starting (50000 attempts)
[32_6_in_5] Success!
[Main] Worker finished 32_6_in_5 with score 7.812784092602333[20_8_in_DOMINO] Starting (50000 attempts)

[28_6_in_6] Success!
[Main] Worker finished 28_6_in_6 with score 5.949837118888085
[17_5_in_6] Starting (50000 attempts)
[25_DOMINO_in_6] Success!
[Main] Worker finished 25_DOMINO_in_6 with score 4.869031440595681
[23_DOMINO_in_6] Starting (50000 attempts)
[25_DOMINO_in_6] Starting (50000 attempts)
[13_5_in_8] Success!
[Main] Worker finished 13_5_in_8 with score 2.5069731037578142
[20_6_in_DOMINO] Success!
[Main] Worker finished 20_6_in_DOMINO with score 5.8434126687983206
[9_DOMINO_in_CIRCLE] Starting (50000 attempts)
[24_5_in_6] Starting (50000 attempts)
[19_6_in_DOMINO] Success!
[Main] Worker finished 19_6_in_DOMINO with score 5.693379391606711
[23_6_in_5] Success!
[13_DOMINO_in_5] Success!
[Main] Worker finished 13_DOMINO_in_5 with score 4.445840268404769
[19_5_in_DOMINO] Starting (50000 attempts)
[Main] Worker finished 23_6_in_5 with score 6.700106835949054
[22_5_in_5] Success!
[11_8_in_5] Starting (50000 attempts)
[25_5_in_5] Success!
[Main] Worker finished 22_5_in_5 with score 5.302443940088193
[15_6_in_6] Starting (50000 attempts)
[Main] Worker finished 25_5_in_5 with score 5.6215705425904785
[27_DOMINO_in_6] Success!
[10_DOMINO_in_CIRCLE] Starting (50000 attempts)
[Main] Worker finished 27_DOMINO_in_6 with score 5.08341916223948[20_8_in_8] Starting (50000 attempts)

[27_DOMINO_in_6] Starting (50000 attempts)
[19_DOMINO_in_6] Success!
[Main] Worker finished 19_DOMINO_in_6 with score 4.253571954093506
[29_DOMINO_in_6] Success!
[27_5_in_6] Success!
[Main] Worker finished 27_5_in_6 with score 4.733780902267363
[19_DOMINO_in_6] Starting (50000 attempts)
[Main] Worker finished 29_DOMINO_in_6 with score 5.283888565760591
[26_DOMINO_in_6] Success!
[10_8_in_CIRCLE] Starting (50000 attempts)
[13_8_in_6] Starting (50000 attempts)
[Main] Worker finished 26_DOMINO_in_6 with score 4.985463341248307
[20_DOMINO_in_DOMINO] Success!
[9_5_in_6] Success!
[Main] Worker finished 20_DOMINO_in_DOMINO with score 5.012765064798198
[20_5_in_DOMINO] Starting (50000 attempts)
[Main] Worker finished 9_5_in_6 with score 2.8900148954966616
[28_DOMINO_in_6] Success!
[12_DOMINO_in_CIRCLE] Success!
[26_8_in_8] Starting (50000 attempts)
[Main] Worker finished 12_DOMINO_in_CIRCLE with score 3.2342712519580337
[9_8_in_5] Starting (50000 attempts)
[Main] Worker finished 28_DOMINO_in_6 with score 5.214440266889157
[22_8_in_DOMINO] Success!
[11_6_in_6] Success!
[21_5_in_DOMINO] Starting (50000 attempts)
[11_DOMINO_in_CIRCLE] Success!
[Main] Worker finished 22_8_in_DOMINO with score 8.382506079934158
[16_8_in_6] Starting (50000 attempts)
[Main] Worker finished 11_6_in_6 with score 3.9493073634468594
[Main] Worker finished 11_DOMINO_in_CIRCLE with score 3.1860393694450497
[31_6_in_5] Success!
[19_6_in_8] Success!
[25_6_in_6] Starting (50000 attempts)
[8_DOMINO_in_CIRCLE] Starting (50000 attempts)
[20_6_in_5] Success!
[Main] Worker finished 19_6_in_8 with score 3.589726672703095
[16_6_in_6] Starting (50000 attempts)
[Main] Worker finished 31_6_in_5 with score 7.676416747555321
[Main] Worker finished 20_6_in_5 with score 6.281350871924349
[13_6_in_CIRCLE] Success!
[19_6_in_8] Starting (50000 attempts)
[19_DOMINO_in_DOMINO] Starting (50000 attempts)
[16_8_in_DOMINO] Success!
[12_5_in_8] Success!
[23_5_in_5] Success!
[Main] Worker finished 12_5_in_8 with score 2.4007400073217737
[18_5_in_DOMINO] Starting (50000 attempts)
[Main] Worker finished 23_5_in_5 with score 5.384931350321754
[Main] Worker finished 13_6_in_CIRCLE with score 3.8369336484278946
[Main] Worker finished 16_8_in_DOMINO with score 7.160232969366078
[32_6_in_5] Starting (50000 attempts)
[10_8_in_5] Starting (50000 attempts)
[11_DOMINO_in_DOMINO] Starting (50000 attempts)
[17_DOMINO_in_CIRCLE] Success!
[Main] Worker finished 17_DOMINO_in_CIRCLE with score 3.759141572791398
[17_5_in_DOMINO] Starting (50000 attempts)
[16_5_in_DOMINO] Starting (50000 attempts)
[17_5_in_6] Success!
[Main] Worker finished 17_5_in_6 with score 3.7683056475804717
[9_DOMINO_in_CIRCLE] Success!
[Main] Worker finished 9_DOMINO_in_CIRCLE with score 2.803879883664299
[19_8_in_CIRCLE] Starting (50000 attempts)
[23_DOMINO_in_6] Success!
[29_5_in_6] Success!
[Main] Worker finished 29_5_in_6 with score 4.931614132063029
[9_6_in_8] Starting (50000 attempts)
[Main] Worker finished 23_DOMINO_in_6 with score 4.696286050621444
[25_DOMINO_in_6] Success!
[20_8_in_DOMINO] Success!
[29_5_in_6] Starting (50000 attempts)
[Main] Worker finished 25_DOMINO_in_6 with score 4.907651066648707
[23_DOMINO_in_6] Starting (50000 attempts)
[Main] Worker finished 20_8_in_DOMINO with score 8.102774853359481
[28_6_in_6] Starting (50000 attempts)
[24_5_in_6] Success!
[Main] Worker finished 24_5_in_6 with score 4.479815897501027
[20_6_in_DOMINO] Starting (50000 attempts)
[10_DOMINO_in_CIRCLE] Success!
[19_5_in_DOMINO] Success!
[Main] Worker finished 19_5_in_DOMINO with score 4.697834635053744
[23_6_in_5] Starting (50000 attempts)
[Main] Worker finished 10_DOMINO_in_CIRCLE with score 2.9559621946049712
[13_5_in_8] Starting (50000 attempts)
[11_8_in_5] Success!
[Main] Worker finished 11_8_in_5 with score 6.497991980936347
[19_6_in_DOMINO] Starting (50000 attempts)
[15_6_in_6] Success!
[Main] Worker finished 15_6_in_6 with score 4.475245630635559
[25_5_in_5] Starting (50000 attempts)
[22_5_in_5] Starting (50000 attempts)
[27_DOMINO_in_6] Success!
[Main] Worker finished 27_DOMINO_in_6 with score 5.116059013003807
[19_DOMINO_in_6] Success!
[Main] Worker finished 19_DOMINO_in_6 with score 4.278743470169882
[27_DOMINO_in_6] Starting (50000 attempts)
[10_8_in_CIRCLE] Success!
[13_8_in_6] Success!
[20_8_in_8] Success!
[Main] Worker finished 10_8_in_CIRCLE with score 4.75127218611163
[27_5_in_6] Starting (50000 attempts)
[Main] Worker finished 20_8_in_8 with score 5.102893955208136
[Main] Worker finished 13_8_in_6 with score 5.790189669490146
[29_DOMINO_in_6] Starting (50000 attempts)
[20_5_in_DOMINO] Success!
[9_8_in_5] Success!
[31_6_in_5] Starting (50000 attempts)
[Main] Worker finished 20_5_in_DOMINO with score 4.8203042879733635
[22_8_in_DOMINO] Starting (50000 attempts)
[Main] Worker finished 9_8_in_5 with score 5.994170884047151
[9_5_in_6] Starting (50000 attempts)
[24_DOMINO_in_6] Starting (50000 attempts)
[8_DOMINO_in_CIRCLE] Success!
[Main] Worker finished 8_DOMINO_in_CIRCLE with score 2.6915521371235593
[20_DOMINO_in_DOMINO] Starting (50000 attempts)
[21_5_in_DOMINO] Success!
[Main] Worker finished 21_5_in_DOMINO with score 4.904537362780794
[16_8_in_6] Success!
[Main] Worker finished 16_8_in_6 with score 6.2478639807772485
[12_DOMINO_in_CIRCLE] Starting (50000 attempts)
[16_6_in_6] Success!
[Main] Worker finished 16_6_in_6 with score 4.558228051991228[20_6_in_5] Starting (50000 attempts)

[11_6_in_6] Starting (50000 attempts)
[19_6_in_8] Success!
[Main] Worker finished 19_6_in_8 with score 3.5897264390850943
[19_DOMINO_in_DOMINO] Success!
[Main] Worker finished 19_DOMINO_in_DOMINO with score 5.003644241371123
[19_6_in_8] Starting (50000 attempts)
[26_8_in_8] Success!
[18_5_in_DOMINO] Success!
[Main] Worker finished 18_5_in_DOMINO with score 4.569815862524372
[11_DOMINO_in_CIRCLE] Starting (50000 attempts)
[Main] Worker finished 26_8_in_8 with score 5.777467632032182
[11_DOMINO_in_DOMINO] Success!
[10_8_in_5] Success!
[23_5_in_5] Starting (50000 attempts)
[Main] Worker finished 10_8_in_5 with score 6.3086008314667135[16_8_in_DOMINO] Starting (50000 attempts)

[Main] Worker finished 11_DOMINO_in_DOMINO with score 3.827281560659983
[25_6_in_6] Success!
[13_6_in_CIRCLE] Starting (50000 attempts)
[17_5_in_DOMINO] Success!
[Main] Worker finished 25_6_in_6 with score 5.663881359656193
[12_5_in_8] Starting (50000 attempts)
[Main] Worker finished 17_5_in_DOMINO with score 4.409839693042728
[16_5_in_DOMINO] Success!
[9_6_in_8] Success!
[17_DOMINO_in_CIRCLE] Starting (50000 attempts)
[Main] Worker finished 16_5_in_DOMINO with score 4.309862100185108
[20_8_in_DOMINO] Starting (50000 attempts)
[Main] Worker finished 9_6_in_8 with score 2.6447738834161796
[23_DOMINO_in_6] Success!
[18_DOMINO_in_6] Starting (50000 attempts)
[Main] Worker finished 23_DOMINO_in_6 with score 4.670059041534408
[17_5_in_6] Starting (50000 attempts)
[23_DOMINO_in_6] Starting (50000 attempts)
[32_6_in_5] Success!
[Main] Worker finished 32_6_in_5 with score 7.812784092602333
[9_DOMINO_in_CIRCLE] Starting (50000 attempts)
[19_8_in_CIRCLE] Success!
[Main] Worker finished 19_8_in_CIRCLE with score 6.0953254095291225
[13_5_in_8] Success!
[Main] Worker finished 13_5_in_8 with score 2.5069731037578142
[24_5_in_6] Starting (50000 attempts)
[19_5_in_DOMINO] Starting (50000 attempts)
[23_6_in_5] Success!
[Main] Worker finished 23_6_in_5 with score 6.700106835949054
[11_8_in_5] Starting (50000 attempts)
[20_6_in_DOMINO] Success!
[Main] Worker finished 20_6_in_DOMINO with score 5.8434126687983206
[29_5_in_6] Success!
[Main] Worker finished 29_5_in_6 with score 4.931414288686676
[15_6_in_6] Starting (50000 attempts)
[19_6_in_DOMINO] Success!
[Main] Worker finished 19_6_in_DOMINO with score 5.693379391606711[29_5_in_6] Starting (50000 attempts)

[28_6_in_6] Success!
[Main] Worker finished 28_6_in_6 with score 5.949837118888085
[10_DOMINO_in_CIRCLE] Starting (50000 attempts)
[22_5_in_5] Success!
[25_5_in_5] Success!
[Main] Worker finished 25_5_in_5 with score 5.6215705425904785
[20_8_in_8] Starting (50000 attempts)
[Main] Worker finished 22_5_in_5 with score 5.302443940088193
[10_8_in_CIRCLE] Starting (50000 attempts)
[13_8_in_6] Starting (50000 attempts)
[9_5_in_6] Success!
[Main] Worker finished 9_5_in_6 with score 2.8900148954966616
[27_DOMINO_in_6] Success!
[Main] Worker finished 27_DOMINO_in_6 with score 5.078845914597419
[20_5_in_DOMINO] Starting (50000 attempts)
[29_DOMINO_in_6] Success!
[Main] Worker finished 29_DOMINO_in_6 with score 5.232880087295193
[26_8_in_8] Starting (50000 attempts)
[9_8_in_5] Starting (50000 attempts)
[27_5_in_6] Success!
[Main] Worker finished 27_5_in_6 with score 4.733780902267363
[20_DOMINO_in_DOMINO] Success!
[Main] Worker finished 20_DOMINO_in_DOMINO with score 5.012765064798198[13_DOMINO_in_5] Starting (50000 attempts)

[24_DOMINO_in_6] Success!
[12_DOMINO_in_CIRCLE] Success!
[Main] Worker finished 12_DOMINO_in_CIRCLE with score 3.2342712519580337
[21_5_in_DOMINO] Starting (50000 attempts)
[Main] Worker finished 24_DOMINO_in_6 with score 4.817088292379926
[11_6_in_6] Success!
[16_8_in_6] Starting (50000 attempts)
[11_DOMINO_in_CIRCLE] Success!
[20_6_in_5] Success!
[31_6_in_5] Success!
[Main] Worker finished 11_6_in_6 with score 3.9493073634468594
[25_6_in_6] Starting (50000 attempts)
[Main] Worker finished 20_6_in_5 with score 6.281350871924349
[Main] Worker finished 31_6_in_5 with score 7.676416747555321
[Main] Worker finished 11_DOMINO_in_CIRCLE with score 3.1860393694450497
[22_8_in_DOMINO] Success!
[8_DOMINO_in_CIRCLE] Starting (50000 attempts)
[16_6_in_6] Starting (50000 attempts)
[19_6_in_8] Success!
[19_DOMINO_in_DOMINO] Starting (50000 attempts)
[Main] Worker finished 22_8_in_DOMINO with score 8.382506079934158
[18_5_in_DOMINO] Starting (50000 attempts)
[Main] Worker finished 19_6_in_8 with score 3.5897262238742123
[32_6_in_5] Starting (50000 attempts)
[13_6_in_CIRCLE] Success!
[Main] Worker finished 13_6_in_CIRCLE with score 3.8369336484278946
[10_8_in_5] Starting (50000 attempts)
[11_DOMINO_in_DOMINO] Starting (50000 attempts)
[12_5_in_8] Success!
[Main] Worker finished 12_5_in_8 with score 2.4007400073217737
[16_8_in_DOMINO] Success!
[23_5_in_5] Success!
[Main] Worker finished 23_5_in_5 with score 5.384931350321754[17_5_in_DOMINO] Starting (50000 attempts)

[Main] Worker finished 16_8_in_DOMINO with score 7.160232969366078
[17_DOMINO_in_CIRCLE] Success!
[16_5_in_DOMINO] Starting (50000 attempts)
[18_DOMINO_in_6] Success!
[Main] Worker finished 18_DOMINO_in_6 with score 4.138345713046154
[19_8_in_CIRCLE] Starting (50000 attempts)
[Main] Worker finished 17_DOMINO_in_CIRCLE with score 3.759141572791398
[9_6_in_8] Starting (50000 attempts)
[28_6_in_6] Starting (50000 attempts)
[17_5_in_6] Success!
[Main] Worker finished 17_5_in_6 with score 3.7683056475804717
[23_DOMINO_in_6] Success!
[20_8_in_DOMINO] Success!
[9_DOMINO_in_CIRCLE] Success!
[Main] Worker finished 20_8_in_DOMINO with score 8.102774853359481
[20_6_in_DOMINO] Starting (50000 attempts)
[Main] Worker finished 9_DOMINO_in_CIRCLE with score 2.803879883664299
[Main] Worker finished 23_DOMINO_in_6 with score 4.687371133225528
[30_DOMINO_in_6] Starting (50000 attempts)
[23_6_in_5] Starting (50000 attempts)
[13_5_in_8] Starting (50000 attempts)
[19_5_in_DOMINO] Success!
[Main] Worker finished 19_5_in_DOMINO with score 4.697834635053744
[24_5_in_6] Success!
[Main] Worker finished 24_5_in_6 with score 4.479815897501027[19_6_in_DOMINO] Starting (50000 attempts)

[25_5_in_5] Starting (50000 attempts)
[11_8_in_5] Success!
[Main] Worker finished 11_8_in_5 with score 6.497991980936347
[10_DOMINO_in_CIRCLE] Success!
[Main] Worker finished 10_DOMINO_in_CIRCLE with score 2.9559621946049712
[22_5_in_5] Starting (50000 attempts)
[15_6_in_6] Success!
[Main] Worker finished 15_6_in_6 with score 4.475245630635559
[27_5_in_6] Starting (50000 attempts)
[29_DOMINO_in_6] Starting (50000 attempts)
[29_5_in_6] Success!
[Main] Worker finished 29_5_in_6 with score 4.93123008521123
[10_8_in_CIRCLE] Success!
[Main] Worker finished 10_8_in_CIRCLE with score 4.75127218611163
[29_5_in_6] Starting (50000 attempts)
[31_6_in_5] Starting (50000 attempts)
[13_8_in_6] Success!
[Main] Worker finished 13_8_in_6 with score 5.790189669490146
[22_8_in_DOMINO] Starting (50000 attempts)
[13_DOMINO_in_5] Success!
[Main] Worker finished 13_DOMINO_in_5 with score 4.490747745863403
[9_5_in_6] Starting (50000 attempts)
[20_5_in_DOMINO] Success!
[Main] Worker finished 20_5_in_DOMINO with score 4.8203042879733635
[9_8_in_5] Success!
[Main] Worker finished 9_8_in_5 with score 5.994170884047151
[24_DOMINO_in_6] Starting (50000 attempts)
[20_DOMINO_in_DOMINO] Starting (50000 attempts)
[20_8_in_8] Success!
[Main] Worker finished 20_8_in_8 with score 5.102893955208136
[12_DOMINO_in_CIRCLE] Starting (50000 attempts)
[8_DOMINO_in_CIRCLE] Success!
[Main] Worker finished 8_DOMINO_in_CIRCLE with score 2.6915521371235593
[21_5_in_DOMINO] Success!
[Main] Worker finished 21_5_in_DOMINO with score 4.904537362780794
[20_6_in_5] Starting (50000 attempts)
[11_6_in_6] Starting (50000 attempts)
[26_8_in_8] Success!
[Main] Worker finished 26_8_in_8 with score 5.777467632032182
[11_DOMINO_in_DOMINO] Success!
[19_DOMINO_in_DOMINO] Success!
[16_8_in_6] Success!
[Main] Worker finished 19_DOMINO_in_DOMINO with score 4.882630265799585
[11_DOMINO_in_CIRCLE] Starting (50000 attempts)
[Main] Worker finished 11_DOMINO_in_DOMINO with score 3.827281560659983
[18_5_in_DOMINO] Success!
[Main] Worker finished 16_8_in_6 with score 6.2478639807772485
[16_6_in_6] Success!
[23_5_in_5] Starting (50000 attempts)
[10_8_in_5] Success!
[16_8_in_DOMINO] Starting (50000 attempts)
[25_6_in_6] Success!
[Main] Worker finished 16_6_in_6 with score 4.558228051991228
[26_DOMINO_in_6] Starting (50000 attempts)
[Main] Worker finished 25_6_in_6 with score 5.663881359656193
[Main] Worker finished 18_5_in_DOMINO with score 4.569815862524372
[Main] Worker finished 10_8_in_5 with score 6.3086008314667135
[17_5_in_DOMINO] Success!
[13_6_in_CIRCLE] Starting (50000 attempts)
[12_5_in_8] Starting (50000 attempts)
[16_5_in_DOMINO] Success!
[17_DOMINO_in_CIRCLE] Starting (50000 attempts)
[9_6_in_8] Success!
[Main] Worker finished 17_5_in_DOMINO with score 4.409839693042728
[20_8_in_DOMINO] Starting (50000 attempts)
[Main] Worker finished 16_5_in_DOMINO with score 4.309862100185108
[Main] Worker finished 9_6_in_8 with score 2.6447738834161796
[18_DOMINO_in_6] Starting (50000 attempts)
[17_5_in_6] Starting (50000 attempts)
[9_DOMINO_in_CIRCLE] Starting (50000 attempts)
[32_6_in_5] Success!
[Main] Worker finished 32_6_in_5 with score 7.812784092602333
[24_5_in_6] Starting (50000 attempts)
[19_8_in_CIRCLE] Success!
[Main] Worker finished 19_8_in_CIRCLE with score 6.0953254095291225
[30_DOMINO_in_6] Success!
[20_6_in_DOMINO] Success!
[Main] Worker finished 20_6_in_DOMINO with score 5.8434126687983206
[19_5_in_DOMINO] Starting (50000 attempts)
[Main] Worker finished 30_DOMINO_in_6 with score 5.289064404639008
[28_6_in_6] Success!
[30_DOMINO_in_6] Starting (50000 attempts)
[13_5_in_8] Success!
[Main] Worker finished 13_5_in_8 with score 2.5069731037578142
[11_8_in_5] Starting (50000 attempts)
[Main] Worker finished 28_6_in_6 with score 5.949837118888085
[15_6_in_6] Starting (50000 attempts)
[10_DOMINO_in_CIRCLE] Starting (50000 attempts)
[23_6_in_5] Success!
[Main] Worker finished 23_6_in_5 with score 6.700106835949054
[19_6_in_DOMINO] Success!
[Main] Worker finished 19_6_in_DOMINO with score 5.693379391606711
[20_8_in_8] Starting (50000 attempts)
[25_5_in_5] Success!
[Main] Worker finished 25_5_in_5 with score 5.6215705425904785
[10_8_in_CIRCLE] Starting (50000 attempts)
[25_DOMINO_in_6] Starting (50000 attempts)
[22_5_in_5] Success!
[Main] Worker finished 22_5_in_5 with score 5.302443940088193
[13_8_in_6] Starting (50000 attempts)
[29_DOMINO_in_6] Success!
[Main] Worker finished 29_DOMINO_in_6 with score 5.274913137695462
[20_5_in_DOMINO] Starting (50000 attempts)
[9_5_in_6] Success!
[Main] Worker finished 9_5_in_6 with score 2.8900148954966616
[27_5_in_6] Success!
[Main] Worker finished 27_5_in_6 with score 4.733780902267363
[26_8_in_8] Starting (50000 attempts)
[9_8_in_5] Starting (50000 attempts)
[29_5_in_6] Success!
[Main] Worker finished 29_5_in_6 with score 4.931060305294061
[24_DOMINO_in_6] Success!
[Main] Worker finished 24_DOMINO_in_6 with score 4.768678162780872
[29_5_in_6] Starting (50000 attempts)
[20_DOMINO_in_DOMINO] Success!
[12_DOMINO_in_CIRCLE] Success!
[Main] Worker finished 12_DOMINO_in_CIRCLE with score 3.2342712519580337
[13_DOMINO_in_5] Starting (50000 attempts)
[Main] Worker finished 20_DOMINO_in_DOMINO with score 5.012765064798198
[21_5_in_DOMINO] Starting (50000 attempts)
[22_8_in_DOMINO] Success!
[11_6_in_6] Success!
[Main] Worker finished 11_6_in_6 with score 3.9493073634468594
[16_8_in_6] Starting (50000 attempts)
[31_6_in_5] Success!
[Main] Worker finished 22_8_in_DOMINO with score 8.382506079934158
[11_DOMINO_in_CIRCLE] Success!
[25_6_in_6] Starting (50000 attempts)
[20_6_in_5] Success!
[Main] Worker finished 11_DOMINO_in_CIRCLE with score 3.1860393694450497
[19_DOMINO_in_6] Starting (50000 attempts)
[Main] Worker finished 31_6_in_5 with score 7.676416747555321
[Main] Worker finished 20_6_in_5 with score 6.281350871924349
[16_8_in_DOMINO] Success!
[8_DOMINO_in_CIRCLE] Starting (50000 attempts)
[23_5_in_5] Success!
[16_6_in_6] Starting (50000 attempts)
[13_6_in_CIRCLE] Success!
[12_5_in_8] Success!
[Main] Worker finished 12_5_in_8 with score 2.4007400073217737
[19_DOMINO_in_DOMINO] Starting (50000 attempts)
[Main] Worker finished 16_8_in_DOMINO with score 7.160232969366078
[Main] Worker finished 13_6_in_CIRCLE with score 3.8369336484278946
[Main] Worker finished 23_5_in_5 with score 5.384931350321754
[17_DOMINO_in_CIRCLE] Success!
[26_DOMINO_in_6] Success!
[18_5_in_DOMINO] Starting (50000 attempts)
[18_DOMINO_in_6] Success!
[9_DOMINO_in_CIRCLE] Success!
[32_6_in_5] Starting (50000 attempts)
[20_8_in_DOMINO] Success!
[10_8_in_5] Starting (50000 attempts)
[17_5_in_6] Success!
[Main] Worker finished 9_DOMINO_in_CIRCLE with score 2.803879883664299[11_DOMINO_in_DOMINO] Starting (50000 attempts)

[Main] Worker finished 20_8_in_DOMINO with score 8.102774853359481
[Main] Worker finished 18_DOMINO_in_6 with score 4.041819418389567
[Main] Worker finished 17_5_in_6 with score 3.7683056475804717
[Main] Worker finished 17_DOMINO_in_CIRCLE with score 3.759141572791398
[Main] Worker finished 26_DOMINO_in_6 with score 4.969037608288333
[26_DOMINO_in_6] Starting (50000 attempts)
[18_DOMINO_in_6] Starting (50000 attempts)
[17_5_in_DOMINO] Starting (50000 attempts)
[10_DOMINO_in_CIRCLE] Success!
[24_5_in_6] Success!
[16_5_in_DOMINO] Starting (50000 attempts)
[19_8_in_CIRCLE] Starting (50000 attempts)
[19_5_in_DOMINO] Success!
[30_DOMINO_in_6] Success!
[11_8_in_5] Success!
[Main] Worker finished 11_8_in_5 with score 6.497991980936347
[15_6_in_6] Success!
[9_6_in_8] Starting (50000 attempts)
[Main] Worker finished 30_DOMINO_in_6 with score 5.290122376213026
[Main] Worker finished 24_5_in_6 with score 4.479815897501027
[Main] Worker finished 10_DOMINO_in_CIRCLE with score 2.9559621946049712
[Main] Worker finished 19_5_in_DOMINO with score 4.697834635053744
[30_DOMINO_in_6] Starting (50000 attempts)
[28_6_in_6] Starting (50000 attempts)
[20_6_in_DOMINO] Starting (50000 attempts)
[10_8_in_CIRCLE] Success!
[25_DOMINO_in_6] Success!
[23_6_in_5] Starting (50000 attempts)
[Main] Worker finished 15_6_in_6 with score 4.475245630635559
[13_5_in_8] Starting (50000 attempts)
[Main] Worker finished 25_DOMINO_in_6 with score 4.949545996694627
[Main] Worker finished 10_8_in_CIRCLE with score 4.75127218611163
[19_6_in_DOMINO] Starting (50000 attempts)
[13_8_in_6] Success!
[20_8_in_8] Success!
[25_5_in_5] Starting (50000 attempts)
[Main] Worker finished 20_8_in_8 with score 5.102893955208136
[22_5_in_5] Starting (50000 attempts)
[Main] Worker finished 13_8_in_6 with score 5.790189669490146
[20_5_in_DOMINO] Success!
[9_8_in_5] Success!
[27_5_in_6] Starting (50000 attempts)
[Main] Worker finished 20_5_in_DOMINO with score 4.8203042879733635
[29_DOMINO_in_6] Starting (50000 attempts)
[Main] Worker finished 9_8_in_5 with score 5.994170884047151
[13_DOMINO_in_5] Success!
[31_6_in_5] Starting (50000 attempts)
[Main] Worker finished 13_DOMINO_in_5 with score 4.445840268404769[22_8_in_DOMINO] Starting (50000 attempts)

[9_5_in_6] Starting (50000 attempts)
[21_5_in_DOMINO] Success!
[Main] Worker finished 21_5_in_DOMINO with score 4.904537362780794
[24_DOMINO_in_6] Starting (50000 attempts)
[29_5_in_6] Success!
[Main] Worker finished 29_5_in_6 with score 4.930903826040525
[8_DOMINO_in_CIRCLE] Success!
[26_8_in_8] Success!
[19_DOMINO_in_6] Success!
[Main] Worker finished 26_8_in_8 with score 5.777467632032182
[29_5_in_6] Starting (50000 attempts)
[Main] Worker finished 19_DOMINO_in_6 with score 4.261661828253361
[Main] Worker finished 8_DOMINO_in_CIRCLE with score 2.6915521371235593
[16_8_in_6] Success!
[19_DOMINO_in_6] Starting (50000 attempts)
[20_DOMINO_in_DOMINO] Starting (50000 attempts)
[Main] Worker finished 16_8_in_6 with score 6.2478639807772485
[12_DOMINO_in_CIRCLE] Starting (50000 attempts)
[19_DOMINO_in_DOMINO] Success!
[Main] Worker finished 19_DOMINO_in_DOMINO with score 4.960148968728546
[20_6_in_5] Starting (50000 attempts)
[25_6_in_6] Success!
[16_6_in_6] Success!
[Main] Worker finished 16_6_in_6 with score 4.558228051991228
[19_DOMINO_in_DOMINO] Starting (50000 attempts)
[Main] Worker finished 25_6_in_6 with score 5.663881359656193
[18_5_in_DOMINO] Success!
[11_6_in_6] Starting (50000 attempts)
[11_DOMINO_in_DOMINO] Success!
[Main] Worker finished 18_5_in_DOMINO with score 4.569815862524372
[11_DOMINO_in_CIRCLE] Starting (50000 attempts)
[Main] Worker finished 11_DOMINO_in_DOMINO with score 3.827281560659983
[10_8_in_5] Success!
[23_5_in_5] Starting (50000 attempts)
[Main] Worker finished 10_8_in_5 with score 6.3086008314667135
[16_8_in_DOMINO] Starting (50000 attempts)
[18_DOMINO_in_6] Success!
[17_5_in_DOMINO] Success!
[Main] Worker finished 17_5_in_DOMINO with score 4.409839693042728[13_6_in_CIRCLE] Starting (50000 attempts)

[Main] Worker finished 18_DOMINO_in_6 with score 4.08040160721851
[18_DOMINO_in_6] Starting (50000 attempts)
[9_6_in_8] Success!
[26_DOMINO_in_6] Success!
[16_5_in_DOMINO] Success!
[Main] Worker finished 26_DOMINO_in_6 with score 5.0240015174752815
[12_5_in_8] Starting (50000 attempts)
[Main] Worker finished 9_6_in_8 with score 2.6447738834161796
[Main] Worker finished 16_5_in_DOMINO with score 4.309862100185108
[17_DOMINO_in_CIRCLE] Starting (50000 attempts)
[20_8_in_DOMINO] Starting (50000 attempts)
[32_6_in_5] Success!
[19_8_in_CIRCLE] Success!
[Main] Worker finished 32_6_in_5 with score 7.812784092602333
[17_5_in_6] Starting (50000 attempts)
[Main] Worker finished 19_8_in_CIRCLE with score 6.0953254095291225
[23_DOMINO_in_6] Starting (50000 attempts)
[13_5_in_8] Success!
[23_6_in_5] Success!
[Main] Worker finished 13_5_in_8 with score 2.5069731037578142
[9_DOMINO_in_CIRCLE] Starting (50000 attempts)
[Main] Worker finished 23_6_in_5 with score 6.700106835949054
[20_6_in_DOMINO] Success!
[30_DOMINO_in_6] Success!
[24_5_in_6] Starting (50000 attempts)
[Main] Worker finished 20_6_in_DOMINO with score 5.8434126687983206[19_5_in_DOMINO] Starting (50000 attempts)

[Main] Worker finished 30_DOMINO_in_6 with score 5.29541540932075
[11_8_in_5] Starting (50000 attempts)
[15_6_in_6] Starting (50000 attempts)
[19_6_in_DOMINO] Success!
[Main] Worker finished 19_6_in_DOMINO with score 5.693379391606711
[28_6_in_6] Success!
[Main] Worker finished 28_6_in_6 with score 5.949837118888085
[10_DOMINO_in_CIRCLE] Starting (50000 attempts)
[20_8_in_8] Starting (50000 attempts)
[22_5_in_5] Success!
[Main] Worker finished 22_5_in_5 with score 5.302443940088193
[25_5_in_5] Success!
[Main] Worker finished 25_5_in_5 with score 5.6215705425904785
[10_8_in_CIRCLE] Starting (50000 attempts)
[29_DOMINO_in_6] Success!
[9_5_in_6] Success!
[Main] Worker finished 9_5_in_6 with score 2.8900148954966616
[25_DOMINO_in_6] Starting (50000 attempts)
[Main] Worker finished 29_DOMINO_in_6 with score 5.277023630547371
[29_DOMINO_in_6] Starting (50000 attempts)
[27_5_in_6] Success!
[Main] Worker finished 27_5_in_6 with score 4.733780902267363
[13_8_in_6] Starting (50000 attempts)
[20_5_in_DOMINO] Starting (50000 attempts)
[24_DOMINO_in_6] Success!
[Main] Worker finished 24_DOMINO_in_6 with score 4.799777087817949
[31_6_in_5] Success!
[19_DOMINO_in_6] Success!
[Main] Worker finished 31_6_in_5 with score 7.676416747555321[26_8_in_8] Starting (50000 attempts)

[Main] Worker finished 19_DOMINO_in_6 with score 4.279171387308613
[22_8_in_DOMINO] Success!
[12_DOMINO_in_CIRCLE] Success!
[20_DOMINO_in_DOMINO] Success!
[9_8_in_5] Starting (50000 attempts)
[Main] Worker finished 22_8_in_DOMINO with score 8.382506079934158
[13_DOMINO_in_5] Starting (50000 attempts)
[Main] Worker finished 20_DOMINO_in_DOMINO with score 5.012765064798198
[Main] Worker finished 12_DOMINO_in_CIRCLE with score 3.2342712519580337
[29_5_in_6] Success!
[19_DOMINO_in_DOMINO] Success!
[21_5_in_DOMINO] Starting (50000 attempts)
[11_DOMINO_in_CIRCLE] Success!
[20_6_in_5] Success!
[16_8_in_6] Starting (50000 attempts)
[11_6_in_6] Success!
[Main] Worker finished 19_DOMINO_in_DOMINO with score 4.882630265799585
[25_6_in_6] Starting (50000 attempts)
[Main] Worker finished 11_6_in_6 with score 3.9493073634468594
[Main] Worker finished 29_5_in_6 with score 4.930759610997279
[Main] Worker finished 11_DOMINO_in_CIRCLE with score 3.1860393694450497
[Main] Worker finished 20_6_in_5 with score 6.281350871924349
[19_DOMINO_in_DOMINO] Starting (50000 attempts)
[29_5_in_6] Starting (50000 attempts)
[8_DOMINO_in_CIRCLE] Starting (50000 attempts)
[16_8_in_DOMINO] Success!
[13_6_in_CIRCLE] Success!
[16_6_in_6] Starting (50000 attempts)
[23_5_in_5] Success!
[18_DOMINO_in_6] Success!
[Main] Worker finished 13_6_in_CIRCLE with score 3.8369336484278946
[18_5_in_DOMINO] Starting (50000 attempts)
[Main] Worker finished 18_DOMINO_in_6 with score 4.0996255969739535
[Main] Worker finished 23_5_in_5 with score 5.384931350321754
[Main] Worker finished 16_8_in_DOMINO with score 7.160232969366078
[18_DOMINO_in_6] Starting (50000 attempts)
[12_5_in_8] Success!
[32_6_in_5] Starting (50000 attempts)
[17_DOMINO_in_CIRCLE] Success!
[10_8_in_5] Starting (50000 attempts)
[Main] Worker finished 12_5_in_8 with score 2.4007400073217737
[11_DOMINO_in_DOMINO] Starting (50000 attempts)
[Main] Worker finished 17_DOMINO_in_CIRCLE with score 3.759141572791398
[17_5_in_DOMINO] Starting (50000 attempts)
[17_5_in_6] Success!
[Main] Worker finished 17_5_in_6 with score 3.7683056475804717
[16_5_in_DOMINO] Starting (50000 attempts)
[19_8_in_CIRCLE] Starting (50000 attempts)
[9_DOMINO_in_CIRCLE] Success!
[Main] Worker finished 9_DOMINO_in_CIRCLE with score 2.803879883664299
[23_DOMINO_in_6] Success!
[Main] Worker finished 23_DOMINO_in_6 with score 4.724549886853531
[9_6_in_8] Starting (50000 attempts)
[20_8_in_DOMINO] Success!
[Main] Worker finished 20_8_in_DOMINO with score 8.102774853359481
[28_6_in_6] Starting (50000 attempts)
[19_5_in_DOMINO] Success!
[Main] Worker finished 19_5_in_DOMINO with score 4.697834635053744
[20_6_in_DOMINO] Starting (50000 attempts)
[11_8_in_5] Success!
[24_5_in_6] Success!
[10_DOMINO_in_CIRCLE] Success!
[15_6_in_6] Success!
[Main] Worker finished 15_6_in_6 with score 4.475245630635559
[23_6_in_5] Starting (50000 attempts)
[Main] Worker finished 11_8_in_5 with score 6.497991980936347
[Main] Worker finished 10_DOMINO_in_CIRCLE with score 2.9559621946049712
[Main] Worker finished 24_5_in_6 with score 4.479815897501027
[13_5_in_8] Starting (50000 attempts)
[19_6_in_DOMINO] Starting (50000 attempts)
[25_5_in_5] Starting (50000 attempts)
[10_8_in_CIRCLE] Success!
[20_8_in_8] Success!
[Main] Worker finished 10_8_in_CIRCLE with score 4.75127218611163
[22_5_in_5] Starting (50000 attempts)
[Main] Worker finished 20_8_in_8 with score 5.102893955208136
[29_DOMINO_in_6] Success!
[27_5_in_6] Starting (50000 attempts)
[25_DOMINO_in_6] Success!
[Main] Worker finished 25_DOMINO_in_6 with score 4.815281368860146
[31_6_in_5] Starting (50000 attempts)
[Main] Worker finished 29_DOMINO_in_6 with score 5.282303557702236
[9_8_in_5] Success!
[25_DOMINO_in_6] Starting (50000 attempts)
[13_8_in_6] Success!
[Main] Worker finished 9_8_in_5 with score 5.994170884047151[29_DOMINO_in_6] Starting (50000 attempts)

[Main] Worker finished 13_8_in_6 with score 5.790189669490146
[20_5_in_DOMINO] Success!
[13_DOMINO_in_5] Success!
[22_8_in_DOMINO] Starting (50000 attempts)
[Main] Worker finished 20_5_in_DOMINO with score 4.8203042879733635
[9_5_in_6] Starting (50000 attempts)
[Main] Worker finished 13_DOMINO_in_5 with score 4.490747745863403
[26_8_in_8] Success!
[24_DOMINO_in_6] Starting (50000 attempts)
[21_5_in_DOMINO] Success!
[16_8_in_6] Success!
[Main] Worker finished 21_5_in_DOMINO with score 4.904537362780794
[20_DOMINO_in_DOMINO] Starting (50000 attempts)
[Main] Worker finished 16_8_in_6 with score 6.2478639807772485
[Main] Worker finished 26_8_in_8 with score 5.777467632032182
[12_DOMINO_in_CIRCLE] Starting (50000 attempts)
[8_DOMINO_in_CIRCLE] Success!
[19_DOMINO_in_DOMINO] Success!
[20_6_in_5] Starting (50000 attempts)
[Main] Worker finished 8_DOMINO_in_CIRCLE with score 2.6915521371235593
[11_6_in_6] Starting (50000 attempts)
[Main] Worker finished 19_DOMINO_in_DOMINO with score 4.882630265799585
[19_DOMINO_in_DOMINO] Starting (50000 attempts)
[25_6_in_6] Success!
[Main] Worker finished 25_6_in_6 with score 5.663881359656193
[11_DOMINO_in_CIRCLE] Starting (50000 attempts)
[23_5_in_5] Starting (50000 attempts)
[16_6_in_6] Success!
[Main] Worker finished 16_6_in_6 with score 4.558228051991228
[18_5_in_DOMINO] Success!
[18_DOMINO_in_6] Success!
[Main] Worker finished 18_DOMINO_in_6 with score 4.09388985030563
[27_DOMINO_in_6] Starting (50000 attempts)
[Main] Worker finished 18_5_in_DOMINO with score 4.569815862524372
[11_DOMINO_in_DOMINO] Success!
[10_8_in_5] Success!
[18_DOMINO_in_6] Starting (50000 attempts)
[29_5_in_6] Success!
[Main] Worker finished 10_8_in_5 with score 6.3086008314667135[16_8_in_DOMINO] Starting (50000 attempts)

[32_6_in_5] Success!
[Main] Worker finished 11_DOMINO_in_DOMINO with score 3.827281560659983
[Main] Worker finished 29_5_in_6 with score 4.930626703644921
[17_5_in_DOMINO] Success!
[16_5_in_DOMINO] Success!
[29_5_in_6] Starting (50000 attempts)
[9_6_in_8] Success!
[26_DOMINO_in_6] Starting (50000 attempts)
[Main] Worker finished 32_6_in_5 with score 7.812784092602333
[13_6_in_CIRCLE] Starting (50000 attempts)
[Main] Worker finished 16_5_in_DOMINO with score 4.309862100185108
[Main] Worker finished 17_5_in_DOMINO with score 4.409839693042728
[Main] Worker finished 9_6_in_8 with score 2.6447738834161796
[12_5_in_8] Starting (50000 attempts)
[17_DOMINO_in_CIRCLE] Starting (50000 attempts)
[20_8_in_DOMINO] Starting (50000 attempts)
[19_8_in_CIRCLE] Success!
[13_5_in_8] Success!
[Main] Worker finished 13_5_in_8 with score 2.5069731037578142
[17_5_in_6] Starting (50000 attempts)
[Main] Worker finished 19_8_in_CIRCLE with score 6.0953254095291225
[20_6_in_DOMINO] Success!
[19_6_in_DOMINO] Success!
[23_DOMINO_in_6] Starting (50000 attempts)
[Main] Worker finished 19_6_in_DOMINO with score 5.693379391606711
[9_DOMINO_in_CIRCLE] Starting (50000 attempts)
[Main] Worker finished 20_6_in_DOMINO with score 5.8434126687983206
[23_6_in_5] Success!
[28_6_in_6] Success!
[24_5_in_6] Starting (50000 attempts)
[Main] Worker finished 23_6_in_5 with score 6.700106835949054[19_5_in_DOMINO] Starting (50000 attempts)

[Main] Worker finished 28_6_in_6 with score 5.949837118888085
[11_8_in_5] Starting (50000 attempts)
[15_6_in_6] Starting (50000 attempts)
[25_5_in_5] Success!
[Main] Worker finished 25_5_in_5 with score 5.6215705425904785
[22_5_in_5] Success!
[Main] Worker finished 22_5_in_5 with score 5.302443940088193
[10_DOMINO_in_CIRCLE] Starting (50000 attempts)
[20_8_in_8] Starting (50000 attempts)
[25_DOMINO_in_6] Success!
[Main] Worker finished 25_DOMINO_in_6 with score 4.919444164930373
[10_8_in_CIRCLE] Starting (50000 attempts)
[9_5_in_6] Success!
[Main] Worker finished 9_5_in_6 with score 2.8900148954966616
[27_5_in_6] Success!
[29_DOMINO_in_6] Success!
[Main] Worker finished 29_DOMINO_in_6 with score 5.305067508634177
[13_8_in_6] Starting (50000 attempts)
[Main] Worker finished 27_5_in_6 with score 4.733780902267363
[24_DOMINO_in_6] Success!
[20_5_in_DOMINO] Starting (50000 attempts)
[12_DOMINO_in_CIRCLE] Success!
[20_DOMINO_in_DOMINO] Success!
[Main] Worker finished 12_DOMINO_in_CIRCLE with score 3.2342712519580337
[26_8_in_8] Starting (50000 attempts)
[Main] Worker finished 24_DOMINO_in_6 with score 4.804579505839459
[Main] Worker finished 20_DOMINO_in_DOMINO with score 5.012765064798198
[11_6_in_6] Success!
[31_6_in_5] Success!
[24_DOMINO_in_6] Starting (50000 attempts)
[9_8_in_5] Starting (50000 attempts)
[11_DOMINO_in_CIRCLE] Success!
[Main] Worker finished 11_6_in_6 with score 3.9493073634468594
[13_DOMINO_in_5] Starting (50000 attempts)
[Main] Worker finished 31_6_in_5 with score 7.676416747555321
[19_DOMINO_in_DOMINO] Success!
[22_8_in_DOMINO] Success!
[Main] Worker finished 11_DOMINO_in_CIRCLE with score 3.1860393694450497
[21_5_in_DOMINO] Starting (50000 attempts)
[20_6_in_5] Success!
[16_8_in_6] Starting (50000 attempts)
[25_6_in_6] Starting (50000 attempts)
[Main] Worker finished 19_DOMINO_in_DOMINO with score 4.882630265799585
[Main] Worker finished 20_6_in_5 with score 6.281350871924349
[Main] Worker finished 22_8_in_DOMINO with score 8.382506079934158
[23_5_in_5] Success!
[18_DOMINO_in_6] Success!
[19_DOMINO_in_6] Starting (50000 attempts)
[27_DOMINO_in_6] Success!
[8_DOMINO_in_CIRCLE] Starting (50000 attempts)
[Main] Worker finished 18_DOMINO_in_6 with score 4.041819418389567[16_6_in_6] Starting (50000 attempts)

[Main] Worker finished 23_5_in_5 with score 5.384931350321754
[Main] Worker finished 27_DOMINO_in_6 with score 5.118617810098258
[18_5_in_DOMINO] Starting (50000 attempts)
[16_8_in_DOMINO] Success!
[12_5_in_8] Success!
[13_6_in_CIRCLE] Success!
[32_6_in_5] Starting (50000 attempts)
[Main] Worker finished 13_6_in_CIRCLE with score 3.8369336484278946[10_8_in_5] Starting (50000 attempts)

[Main] Worker finished 16_8_in_DOMINO with score 7.160232969366078
[Main] Worker finished 12_5_in_8 with score 2.4007400073217737
[17_DOMINO_in_CIRCLE] Success!
[26_DOMINO_in_6] Success!
[11_DOMINO_in_DOMINO] Starting (50000 attempts)
[29_5_in_6] Success!
[17_5_in_DOMINO] Starting (50000 attempts)
[Main] Worker finished 26_DOMINO_in_6 with score 4.953656675407323[16_5_in_DOMINO] Starting (50000 attempts)

[Main] Worker finished 17_DOMINO_in_CIRCLE with score 3.759141572791398
[9_DOMINO_in_CIRCLE] Success!
[Main] Worker finished 29_5_in_6 with score 4.930504221358364
[17_5_in_6] Success!
[26_DOMINO_in_6] Starting (50000 attempts)
[23_DOMINO_in_6] Success!
[29_5_in_6] Starting (50000 attempts)
[20_8_in_DOMINO] Success!
[Main] Worker finished 9_DOMINO_in_CIRCLE with score 2.803879883664299
[19_8_in_CIRCLE] Starting (50000 attempts)
[Main] Worker finished 20_8_in_DOMINO with score 8.102774853359481
[Main] Worker finished 17_5_in_6 with score 3.7683056475804717
[Main] Worker finished 23_DOMINO_in_6 with score 4.618967356915334
[23_DOMINO_in_6] Starting (50000 attempts)
[9_6_in_8] Starting (50000 attempts)
[11_8_in_5] Success!
[19_5_in_DOMINO] Success!
[10_DOMINO_in_CIRCLE] Success!
[28_6_in_6] Starting (50000 attempts)
[24_5_in_6] Success!
[Main] Worker finished 11_8_in_5 with score 6.497991980936347
[20_6_in_DOMINO] Starting (50000 attempts)
[Main] Worker finished 19_5_in_DOMINO with score 4.697834635053744
[Main] Worker finished 10_DOMINO_in_CIRCLE with score 2.9559621946049712
[Main] Worker finished 24_5_in_6 with score 4.479815897501027
[15_6_in_6] Success!
[30_DOMINO_in_6] Starting (50000 attempts)
[23_6_in_5] Starting (50000 attempts)
[10_8_in_CIRCLE] Success!
[13_5_in_8] Starting (50000 attempts)
[20_8_in_8] Success!
[Main] Worker finished 15_6_in_6 with score 4.475245630635559
[19_6_in_DOMINO] Starting (50000 attempts)
[Main] Worker finished 20_8_in_8 with score 5.102893955208136
[Main] Worker finished 10_8_in_CIRCLE with score 4.75127218611163
[13_8_in_6] Success!
[25_5_in_5] Starting (50000 attempts)
[22_5_in_5] Starting (50000 attempts)
[20_5_in_DOMINO] Success!
[Main] Worker finished 13_8_in_6 with score 5.790189669490146
[27_5_in_6] Starting (50000 attempts)
[Main] Worker finished 20_5_in_DOMINO with score 4.8203042879733635
[24_DOMINO_in_6] Success!
[31_6_in_5] Starting (50000 attempts)
[13_DOMINO_in_5] Success!
[9_8_in_5] Success!
[Main] Worker finished 13_DOMINO_in_5 with score 4.282850583980959
[22_8_in_DOMINO] Starting (50000 attempts)
[Main] Worker finished 24_DOMINO_in_6 with score 4.771063217330923
[Main] Worker finished 9_8_in_5 with score 5.994170884047151
[13_DOMINO_in_5] Starting (50000 attempts)
[24_DOMINO_in_6] Starting (50000 attempts)
[26_8_in_8] Success!
[Main] Worker finished 26_8_in_8 with score 5.777467632032182[9_5_in_6] Starting (50000 attempts)

[21_5_in_DOMINO] Success!
[25_6_in_6] Success!
[Main] Worker finished 21_5_in_DOMINO with score 4.904537362780794[20_DOMINO_in_DOMINO] Starting (50000 attempts)

[Main] Worker finished 25_6_in_6 with score 5.663881359656193
[19_DOMINO_in_6] Success!
[8_DOMINO_in_CIRCLE] Success!
[12_DOMINO_in_CIRCLE] Starting (50000 attempts)
[16_8_in_6] Success!
[Main] Worker finished 16_8_in_6 with score 6.2478639807772485
[20_6_in_5] Starting (50000 attempts)
[Main] Worker finished 19_DOMINO_in_6 with score 4.289883235609233
[Main] Worker finished 8_DOMINO_in_CIRCLE with score 2.6915521371235593
[18_5_in_DOMINO] Success!
[11_6_in_6] Starting (50000 attempts)
[16_6_in_6] Success!
[11_DOMINO_in_CIRCLE] Starting (50000 attempts)
[11_DOMINO_in_DOMINO] Success!
[10_8_in_5] Success!
[23_5_in_5] Starting (50000 attempts)
[Main] Worker finished 10_8_in_5 with score 6.3086008314667135
[Main] Worker finished 18_5_in_DOMINO with score 4.569815862524372
[Main] Worker finished 11_DOMINO_in_DOMINO with score 3.827281560659983
[Main] Worker finished 16_6_in_6 with score 4.558228051991228
[16_5_in_DOMINO] Success!
[27_DOMINO_in_6] Starting (50000 attempts)
[17_5_in_DOMINO] Success!
[16_8_in_DOMINO] Starting (50000 attempts)
[13_6_in_CIRCLE] Starting (50000 attempts)
[Main] Worker finished 17_5_in_DOMINO with score 4.409839693042728
[12_5_in_8] Starting (50000 attempts)
[Main] Worker finished 16_5_in_DOMINO with score 4.309862100185108
[26_DOMINO_in_6] Success!
[32_6_in_5] Success!
[17_DOMINO_in_CIRCLE] Starting (50000 attempts)
[23_DOMINO_in_6] Success!
[9_6_in_8] Success!
[Main] Worker finished 26_DOMINO_in_6 with score 5.013461658012854
[20_8_in_DOMINO] Starting (50000 attempts)
[Main] Worker finished 32_6_in_5 with score 7.812784092602333
[Main] Worker finished 23_DOMINO_in_6 with score 4.676036437558688
[Main] Worker finished 9_6_in_8 with score 2.6447738834161796
[17_5_in_6] Starting (50000 attempts)
[20_6_in_DOMINO] Success!
[9_DOMINO_in_CIRCLE] Starting (50000 attempts)
[24_5_in_6] Starting (50000 attempts)
[Main] Worker finished 20_6_in_DOMINO with score 5.8434126687983206
[19_5_in_DOMINO] Starting (50000 attempts)
[29_5_in_6] Success!
[19_8_in_CIRCLE] Success!
[13_5_in_8] Success!
[Main] Worker finished 19_8_in_CIRCLE with score 6.0953254095291225
[11_8_in_5] Starting (50000 attempts)
[Main] Worker finished 29_5_in_6 with score 4.9303913498046805
[Main] Worker finished 13_5_in_8 with score 2.5069731037578142
[29_5_in_6] Starting (50000 attempts)
[30_DOMINO_in_6] Success!
[23_6_in_5] Success!
[19_6_in_DOMINO] Success!
[15_6_in_6] Starting (50000 attempts)
[28_6_in_6] Success!
[Main] Worker finished 19_6_in_DOMINO with score 5.693379391606711
[10_DOMINO_in_CIRCLE] Starting (50000 attempts)
[Main] Worker finished 28_6_in_6 with score 5.949837118888085
[Main] Worker finished 23_6_in_5 with score 6.700106835949054
[Main] Worker finished 30_DOMINO_in_6 with score 5.283249341906808
[30_DOMINO_in_6] Starting (50000 attempts)
[25_5_in_5] Success!
[20_8_in_8] Starting (50000 attempts)
[10_8_in_CIRCLE] Starting (50000 attempts)
[Main] Worker finished 25_5_in_5 with score 5.6215705425904785
[25_DOMINO_in_6] Starting (50000 attempts)
[13_8_in_6] Starting (50000 attempts)
[22_5_in_5] Success!
[Main] Worker finished 22_5_in_5 with score 5.302443940088193
[13_DOMINO_in_5] Success!
[31_6_in_5] Success!
[9_5_in_6] Success!
[Main] Worker finished 13_DOMINO_in_5 with score 4.409220090484181
[20_5_in_DOMINO] Starting (50000 attempts)
[Main] Worker finished 31_6_in_5 with score 7.676416747555321
[Main] Worker finished 9_5_in_6 with score 2.8900148954966616
[13_DOMINO_in_5] Starting (50000 attempts)
[24_DOMINO_in_6] Success!
[27_5_in_6] Success!
[26_8_in_8] Starting (50000 attempts)
[Main] Worker finished 24_DOMINO_in_6 with score 4.779659295082086
[9_8_in_5] Starting (50000 attempts)
[Main] Worker finished 27_5_in_6 with score 4.733780902267363
[20_DOMINO_in_DOMINO] Success!
[21_5_in_DOMINO] Starting (50000 attempts)
[12_DOMINO_in_CIRCLE] Success!
[Main] Worker finished 12_DOMINO_in_CIRCLE with score 3.2342712519580337[16_8_in_6] Starting (50000 attempts)

[Main] Worker finished 20_DOMINO_in_DOMINO with score 5.012765064798198
[22_8_in_DOMINO] Success!
[11_6_in_6] Success!
[25_6_in_6] Starting (50000 attempts)
[11_DOMINO_in_CIRCLE] Success!
[Main] Worker finished 11_6_in_6 with score 3.9493073634468594
[19_DOMINO_in_6] Starting (50000 attempts)
[Main] Worker finished 22_8_in_DOMINO with score 8.382506079934158
[Main] Worker finished 11_DOMINO_in_CIRCLE with score 3.1860393694450497
[20_6_in_5] Success!
[8_DOMINO_in_CIRCLE] Starting (50000 attempts)
[16_6_in_6] Starting (50000 attempts)
[Main] Worker finished 20_6_in_5 with score 6.281350871924349[18_5_in_DOMINO] Starting (50000 attempts)

[32_6_in_5] Starting (50000 attempts)
[13_6_in_CIRCLE] Success!
[Main] Worker finished 13_6_in_CIRCLE with score 3.8369336484278946
[23_5_in_5] Success!
[12_5_in_8] Success!
[16_8_in_DOMINO] Success!
[Main] Worker finished 12_5_in_8 with score 2.4007400073217737
[10_8_in_5] Starting (50000 attempts)
[Main] Worker finished 16_8_in_DOMINO with score 7.160232969366078
[Main] Worker finished 23_5_in_5 with score 5.384931350321754
[27_DOMINO_in_6] Success!
[17_DOMINO_in_CIRCLE] Success!
[11_DOMINO_in_DOMINO] Starting (50000 attempts)
[17_5_in_DOMINO] Starting (50000 attempts)
[9_DOMINO_in_CIRCLE] Success!
[Main] Worker finished 27_DOMINO_in_6 with score 5.045938834647014
[16_5_in_DOMINO] Starting (50000 attempts)
[Main] Worker finished 17_DOMINO_in_CIRCLE with score 3.759141572791398
[Main] Worker finished 9_DOMINO_in_CIRCLE with score 2.803879883664299
[27_DOMINO_in_6] Starting (50000 attempts)
[19_8_in_CIRCLE] Starting (50000 attempts)
[17_5_in_6] Success!
[20_8_in_DOMINO] Success!
[Main] Worker finished 17_5_in_6 with score 3.7683056475804717
[9_6_in_8] Starting (50000 attempts)
[Main] Worker finished 20_8_in_DOMINO with score 8.102774853359481
[19_5_in_DOMINO] Success!
[28_6_in_6] Starting (50000 attempts)
[Main] Worker finished 19_5_in_DOMINO with score 4.697834635053744
[20_6_in_DOMINO] Starting (50000 attempts)
[11_8_in_5] Success!
[Main] Worker finished 11_8_in_5 with score 6.497991980936347
[23_6_in_5] Starting (50000 attempts)
[10_DOMINO_in_CIRCLE] Success!
[24_5_in_6] Success!
[15_6_in_6] Success!
[Main] Worker finished 15_6_in_6 with score 4.475245630635559
[13_5_in_8] Starting (50000 attempts)
[Main] Worker finished 24_5_in_6 with score 4.479815897501027
[Main] Worker finished 10_DOMINO_in_CIRCLE with score 2.9559621946049712
[19_6_in_DOMINO] Starting (50000 attempts)
[25_5_in_5] Starting (50000 attempts)
[22_5_in_5] Starting (50000 attempts)
[29_5_in_6] Success!
[Main] Worker finished 29_5_in_6 with score 4.930287337749612
[10_8_in_CIRCLE] Success!
[Main] Worker finished 10_8_in_CIRCLE with score 4.75127218611163
[29_5_in_6] Starting (50000 attempts)
[27_5_in_6] Starting (50000 attempts)
[20_5_in_DOMINO] Success!
[Main] Worker finished 20_5_in_DOMINO with score 4.8203042879733635
[25_DOMINO_in_6] Success!
[13_DOMINO_in_5] Success!
[30_DOMINO_in_6] Success!
[13_8_in_6] Success!
[Main] Worker finished 13_8_in_6 with score 5.790189669490146
[29_DOMINO_in_6] Starting (50000 attempts)
[Main] Worker finished 30_DOMINO_in_6 with score 5.330482498500432
[Main] Worker finished 25_DOMINO_in_6 with score 4.9278147515296515
[Main] Worker finished 13_DOMINO_in_5 with score 4.445840268404769
[9_8_in_5] Success!
[31_6_in_5] Starting (50000 attempts)
[20_8_in_8] Success!
[22_8_in_DOMINO] Starting (50000 attempts)
[9_5_in_6] Starting (50000 attempts)
[19_DOMINO_in_6] Success!
[21_5_in_DOMINO] Success!
[Main] Worker finished 20_8_in_8 with score 5.102893955208136
[20_DOMINO_in_DOMINO] Starting (50000 attempts)
[Main] Worker finished 21_5_in_DOMINO with score 4.904537362780794
[Main] Worker finished 19_DOMINO_in_6 with score 4.253997353828889
[Main] Worker finished 9_8_in_5 with score 5.994170884047151
[19_DOMINO_in_6] Starting (50000 attempts)
[8_DOMINO_in_CIRCLE] Success!
[16_8_in_6] Success!
[12_DOMINO_in_CIRCLE] Starting (50000 attempts)
[20_6_in_5] Starting (50000 attempts)
[Main] Worker finished 8_DOMINO_in_CIRCLE with score 2.6915521371235593[11_6_in_6] Starting (50000 attempts)

[Main] Worker finished 16_8_in_6 with score 6.2478639807772485
[11_DOMINO_in_CIRCLE] Starting (50000 attempts)
[16_6_in_6] Success!
[26_8_in_8] Success!
[25_6_in_6] Success!
[Main] Worker finished 25_6_in_6 with score 5.663881359656193
[23_5_in_5] Starting (50000 attempts)
[Main] Worker finished 26_8_in_8 with score 5.777467632032182
[Main] Worker finished 16_6_in_6 with score 4.558228051991228
[18_5_in_DOMINO] Success!
[16_8_in_DOMINO] Starting (50000 attempts)
[26_DOMINO_in_6] Starting (50000 attempts)
[11_DOMINO_in_DOMINO] Success!
[Main] Worker finished 18_5_in_DOMINO with score 4.569815862524372
[13_6_in_CIRCLE] Starting (50000 attempts)
[Main] Worker finished 11_DOMINO_in_DOMINO with score 3.827281560659983
[10_8_in_5] Success!
[17_5_in_DOMINO] Success!
[12_5_in_8] Starting (50000 attempts)
[Main] Worker finished 17_5_in_DOMINO with score 4.409839693042728
[17_DOMINO_in_CIRCLE] Starting (50000 attempts)
[Main] Worker finished 10_8_in_5 with score 6.3086008314667135
[16_5_in_DOMINO] Success!
[20_8_in_DOMINO] Starting (50000 attempts)
[9_6_in_8] Success!
[Main] Worker finished 16_5_in_DOMINO with score 4.309862100185108
[17_5_in_6] Starting (50000 attempts)
[Main] Worker finished 9_6_in_8 with score 2.6447738834161796
[32_6_in_5] Success!
[27_DOMINO_in_6] Success!
[23_DOMINO_in_6] Starting (50000 attempts)
[Main] Worker finished 27_DOMINO_in_6 with score 5.135537997849022
[9_DOMINO_in_CIRCLE] Starting (50000 attempts)
[Main] Worker finished 32_6_in_5 with score 7.812784092602333
[24_5_in_6] Starting (50000 attempts)
[19_5_in_DOMINO] Starting (50000 attempts)
[13_5_in_8] Success!
[Main] Worker finished 13_5_in_8 with score 2.5069731037578142
[11_8_in_5] Starting (50000 attempts)
[19_8_in_CIRCLE] Success!
[Main] Worker finished 19_8_in_CIRCLE with score 6.0953254095291225
[20_6_in_DOMINO] Success!
[Main] Worker finished 20_6_in_DOMINO with score 5.8434126687983206
[15_6_in_6] Starting (50000 attempts)
[10_DOMINO_in_CIRCLE] Starting (50000 attempts)
[23_6_in_5] Success!
[Main] Worker finished 23_6_in_5 with score 6.700106835949054
[28_6_in_6] Success!
[Main] Worker finished 28_6_in_6 with score 5.949837118888085
[20_8_in_8] Starting (50000 attempts)
[19_6_in_DOMINO] Success!
[Main] Worker finished 19_6_in_DOMINO with score 5.693379391606711
[10_8_in_CIRCLE] Starting (50000 attempts)
[25_DOMINO_in_6] Starting (50000 attempts)
[22_5_in_5] Success!
[Main] Worker finished 22_5_in_5 with score 5.302443940088193
[13_8_in_6] Starting (50000 attempts)
[25_5_in_5] Success!
[Main] Worker finished 25_5_in_5 with score 5.6215705425904785
[20_5_in_DOMINO] Starting (50000 attempts)
[29_DOMINO_in_6] Success!
[Main] Worker finished 29_DOMINO_in_6 with score 5.228172378613964
[29_5_in_6] Success!
[27_5_in_6] Success!
[Main] Worker finished 27_5_in_6 with score 4.733780902267363
[29_DOMINO_in_6] Starting (50000 attempts)
[Main] Worker finished 29_5_in_6 with score 4.930191492245378
[9_5_in_6] Success!
[29_5_in_6] Starting (50000 attempts)
[Main] Worker finished 9_5_in_6 with score 2.8900148954966616
[26_8_in_8] Starting (50000 attempts)
[9_8_in_5] Starting (50000 attempts)
[19_DOMINO_in_6] Success!
[Main] Worker finished 19_DOMINO_in_6 with score 4.251020448871778
[20_DOMINO_in_DOMINO] Success!
[22_8_in_DOMINO] Success!
[Main] Worker finished 20_DOMINO_in_DOMINO with score 5.012765064798198
[19_DOMINO_in_6] Starting (50000 attempts)
[12_DOMINO_in_CIRCLE] Success!
[Main] Worker finished 22_8_in_DOMINO with score 8.382506079934158
[11_DOMINO_in_CIRCLE] Success!
[11_6_in_6] Success!
[21_5_in_DOMINO] Starting (50000 attempts)
[31_6_in_5] Success!
[Main] Worker finished 31_6_in_5 with score 7.676416747555321
[16_8_in_6] Starting (50000 attempts)
[Main] Worker finished 11_6_in_6 with score 3.9493073634468594
[Main] Worker finished 12_DOMINO_in_CIRCLE with score 3.2342712519580337
[Main] Worker finished 11_DOMINO_in_CIRCLE with score 3.1860393694450497
[20_6_in_5] Success!
[25_6_in_6] Starting (50000 attempts)
[8_DOMINO_in_CIRCLE] Starting (50000 attempts)
[16_8_in_DOMINO] Success!
[13_6_in_CIRCLE] Success!
[23_5_in_5] Success!
[16_6_in_6] Starting (50000 attempts)
[26_DOMINO_in_6] Success!
[12_5_in_8] Success!
[19_DOMINO_in_DOMINO] Starting (50000 attempts)
[Main] Worker finished 26_DOMINO_in_6 with score 5.0310403976159765
[Main] Worker finished 12_5_in_8 with score 2.4007400073217737
[Main] Worker finished 16_8_in_DOMINO with score 7.160232969366078
[Main] Worker finished 13_6_in_CIRCLE with score 3.8369336484278946
[Main] Worker finished 23_5_in_5 with score 5.384931350321754
[Main] Worker finished 20_6_in_5 with score 6.281350871924349
[18_5_in_DOMINO] Starting (50000 attempts)
[17_DOMINO_in_CIRCLE] Success!
[32_6_in_5] Starting (50000 attempts)
[10_8_in_5] Starting (50000 attempts)
[9_DOMINO_in_CIRCLE] Success!
[11_DOMINO_in_DOMINO] Starting (50000 attempts)
[23_DOMINO_in_6] Success!
[17_5_in_6] Success!
[17_5_in_DOMINO] Starting (50000 attempts)
[Main] Worker finished 17_5_in_6 with score 3.7683056475804717
[16_5_in_DOMINO] Starting (50000 attempts)
[Main] Worker finished 23_DOMINO_in_6 with score 4.702297015647412
[Main] Worker finished 17_DOMINO_in_CIRCLE with score 3.759141572791398
[Main] Worker finished 9_DOMINO_in_CIRCLE with score 2.803879883664299
[20_8_in_DOMINO] Success!
[19_8_in_CIRCLE] Starting (50000 attempts)
[9_6_in_8] Starting (50000 attempts)
[28_6_in_6] Starting (50000 attempts)
[10_DOMINO_in_CIRCLE] Success!
[19_5_in_DOMINO] Success!
[Main] Worker finished 20_8_in_DOMINO with score 8.102774853359481
[20_6_in_DOMINO] Starting (50000 attempts)
[Main] Worker finished 10_DOMINO_in_CIRCLE with score 2.9559621946049712
[Main] Worker finished 19_5_in_DOMINO with score 4.697834635053744
[24_5_in_6] Success!
[30_DOMINO_in_6] Starting (50000 attempts)
[23_6_in_5] Starting (50000 attempts)
[11_8_in_5] Success!
[10_8_in_CIRCLE] Success!
[Main] Worker finished 11_8_in_5 with score 6.497991980936347
[13_5_in_8] Starting (50000 attempts)
[Main] Worker finished 24_5_in_6 with score 4.479815897501027
[Main] Worker finished 10_8_in_CIRCLE with score 4.75127218611163
[15_6_in_6] Success!
[25_DOMINO_in_6] Success!
[19_6_in_DOMINO] Starting (50000 attempts)
[25_5_in_5] Starting (50000 attempts)
[Main] Worker finished 15_6_in_6 with score 4.475245630635559[22_5_in_5] Starting (50000 attempts)

[Main] Worker finished 25_DOMINO_in_6 with score 4.875853199823342
[20_8_in_8] Success!
[25_DOMINO_in_6] Starting (50000 attempts)
[13_8_in_6] Success!
[20_5_in_DOMINO] Success!
[Main] Worker finished 20_8_in_8 with score 5.102893955208136
[27_5_in_6] Starting (50000 attempts)
[Main] Worker finished 13_8_in_6 with score 5.790189669490146
[Main] Worker finished 20_5_in_DOMINO with score 4.8203042879733635
[9_8_in_5] Success!
[31_6_in_5] Starting (50000 attempts)
[29_DOMINO_in_6] Success!
[22_8_in_DOMINO] Starting (50000 attempts)
[19_DOMINO_in_6] Success!
[Main] Worker finished 29_DOMINO_in_6 with score 5.259637286481476[9_5_in_6] Starting (50000 attempts)

[Main] Worker finished 9_8_in_5 with score 5.994170884047151
[Main] Worker finished 19_DOMINO_in_6 with score 4.270194107966441
[29_5_in_6] Success!
[29_DOMINO_in_6] Starting (50000 attempts)
[19_DOMINO_in_6] Starting (50000 attempts)
[Main] Worker finished 29_5_in_6 with score 4.930103174173845
[24_DOMINO_in_6] Starting (50000 attempts)
[8_DOMINO_in_CIRCLE] Success!
[Main] Worker finished 8_DOMINO_in_CIRCLE with score 2.6915521371235593
[29_5_in_6] Starting (50000 attempts)
[20_DOMINO_in_DOMINO] Starting (50000 attempts)
[21_5_in_DOMINO] Success!
[Main] Worker finished 21_5_in_DOMINO with score 4.904537362780794
[12_DOMINO_in_CIRCLE] Starting (50000 attempts)
[26_8_in_8] Success!
[Main] Worker finished 26_8_in_8 with score 5.777467632032182
[16_8_in_6] Success!
[Main] Worker finished 16_8_in_6 with score 6.2478639807772485
[20_6_in_5] Starting (50000 attempts)
[11_6_in_6] Starting (50000 attempts)
[18_5_in_DOMINO] Success!
[Main] Worker finished 18_5_in_DOMINO with score 4.569815862524372
[19_DOMINO_in_DOMINO] Success!
[16_6_in_6] Success!
[Main] Worker finished 19_DOMINO_in_DOMINO with score 5.003644241371123
[11_DOMINO_in_CIRCLE] Starting (50000 attempts)
[Main] Worker finished 16_6_in_6 with score 4.558228051991228
[23_5_in_5] Starting (50000 attempts)
[27_DOMINO_in_6] Starting (50000 attempts)
[11_DOMINO_in_DOMINO] Success!
[Main] Worker finished 11_DOMINO_in_DOMINO with score 3.827281560659983
[25_6_in_6] Success!
[10_8_in_5] Success!
[Main] Worker finished 10_8_in_5 with score 6.3086008314667135[16_8_in_DOMINO] Starting (50000 attempts)

[Main] Worker finished 25_6_in_6 with score 5.663881359656193
[26_DOMINO_in_6] Starting (50000 attempts)
[17_5_in_DOMINO] Success!
[9_6_in_8] Success!
[16_5_in_DOMINO] Success!
[Main] Worker finished 16_5_in_DOMINO with score 4.309862100185108
[13_6_in_CIRCLE] Starting (50000 attempts)
[Main] Worker finished 17_5_in_DOMINO with score 4.409839693042728
[Main] Worker finished 9_6_in_8 with score 2.6447738834161796
[12_5_in_8] Starting (50000 attempts)
[17_DOMINO_in_CIRCLE] Starting (50000 attempts)
[13_5_in_8] Success!
[Main] Worker finished 13_5_in_8 with score 2.5069731037578142
[20_8_in_DOMINO] Starting (50000 attempts)
[18_DOMINO_in_6] Starting (50000 attempts)
[32_6_in_5] Success!
[Main] Worker finished 32_6_in_5 with score 7.812784092602333
[17_5_in_6] Starting (50000 attempts)
[20_6_in_DOMINO] Success!
[Main] Worker finished 20_6_in_DOMINO with score 5.8434126687983206
[19_8_in_CIRCLE] Success!
[Main] Worker finished 19_8_in_CIRCLE with score 6.0953254095291225
[23_DOMINO_in_6] Starting (50000 attempts)
[30_DOMINO_in_6] Success!
[Main] Worker finished 30_DOMINO_in_6 with score 5.409423331868076[9_DOMINO_in_CIRCLE] Starting (50000 attempts)

[23_6_in_5] Success!
[19_6_in_DOMINO] Success!
[Main] Worker finished 23_6_in_5 with score 6.700106835949054
[24_5_in_6] Starting (50000 attempts)
[28_6_in_6] Success!
[Main] Worker finished 19_6_in_DOMINO with score 5.693379391606711
[25_5_in_5] Success!
[19_5_in_DOMINO] Starting (50000 attempts)
[25_DOMINO_in_6] Success!
[Main] Worker finished 25_5_in_5 with score 5.6215705425904785
[11_8_in_5] Starting (50000 attempts)
[Main] Worker finished 28_6_in_6 with score 5.949837118888085
[Main] Worker finished 25_DOMINO_in_6 with score 4.870005392974222
[22_5_in_5] Success!
[15_6_in_6] Starting (50000 attempts)
[10_DOMINO_in_CIRCLE] Starting (50000 attempts)
[9_5_in_6] Success!
[Main] Worker finished 9_5_in_6 with score 2.8900148954966616
[20_8_in_8] Starting (50000 attempts)
[Main] Worker finished 22_5_in_5 with score 5.302443940088193
[31_6_in_5] Success!
[29_DOMINO_in_6] Success!
[10_8_in_CIRCLE] Starting (50000 attempts)
[Main] Worker finished 31_6_in_5 with score 7.676416747555321
[13_8_in_6] Starting (50000 attempts)
[Main] Worker finished 29_DOMINO_in_6 with score 5.315688792467716
[27_5_in_6] Success!
[22_8_in_DOMINO] Success!
[19_DOMINO_in_6] Success!
[20_5_in_DOMINO] Starting (50000 attempts)
[Main] Worker finished 22_8_in_DOMINO with score 8.382506079934158
[26_8_in_8] Starting (50000 attempts)
[Main] Worker finished 19_DOMINO_in_6 with score 4.269340111846789
[Main] Worker finished 27_5_in_6 with score 4.733780902267363
[24_DOMINO_in_6] Success!
[20_DOMINO_in_DOMINO] Success!
[12_DOMINO_in_CIRCLE] Success!
[19_DOMINO_in_6] Starting (50000 attempts)
[9_8_in_5] Starting (50000 attempts)
[Main] Worker finished 12_DOMINO_in_CIRCLE with score 3.2342712519580337
[13_DOMINO_in_5] Starting (50000 attempts)
[Main] Worker finished 20_DOMINO_in_DOMINO with score 5.012765064798198
[Main] Worker finished 24_DOMINO_in_6 with score 4.736359543163298
[11_6_in_6] Success!
[24_DOMINO_in_6] Starting (50000 attempts)
[11_DOMINO_in_CIRCLE] Success!
[21_5_in_DOMINO] Starting (50000 attempts)
[Main] Worker finished 11_6_in_6 with score 3.9493073634468594
[16_8_in_6] Starting (50000 attempts)
[Main] Worker finished 11_DOMINO_in_CIRCLE with score 3.1860393694450497
[20_6_in_5] Success!
[29_5_in_6] Success!
[25_6_in_6] Starting (50000 attempts)
[Main] Worker finished 20_6_in_5 with score 6.281350871924349
[8_DOMINO_in_CIRCLE] Starting (50000 attempts)
[Main] Worker finished 29_5_in_6 with score 4.930021794120624
[29_5_in_6] Starting (50000 attempts)
[16_6_in_6] Starting (50000 attempts)
[23_5_in_5] Success!
[Main] Worker finished 23_5_in_5 with score 5.384931350321754
[19_DOMINO_in_DOMINO] Starting (50000 attempts)
[27_DOMINO_in_6] Success!
[Main] Worker finished 27_DOMINO_in_6 with score 5.074784259658219
[27_DOMINO_in_6] Starting (50000 attempts)
[16_8_in_DOMINO] Success!
[Main] Worker finished 16_8_in_DOMINO with score 7.160232969366078
[13_6_in_CIRCLE] Success!
[12_5_in_8] Success!
[26_DOMINO_in_6] Success!
[17_DOMINO_in_CIRCLE] Success!
[Main] Worker finished 17_DOMINO_in_CIRCLE with score 3.759141572791398
[18_5_in_DOMINO] Starting (50000 attempts)
[Main] Worker finished 13_6_in_CIRCLE with score 3.8369336484278946
[Main] Worker finished 26_DOMINO_in_6 with score 4.982971108074165
[Main] Worker finished 12_5_in_8 with score 2.4007400073217737
[26_DOMINO_in_6] Starting (50000 attempts)
[18_DOMINO_in_6] Success!
[32_6_in_5] Starting (50000 attempts)
[9_DOMINO_in_CIRCLE] Success!
[10_8_in_5] Starting (50000 attempts)
[Main] Worker finished 18_DOMINO_in_6 with score 4.11071009766181
[11_DOMINO_in_DOMINO] Starting (50000 attempts)
[Main] Worker finished 9_DOMINO_in_CIRCLE with score 2.803879883664299
[17_5_in_6] Success!
[17_5_in_DOMINO] Starting (50000 attempts)
[23_DOMINO_in_6] Success!
[Main] Worker finished 23_DOMINO_in_6 with score 4.662961195642132
[16_5_in_DOMINO] Starting (50000 attempts)
[Main] Worker finished 17_5_in_6 with score 3.7683056475804717
[20_8_in_DOMINO] Success!
[23_DOMINO_in_6] Starting (50000 attempts)
[Main] Worker finished 20_8_in_DOMINO with score 8.102774853359481
[19_8_in_CIRCLE] Starting (50000 attempts)
[19_5_in_DOMINO] Success!
[10_DOMINO_in_CIRCLE] Success!
[Main] Worker finished 19_5_in_DOMINO with score 4.697834635053744
[9_6_in_8] Starting (50000 attempts)
[Main] Worker finished 10_DOMINO_in_CIRCLE with score 2.9559621946049712
[15_6_in_6] Success!
[11_8_in_5] Success!
[28_6_in_6] Starting (50000 attempts)
[24_5_in_6] Success!
[Main] Worker finished 15_6_in_6 with score 4.475245630635559
[20_6_in_DOMINO] Starting (50000 attempts)
[Main] Worker finished 24_5_in_6 with score 4.479815897501027
[Main] Worker finished 11_8_in_5 with score 6.497991980936347
[10_8_in_CIRCLE] Success!
[30_DOMINO_in_6] Starting (50000 attempts)
[23_6_in_5] Starting (50000 attempts)
[13_8_in_6] Success!
[20_5_in_DOMINO] Success!
[Main] Worker finished 20_5_in_DOMINO with score 4.8203042879733635
[13_5_in_8] Starting (50000 attempts)
[Main] Worker finished 13_8_in_6 with score 5.790189669490146
[Main] Worker finished 10_8_in_CIRCLE with score 4.75127218611163
[19_DOMINO_in_6] Success!
[19_6_in_DOMINO] Starting (50000 attempts)
[25_5_in_5] Starting (50000 attempts)
[20_8_in_8] Success!
[13_DOMINO_in_5] Success!
[9_8_in_5] Success!
[Main] Worker finished 20_8_in_8 with score 5.102893955208136
[22_5_in_5] Starting (50000 attempts)
[Main] Worker finished 13_DOMINO_in_5 with score 4.282850583980959
[Main] Worker finished 19_DOMINO_in_6 with score 4.286023884694854
[Main] Worker finished 9_8_in_5 with score 5.994170884047151
[13_DOMINO_in_5] Starting (50000 attempts)
[27_5_in_6] Starting (50000 attempts)
[24_DOMINO_in_6] Success!
[8_DOMINO_in_CIRCLE] Success!
[31_6_in_5] Starting (50000 attempts)
[16_8_in_6] Success!
[Main] Worker finished 8_DOMINO_in_CIRCLE with score 2.6915521371235593
[22_8_in_DOMINO] Starting (50000 attempts)
[Main] Worker finished 16_8_in_6 with score 6.2478639807772485
[Main] Worker finished 24_DOMINO_in_6 with score 4.7877920333962525
[21_5_in_DOMINO] Success!
[26_8_in_8] Success!
[24_DOMINO_in_6] Starting (50000 attempts)
[9_5_in_6] Starting (50000 attempts)
[Main] Worker finished 21_5_in_DOMINO with score 4.904537362780794
[20_DOMINO_in_DOMINO] Starting (50000 attempts)
[Main] Worker finished 26_8_in_8 with score 5.777467632032182
[19_DOMINO_in_DOMINO] Success!
[16_6_in_6] Success!
[12_DOMINO_in_CIRCLE] Starting (50000 attempts)
[25_6_in_6] Success!
[Main] Worker finished 16_6_in_6 with score 4.558228051991228
[20_6_in_5] Starting (50000 attempts)
[Main] Worker finished 19_DOMINO_in_DOMINO with score 5.003644241371123
[Main] Worker finished 25_6_in_6 with score 5.663881359656193
[11_6_in_6] Starting (50000 attempts)
[11_DOMINO_in_CIRCLE] Starting (50000 attempts)
[29_5_in_6] Success!
[27_DOMINO_in_6] Success!
[Main] Worker finished 27_DOMINO_in_6 with score 5.134510941604833[23_5_in_5] Starting (50000 attempts)

[Main] Worker finished 29_5_in_6 with score 4.929946808556973
[18_5_in_DOMINO] Success!
[29_5_in_6] Starting (50000 attempts)
[11_DOMINO_in_DOMINO] Success!
[Main] Worker finished 11_DOMINO_in_DOMINO with score 3.827281560659983
[16_8_in_DOMINO] Starting (50000 attempts)
[Main] Worker finished 18_5_in_DOMINO with score 4.569815862524372
[13_6_in_CIRCLE] Starting (50000 attempts)
[16_5_in_DOMINO] Success!
[10_8_in_5] Success!
[Main] Worker finished 16_5_in_DOMINO with score 4.309862100185108[12_5_in_8] Starting (50000 attempts)

[Main] Worker finished 10_8_in_5 with score 6.3086008314667135
[26_DOMINO_in_6] Success!
[17_5_in_DOMINO] Success!
[17_DOMINO_in_CIRCLE] Starting (50000 attempts)
[Main] Worker finished 26_DOMINO_in_6 with score 5.044643242419458
[20_8_in_DOMINO] Starting (50000 attempts)
[Main] Worker finished 17_5_in_DOMINO with score 4.409839693042728
[23_DOMINO_in_6] Success!
[18_DOMINO_in_6] Starting (50000 attempts)
[9_6_in_8] Success!
[Main] Worker finished 23_DOMINO_in_6 with score 4.618870621558924
[17_5_in_6] Starting (50000 attempts)
[Main] Worker finished 9_6_in_8 with score 2.6447738834161796
[23_DOMINO_in_6] Starting (50000 attempts)
[32_6_in_5] Success!
[Main] Worker finished 32_6_in_5 with score 7.812784092602333
[9_DOMINO_in_CIRCLE] Starting (50000 attempts)
[19_8_in_CIRCLE] Success!
[20_6_in_DOMINO] Success!
[Main] Worker finished 19_8_in_CIRCLE with score 6.0953254095291225
[24_5_in_6] Starting (50000 attempts)
[Main] Worker finished 20_6_in_DOMINO with score 5.8434126687983206
[19_5_in_DOMINO] Starting (50000 attempts)
[28_6_in_6] Success!
[13_5_in_8] Success!
[Main] Worker finished 28_6_in_6 with score 5.949837118888085[11_8_in_5] Starting (50000 attempts)

[Main] Worker finished 13_5_in_8 with score 2.5069731037578142
[23_6_in_5] Success!
[30_DOMINO_in_6] Success!
[15_6_in_6] Starting (50000 attempts)
[25_5_in_5] Success!
[Main] Worker finished 30_DOMINO_in_6 with score 5.356667272305452
[10_DOMINO_in_CIRCLE] Starting (50000 attempts)
[13_DOMINO_in_5] Success!
[Main] Worker finished 23_6_in_5 with score 6.700106835949054
[Main] Worker finished 25_5_in_5 with score 5.6215705425904785
[19_6_in_DOMINO] Success!
[20_8_in_8] Starting (50000 attempts)
[10_8_in_CIRCLE] Starting (50000 attempts)
[22_5_in_5] Success!
[Main] Worker finished 13_DOMINO_in_5 with score 4.282850583980959
[25_DOMINO_in_6] Starting (50000 attempts)
[Main] Worker finished 22_5_in_5 with score 5.302443940088193
[Main] Worker finished 19_6_in_DOMINO with score 5.693379391606711
[24_DOMINO_in_6] Success!
[9_5_in_6] Success!
[13_8_in_6] Starting (50000 attempts)
[20_5_in_DOMINO] Starting (50000 attempts)
[27_5_in_6] Success!
[31_6_in_5] Success!
[20_DOMINO_in_DOMINO] Success!
[Main] Worker finished 27_5_in_6 with score 4.733780902267363
[26_8_in_8] Starting (50000 attempts)
[Main] Worker finished 24_DOMINO_in_6 with score 4.7682012949645936
[Main] Worker finished 31_6_in_5 with score 7.676416747555321
[Main] Worker finished 9_5_in_6 with score 2.8900148954966616
[12_DOMINO_in_CIRCLE] Success!
[Main] Worker finished 20_DOMINO_in_DOMINO with score 5.012765064798198
[24_DOMINO_in_6] Starting (50000 attempts)
[22_8_in_DOMINO] Success!
[9_8_in_5] Starting (50000 attempts)
[11_6_in_6] Success!
[11_DOMINO_in_CIRCLE] Success!
[21_5_in_DOMINO] Starting (50000 attempts)
[20_6_in_5] Success!
[16_8_in_6] Starting (50000 attempts)
[Main] Worker finished 11_DOMINO_in_CIRCLE with score 3.1860393694450497
[25_6_in_6] Starting (50000 attempts)
[Main] Worker finished 22_8_in_DOMINO with score 8.382506079934158
[Main] Worker finished 12_DOMINO_in_CIRCLE with score 3.2342712519580337
[Main] Worker finished 11_6_in_6 with score 3.9493073634468594
[Main] Worker finished 20_6_in_5 with score 6.281350871924349
[8_DOMINO_in_CIRCLE] Starting (50000 attempts)
[16_6_in_6] Starting (50000 attempts)
[23_5_in_5] Success!
[13_6_in_CIRCLE] Success!
[19_DOMINO_in_DOMINO] Starting (50000 attempts)
[18_5_in_DOMINO] Starting (50000 attempts)
[12_5_in_8] Success!
[32_6_in_5] Starting (50000 attempts)
[Main] Worker finished 12_5_in_8 with score 2.4007400073217737
[Main] Worker finished 13_6_in_CIRCLE with score 3.8369336484278946
[Main] Worker finished 23_5_in_5 with score 5.384931350321754
[16_8_in_DOMINO] Success!
[10_8_in_5] Starting (50000 attempts)
[11_DOMINO_in_DOMINO] Starting (50000 attempts)
[17_DOMINO_in_CIRCLE] Success!
[29_5_in_6] Success!
[Main] Worker finished 17_DOMINO_in_CIRCLE with score 3.759141572791398
[17_5_in_DOMINO] Starting (50000 attempts)
[Main] Worker finished 16_8_in_DOMINO with score 7.160232969366078
[Main] Worker finished 29_5_in_6 with score 4.92987771630786
[29_5_in_6] Starting (50000 attempts)
[18_DOMINO_in_6] Success!
[23_DOMINO_in_6] Success!
[16_5_in_DOMINO] Starting (50000 attempts)
[Main] Worker finished 18_DOMINO_in_6 with score 4.113177387199778
[19_8_in_CIRCLE] Starting (50000 attempts)
[Main] Worker finished 23_DOMINO_in_6 with score 4.697594025314198
[17_5_in_6] Success!
[9_6_in_8] Starting (50000 attempts)
[9_DOMINO_in_CIRCLE] Success!
[Main] Worker finished 17_5_in_6 with score 3.7683056475804717
[28_6_in_6] Starting (50000 attempts)
[Main] Worker finished 9_DOMINO_in_CIRCLE with score 2.803879883664299
[20_8_in_DOMINO] Success!
[20_6_in_DOMINO] Starting (50000 attempts)
[Main] Worker finished 20_8_in_DOMINO with score 8.102774853359481
[30_DOMINO_in_6] Starting (50000 attempts)
[24_5_in_6] Success!
[Main] Worker finished 24_5_in_6 with score 4.479815897501027
[23_6_in_5] Starting (50000 attempts)
[19_5_in_DOMINO] Success!
[Main] Worker finished 19_5_in_DOMINO with score 4.697834635053744
[13_5_in_8] Starting (50000 attempts)
[10_DOMINO_in_CIRCLE] Success!
[Main] Worker finished 10_DOMINO_in_CIRCLE with score 2.9559621946049712
[19_6_in_DOMINO] Starting (50000 attempts)
[15_6_in_6] Success!
[Main] Worker finished 15_6_in_6 with score 4.475245630635559
[25_5_in_5] Starting (50000 attempts)
[11_8_in_5] Success!
[Main] Worker finished 11_8_in_5 with score 6.497991980936347
[22_5_in_5] Starting (50000 attempts)
[27_5_in_6] Starting (50000 attempts)
[10_8_in_CIRCLE] Success!
[Main] Worker finished 10_8_in_CIRCLE with score 4.75127218611163
[25_DOMINO_in_6] Success!
[Main] Worker finished 25_DOMINO_in_6 with score 4.928800462334114
[29_DOMINO_in_6] Starting (50000 attempts)
[31_6_in_5] Starting (50000 attempts)
[20_8_in_8] Success!
[Main] Worker finished 20_8_in_8 with score 5.102893955208136
[22_8_in_DOMINO] Starting (50000 attempts)
[24_DOMINO_in_6] Success!
[Main] Worker finished 24_DOMINO_in_6 with score 4.766294300519613
[24_DOMINO_in_6] Starting (50000 attempts)
[13_8_in_6] Success!
[Main] Worker finished 13_8_in_6 with score 5.790189669490146
[20_5_in_DOMINO] Success!
[9_8_in_5] Success!
[Main] Worker finished 9_8_in_5 with score 5.994170884047151
[9_5_in_6] Starting (50000 attempts)
[Main] Worker finished 20_5_in_DOMINO with score 4.8203042879733635
[20_DOMINO_in_DOMINO] Starting (50000 attempts)
slurmstepd: error: *** JOB 2408269 ON compute-15-03 CANCELLED AT 2026-08-07T06:31:41 DUE TO TIME LIMIT ***
